PMID,QID,Question,Answer,Evidence,EvidenceLocation,Rationale,json_status
37920909,1,Does the paper report HIV sequences from patient samples?,Yes,"“After RNA extraction, an in-house genotyping method and standard Sanger sequencing were used to amplify and sequence HIV-1 integrase genes, as described previously.” “Of 629 newly reported cases, the HIV-1 integrase genes of 601 cases were sequenced successfully.”",main_text,The Methods and Results on pages 1–2 report newly generated integrase sequences from clinical samples of individuals with HIV.,strict
37920909,2,Does the paper report in vitro drug susceptibility data?,No,"“We used the Stanford University HIV Drug Resistance Database (HIVDB Algorithm version 9.4.1) to examine mutations.” “Sequences with resistance levels classified as low, intermediate, and high were all regarded as resistant.”",main_text,"Resistance classifications in Table 1 were inferred using HIVDB, not measured in phenotypic assays. The fold-change susceptibility statements in the discussion cite previous studies rather than new in vitro testing.",strict
37920909,3,Were sequences from the paper made publicly available?,No,,not_found,The supplied article contains no sequence-repository accession numbers or deposition statement. Supplementary Table 1 is linked but is not included in the supplied file.,strict
37920909,4,What were the GenBank accession numbers for sequenced HIV isolates?,Not reported,,not_found,No GenBank or other sequence-repository accession numbers are provided in the supplied article.,strict
37920909,5,How many individuals had samples obtained for HIV sequencing?,629,"“The current study recruited 629 ART-naïve individuals from Tianjin Second People’s Hospital between January 1, 2020, and April 1, 2023.” “Before initiating ART, 5 mL of blood was collected from the participants.” “Of 629 newly reported cases, the HIV-1 integrase genes of 601 cases were sequenced successfully.”",main_text,Samples were collected for sequencing from 629 individuals; sequencing succeeded for 601 of them.,strict
37920909,6,From which countries were the sequenced samples obtained?,China,"“This study evaluated the prevalence of INSTI-associated drug resistance among ART-naïve individuals infected with HIV-1 in Tianjin, China.” “The current study recruited 629 ART-naïve individuals from Tianjin Second People’s Hospital between January 1, 2020, and April 1, 2023.”",main_text,"Participants were recruited and sampled in Tianjin, China.",strict
37920909,7,From what years were the sequenced samples obtained?,2020–2023,"“The current study recruited 629 ART-naïve individuals from Tianjin Second People’s Hospital between January 1, 2020, and April 1, 2023.” “Before initiating ART, 5 mL of blood was collected from the participants.”",main_text,Pretreatment sampling corresponds to recruitment during 2020–2023. Table 1 on page 2 also lists samples from each of these years.,strict
37920909,8,Were samples cloned prior to sequencing?,Not applicable,"“After RNA extraction, an in-house genotyping method and standard Sanger sequencing were used to amplify and sequence HIV-1 integrase genes, as described previously.” “We used the Stanford University HIV Drug Resistance Database (HIVDB Algorithm version 9.4.1) to examine mutations.”",main_text,"The study does not report in vitro susceptibility testing, so the specified applicability rule requires Not applicable.",strict
37920909,9,Which HIV genes were reported to have been sequenced?,IN,"“After RNA extraction, an in-house genotyping method and standard Sanger sequencing were used to amplify and sequence HIV-1 integrase genes, as described previously.” “Of 629 newly reported cases, the HIV-1 integrase genes of 601 cases were sequenced successfully.”",main_text,Only integrase is reported as a sequencing target in this study.,strict
37920909,10,What method was used for sequencing?,Sanger sequencing,"“After RNA extraction, an in-house genotyping method and standard Sanger sequencing were used to amplify and sequence HIV-1 integrase genes, as described previously.” “Of 629 newly reported cases, the HIV-1 integrase genes of 601 cases were sequenced successfully.”",main_text,The Methods explicitly identify standard Sanger sequencing.,strict
37920909,11,What type of samples were sequenced?,Plasma,"“Before initiating ART, 5 mL of blood was collected from the participants.” “After RNA extraction, an in-house genotyping method and standard Sanger sequencing were used to amplify and sequence HIV-1 integrase genes, as described previously.” “Of 629 newly reported cases, the HIV-1 integrase genes of 601 cases were sequenced successfully.”",main_text,Plasma is inferred under the specified rule for samples from newly reported cases before ART. The paper explicitly reports blood collection and RNA extraction but does not specify the blood fraction used.,strict
37920909,12,Were any sequences obtained from individuals with virological failure on a treatment regimen?,No,"“The current study recruited 629 ART-naïve individuals from Tianjin Second People’s Hospital between January 1, 2020, and April 1, 2023.” “Before initiating ART, 5 mL of blood was collected from the participants.”",main_text,"All participants were ART-naïve and were sampled before treatment, not during virological failure.",strict
37920909,13,Were the patients in the study in a clinical trial?,No,"“This study evaluated the prevalence of INSTI-associated drug resistance among ART-naïve individuals infected with HIV-1 in Tianjin, China.” “Baseline clinical and demographic data were obtained from the NFATP database, including sex, age, transmission route, CD4 count, and viral load.”",main_text,"This is an observational pretreatment resistance survey. No treatment allocation, randomization, trial phase, or other evidence of clinical-trial participation is described.",strict
37920909,14,Does the paper report HIV sequences from individuals who had previously received ARV drugs?,No,"“The current study recruited 629 ART-naïve individuals from Tianjin Second People’s Hospital between January 1, 2020, and April 1, 2023.” “Before initiating ART, 5 mL of blood was collected from the participants.”",main_text,"The sequenced population was exclusively ART-naïve, and eligibility required no prior antiviral treatment.",strict
37920909,15,Which drug classes were received by individuals in the study before sample sequencing?,None,"“The current study recruited 629 ART-naïve individuals from Tianjin Second People’s Hospital between January 1, 2020, and April 1, 2023.” “Before initiating ART, 5 mL of blood was collected from the participants.”",main_text,All sequenced participants were ART-naïve. Discussion of ARV classes used elsewhere in China or Tianjin does not establish exposure in this study population.,strict
37920909,16,Which drugs were received by individuals in the study before sample sequencing?,None,"“The current study recruited 629 ART-naïve individuals from Tianjin Second People’s Hospital between January 1, 2020, and April 1, 2023.” “Before initiating ART, 5 mL of blood was collected from the participants.”",main_text,Participants had no prior ARV treatment. Drugs named in the background and resistance interpretation are not reported as drugs received by the sequenced participants.,strict
37515146,1,Does the paper report HIV sequences from patient samples?,Yes,"""Genotypic resistance testing was carried out in the pol gene (reverse transcriptase and protease regions) as follows."" ""A total of 391 participants were recruited, with sequencing successfully carried out in 379 individual participant samples, giving a genotyping success rate of 96.9%.""",main_text,Methods section 2.5 and Results section 3.1 describe newly generated HIV sequences from clinical samples of study participants.,strict
37515146,2,Does the paper report in vitro drug susceptibility data?,No,"""The predictive efficacies of each antiretroviral molecule were calculated according to the genotypic drug susceptibility score provided according to HIVdb algorithm (http://www.hivdb.stanford.edu, accessed on 24 May 2023)."" ""Regarding DTG efficacy, during the same study period, we reported a prevalence of 0% resistance to DTG in ART naïve patients, inferring 100% predictive efficacy of DTG [17].""",main_text,"Section 2.6 describes computational predictions based on genotypes and previously reported DTG resistance findings, not experimental phenotypic susceptibility measurements. No in vitro drug susceptibility assay is reported.",strict
37515146,3,Were sequences from the paper made publicly available?,Yes,"""Sequence data are available on GenBank under the accession numbers GenBank MK702015-MK702057, MK867695-MK867757, and MK995397-MK995457."" ""In total, 379 sequences were obtained from participants (62% female, mean age 36 ± 10 years).""",main_text,The Data Availability Statement on page 11 explicitly identifies public GenBank deposits for study sequence data.,strict
37515146,4,What were the GenBank accession numbers for sequenced HIV isolates?,MK702015–MK702057; MK867695–MK867757; MK995397–MK995457,"""Sequence data are available on GenBank under the accession numbers GenBank MK702015-MK702057, MK867695-MK867757, and MK995397-MK995457."" ""In total, 379 sequences were obtained from participants (62% female, mean age 36 ± 10 years).""",main_text,These are all three accession ranges listed in the Data Availability Statement on page 11.,strict
37515146,5,How many individuals had samples obtained for HIV sequencing?,391,"""A total of 391 participants were recruited, with sequencing successfully carried out in 379 individual participant samples, giving a genotyping success rate of 96.9%."" ""For each participant, 10 mL of venous blood was collected in an EDTA tube.""",main_text,"Sections 2.3 and 3.1 indicate that samples were collected from 391 participants for genotyping; 379 yielded successful sequences and 12 were unsuccessful. The count includes all individuals sampled for sequencing, not only successful sequences.",strict
37515146,6,From which countries were the sequenced samples obtained?,Cameroon,"""The enrollment of participants was carried out in health facilities of eight regions of Cameroon: Centre, Littoral, East, West, Northwest, Southwest, North, and Far North."" ""In each region, patients were recruited in both urban and rural sites at the hospitals with the highest patient frequency.""",main_text,Section 2.1 locates all recruitment and sample collection sites in Cameroon; Table 1 on page 3 lists participating health facilities.,strict
37515146,7,From what years were the sequenced samples obtained?,2014–2019,"""We carried out a cross-sectional and analytical study for five years, from December 2014 to June 2019."" ""Patients presenting for ART initiation at the various recruitment sites were encountered by the recruitment clinician."" ""For each participant, 10 mL of venous blood was collected in an EDTA tube.""",main_text,Sections 2.1 and 2.3 describe sampling at enrollment during December 2014–June 2019.,strict
37515146,8,Were samples cloned prior to sequencing?,Not applicable,"""Genotypic resistance testing was carried out in the pol gene (reverse transcriptase and protease regions) as follows."" ""The predictive efficacies of each antiretroviral molecule were calculated according to the genotypic drug susceptibility score provided according to HIVdb algorithm (http://www.hivdb.stanford.edu, accessed on 24 May 2023).""",main_text,"Although patient samples were sequenced, no in vitro susceptibility data were reported. The specified applicability rule therefore requires Not applicable.",strict
37515146,9,Which HIV genes were reported to have been sequenced?,"PR, RT","""Genotypic resistance testing was carried out in the pol gene (reverse transcriptase and protease regions) as follows."" ""Regarding DTG efficacy, during the same study period, we reported a prevalence of 0% resistance to DTG in ART naïve patients, inferring 100% predictive efficacy of DTG [17].""",main_text,"Section 2.5 specifies PR and RT as the sequencing targets. Integrase resistance information was drawn from a separate cited study, not newly generated integrase sequences in this report.",strict
37515146,10,What method was used for sequencing?,Sanger sequencing,"""The products of the sequencing reaction obtained were purified by exclusion chromatography on SEPHADEX G50 resin and then sequenced using a genetic analyzer (ABI 3500®)."" ""Thus, the real prevalence of resistance would be better evaluated if we had a high-throughput sequencing technique (1% detection threshold), a platform unavailable in our context.""",main_text,The ABI 3500 genetic analyzer specified in section 2.5 identifies capillary Sanger sequencing. The Discussion confirms that high-throughput sequencing was not available.,strict
37515146,11,What type of samples were sequenced?,Plasma,"""For each participant, 10 mL of venous blood was collected in an EDTA tube."" ""Viral RNA was extracted from 1 mL of plasma using the QIAGEN kit, following the manufacturer’s instructions.""",main_text,"Blood was collected and processed, but plasma was the specimen used for viral RNA extraction and sequencing in section 2.5.",strict
37515146,12,Were any sequences obtained from individuals with virological failure on a treatment regimen?,No,"""Included in our study were HIV-1 infected patients aged above 19 years (adults per WHO definitions) with no prior history of ART treatment."" ""Not included in our study were patients who were re-initiating ART, those whose samples were unsuccessful at sequencing, and those who were co-infected with either viral hepatitis B or C.""",main_text,Section 2.2 restricts the sequenced population to treatment-naïve adults and excludes ART re-initiators. No treatment-failure population was sequenced.,strict
37515146,13,Were the patients in the study in a clinical trial?,No,"""We carried out a cross-sectional and analytical study for five years, from December 2014 to June 2019."" ""The study participants consisted of adult patients initiating ART in the health facilities of regions previously cited.""",main_text,"Section 2.1 explicitly describes a cross-sectional observational study, not a treatment trial. The regimen comparisons were predictive analyses rather than randomized treatment assignments.",strict
37515146,14,Does the paper report HIV sequences from individuals who had previously received ARV drugs?,No,"""Included in our study were HIV-1 infected patients aged above 19 years (adults per WHO definitions) with no prior history of ART treatment."" ""Data collection was carried out using a pre-established data abstraction form at each site after obtaining a thorough medical history and clinical examination to minimize recruitment of participants with previous drug exposure.""",main_text,Sections 2.2–2.3 describe treatment-naïve participants screened for previous drug exposure. No sequenced participant is reported to have previously received ARVs.,strict
37515146,15,Which drug classes were received by individuals in the study before sample sequencing?,None,"""Included in our study were HIV-1 infected patients aged above 19 years (adults per WHO definitions) with no prior history of ART treatment."" ""Not included in our study were patients who were re-initiating ART, those whose samples were unsuccessful at sequencing, and those who were co-infected with either viral hepatitis B or C.""",main_text,The sequenced population was ART-naïve. Drug classes discussed for resistance interpretation or prospective regimen selection do not establish prior exposure.,strict
37515146,16,Which drugs were received by individuals in the study before sample sequencing?,None,"""Included in our study were HIV-1 infected patients aged above 19 years (adults per WHO definitions) with no prior history of ART treatment."" ""Data collection was carried out using a pre-established data abstraction form at each site after obtaining a thorough medical history and clinical examination to minimize recruitment of participants with previous drug exposure.""",main_text,"No previous ARV use was reported among the sequenced participants. Named drugs were discussed as resistance targets, candidate treatments, or background therapies rather than drugs received before sampling.",strict
40938120,1,Does the paper report HIV sequences from patient samples?,Yes,"“HIV-1 RNA was extracted from plasma samples using the High Pure Viral RNA Kit (Roche, Germany).” “PCR products were confirmed by agarose gel electrophoresis, and positive amplicons were sequenced by Sangon Biotech (Shanghai, China) using the Applied Biosystems 3730XL Genetic Analyzer.”",main_text,The Laboratory testing section (page 12) explicitly describes generating new HIV sequences from participants’ plasma samples.,strict
40938120,2,Does the paper report in vitro drug susceptibility data?,No,"“DRMs and PDR were performed using the Genotypic Resistance Interpretation tool provided by the Stanford University HIV Drug Resistance Database (version 8.9; https://hivdb.stanford.edu).” “Based on the genotypic susceptibility scores, PDR was classified as high-level (score >60), intermediate-level (30–59), or low-level (15–29).”",main_text,"Resistance was inferred computationally from genotypes (page 13), not measured using an in vitro susceptibility assay. The resistance categories in Figure 3 are genotypic predictions, not phenotypic measurements.",strict
40938120,3,Were sequences from the paper made publicly available?,Yes,"“HIV-1 sequence data generated in this study have been deposited in GenBank and are available under accession numbers PX133190–PX134237.” “A total of 1,048 eligible pol sequences were analyzed.”",main_text,"The Data Availability statement (page 14) explicitly confirms public deposition of the newly generated sequences; the accession range corresponds to the 1,048 analyzed sequences.",strict
40938120,4,What were the GenBank accession numbers for sequenced HIV isolates?,PX133190–PX134237,"“HIV-1 sequence data generated in this study have been deposited in GenBank and are available under accession numbers PX133190–PX134237.” “A total of 1,048 eligible pol sequences were analyzed.”",main_text,The accession range is explicitly provided in the Data Availability statement on page 14.,strict
40938120,5,How many individuals had samples obtained for HIV sequencing?,1260,"“In this study, we enrolled 1,260 newly diagnosed HIV-infected individuals.” “Among them, 1,159 pol gene sequences were successfully amplified.” “Venous blood samples (10 mL) were collected from each participant.”",main_text,"Samples were obtained from all 1,260 enrolled individuals for the sequencing workflow (pages 2 and 12). Of these, 1,159 yielded successfully amplified sequences and 1,048 were included in the final analysis, as also shown in Figure 1 on page 3.",strict
40938120,6,From which countries were the sequenced samples obtained?,China,"“This study assessed the prevalence, associated factors, and transmission networks of PDR among newly diagnosed, ART-naïve individuals in Guangxi, China, from 2019 to 2022.” “A cross-sectional survey using a convenience sampling method was conducted across the nine counties and districts of Nanning City, Guangxi Province, from 1 January 2019 to 31 December 2022.”",main_text,"The abstract and Study setting and population section identify the sample-collection location as Nanning, Guangxi, China.",strict
40938120,7,From what years were the sequenced samples obtained?,2019–2022,"“A cross-sectional survey using a convenience sampling method was conducted across the nine counties and districts of Nanning City, Guangxi Province, from 1 January 2019 to 31 December 2022.” “Venous blood samples (10 mL) were collected from each participant.”",main_text,Samples were collected during the 2019–2022 survey (page 12). Table 1 on page 4 also lists participants’ diagnosis years as 2019 through 2022.,strict
40938120,8,Were samples cloned prior to sequencing?,Not applicable,"“PCR products were confirmed by agarose gel electrophoresis, and positive amplicons were sequenced by Sangon Biotech (Shanghai, China) using the Applied Biosystems 3730XL Genetic Analyzer.” “Based on the genotypic susceptibility scores, PDR was classified as high-level (score >60), intermediate-level (30–59), or low-level (15–29).”",main_text,"Although patient-derived amplicons were sequenced, no in vitro susceptibility data were reported. Under the specified rule, cloning status is therefore not applicable.",strict
40938120,9,Which HIV genes were reported to have been sequenced?,"PR, RT","“An in-house RT nested PCR was used to amplify a 1,061 bp fragment of the pol gene, covering the full-length protease (PR, 99 codons) and the first 299 codons of the RT gene.” “PCR products were confirmed by agarose gel electrophoresis, and positive amplicons were sequenced by Sangon Biotech (Shanghai, China) using the Applied Biosystems 3730XL Genetic Analyzer.”",main_text,The Laboratory testing section on page 12 specifically identifies protease and reverse transcriptase as the sequenced regions of pol.,strict
40938120,10,What method was used for sequencing?,Sanger sequencing,"“PCR products were confirmed by agarose gel electrophoresis, and positive amplicons were sequenced by Sangon Biotech (Shanghai, China) using the Applied Biosystems 3730XL Genetic Analyzer.” “Raw chromatogram data were assembled and cleaned using Sequencher 5.4.6.”",main_text,The Applied Biosystems 3730XL instrument and chromatogram-based sequence processing identify Sanger sequencing (page 12).,strict
40938120,11,What type of samples were sequenced?,Plasma,"“Plasma was separated by centrifugation and stored in aliquots at −80°C for further analysis.” “HIV-1 RNA was extracted from plasma samples using the High Pure Viral RNA Kit (Roche, Germany).”",main_text,"The sequencing template was viral RNA extracted from plasma, rather than nucleic acids extracted directly from whole blood (page 12).",strict
40938120,12,Were any sequences obtained from individuals with virological failure on a treatment regimen?,No,"“This study assessed the prevalence, associated factors, and transmission networks of PDR among newly diagnosed, ART-naïve individuals in Guangxi, China, from 2019 to 2022.” “Third, although all participants were newly diagnosed and ART-naïve, we were unable to verify whether any had previously used antiretroviral drugs for non-HIV indications.”",main_text,"All sequenced participants were described as newly diagnosed and ART-naïve; no samples were reported from individuals failing an HIV treatment regimen. Discussion of treatment failure elsewhere concerns background mechanisms, not a sequenced treatment-failure group.",strict
40938120,13,Were the patients in the study in a clinical trial?,No,"“A cross-sectional survey using a convenience sampling method was conducted across the nine counties and districts of Nanning City, Guangxi Province, from 1 January 2019 to 31 December 2022.” “During each survey period, staff at the recruitment sites recruited individuals newly diagnosed with HIV.”",main_text,"This was an observational cross-sectional survey (page 12), with no reported treatment allocation or clinical-trial participation.",strict
40938120,14,Does the paper report HIV sequences from individuals who had previously received ARV drugs?,No,"“This study assessed the prevalence, associated factors, and transmission networks of PDR among newly diagnosed, ART-naïve individuals in Guangxi, China, from 2019 to 2022.” “Third, although all participants were newly diagnosed and ART-naïve, we were unable to verify whether any had previously used antiretroviral drugs for non-HIV indications.”",main_text,"All participants were reported as ART-naïve. The authors acknowledge that prior use for non-HIV indications could not be verified, but they do not report any confirmed previously ARV-exposed participants.",strict
40938120,15,Which drug classes were received by individuals in the study before sample sequencing?,None,"“This study assessed the prevalence, associated factors, and transmission networks of PDR among newly diagnosed, ART-naïve individuals in Guangxi, China, from 2019 to 2022.” “DRMs were classified based on their ability to confer resistance to nucleoside RT inhibitors (NRTIs), NNRTIs, and protease inhibitors (PIs).”",main_text,"The sequenced population was ART-naïve. The NRTI, NNRTI, and PI classes listed in the resistance analysis describe predicted resistance targets, not drugs previously received by participants.",strict
40938120,16,Which drugs were received by individuals in the study before sample sequencing?,None,"“This study assessed the prevalence, associated factors, and transmission networks of PDR among newly diagnosed, ART-naïve individuals in Guangxi, China, from 2019 to 2022.” “Third, although all participants were newly diagnosed and ART-naïve, we were unable to verify whether any had previously used antiretroviral drugs for non-HIV indications.”",main_text,"No confirmed prior ARV treatment is reported for the sequenced participants. Drugs named in the paper are resistance-assessment targets or background treatment examples, not documented pre-sequencing exposures.",strict
37872202,1,Does the paper report HIV sequences from patient samples?,No,“Mutations were introduced individually or in combination into the different Env expressors using the QuikChange II XL site-directed mutagenesis protocol (Stratagene).” “The presence of the desired mutations was determined by automated DNA sequencing.”,main_text,"The sequencing described in Methods, Plasmids (page 11), verifies engineered Env constructs. The study uses previously reported viral sequences and plasmids rather than generating new sequences directly from clinical samples.",strict
37872202,2,Does the paper report in vitro drug susceptibility data?,Yes,“Cf2Th-CD4/CCR5 cells were infected with single-round luciferase-expressing HIV-1 pseudoparticles.” “The neutralization half-maximal inhibitory concentration (IC50) represents the amount of temsavir needed to inhibit 50% of the infection of Cf2Th-CD4/CCR5 cells by recombinant luciferase-expressing HIV-1 bearing the indicated Env.”,main_text,"Methods, Viral neutralization assay (page 11), describes phenotypic testing of recombinant viruses against temsavir. Figures 1 and 2 report concentration-response curves and IC50 values for wild-type and mutant Envs.",strict
37872202,3,Were sequences from the paper made publicly available?,No,"“Cryo-EM reconstructions and atomic models generated during this study are deposited in the Protein Data Bank (PDB) and the Electron Microscopy Data Bank (EMDB) under the following accession codes: PDB: 8DOK, 8G6U, 8CZZ, and 8TTW and EMDB: EMD-27596, EMD-29783, EMD-27103 and EMD-41613.” “Structural data collection, refinement statistics and codes for deposited structures are provided in the Supplementary Information (Table S1) and Source data for Figs. 1, 2 and S1 are provided with this paper.”",main_text,"The Data availability statement (page 12) reports structural model and cryo-EM deposits, not newly generated HIV sequence or sequence-read deposits.",strict
37872202,4,What were the GenBank accession numbers for sequenced HIV isolates?,Not reported,"“Cryo-EM reconstructions and atomic models generated during this study are deposited in the Protein Data Bank (PDB) and the Electron Microscopy Data Bank (EMDB) under the following accession codes: PDB: 8DOK, 8G6U, 8CZZ, and 8TTW and EMDB: EMD-27596, EMD-29783, EMD-27103 and EMD-41613.” “Source data are provided with this paper.”",main_text,The accession codes in Data availability (page 12) identify structures and electron-microscopy reconstructions. No GenBank or other nucleotide-sequence accession numbers are reported.,strict
37872202,5,How many individuals had samples obtained for HIV sequencing?,0,"“To identify Env features conferring resistance to temsavir, we reanalyzed the neutralization sensitivity data previously published by Pancera et al.” “The presence of the desired mutations was determined by automated DNA sequencing.”",main_text,The study reanalyzes published data (page 2) and sequences engineered constructs (page 11). No individuals contributed clinical samples for new HIV sequencing in this study.,strict
37872202,6,From which countries were the sequenced samples obtained?,Not applicable,"“In order to understand the molecular basis of the observed cooperativity between the Phe43 cavity and the LM residues for temsavir binding, we introduced the LMHS modifications into the previously described CRF01_AE T/F100 SOSIP.664 trimer.” “This Env was derived from a transmitted/founder CRF01_AE strain isolated from participant 40100 of the RV217 Early Capture HIV Cohort Study conducted in Thailand.”",main_text,"Thailand describes the historical origin of a previously reported Env construct (page 2), not a clinical sample newly sequenced in this study. No qualifying patient-sample sequencing is reported.",strict
37872202,7,From what years were the sequenced samples obtained?,Not applicable,“Mutations were introduced individually or in combination into the different Env expressors using the QuikChange II XL site-directed mutagenesis protocol (Stratagene).” “The presence of the desired mutations was determined by automated DNA sequencing.”,main_text,"Sequencing concerns engineered plasmids (page 11), not newly collected clinical samples; sample-collection years are therefore not applicable.",strict
37872202,8,Were samples cloned prior to sequencing?,Not applicable,“Mutations were introduced individually or in combination into the different Env expressors using the QuikChange II XL site-directed mutagenesis protocol (Stratagene).” “The presence of the desired mutations was determined by automated DNA sequencing.”,main_text,"Although laboratory constructs underwent mutagenesis and sequencing (page 11), the paper does not report new HIV sequences from patient samples. The question's applicability rule therefore requires Not applicable.",strict
37872202,9,Which HIV genes were reported to have been sequenced?,Env,“Mutations were introduced individually or in combination into the different Env expressors using the QuikChange II XL site-directed mutagenesis protocol (Stratagene).” “The presence of the desired mutations was determined by automated DNA sequencing.”,main_text,"Methods, Plasmids (page 11), identifies Env constructs as the targets of sequence verification. This is laboratory-construct sequencing, not patient-sample sequencing.",strict
37872202,10,What method was used for sequencing?,Not reported,“The presence of the desired mutations was determined by automated DNA sequencing.” “A list of primer sequences used for site-directed mutagenesis is provided in Supplementary Table S3.”,main_text,"Methods, Plasmids (page 11), states only automated DNA sequencing. It does not specify Sanger chemistry, a sequencing instrument, or NGS, so the method cannot be classified under the supplied criteria.",strict
37872202,11,What type of samples were sequenced?,Not applicable,“Mutations were introduced individually or in combination into the different Env expressors using the QuikChange II XL site-directed mutagenesis protocol (Stratagene).” “The presence of the desired mutations was determined by automated DNA sequencing.”,main_text,"The sequenced material consists of engineered Env constructs (page 11), not clinical specimens obtained from individuals with HIV.",strict
37872202,12,Were any sequences obtained from individuals with virological failure on a treatment regimen?,Not applicable,“Mutations were introduced individually or in combination into the different Env expressors using the QuikChange II XL site-directed mutagenesis protocol (Stratagene).” “The presence of the desired mutations was determined by automated DNA sequencing.”,main_text,"The study sequences laboratory constructs (page 11), not samples from treated individuals or individuals experiencing virological failure.",strict
37872202,13,Were the patients in the study in a clinical trial?,No,“We combined mutagenesis with detailed structure-function analyses to investigate the roles of obstructing/larger residues in the Phe43 cavity for the resistance of HIV-1 strains to temsavir.” “Cf2Th-CD4/CCR5 cells were infected with single-round luciferase-expressing HIV-1 pseudoparticles.”,main_text,"This is a laboratory structure-function and viral susceptibility study (pages 2 and 11), not a clinical trial involving patients. References to trials elsewhere concern previous studies.",strict
37872202,14,Does the paper report HIV sequences from individuals who had previously received ARV drugs?,No,“Mutations were introduced individually or in combination into the different Env expressors using the QuikChange II XL site-directed mutagenesis protocol (Stratagene).” “The presence of the desired mutations was determined by automated DNA sequencing.”,main_text,No new sequences from individuals with HIV are reported; the sequencing verifies engineered Env constructs (page 11).,strict
37872202,15,Which drug classes were received by individuals in the study before sample sequencing?,None,"“The HIV-1 attachment inhibitor temsavir (BMS-626529) was purchased from APExBIO.” “The compound was dissolved in dimethyl sulfoxide (DMSO) at a stock concentration of 10 mM, aliquoted, and stored at −80 °C until further use.”",main_text,"Temsavir was used as a laboratory reagent (page 11), not administered to sequenced participants. Because no patient-sample sequences are reported, the required answer is None.",strict
37872202,16,Which drugs were received by individuals in the study before sample sequencing?,None,"“The HIV-1 attachment inhibitor temsavir (BMS-626529) was purchased from APExBIO.” “The compound was dissolved in dimethyl sulfoxide (DMSO) at a stock concentration of 10 mM, aliquoted, and stored at −80 °C until further use.”",main_text,The study tests temsavir in vitro (page 11) and does not generate HIV sequences from clinical samples. Laboratory drug exposure is not an individual treatment history.,strict
41112839,1,Does the paper report HIV sequences from patient samples?,Yes,"“A total of 237 samples from different patients were analyzed, and 131 (55.3%) were successfully amplified and sequenced.” “The resulting RNA was used to synthesize complementary deoxyribonucleic acid (cDNA), which was amplified using the ANRS AC11 genotyping technique targeting the first 240 amino acids of RT.”",main_text,The abstract and sequencing methods (pages 1–2) describe newly generated HIV-1 RT sequences from clinical samples.,strict
41112839,2,Does the paper report in vitro drug susceptibility data?,No,"“The analysis of resistance mutations was carried out using the Calibrated Population Resistance v8.1 program (https://hivdb.stanford.edu/cpr/, accessed December 2023) in search of specific mutations monitored in pretreatment.” “The proportion of DRM was evaluated globally, and after grouping sites by geographical areas (Dakar, North, Midwest, South-West, and South-East), as shown in Table 1.”",main_text,"Resistance assessment was genotypic (page 2). No phenotypic susceptibility assay, drug titration, IC50, EC50, or susceptibility fold-change measurements are reported.",strict
41112839,3,Were sequences from the paper made publicly available?,Yes,"“The RT-generated sequences were deposited in the National Institutes of Health GenBank database under accession numbers PP280627 to PP280757.” “A total of 237 samples from different patients were analyzed, and 131 (55.3%) were successfully amplified and sequenced.”",main_text,The deposition statement on page 3 explicitly identifies GenBank accessions for the newly generated RT sequences.,strict
41112839,4,What were the GenBank accession numbers for sequenced HIV isolates?,PP280627–PP280757,"“The RT-generated sequences were deposited in the National Institutes of Health GenBank database under accession numbers PP280627 to PP280757.” “A total of 237 samples from different patients were analyzed, and 131 (55.3%) were successfully amplified and sequenced.”",main_text,"Page 3 provides this accession range, which encompasses 131 sequences.",strict
41112839,5,How many individuals had samples obtained for HIV sequencing?,237,"“A total of 237 samples from different patients were analyzed, and 131 (55.3%) were successfully amplified and sequenced.” “A total of 251 of 331 ART-naive patients were recruited, giving a participation rate of 75.8%.” “After quality control, 237 samples were considered acceptable, giving a conformity rate of 94.4%.”",main_text,"Samples from 237 distinct patients underwent sequencing analysis, with successful sequences obtained for 131. The larger recruited group included 14 samples excluded before analysis (pages 1 and 3).",strict
41112839,6,From which countries were the sequenced samples obtained?,Senegal,"“This study aimed to document the prevalence of PDR in ART-naive patients in Senegal, describe the DRMs observed, evaluate their potential impact on future therapeutic options, and gain insights into the genetic diversity of HIV strains circulating in the country.” “These patients were recruited from 32 sites across the country, including 8 sites from Dakar, the capital city (Figure 1).”",main_text,The population and recruitment descriptions on pages 2–3 identify Senegal as the sample-collection country.,strict
41112839,7,From what years were the sequenced samples obtained?,2017–2018,“A pretreatment drug resistance survey was carried out in 35 sites throughout the country between 2017 and 2018 using dried blood spots and whole blood samples.” “One type of sample (dried blood spots [DBS] or venous blood) was used for each consenting patient.”,main_text,The abstract dates the sample-based surveillance survey to 2017–2018; the collection methods on page 2 describe specimens obtained from participating patients.,strict
41112839,8,Were samples cloned prior to sequencing?,Not applicable,"“Purified and quantified polymerase chain reaction products were sequenced by using Big Dye Terminator v3.1 (Life Technologies, Courtaboeuf, France), and electrophoresis was performed on the ABI 3100 Avant sequencer (Applied Biosystems, France) as previously described [6].” “The analysis of resistance mutations was carried out using the Calibrated Population Resistance v8.1 program (https://hivdb.stanford.edu/cpr/, accessed December 2023) in search of specific mutations monitored in pretreatment.”",main_text,"Although the methods describe direct sequencing of PCR products, the required answer is Not applicable because no in vitro susceptibility data are reported.",strict
41112839,9,Which HIV genes were reported to have been sequenced?,RT,"“The resulting RNA was used to synthesize complementary deoxyribonucleic acid (cDNA), which was amplified using the ANRS AC11 genotyping technique targeting the first 240 amino acids of RT.” “Additionally, this study was conducted before the introduction of dolutegravir, so integrase sequencing was not performed, representing another limitation for assessing resistance to current first-line regimens.”",main_text,Only partial RT was sequenced (page 2). The limitations on page 6 also explicitly note the absence of PR sequence data and IN sequencing.,strict
41112839,10,What method was used for sequencing?,Sanger sequencing,"“The resulting RNA was used to synthesize complementary deoxyribonucleic acid (cDNA), which was amplified using the ANRS AC11 genotyping technique targeting the first 240 amino acids of RT.” “Purified and quantified polymerase chain reaction products were sequenced by using Big Dye Terminator v3.1 (Life Technologies, Courtaboeuf, France), and electrophoresis was performed on the ABI 3100 Avant sequencer (Applied Biosystems, France) as previously described [6].”",main_text,Big Dye Terminator chemistry and ABI 3100 electrophoresis identify Sanger sequencing (page 2).,strict
41112839,11,What type of samples were sequenced?,Plasma; DBS,"“From 200 μl of plasma or two spots of DBS, HIV-1 viral ribonucleic acid (RNA) was extracted on the Nuclisens easyMAG® platform (Biomerieux, France) according to the manufacturer’s recommendations.” “These samples were transported with an ice pack to the HIV National Reference Laboratory (NRL) of the Bacteriology-Virology laboratory at University Hospital Center (UHC) Aristide Le Dantec, where they were centrifuged at 2500 rpm to recover the plasma, which was stored at –80°C until testing.”",main_text,The extraction methods on page 2 specify plasma and DBS. Venous whole blood was processed into plasma or DBS rather than used directly for nucleic-acid extraction.,strict
41112839,12,Were any sequences obtained from individuals with virological failure on a treatment regimen?,No,"“The inclusion criteria for patients in the sites were to be HIV-1-positive men or women, aged at least 18, ART-naive (defined as never having received any antiretroviral therapy, including prevention of mother-to-child transmission [PMTCT] regimens), and newly diagnosed based on the patient and the healthcare provider declarations.” “This study aimed to determine the prevalence of PDR in HIV naive patients before starting ART in Senegal and to analyze the implications of DRM for future therapeutic options.”",main_text,"All participants were newly diagnosed and ART-naïve, with samples obtained before treatment (pages 2 and 5). References to treatment failure concern other studies or background context.",strict
41112839,13,Were the patients in the study in a clinical trial?,No,"“In order to have a nationally representative sample, recruitment sites were randomly selected among those reporting more than 10 new PLHIV treated per year.” “The final selection was made using WHO randomization software, which resulted in the selection of 35 sites throughout the country for surveillance of PDR, with a target of 331 patients to be included.”",main_text,"This was an observational drug-resistance surveillance survey (page 2). Randomization concerned selection of recruitment sites, not assignment of participants to treatments, and no clinical-trial participation is described.",strict
41112839,14,Does the paper report HIV sequences from individuals who had previously received ARV drugs?,No,"“The inclusion criteria for patients in the sites were to be HIV-1-positive men or women, aged at least 18, ART-naive (defined as never having received any antiretroviral therapy, including prevention of mother-to-child transmission [PMTCT] regimens), and newly diagnosed based on the patient and the healthcare provider declarations.” “A total of 251 of 331 ART-naive patients were recruited, giving a participation rate of 75.8%.”",main_text,"Eligibility explicitly excluded any previous ART exposure, including PMTCT regimens (pages 2–3).",strict
41112839,15,Which drug classes were received by individuals in the study before sample sequencing?,None,"“The inclusion criteria for patients in the sites were to be HIV-1-positive men or women, aged at least 18, ART-naive (defined as never having received any antiretroviral therapy, including prevention of mother-to-child transmission [PMTCT] regimens), and newly diagnosed based on the patient and the healthcare provider declarations.” “This study aimed to determine the prevalence of PDR in HIV naive patients before starting ART in Senegal and to analyze the implications of DRM for future therapeutic options.”",main_text,"All sequenced participants were ART-naïve. Discussion of NRTIs, NNRTIs, and other classes addresses resistance, national treatment practices, or future therapy rather than prior exposure in these participants.",strict
41112839,16,Which drugs were received by individuals in the study before sample sequencing?,None,"“The inclusion criteria for patients in the sites were to be HIV-1-positive men or women, aged at least 18, ART-naive (defined as never having received any antiretroviral therapy, including prevention of mother-to-child transmission [PMTCT] regimens), and newly diagnosed based on the patient and the healthcare provider declarations.” “This study aimed to determine the prevalence of PDR in HIV naive patients before starting ART in Senegal and to analyze the implications of DRM for future therapeutic options.”",main_text,"No participant had received ARV drugs before sampling. Named drugs concern resistance interpretation and treatment recommendations, not participants’ previous treatment.",strict
37340869,1,Does the paper report HIV sequences from patient samples?,Yes,"“Notably, RPV RAMs for ATLAS and ATLAS-2M participants were identified by a retrospective proviral DNA analysis.” “Full details of the methodology of genotypic and phenotypic analyses have been published (Supplementary page 1) [24].”",main_text,"The expanded clinical-trial analysis reports patient-derived resistance mutations and integrase polymorphisms, including results of retrospective proviral DNA genotyping. It is not solely an analysis of public sequence databases.",strict
37340869,2,Does the paper report in vitro drug susceptibility data?,Yes,“Full details of the methodology of genotypic and phenotypic analyses have been published (Supplementary page 1) [24].”,main_text,"The Methods explicitly identifies phenotypic analyses, satisfying the criterion that phenotypic testing was performed. However, numerical susceptibility results and assay details are not reproduced in the supplied PDF; the referenced supplementary material is not included.",strict
37340869,3,Were sequences from the paper made publicly available?,No,“Data sharing requests will be considered by the management group on written request to the corresponding author.” “Deidentified participant data or other prespecified data will be available subject to a written proposal and a signed data sharing agreement.”,main_text,Access by request is not public sequence deposition. The supplied article provides no sequence accession numbers or statement of deposition in a public repository.,strict
37340869,4,What were the GenBank accession numbers for sequenced HIV isolates?,Not reported,“Data sharing requests will be considered by the management group on written request to the corresponding author.” “Deidentified participant data or other prespecified data will be available subject to a written proposal and a signed data sharing agreement.”,main_text,No GenBank or other sequence-repository accession numbers are provided in the supplied PDF.,strict
37340869,5,How many individuals had samples obtained for HIV sequencing?,1431,"“Across 3 studies, 1651 unique participants were included, 23/1651 (1.4%) of whom had CVF.” “CVF risk according to combinations of the baseline factors identified as significant predictors in both BFAs (RPV RAMs, HIV-1 subtype A6/A1, and BMI ≥30 kg/m2) were examined in 1431 participants with complete records for these factors.”",main_text,"The article identifies 1431 unique participants with complete baseline resistance and subtype information, also shown in Figure 1 on page 3. This is the documented genotype-evaluable population; 1651 is the overall trial-analysis population, which includes participants with missing covariate records.",strict
37340869,6,From which countries were the sequenced samples obtained?,Russia,"“Overall, 11 participants with CVF were from Russia, all of whom had HIV-1 subtype A6/A1 (Supplementary Table 7A).” “Results were further evaluated by geographical region (North America, Europe, and ‘other’ regions) and by country.”",main_text,Russia is explicitly identified as a country of origin for genotyped participants. Other countries are not named in the supplied main article; the country-specific supplementary tables are referenced but not included.,strict
37340869,7,From what years were the sequenced samples obtained?,Not reported,"“Data cutoffs were through week 124 for FLAIR, week 96 for ATLAS, and week 152 for ATLAS-2M [4, 7, 10].” “This analysis includes participants initially randomized to CAB + RPV LA and participants who switched to CAB + RPV LA during extension phases of the studies.”",main_text,"Follow-up is reported in study weeks, but calendar years of sample collection are not provided. Publication years and resistance-guideline years cannot establish collection dates.",strict
37340869,8,Were samples cloned prior to sequencing?,Not reported,"“Full details of the methodology of genotypic and phenotypic analyses have been published (Supplementary page 1) [24].” “Notably, RPV RAMs for ATLAS and ATLAS-2M participants were identified by a retrospective proviral DNA analysis.”",main_text,"The supplied PDF does not describe cloning, single-genome amplification, direct population sequencing, or a genotyping platform from which cloning status could be determined.",strict
37340869,9,Which HIV genes were reported to have been sequenced?,"RT, IN","“Sex at birth, baseline BMI (continuous, linear term), HIV-1 subtype A6/A1, L74I polymorphism (including L74/L/I, but not any L74I mixtures containing M), CAB RAMs, other INSTI (non-CAB-specific) RAMs, RPV RAMs, other (non-RPV-specific) NNRTI RAMs, and Q4W or Q8W dosing regimen were explored as potential predictors of CVF in baseline factor analyses (BFAs).” “Notably, RPV RAMs for ATLAS and ATLAS-2M participants were identified by a retrospective proviral DNA analysis.”",main_text,RPV and other NNRTI resistance mutations establish RT as a target. CAB/INSTI resistance mutations and the integrase L74I polymorphism establish IN as a target.,strict
37340869,10,What method was used for sequencing?,Not reported,"“Full details of the methodology of genotypic and phenotypic analyses have been published (Supplementary page 1) [24].” “Notably, RPV RAMs for ATLAS and ATLAS-2M participants were identified by a retrospective proviral DNA analysis.”",main_text,"The supplied article identifies genotypic analysis but does not specify Sanger sequencing, NGS, or an identifiable sequencing instrument or platform. The methodological supplement is not included in the file.",strict
37340869,11,What type of samples were sequenced?,"Plasma, PBMC","“Historical genotypic evidence of any major INSTI or NNRTI RAMs, excluding K103N in plasma, was exclusionary per the 2015 (FLAIR and ATLAS) and 2019 (ATLAS-2M) International Antiviral Society-USA (IAS-USA) guidelines (Supplementary Table 1) [25, 26].” “Notably, RPV RAMs for ATLAS and ATLAS-2M participants were identified by a retrospective proviral DNA analysis.”",main_text,"The article references plasma-based genotypes and retrospective proviral DNA genotyping. Under the specified mapping, proviral DNA is categorized as PBMC, although the exact cellular preparation is not described.",strict
37340869,12,Were any sequences obtained from individuals with virological failure on a treatment regimen?,Yes,"“Across 3 studies, 1651 unique participants were included, 23/1651 (1.4%) of whom had CVF.” “Overall, 11 participants with CVF were from Russia, all of whom had HIV-1 subtype A6/A1 (Supplementary Table 7A).”",main_text,Genotyped participants included ART-experienced individuals who experienced confirmed virologic failure during CAB + RPV treatment. The main analysis emphasizes baseline genotypes rather than specifying the timing of every failure-associated specimen.,strict
37340869,13,Were the patients in the study in a clinical trial?,Yes,"“FLAIR, ATLAS, and ATLAS-2M are randomized, multicenter, parallel-group, open-label, phase 3/3b studies.” “FLAIR and ATLAS evaluated CAB + RPV LA dosed Q4W versus continuing daily oral therapy and ATLAS-2M evaluated CAB + RPV LA dosed Q8W versus Q4W.”",main_text,"The participants came from three explicitly randomized phase 3/3b clinical trials, although this paper presents a post hoc pooled analysis.",strict
37340869,14,Does the paper report HIV sequences from individuals who had previously received ARV drugs?,Yes,"“Participants were ≥18 years of age and virologically suppressed (plasma HIV-1 RNA <50 copies/mL) at randomization.” “Notably, RPV RAMs for ATLAS and ATLAS-2M participants were identified by a retrospective proviral DNA analysis.”",main_text,"The proviral DNA resistance analyses included virologically suppressed, treatment-experienced participants. Therefore, the sequenced population was not exclusively ARV-naïve.",strict
37340869,15,Which drug classes were received by individuals in the study before sample sequencing?,"INSTIs, NNRTIs","“Cabotegravir (CAB), an integrase strand transfer inhibitor (INSTI), plus rilpivirine (RPV), a nonnucleoside reverse transcriptase inhibitor (NNRTI), is the first complete long-acting (LA), injectable antiretroviral therapy (ART) regimen approved and recommended by treatment guidelines [1, 2].” “Thus, in ATLAS-2M, approximately half of participants rolled over from the daily oral therapy or CAB + RPV LA Q4W arms of the ATLAS study.”",main_text,"The pooled population included participants with prior CAB + RPV exposure through trial rollover, establishing INSTI and NNRTI exposure. Other preceding oral regimens are not specified sufficiently to extract additional classes.",strict
37340869,16,Which drugs were received by individuals in the study before sample sequencing?,"Cabotegravir (CAB), rilpivirine (RPV)","“Data from participants who received CAB + RPV LA dosed Q4W and/or Q8W in FLAIR, ATLAS, or ATLAS-2M were pooled in post hoc analyses.” “Thus, in ATLAS-2M, approximately half of participants rolled over from the daily oral therapy or CAB + RPV LA Q4W arms of the ATLAS study.”",main_text,"Cabotegravir and rilpivirine are explicitly documented treatments, including prior exposure among rollover participants. Specific drugs in the preceding daily oral regimens are not reported in the supplied article.",strict
41130593,1,Does the paper report HIV sequences from patient samples?,Yes,"“Upon HIV-1 diagnosis, plasma samples were collected for HIV-1 RNA quantification and resistance analyses.” “Samples with HIV-1 RNA ≥200 copies/mL were analyzed for genotypic resistance in the HIV-1 CA, protease (PR), reverse transcriptase (RT), and integrase coding regions using the GenoSure® GAG PRO and GenoSure PRIme® assays (Monogram Biosciences, South San Francisco, California), which are validated tests run in a Clinical Laboratory Improvement Amendments–certified laboratory.”",main_text,"The Methods on page 3 explicitly describe genotyping clinical plasma samples from PURPOSE 1 and PURPOSE 2 participants with HIV, including incident infections and unrecognized baseline infections.",strict
41130593,2,Does the paper report in vitro drug susceptibility data?,No,"“Phenotyping of the clinical isolates in the PURPOSE trials was not attempted; no susceptibility data were available.” “However, further emergence of CA resistance in addition to N74D was not observed, even in cases of unrecognized HIV at baseline where N74D was detected early in the study.”",main_text,The Discussion on page 8 explicitly states that this study did not perform phenotyping or generate susceptibility data. Fold-change values elsewhere refer to previous studies.,strict
41130593,3,Were sequences from the paper made publicly available?,No,"“Gilead Sciences shares anonymized individual patient data upon request or as required by law or regulation with qualified external researchers based on submitted curriculum vitae and reflecting non-conflict of interest.” “Approval of such requests is at Gilead Science’s discretion and is dependent on the nature of the request, the merit of the research proposed, the availability of the data, and the intended use of the data.”",main_text,"The Data availability statement on page 9 describes controlled sharing upon request, not public sequence deposition. No accession numbers or statements depositing newly generated sequences in public repositories appear in the supplied file.",strict
41130593,4,What were the GenBank accession numbers for sequenced HIV isolates?,Not reported,“Gilead Sciences shares anonymized individual patient data upon request or as required by law or regulation with qualified external researchers based on submitted curriculum vitae and reflecting non-conflict of interest.” “Data requests should be sent to datarequest@gilead.com.”,main_text,The article provides a data-request procedure on page 9 but no GenBank or other sequence-repository accession numbers for study isolates.,strict
41130593,5,How many individuals had samples obtained for HIV sequencing?,77,"“Non–study drug resistance was detected in 20 of the 60 P1 participants tested for resistance.” “Non–study drug resistance was detected in two of 17 participants from P2 and included the NNRTI resistance-associated substitution K103N (n=2) and the protease inhibitor resistance-associated substitution V82L in PR (n=1; Table 2, Supplementary Table 4).”",main_text,"Pages 5–6 report 60 PURPOSE 1 participants and 17 PURPOSE 2 participants tested for resistance, totaling 77. This includes incident and unrecognized baseline infections and counts individuals tested even where assays failed. Table 1 corroborates 53 and 11 incident cases tested, supplemented by seven and six baseline cases, respectively.",strict
41130593,6,From which countries were the sequenced samples obtained?,South Africa,“The LEN resistance-associated mutation K70R was also detected in one South African participant with a subtype C virus and no exposure to LEN.” “This is likely a rare polymorphism.”,main_text,"Page 5 identifies a sequenced participant as South African, supporting South Africa as a sample origin. The supplied article does not enumerate the other recruitment countries; laboratory locations and author affiliations are not treated as sample origins.",strict
41130593,7,From what years were the sequenced samples obtained?,2021–2023,“aAugust 2021–September 2023; bJune 2021–December 2023; cTwo participants were not included in the RAP due to VL <200 copies/mL or withdrawn consent.”,figure,Figure 3 on page 18 gives the PURPOSE 1 and PURPOSE 2 efficacy-population date ranges as 2021–2023. These provide the baseline/enrollment years for the populations undergoing resistance testing; calendar dates for subsequent individual follow-up samples are not separately specified.,strict
41130593,8,Were samples cloned prior to sequencing?,Not applicable,"“Phenotyping of the clinical isolates in the PURPOSE trials was not attempted; no susceptibility data were available.” “Genotypic CA resistance testing at Monogram was conducted using a next-generation sequencing platform (MiSeq; Illumina), with reporting of mutants present in ≥10% of sequences obtained for a given sample.”",main_text,"Although clinical genotyping was performed, the study reports no in vitro susceptibility data. The question's applicability rule therefore requires Not applicable.",strict
41130593,9,Which HIV genes were reported to have been sequenced?,"PR, RT, IN, CA","“Samples with HIV-1 RNA ≥200 copies/mL were analyzed for genotypic resistance in the HIV-1 CA, protease (PR), reverse transcriptase (RT), and integrase coding regions using the GenoSure® GAG PRO and GenoSure PRIme® assays (Monogram Biosciences, South San Francisco, California), which are validated tests run in a Clinical Laboratory Improvement Amendments–certified laboratory.” “Genotypic CA resistance testing at Monogram was conducted using a next-generation sequencing platform (MiSeq; Illumina), with reporting of mutants present in ≥10% of sequences obtained for a given sample.”",main_text,"The Methods on pages 3–4 explicitly identify capsid, protease, reverse transcriptase, and integrase as genotyping targets.",strict
41130593,10,What method was used for sequencing?,NGS,"“Genotypic CA resistance testing at Monogram was conducted using a next-generation sequencing platform (MiSeq; Illumina), with reporting of mutants present in ≥10% of sequences obtained for a given sample.” “The mutant detection cutoff was based on reproducibility and coverage data obtained during the proprietary assay validation process.”",main_text,Pages 3–4 explicitly report Illumina MiSeq next-generation sequencing for capsid. The sequencing technology underlying the other genotyping assay is not separately specified.,strict
41130593,11,What type of samples were sequenced?,Plasma,"“Upon HIV-1 diagnosis, plasma samples were collected for HIV-1 RNA quantification and resistance analyses.” “Adherence to daily oral PrEP over the preceding 8–12 weeks was calculated by concentration of tenofovir (TFV) diphosphate in dried blood spot (DBS) testing, as previously described [21,22].”",main_text,"Pages 3–4 identify plasma as the specimen for resistance analyses. DBS were used for adherence measurements, not HIV sequencing.",strict
41130593,12,Were any sequences obtained from individuals with virological failure on a treatment regimen?,Yes,"“Participant H had a viral load of 80 500 000 copies/mL at Day 1, initiated antiretroviral therapy (ART) at Day 50, and had a viral load of <200 copies/mL by Day 166.” “Subsequently, Participant H was nonadherent to ART and had detectable N74D and viremia through Day 440 (final visit) but no emergence of additional CA substitutions (Supplementary Table 3).”",main_text,"Page 5 describes virological rebound after ART initiation and suppression in Participant H, with resistance sequencing during subsequent viremia. Table 3 on page 15 reports N74D at Days 271 and 440.",strict
41130593,13,Were the patients in the study in a clinical trial?,Yes,"“The Phase 3 PURPOSE 1 (P1; NCT04994509) and PURPOSE 2 (P2; NCT04925752) studies compared the efficacy of LEN in preventing HIV-1 acquisition relative to the background HIV (bHIV) incidence (primary comparator) and to the efficacy of F/TDF (secondary comparator).” “Briefly, participants who tested negative for HIV during the incidence phase were randomized to receive SC LEN, oral F/TDF, or oral F/TAF (PURPOSE 1 only) with the alternative SC or oral placebo.”",main_text,Pages 2–3 explicitly describe phase 3 randomized trials with placebo components.,strict
41130593,14,Does the paper report HIV sequences from individuals who had previously received ARV drugs?,Yes,"“All seven received study drug (LEN [n=4], F/TAF [n=1], F/TDF [n=2]) and were analyzed for resistance; none had resistance substitutions detected at Day 1 (Table 3).” “Follow-up data indicated that two of four participants who received LEN developed the N74D substitution in CA (Participants G and H; Table 3).” “Participant N started DTG/3TC/TDF at Day 110 and had HIV-1 RNA <50 copies/mL by Day 184 (Supplementary Table 3).”",main_text,"The study includes sequences obtained after PrEP exposure and after ART initiation. For example, Participant N was genotyped at Day 111 after starting ART at Day 110, and other participants acquired HIV while receiving PrEP.",strict
41130593,15,Which drug classes were received by individuals in the study before sample sequencing?,"NRTIs, INSTIs, Capsid inhibitors (CAIs)","“Lenacapavir (LEN) is an inhibitor of human immunodeficiency virus type 1 (HIV-1) capsid (CA) function that is approved for HIV-1 treatment by the Food and Drug Administration and European Medicines Agency and recently approved for preexposure prophylaxis (PrEP).” “All seven received study drug (LEN [n=4], F/TAF [n=1], F/TDF [n=2]) and were analyzed for resistance; none had resistance substitutions detected at Day 1 (Table 3).” “Participant N started DTG/3TC/TDF at Day 110 and had HIV-1 RNA <50 copies/mL by Day 184 (Supplementary Table 3).”",main_text,"PrEP exposure included the capsid inhibitor lenacapavir and NRTIs emtricitabine and tenofovir prodrugs. Follow-up sequencing also occurred after dolutegravir/lamivudine/tenofovir initiation, establishing INSTI exposure. NNRTI and PI resistance mutations do not establish exposure to those classes.",strict
41130593,16,Which drugs were received by individuals in the study before sample sequencing?,"Lenacapavir (LEN), emtricitabine (FTC), tenofovir alafenamide (TAF), tenofovir disoproxil fumarate (TDF), dolutegravir (DTG), lamivudine (3TC)","“Other available PrEP options include oral, emtricitabine/tenofovir disoproxil fumarate (F/TDF) and emtricitabine/tenofovir alafenamide (F/TAF), which are highly effective when taken as directed [1-5].” “All seven received study drug (LEN [n=4], F/TAF [n=1], F/TDF [n=2]) and were analyzed for resistance; none had resistance substitutions detected at Day 1 (Table 3).” “Participant N started DTG/3TC/TDF at Day 110 and had HIV-1 RNA <50 copies/mL by Day 184 (Supplementary Table 3).”",main_text,"The PrEP regimens establish exposure to lenacapavir, emtricitabine, tenofovir alafenamide, and tenofovir disoproxil fumarate before post-exposure sequencing. Dolutegravir and lamivudine are also included because Participant N's Day 111 resistance sample followed initiation of DTG/3TC/TDF on Day 110; Participant G likewise had sequencing after starting this regimen.",strict
40431710,1,Does the paper report HIV sequences from patient samples?,Yes,“Retrospective genotypic resistance tests were performed on proviral DNA obtained from peripheral blood mononuclear cells (PBMCs) of the Swiss HIV Cohort Study biobank [1] taken seven months earlier (with HIV-1 VL < 20 copies/mL) and on biobanked plasma (with HIV-1 VL 134 copies/mL) taken four months earlier.” “A genotypic resistance test [3] using next generation sequencing showed a complete ‘wild type’ for all RAMs with a sensitivity cut-off of 1.5% at a minimum depth of 1750 reads.”,main_text,The case report describes genotypic resistance testing and newly generated HIV sequences from one patient's plasma and PBMC samples (pages 3–4).,strict
40431710,2,Does the paper report in vitro drug susceptibility data?,No,"“A genotypic resistance test was carried out, which showed emergence of resistance to all the INSTIs, including BIC (Table 1).” “Its strengths include pharmacokinetic analysis, comprehensive resistance testing, exact drug and adherence history, next-generation sequencing from HIV-1 RNA and DNA and phylogenetic analysis.”",main_text,"The reported testing is genotypic and pharmacokinetic, not phenotypic. No in vitro susceptibility assay, IC50, EC50, or experimentally measured susceptibility fold change is reported.",strict
40431710,3,Were sequences from the paper made publicly available?,No,“The data that support the findings of this case report are not publicly available due to concerns regarding patient privacy and confidentiality.” “Data are available from the corresponding author upon reasonable request and with appropriate institutional approvals.”,main_text,"The Data Availability Statement on page 7 explicitly restricts public availability, and no public sequence deposition is reported.",strict
40431710,4,What were the GenBank accession numbers for sequenced HIV isolates?,Not reported,“The data that support the findings of this case report are not publicly available due to concerns regarding patient privacy and confidentiality.” “Data are available from the corresponding author upon reasonable request and with appropriate institutional approvals.”,main_text,"No GenBank or other sequence-repository accession numbers appear in the article, tables, or figures.",strict
40431710,5,How many individuals had samples obtained for HIV sequencing?,1,“A 27-year-old male was diagnosed with HIV-1 infection Subtype B in 1994.” “We describe a rare case of virological failure on a quadruple therapy with BIC/3TC/TAF and DOR in a treatment-experienced patient.”,main_text,This is a single-patient case report. All longitudinal RNA and proviral DNA sequences are from the same individual.,strict
40431710,6,From which countries were the sequenced samples obtained?,Switzerland,"“At that time, he was enrolled in the Swiss HIV Cohort Study [1].” “Retrospective genotypic resistance tests were performed on proviral DNA obtained from peripheral blood mononuclear cells (PBMCs) of the Swiss HIV Cohort Study biobank [1] taken seven months earlier (with HIV-1 VL < 20 copies/mL) and on biobanked plasma (with HIV-1 VL 134 copies/mL) taken four months earlier.”",main_text,"The patient was followed in the Swiss HIV Cohort Study, with samples from its biobank and care reported by the Zurich clinical team. The collection country is Switzerland.",strict
40431710,7,From what years were the sequenced samples obtained?,1996–2024,"“Maximum likelihood (ML) phylogenetic tree showing evolution in the HIV-1 (A) protease and (B) reverse transcriptase, excluding drug resistance mutations.” “Samples reported in Table 1 are marked in blue.” Figure 2 includes sample labels “06.1996” and “04.2024”.",figure,"Figure 2 on page 4 shows sequenced samples spanning June 1996 to April 2024. The first resistance test in 1996 is also described on page 1, and the April 2024 RNA genotype is listed in Table 1.",strict
40431710,8,Were samples cloned prior to sequencing?,Not applicable,"“A genotypic resistance test [3] using next generation sequencing showed a complete ‘wild type’ for all RAMs with a sensitivity cut-off of 1.5% at a minimum depth of 1750 reads.” “Its strengths include pharmacokinetic analysis, comprehensive resistance testing, exact drug and adherence history, next-generation sequencing from HIV-1 RNA and DNA and phylogenetic analysis.”",main_text,"Although clinical sequences are reported, no in vitro drug susceptibility data are reported; the question's applicability rule therefore requires Not applicable.",strict
40431710,9,Which HIV genes were reported to have been sequenced?,"PR, RT, IN","“To determine whether this observation was rather a replacement of the resistant strain by an ancient archived wild-type or reversions at the specific resistance associated nucleotide positions, all available sequences of the HIV-1 protease and reverse transcriptase were compared.” “All drug resistances so far documented by RNA and proviral DNA sequencing in all four main ART classes (D67N, K70R, M184V for NRTIs, 108I, 234I, 318F for NNRTIs, L10V, K20R, T74S for PIs and T97A, G140S, Q148H, G149A for INSTIs) were completely undetectable at a very low frequency threshold.”",main_text,"Protease and reverse transcriptase sequences are explicitly analyzed, and integrase sequencing is demonstrated by the reported INSTI resistance mutations.",strict
40431710,10,What method was used for sequencing?,NGS,"“A genotypic resistance test [3] using next generation sequencing showed a complete ‘wild type’ for all RAMs with a sensitivity cut-off of 1.5% at a minimum depth of 1750 reads.” “Its strengths include pharmacokinetic analysis, comprehensive resistance testing, exact drug and adherence history, next-generation sequencing from HIV-1 RNA and DNA and phylogenetic analysis.”",main_text,"NGS is explicitly reported for HIV RNA and DNA. The methods used for the historical genotypes are not specified, so Sanger sequencing is not additionally inferred.",strict
40431710,11,What type of samples were sequenced?,"Plasma, PBMC","“Retrospective genotypic resistance tests were performed on proviral DNA obtained from peripheral blood mononuclear cells (PBMCs) of the Swiss HIV Cohort Study biobank [1] taken seven months earlier (with HIV-1 VL < 20 copies/mL) and on biobanked plasma (with HIV-1 VL 134 copies/mL) taken four months earlier.” “To identify potentially selected RAMs after initiation of the new drug regimen, a further genotypic resistance test was conducted two months after the start of the new antiretroviral therapy at HIV-1 RNA VL of 1590 copies/mL of plasma.”",main_text,The article explicitly identifies plasma HIV RNA and PBMC-derived proviral DNA as sequencing specimens.,strict
40431710,12,Were any sequences obtained from individuals with virological failure on a treatment regimen?,Yes,"“After additional three months of DOR plus BIC/TAF/FTC, the HIV-1 VL rose to 187 copies/mL.” “Close monitoring of the HIV-1 VL after three weeks showed a still elevated viral load of 217 copies/mL.” “A genotypic resistance test was carried out, which showed emergence of resistance to all the INSTIs, including BIC (Table 1).”",main_text,"Sequencing was performed during virological rebound on doravirine plus bictegravir/tenofovir alafenamide/emtricitabine, documenting emergent INSTI resistance.",strict
40431710,13,Were the patients in the study in a clinical trial?,Yes,"“In 2003, in the context of the TMC-125 trial, ART was switched to didanosine (ddI), abacavir (ABC), tenofovir disoproxil (TDF), lopinavir/ritonavir (LPV/r), and etravirine (ETR).” “A DNA-based genotypic resistance assay on proviral DNA in 2015, within the framework of the Clinical Trial CN518, revealed the additional emergence of the NRTI resistance mutation M184V.”",main_text,"Although the publication is a case report rather than a trial report, this patient explicitly participated in clinical trials, including CN518 when proviral DNA genotyping was performed. Figure 1 also records placebo/raltegravir exposure.",strict
40431710,14,Does the paper report HIV sequences from individuals who had previously received ARV drugs?,Yes,"“Zidovudine (AZT) and ritonavir (RTV) were initiated about a year later.” “In 1996, due to never having reached a suppressed plasma viral load, a first genotypic resistance test on HIV-1 plasma RNA was performed and showed the mutation K70R associated with thymidine analog nucleoside (TAM) reverse transcriptase inhibitor (NRTIs) resistance and a pattern of mutations (I54V, V82AT) associated with resistance to all protease inhibitors (PIs) and increased susceptibility to darunavir (DRV).”",main_text,The patient had received ART before the first genotype and underwent further sequencing after decades of exposure to multiple ARV classes.,strict
40431710,15,Which drug classes were received by individuals in the study before sample sequencing?,"NRTIs, NNRTIs, PIs, INSTIs, Entry inhibitors","“Viral suppression first occurred in 2007 with the introduction of the integrase strand transfer inhibitor (INSTI) raltegravir (RAL) and the switch from ATV/r to DRV/r in combination with AZT/3TC and TDF.” “Based on the patient’s history and current resistance pattern, we designed a new drug regimen: replacing BIC/FTC/TAF and DOR with FTC/TAF/DRV/c plus ETR (the only NNRTI still active) and fostemsavir (FTR), a new attachment inhibitor specifically approved for multi-drug-resistant HIV-1 infection in combination with an optimized backbone therapy.” “To identify potentially selected RAMs after initiation of the new drug regimen, a further genotypic resistance test was conducted two months after the start of the new antiretroviral therapy at HIV-1 RNA VL of 1590 copies/mL of plasma.”",main_text,"The longitudinal history includes NRTIs, NNRTIs, PIs, and INSTIs. Fostemsavir, an entry inhibitor, was also received before subsequent genotyping in 2023 and 2024.",strict
40431710,16,Which drugs were received by individuals in the study before sample sequencing?,"Zidovudine (AZT), didanosine (ddI), stavudine (d4T), ritonavir (RTV), indinavir (IDV), lamivudine (3TC), delavirdine (DLV), abacavir (ABC), nelfinavir (NFV), efavirenz (EFV), tenofovir disoproxil fumarate (TDF), lopinavir (LPV), etravirine (ETR), atazanavir (ATV), raltegravir (RAL), darunavir (DRV), dolutegravir (DTG), emtricitabine (FTC), elvitegravir (EVG), tenofovir alafenamide (TAF), bictegravir (BIC), rilpivirine (RPV), doravirine (DOR), fostemsavir (FTR)","“HIV-1 VL (logarithmic scale) and ART combinations over time.” “AZT = Zidovudine, ddI = Didanosine, d4T = Stavudine, RTV = Ritonavir, IDV = Indinavir, 3TC = Lamivudine, DLV = Delavirdine, ABC = Abacavir, NFV = Nelfinavir, EFV = Efavirenz, TDF = Tenofovir disoproxil fumarate, LPV/r = Lopinavir boosted with Ritonavir, ETR = Etravirine, ATV/r = Atazanavir boosted with Ritonavir, PBO/RAL = Placebo or Raltegravir, DRV/r = Darunavir boosted with Ritonavir, RAL = Raltegravir, DRV/c = Darunavir boosted with Cobicistat, DTG = Dolutegravir, FTC = Emtricitabine, EVG = Eviltegravir, BIC = Bictegravir, RPV = Rilpivirine, DOR = Doravirine, TI = Treatment Interruption, FTR = Fostemsavir.”",figure,"Figure 1 on page 2 provides the longitudinal treatment history, supplemented by the main text specifying tenofovir alafenamide and elvitegravir in 2017. Table 1 documents further genotypes after fostemsavir initiation. Cobicistat is a pharmacokinetic booster rather than an ARV and is not included as a separate ARV drug.",strict
40839365,1,Does the paper report HIV sequences from patient samples?,Yes,"“Enrolled PLHIV submitted plasma samples for VL testing and those with VL ≥1000 copies/mL (confirmed virologic failure) underwent genotypic HIVDR testing.” “Among 213 participants with confirmed virologic failure, 212 samples were successfully genotyped for protease, reverse transcriptase, and integrase.”",main_text,The abstract on page 1 explicitly reports newly generated HIV genotypes from participants' clinical plasma samples.,strict
40839365,2,Does the paper report in vitro drug susceptibility data?,No,"“Samples with VL ≥1000 copies/mL underwent genotypic analysis.” “Finally, drug resistance scores in the protease (spanning 6–99 codons), reverse transcriptase (spanning 1–251 codons), and the integrase (spanning 1–288 codons) regions were calculated by the Stanford University HIV Drug Resistance Database (version 9.4) (https://hivdb.stanford.edu/hivdb/by-sequences/).”",main_text,"Laboratory procedures on pages 2–3 describe genotyping and computational resistance interpretation, not phenotypic susceptibility assays. The susceptibility categories in Figure 2 are genotype-derived; no IC50, EC50, or experimental fold-change data are reported.",strict
40839365,3,Were sequences from the paper made publicly available?,No,,not_found,"No public sequence repository deposition statement or accession numbers appear anywhere in the supplied article, including its tables and figures.",strict
40839365,4,What were the GenBank accession numbers for sequenced HIV isolates?,Not reported,,not_found,The supplied article provides no GenBank or other sequence repository accession numbers.,strict
40839365,5,How many individuals had samples obtained for HIV sequencing?,288,"“We sampled and enrolled 1035 participants; 79.4% (822/1035) of these participants resuppressed (defined as VL <1000 copies/mL) after IAC sessions, of whom 9.1% (75/822) had low level viremia (LLV) (200–999 copies/mL).” “Out of the remaining 20.6% (213/1035) who had confirmed virologic failure (VL ≥1000copies/mL after completing IAC) and whose samples underwent genotyping, 99.5% (212/213) were genotyped with an amplification rate of 95.8% (204/212) for protease, reverse transcriptase, and integrase (PR, RT, and IN) regions and with a 100% sequencing success rate for integrase strand transfer inhibitor (INSTI) region.” “Considering the risk of virologic failure with persisting LLV, we also genotyped the samples of the LLV cohort; their drug resistance profiles will be reported separately.”",main_text,"The genotyping-results section on page 3 identifies 213 individuals with confirmed failure whose samples underwent genotyping and a separate 75-person LLV cohort that was also genotyped: 213 + 75 = 288. This counts individuals sampled for genotyping, including the unsuccessful sample; the resistance results presented in this paper primarily concern 212 successfully genotyped individuals with confirmed failure.",strict
40839365,6,From which countries were the sequenced samples obtained?,Malawi,"“A cross-sectional design was used to assess drug resistance among adult PLHIV with virologic nonsuppression in Malawi between July 2022 and February 2023.” “From the 25 highest volume ART clinics in Malawi, 18 were selected using simple random sampling.”",main_text,The methods on page 2 locate participant recruitment and sample collection at ART clinics in Malawi.,strict
40839365,7,From what years were the sequenced samples obtained?,2022–2023,“A cross-sectional design was used to assess drug resistance among adult PLHIV with virologic nonsuppression in Malawi between July 2022 and February 2023.” “A 5-mL whole venous blood sample was obtained from consenting participants for an additional VL and HIVDR testing.”,main_text,The methods on page 2 describe survey-period sample collection between July 2022 and February 2023.,strict
40839365,8,Were samples cloned prior to sequencing?,Not applicable,“Samples with VL ≥1000 copies/mL underwent genotypic analysis.” “Sanger sequence electropherograms were analyzed by using RECall (v2.32)—Web-based sequence analysis software (https://recall.bccfe.ca/account/login).”,main_text,"The study reports clinical HIV genotyping but no in vitro susceptibility data. Under the specified applicability rule, cloning status is therefore not applicable.",strict
40839365,9,Which HIV genes were reported to have been sequenced?,"PR, RT, IN","“HIV RNA was extracted using NUCLISENS easyMAG (BioMérieux) from 200 μL of plasma, with 10 μL of extracted RNA; gene fragments of protease and reverse transcriptase and integrase were amplified and sequenced using HIV-1 Genotyping kit with Integrase and the 3500XL Genetic Analyzers (Applied Biosystems).” “Finally, drug resistance scores in the protease (spanning 6–99 codons), reverse transcriptase (spanning 1–251 codons), and the integrase (spanning 1–288 codons) regions were calculated by the Stanford University HIV Drug Resistance Database (version 9.4) (https://hivdb.stanford.edu/hivdb/by-sequences/).”",main_text,"Laboratory procedures on page 3 explicitly identify protease, reverse transcriptase, and integrase as the sequenced targets.",strict
40839365,10,What method was used for sequencing?,Sanger sequencing,"“HIV RNA was extracted using NUCLISENS easyMAG (BioMérieux) from 200 μL of plasma, with 10 μL of extracted RNA; gene fragments of protease and reverse transcriptase and integrase were amplified and sequenced using HIV-1 Genotyping kit with Integrase and the 3500XL Genetic Analyzers (Applied Biosystems).” “Sanger sequence electropherograms were analyzed by using RECall (v2.32)—Web-based sequence analysis software (https://recall.bccfe.ca/account/login).”",main_text,Page 3 explicitly describes Sanger electropherograms and Applied Biosystems 3500XL sequencing instruments.,strict
40839365,11,What type of samples were sequenced?,Plasma,"“Plasma was separated from the venous whole blood samples that were collected in an EDTA tube by centrifugation and aliquoted at each health facility and kept at −20°C until they were transported on dry ice to the National HIV Reference Laboratory (NHRL) in Lilongwe.” “HIV RNA was extracted using NUCLISENS easyMAG (BioMérieux) from 200 μL of plasma, with 10 μL of extracted RNA; gene fragments of protease and reverse transcriptase and integrase were amplified and sequenced using HIV-1 Genotyping kit with Integrase and the 3500XL Genetic Analyzers (Applied Biosystems).”",main_text,"Pages 2–3 specify that plasma was separated from collected blood and used for HIV RNA extraction. Whole blood was the collection material, not the specimen used for sequencing extraction.",strict
40839365,12,Were any sequences obtained from individuals with virological failure on a treatment regimen?,Yes,"“Eligible participants were PLHIV aged 15 years or older, on a DBR for at least 9 months, latest VL was ≥1000copies/mL, and had completed at least 1 session of IAC per national guidelines.” “Among 213 participants with confirmed virologic failure, 212 samples were successfully genotyped for protease, reverse transcriptase, and integrase.”",main_text,"Participants were receiving dolutegravir-based ART, and the main sequenced group had confirmed virological failure after adherence counseling.",strict
40839365,13,Were the patients in the study in a clinical trial?,No,"“A cross-sectional design was used to assess drug resistance among adult PLHIV with virologic nonsuppression in Malawi between July 2022 and February 2023.” “From the 25 highest volume ART clinics in Malawi, 18 were selected using simple random sampling.”",main_text,"This was an observational national cross-sectional survey. Random selection of clinics was a sampling procedure, not randomization to treatment.",strict
40839365,14,Does the paper report HIV sequences from individuals who had previously received ARV drugs?,Yes,"“Eligible participants were PLHIV aged 15 years or older, on a DBR for at least 9 months, latest VL was ≥1000copies/mL, and had completed at least 1 session of IAC per national guidelines.” “Among 213 participants with confirmed virologic failure, 212 samples were successfully genotyped for protease, reverse transcriptase, and integrase.”",main_text,All eligible participants had received dolutegravir-based ART for at least nine months before study sampling. Table 1 on page 4 additionally reports a mean ART duration of 7.7 years in the confirmed-failure group.,strict
40839365,15,Which drug classes were received by individuals in the study before sample sequencing?,INSTIs,"“Dolutegravir (DTG)-based regimens (DBR) are now the most dispensed antiretroviral therapy (ART) for people living with HIV (PLHIV) in Sub-Saharan Africa.” “Eligible participants were PLHIV aged 15 years or older, on a DBR for at least 9 months, latest VL was ≥1000copies/mL, and had completed at least 1 session of IAC per national guidelines.”",main_text,"Dolutegravir exposure establishes receipt of an INSTI. Other regimen components and prior drug classes are not specifically documented for the sequenced participants; resistance assessments for NRTIs, NNRTIs, and PIs do not by themselves establish receipt of those classes.",strict
40839365,16,Which drugs were received by individuals in the study before sample sequencing?,Dolutegravir (DTG),"“Dolutegravir (DTG)-based regimens (DBR) are now the most dispensed antiretroviral therapy (ART) for people living with HIV (PLHIV) in Sub-Saharan Africa.” “Eligible participants were PLHIV aged 15 years or older, on a DBR for at least 9 months, latest VL was ≥1000copies/mL, and had completed at least 1 session of IAC per national guidelines.”",main_text,"Dolutegravir is the only individual drug explicitly established as received by the sequenced participants. The tenofovir/lamivudine/efavirenz regimen is mentioned as historical background, while other drugs in the results and figures are resistance-interpretation targets rather than documented treatment exposures.",strict
37957382,1,Does the paper report HIV sequences from patient samples?,Yes,"“Longitudinal single-genome sequencing of near-full-length proviruses and plasma HIV-1 pol-env RNA was performed.” “A total of 1,987 single-genome proviral sequences and 222 single-genome plasma sequences were generated for the eight participants with NSV.”",main_text,The Results explicitly report newly generated HIV sequences from plasma and proviral DNA from eight participants with HIV.,strict
37957382,2,Does the paper report in vitro drug susceptibility data?,No,"“For each sequence, the GSS versus the participants’ ART regimen was calculated using the Stanford HIV database drug resistance scoring system.” “To evaluate whether these proviruses were infectious, viral outgrowth assays (VOAs) were performed using a transwell system with participant CD4+ T cells (LV4, LV7 and LV8; LV2, LV5 and LV9 served as controls) in the bottom chamber and MOLT-4/CCR5 cells in the upper chamber.”",main_text,"Drug susceptibility was predicted genotypically, not measured phenotypically. Viral outgrowth tested infectivity, and drug-concentration testing assessed adherence; neither quantified in vitro ARV susceptibility.",strict
37957382,3,Were sequences from the paper made publicly available?,Yes,“All data and code are available by request to the authors and the AIDS Clinical Trials Group.” “Sequence data were submitted to Genbank (BioProject: PRJNA973660).”,main_text,The Data availability statement explicitly reports public sequence deposition under a BioProject accession.,strict
37957382,4,What were the GenBank accession numbers for sequenced HIV isolates?,PRJNA973660 (BioProject). “Sequence data were submitted to Genbank (BioProject: PRJNA973660).” Individual isolate accession numbers are not reported.,“All data and code are available by request to the authors and the AIDS Clinical Trials Group.” “Sequence data were submitted to Genbank (BioProject: PRJNA973660).”,main_text,The paper provides a BioProject identifier rather than individual HIV isolate accession numbers or ranges.,strict
37957382,5,How many individuals had samples obtained for HIV sequencing?,8,"“A total of 1,987 single-genome proviral sequences and 222 single-genome plasma sequences were generated for the eight participants with NSV.” “Longitudinal plasma HIV-1 sequences were obtained for four participants with available sampling (LV1, LV7, LV8 and LV9), at a median 4.5 time points, an average of 9.7 months apart (Fig. 1a and Extended Data Fig. 1).”",main_text,Eight participants explicitly contributed newly generated HIV sequences. Longitudinal samples are repeated observations from these individuals; historical comparator cohorts are not counted as additional newly sequenced participants.,strict
37957382,6,From which countries were the sequenced samples obtained?,United States,"“A participant with non-suppressible viremia enrolled in the HIV Eradication and Latency (HEAL) cohort, a biorepository of Brigham and Women’s Hospital, was included as a part of eight NSVs.” “The study was approved by the Mass General Brigham Institutional Review Board.”",main_text,"The Methods identify the US-based HEAL/Brigham and Women’s Hospital cohort; the affiliations locate that hospital in Boston, Massachusetts, USA. No non-US sample-collection location is reported.",strict
37957382,7,From what years were the sequenced samples obtained?,Not reported,"“The NSV samples were taken from different time points, enabling us to study these participants longitudinally (Fig. 1 and Extended Data Fig. 1).” “Longitudinal plasma HIV-1 sequences were obtained for four participants with available sampling (LV1, LV7, LV8 and LV9), at a median 4.5 time points, an average of 9.7 months apart (Fig. 1a and Extended Data Fig. 1).”",main_text,"Collection is described using relative time points and intervals. Figure 1 and Extended Data Figure 1 use elapsed years rather than calendar years, so a calendar collection span cannot be extracted.",strict
37957382,8,Were samples cloned prior to sequencing?,Not applicable,"“Extracted DNA was endpoint-diluted and subjected to near full-length sequencing (NFL-seq), as previously described.” “Extracted RNA was diluted to single viral genome levels to meet the criteria of single-genome sequencing of having no more than one template in each well, theoretically no more than 25% of wells being positive for HIV.”",main_text,"Although limiting dilution and single-genome sequencing were performed, the prescribed applicability rule requires in vitro drug susceptibility data, which this paper does not report.",strict
37957382,9,Which HIV genes were reported to have been sequenced?,"PR, RT, IN, CA, Env",“Longitudinal single-genome sequencing of near-full-length proviruses and plasma HIV-1 pol-env RNA was performed.” “Plasma HIV-1 RNA sequencing of the 5′ leader/gag region of HIV-1 was performed to confirm the presence of these 5′ defects within the plasma HIV-1 RNA sequences.”,main_text,"Near-full-length proviral sequencing covers the requested PR, RT, IN, CA and Env targets. Plasma pol-env sequencing and the PR-, RT- and IN-resistance results further establish the Pol targets; CA is contained within the sequenced gag region of the near-full-length proviruses.",strict
37957382,10,What method was used for sequencing?,NGS,“Products underwent Illumina barcoded library construction and MiSeq sequencing.” “Amplicons were assembled using the UltraCycler v1.0 automated de novo sequence assembly to generate a continuous fragment.”,main_text,"The plasma HIV sequencing protocol explicitly uses Illumina MiSeq, an NGS platform, after single-genome amplification.",strict
37957382,11,What type of samples were sequenced?,"Plasma, PBMC","“DNA extractions were carried out from PBMCs using the QIAamp DNA Micro Kit (cat. no. 56304), and the quantification of DNA was performed with Nanodrop (Applied Biosystems, Thermo Fisher).” “We sequenced plasma HIV RNA as previously described.”",main_text,"HIV proviral DNA was sequenced from PBMCs and HIV RNA from plasma. DBS were used for drug-level testing, not HIV sequencing.",strict
37957382,12,Were any sequences obtained from individuals with virological failure on a treatment regimen?,Yes,"“Here we analyzed plasma virus sequences in eight ART-treated individuals with NSV (88% male) and show that they are composed of large clones without evidence of viral evolution over time in those with longitudinal samples.” “While the ART regimen was adjusted during the NSV for some participants, virologic suppression was not achieved (Extended Data Fig. 1).”",main_text,"Plasma sequences were generated from ART-experienced individuals with persistent detectable viremia despite treatment, satisfying the specified rule. The authors distinguish this NSV phenotype from conventional resistance-driven virological failure.",strict
37957382,13,Were the patients in the study in a clinical trial?,No,"“In an observational study, we enrolled 8 ART-treated participants with three or more HIV-1 RNA levels between 40 and 1,000 copies ml−1 over 24 months of whom 7 (88%) were men and compared them with a historic cohort of 11 ART-suppressed participants, of whom 5 (71%) were men, with HIV-1 with similar demographic and CD4 counts.” “No randomization was performed as participants were already assigned as NSV or virally suppressed based on their clinical viral load data.”",main_text,The Methods explicitly identify an observational study; the reporting summary also confirms no randomization. Historical ACTG comparators do not make the newly sequenced NSV cohort an interventional trial.,strict
37957382,14,Does the paper report HIV sequences from individuals who had previously received ARV drugs?,Yes,"“We enrolled eight participants with ongoing NSV, 88% men, with a median age of 60 years and median ART duration of 10 years.” “All participants were receiving at least two active antiretroviral drugs during the NSV episodes.”",main_text,All eight newly sequenced participants had extensive prior ART exposure and were receiving ART during sampling.,strict
37957382,15,Which drug classes were received by individuals in the study before sample sequencing?,"NRTIs, NNRTIs, PIs, INSTIs, Entry inhibitors","“Individual participant characteristics, ART regimens and genotypic susceptibility scores (GSS) of plasma viruses sequenced during NSV are presented in Supplementary Table 1.” “All participants were receiving at least two active antiretroviral drugs during the NSV episodes.”",main_text,"Treatment timelines in Figure 1 and Extended Data Figure 1 show NRTIs, NNRTIs, PIs and INSTIs before sequencing. The LV3 timeline additionally shows MVC (maraviroc), establishing entry-inhibitor exposure.",strict
37957382,16,Which drugs were received by individuals in the study before sample sequencing?,"Abacavir (ABC), didanosine (ddI), emtricitabine (FTC), lamivudine (3TC), stavudine (d4T), tenofovir disoproxil fumarate (TDF), tenofovir alafenamide (TAF), zidovudine (AZT), doravirine (DOR), efavirenz (EFV), etravirine (ETR), nevirapine (NVP), rilpivirine (RPV), atazanavir (ATV), darunavir (DRV), lopinavir (LPV), ritonavir, bictegravir (BIC), dolutegravir (DTG), maraviroc (MVC)","“Sampling times for viral genetic analyses are in black arrows.” “RPV, rilpivirine; TDF, tenofovir disoproxil fumarate; FTC, emtricitabine; ATV/r, atazanavir/ritonavir; TAF, tenofovir alafenamide; DTG, dolutegravir; DRV/r, darunavir/ritonavir; NRTI, nucleoside reverse transcriptase inhibitors; NNRTI, non-nucleoside reverse transcriptase inhibitors; IN, integrase; PI, protease inhibitor.”",figure,"Figure 1 and Extended Data Figure 1 (PDF pages 3 and 16) show historical regimens aligned with sequencing dates. Across the participant timelines, the named drugs include the Figure 1 drugs plus AZT, 3TC, ABC, ddI, d4T, EFV, NVP, ETR/ETV, DOR, LPV/r, BIC and MVC; ritonavir is included as the PI booster. Drugs mentioned only as possible future interventions are excluded.",strict
37358226,1,Does the paper report HIV sequences from patient samples?,No,"“This study assessed 24-month virologic outcomes and determinants thereof upon programmatic transitioning from NNRTI- to DTG-based ART among people with HIV in Lesotho.” “Finally, we do not dispose of adherence or resistance data.”",main_text,"The study reports routine viral-load outcomes, not sequencing, genotypic resistance testing, or mutation data. The Discussion explicitly states that resistance data were unavailable.",strict
37358226,2,Does the paper report in vitro drug susceptibility data?,No,"“This study assessed 24-month virologic outcomes and determinants thereof upon programmatic transitioning from NNRTI- to DTG-based ART among people with HIV in Lesotho.” “Finally, we do not dispose of adherence or resistance data.”",main_text,"Clinical viral-load responses are reported, but no phenotypic susceptibility assays, inhibitory concentrations, or susceptibility fold changes are presented.",strict
37358226,3,Were sequences from the paper made publicly available?,No,"“The VICONEL database incorporates routine demographic and clinical data collected at the time of VL testing that are counterchecked by a dedicated data management team.” “Finally, we do not dispose of adherence or resistance data.”",main_text,"No newly generated sequences, sequence repository accession numbers, or sequence deposition statements are reported in the supplied article.",strict
37358226,4,What were the GenBank accession numbers for sequenced HIV isolates?,Not reported,"“The VICONEL database incorporates routine demographic and clinical data collected at the time of VL testing that are counterchecked by a dedicated data management team.” “Finally, we do not dispose of adherence or resistance data.”",main_text,The supplied article contains no GenBank or other sequence repository accession numbers.,strict
37358226,5,How many individuals had samples obtained for HIV sequencing?,0,"“Data were derived from the Viral Load Cohort North-East Lesotho (VICONEL), a prospective open cohort including all people receiving HIV viral load (VL) testing in Butha-Buthe or Mokhotlong district in Lesotho [11].” “Finally, we do not dispose of adherence or resistance data.”",main_text,"Participants underwent viral-load monitoring, not reported HIV sequencing. The required count is therefore zero, rather than the overall cohort size.",strict
37358226,6,From which countries were the sequenced samples obtained?,Not applicable,"“Data were derived from the Viral Load Cohort North-East Lesotho (VICONEL), a prospective open cohort including all people receiving HIV viral load (VL) testing in Butha-Buthe or Mokhotlong district in Lesotho [11].” “Finally, we do not dispose of adherence or resistance data.”",main_text,"Although the clinical cohort was in Lesotho, no patient-derived HIV sequences are reported, so a sequencing sample country is not applicable.",strict
37358226,7,From what years were the sequenced samples obtained?,Not applicable,"“Data closure for analysis was on 1 May 2023.” “Finally, we do not dispose of adherence or resistance data.”",main_text,"The reported study dates concern clinical viral-load follow-up, not collection of samples for sequencing.",strict
37358226,8,Were samples cloned prior to sequencing?,Not applicable,"“This study assessed 24-month virologic outcomes and determinants thereof upon programmatic transitioning from NNRTI- to DTG-based ART among people with HIV in Lesotho.” “Finally, we do not dispose of adherence or resistance data.”",main_text,"Neither patient-derived HIV sequencing nor in vitro susceptibility testing is reported, making cloning status not applicable.",strict
37358226,9,Which HIV genes were reported to have been sequenced?,Not applicable,"“The VICONEL database incorporates routine demographic and clinical data collected at the time of VL testing that are counterchecked by a dedicated data management team.” “Finally, we do not dispose of adherence or resistance data.”",main_text,No HIV gene sequencing is reported. Mentions of antiretroviral drug targets do not establish that the corresponding genes were sequenced.,strict
37358226,10,What method was used for sequencing?,Not reported,"“The VICONEL database incorporates routine demographic and clinical data collected at the time of VL testing that are counterchecked by a dedicated data management team.” “Finally, we do not dispose of adherence or resistance data.”",main_text,"The article describes routine clinical and viral-load data analysis, with no sequencing method or platform.",strict
37358226,11,What type of samples were sequenced?,Not applicable,"“Data were derived from the Viral Load Cohort North-East Lesotho (VICONEL), a prospective open cohort including all people receiving HIV viral load (VL) testing in Butha-Buthe or Mokhotlong district in Lesotho [11].” “Finally, we do not dispose of adherence or resistance data.”",main_text,No samples are reported to have undergone HIV sequencing; sample types cannot be assigned from viral-load monitoring alone.,strict
37358226,12,Were any sequences obtained from individuals with virological failure on a treatment regimen?,Not applicable,"“The vast majority of participants, including those with an elevated or missing pretransition VL, achieved viral suppression by 24 months.” “Finally, we do not dispose of adherence or resistance data.”",main_text,"Some participants had viremia on treatment, but no patient-derived sequences were reported.",strict
37358226,13,Were the patients in the study in a clinical trial?,No,"“Data were derived from the Viral Load Cohort North-East Lesotho (VICONEL), a prospective open cohort including all people receiving HIV viral load (VL) testing in Butha-Buthe or Mokhotlong district in Lesotho [11].” “We have obtained a consent waiver for the analysis of routine data within this cohort.”",main_text,"This is an observational analysis of routine data from a prospective cohort, not a clinical trial. An open cohort is not an open-label treatment trial.",strict
37358226,14,Does the paper report HIV sequences from individuals who had previously received ARV drugs?,No,"“This study assessed 24-month virologic outcomes and determinants thereof upon programmatic transitioning from NNRTI- to DTG-based ART among people with HIV in Lesotho.” “Finally, we do not dispose of adherence or resistance data.”",main_text,"The participants were treatment-experienced, but the paper does not report HIV sequences from them. Under the specified rule, the answer is No.",strict
37358226,15,Which drug classes were received by individuals in the study before sample sequencing?,None,"“This study assessed 24-month virologic outcomes and determinants thereof upon programmatic transitioning from NNRTI- to DTG-based ART among people with HIV in Lesotho.” “Finally, we do not dispose of adherence or resistance data.”",main_text,"Although antiretroviral treatment classes are described, no patient-derived HIV sequences are reported. The required answer is None; this does not imply that participants were untreated.",strict
37358226,16,Which drugs were received by individuals in the study before sample sequencing?,None,"“Among 14 242 eligible participants (Supplementary Figure 1), the majority were female (9311 [65.4%]) and taking efavirenz-containing ART (13 049 [91.6%]) before and TDF-3TC-DTG (13 505 [94.8%]) after transitioning.” “Finally, we do not dispose of adherence or resistance data.”",main_text,"Specific treatment drugs are reported, but no HIV sequencing is reported. The required answer for a paper without patient-derived sequences is None.",strict
37540331,1,Does the paper report HIV sequences from patient samples?,No,"“HIV-1 RNA levels were quantified using polymerase chain reaction (PCR) assays with a detection limit of 47 copies/ml.” “HIV viral load remained undetectable (HIV-RNA <47 copies/mL) at weeks 8, 24, and 48 in both groups, and no virological failure was detected during the study.”",main_text,"The Methods and Results on page 3 describe PCR-based viral-load measurement, not sequencing. No newly generated HIV sequences, genotypic resistance tests, or patient mutation lists are reported; the eligibility reference to mutation history does not establish study sequencing.",strict
37540331,2,Does the paper report in vitro drug susceptibility data?,No,"“In the current study, the efficacy and safety of TAF plus DTG as a new 2DR were compared with 3DRs.” “At week 48, both regimens showed comparable efficacy and safety in this setting.”",main_text,"These statements in the Discussion on page 5 concern clinical treatment outcomes. The article reports no in vitro susceptibility assays, inhibitory concentrations, or susceptibility fold changes.",strict
37540331,3,Were sequences from the paper made publicly available?,No,“The datasets used and analyzed during the current study are available from the corresponding author upon request.” “HIV-1 RNA levels were quantified using polymerase chain reaction (PCR) assays with a detection limit of 47 copies/ml.”,main_text,"The Data availability statement on page 8 offers study datasets upon request, not public sequence deposition. No HIV sequencing or repository submission is reported.",strict
37540331,4,What were the GenBank accession numbers for sequenced HIV isolates?,Not reported,“The datasets used and analyzed during the current study are available from the corresponding author upon request.” “HIV-1 RNA levels were quantified using polymerase chain reaction (PCR) assays with a detection limit of 47 copies/ml.”,main_text,No sequence accession numbers or sequence-deposition statements appear in the article. The study registration and ethics identifiers are not sequence accessions.,strict
37540331,5,How many individuals had samples obtained for HIV sequencing?,0,"“Finally, 85 patients were randomly assigned to receive TAF plus DTG regimen (n=43) or to continue the previous 3DR (n=42), (Fig. 1).” “HIV-1 RNA levels were quantified using polymerase chain reaction (PCR) assays with a detection limit of 47 copies/ml.”",main_text,"The enrollment count on page 3 represents clinical-trial participants, not individuals sampled for sequencing. Since no patient HIV sequencing is reported, the required count is zero.",strict
37540331,6,From which countries were the sequenced samples obtained?,Not applicable,“PLWH admitted to the HIV clinic of Imam Khomeini Hospital Complex (affiliated to Tehran University of Medical Sciences) were evaluated for study enrollment.” “HIV-1 RNA levels were quantified using polymerase chain reaction (PCR) assays with a detection limit of 47 copies/ml.”,main_text,"Although the clinical trial took place in Iran, it does not report patient HIV sequences. Consequently, the country of sequenced samples is not applicable.",strict
37540331,7,From what years were the sequenced samples obtained?,Not applicable,"“The coincidence of patient enrollment and the outbreak of COVID-19 in Iran was the main reason for the small number of participants in this study.” “Although patients were followed for 48 weeks, longer follow-up is recommended to detect any probable long-term consequences.”",main_text,"The Limitations section on page 7 describes clinical enrollment and follow-up, not collection of samples for sequencing. No HIV sequences from patient samples are reported.",strict
37540331,8,Were samples cloned prior to sequencing?,Not applicable,"“HIV-1 RNA levels were quantified using polymerase chain reaction (PCR) assays with a detection limit of 47 copies/ml.” “In the current study, the efficacy and safety of TAF plus DTG as a new 2DR were compared with 3DRs.”",main_text,Neither patient HIV sequencing nor in vitro drug susceptibility testing is reported. The question is therefore not applicable under the specified rule.,strict
37540331,9,Which HIV genes were reported to have been sequenced?,Not reported,"“HIV-1 RNA levels were quantified using polymerase chain reaction (PCR) assays with a detection limit of 47 copies/ml.” “HIV viral load remained undetectable (HIV-RNA <47 copies/mL) at weeks 8, 24, and 48 in both groups, and no virological failure was detected during the study.”",main_text,"The article reports viral-load quantification but no gene sequencing. Mentions of antiretroviral targets and resistance barriers do not establish that RT, IN, or other genes were sequenced.",strict
37540331,10,What method was used for sequencing?,Not reported,“HIV-1 RNA levels were quantified using polymerase chain reaction (PCR) assays with a detection limit of 47 copies/ml.” “Patients' routine laboratory tests were performed according to the clinic visit schedule every six months.”,main_text,"The laboratory methods on page 3 describe viral-load PCR and routine clinical testing. No Sanger, NGS, or other sequencing method is described.",strict
37540331,11,What type of samples were sequenced?,Not applicable,“HIV-1 RNA levels were quantified using polymerase chain reaction (PCR) assays with a detection limit of 47 copies/ml.” “Patients' routine laboratory tests were performed according to the clinic visit schedule every six months.”,main_text,"No patient HIV sequencing is reported, so no specimen type can be assigned for sequencing. Viral suppression alone does not establish that PBMC sequencing occurred.",strict
37540331,12,Were any sequences obtained from individuals with virological failure on a treatment regimen?,Not applicable,"“HIV viral load remained undetectable (HIV-RNA <47 copies/mL) at weeks 8, 24, and 48 in both groups, and no virological failure was detected during the study.” “HIV-1 RNA levels were quantified using polymerase chain reaction (PCR) assays with a detection limit of 47 copies/ml.”",main_text,"No HIV sequences from individuals are reported, making this question not applicable. The Results on page 3 also explicitly report no virological failure.",strict
37540331,13,Were the patients in the study in a clinical trial?,Yes,“This randomized non-inferiority open-label controlled trial was designed to compare the 48-week efficacy and safety of TAF plus DTG versus standard triple therapy in virologically suppressed PLWH.” “Eligible patients were assigned to the intervention or control group using a simple randomization method.”,main_text,"The study is explicitly an open-label randomized controlled trial, with random allocation described on page 3 and illustrated in the CONSORT flowchart on page 4.",strict
37540331,14,Does the paper report HIV sequences from individuals who had previously received ARV drugs?,No,“The baseline ART regimen of most patients in both groups included two NRTIs and one NNRTI.” “HIV-1 RNA levels were quantified using polymerase chain reaction (PCR) assays with a detection limit of 47 copies/ml.”,main_text,"Participants were ART-experienced, but the paper does not report HIV sequences from them. Under the specified rule, absence of patient HIV sequences requires a No answer.",strict
37540331,15,Which drug classes were received by individuals in the study before sample sequencing?,None,“The baseline ART regimen of most patients in both groups included two NRTIs and one NNRTI.” “HIV-1 RNA levels were quantified using polymerase chain reaction (PCR) assays with a detection limit of 47 copies/ml.”,main_text,"Baseline ART classes are documented in the Results and Table 1, but no patient HIV sequences are reported. The required answer is therefore None, rather than the classes received by unsequenced trial participants.",strict
37540331,16,Which drugs were received by individuals in the study before sample sequencing?,None,“Patients received either tenofovir alafenamide plus dolutegravir combination (26 patients) or a standard three-drug regimen (29 patients).” “HIV-1 RNA levels were quantified using polymerase chain reaction (PCR) assays with a detection limit of 47 copies/ml.”,main_text,"The article names treatment drugs but reports no patient HIV sequencing. Under the specified rule, drugs received before sequencing must therefore be answered None.",strict
40400229,1,Does the paper report HIV sequences from patient samples?,Yes,“Genotypic viral resistance profiles were available for 47 of the participants who seroconverted (Figure 1).” “The Stanford algorithm was used in genotypic typing [2].”,main_text,"The Results on page 2 report patient-derived genotypic resistance profiles, and Figure 1 on page 3 reports specific mutations from trial participants diagnosed with HIV.",strict
40400229,2,Does the paper report in vitro drug susceptibility data?,No,“The Stanford algorithm was used in genotypic typing [2].” “Genotypic viral resistance profiles were available for 47 of the participants who seroconverted (Figure 1).”,main_text,"The paper reports genotypic resistance interpretation, not phenotypic susceptibility assays or IC50, EC50, or susceptibility fold-change measurements. Hair drug-level measurements assess PrEP adherence, not viral susceptibility.",strict
40400229,3,Were sequences from the paper made publicly available?,No,,not_found,"No sequence accession numbers, public-repository deposition statement, or raw-read availability statement appears in the supplied article.",strict
40400229,4,What were the GenBank accession numbers for sequenced HIV isolates?,Not reported,,not_found,No GenBank or other sequence-repository accession numbers are provided.,strict
40400229,5,How many individuals had samples obtained for HIV sequencing?,47,“Genotypic viral resistance profiles were available for 47 of the participants who seroconverted (Figure 1).” “A total of 54 out of 24 268 participants were newly diagnosed with HIV; 11 of the 54 were at baseline.”,main_text,"Page 2 explicitly reports 47 participants with genotyping information. Figure 1 on page 3 shows 7 participants with results unavailable and 2 with samples that could not be amplified; thus 47 had genotyping attempted or reported, including 45 with successful profiles.",strict
40400229,6,From which countries were the sequenced samples obtained?,United Kingdom (England),"“The PrEP Impact trial was a prospective, open-label, single-arm, multicentre trial conducted at 157 Sexual Health Services (SHS) across England between Oct 13, 2017, and July 12, 2020.” “Trial sites reported new HIV diagnoses and additional clinical information was obtained from the site Principal Investigator (PI), including details of PrEP adherence, the report of risk behaviours associated with HIV acquisition, along with laboratory and clinical outcomes.”",main_text,The Methods on pages 1–2 identify England as the recruitment and clinical reporting location.,strict
40400229,7,From what years were the sequenced samples obtained?,2017–2020,"“The PrEP Impact trial was a prospective, open-label, single-arm, multicentre trial conducted at 157 Sexual Health Services (SHS) across England between Oct 13, 2017, and July 12, 2020.” “Participants were not followed up after seroconversion, and longer term care outcomes were therefore not available.”",main_text,The genotypes relate to HIV diagnoses at baseline or during the 2017–2020 trial. This uses the diagnosis/trial period; individual specimen collection dates are not supplied.,strict
40400229,8,Were samples cloned prior to sequencing?,Not applicable,“The Stanford algorithm was used in genotypic typing [2].” “Genotypic viral resistance profiles were available for 47 of the participants who seroconverted (Figure 1).”,main_text,"The paper does not report in vitro susceptibility data, so this question is not applicable under the specified rule.",strict
40400229,9,Which HIV genes were reported to have been sequenced?,"RT, IN","“Genotypic viral resistance profiles.” “Two pie charts illustrating the breakdown of viral genotyping in trial participants who were diagnosed with HIV (i) at baseline and (ii) during trial participation.” Figure labels include “M184I/V”, “K103N, V106I”, and “T97A”.",figure,"Figure 1 on page 3 reports RT mutations, including M184I/V and K103N/V106I, and the IN mutation T97A. No PR mutation or explicit PR sequencing target is reported.",strict
40400229,10,What method was used for sequencing?,Not reported,“The Stanford algorithm was used in genotypic typing [2].” “Genotypic viral resistance profiles were available for 47 of the participants who seroconverted (Figure 1).”,main_text,"The Stanford algorithm describes resistance interpretation, not a sequencing method. The article does not specify Sanger sequencing, NGS, instruments, or sequencing reagents.",strict
40400229,11,What type of samples were sequenced?,Plasma,“A total of 54 out of 24 268 participants were newly diagnosed with HIV; 11 of the 54 were at baseline.” “Genotypic viral resistance profiles were available for 47 of the participants who seroconverted (Figure 1).”,main_text,Plasma is inferred under the specified rule for genotyping at HIV diagnosis; the sequencing specimen is not explicitly identified. Hair samples were used only for PrEP drug-level analysis.,strict
40400229,12,Were any sequences obtained from individuals with virological failure on a treatment regimen?,No,"“A total of 54 out of 24 268 participants were newly diagnosed with HIV; 11 of the 54 were at baseline.” “Information on the first antiretroviral regimen started after HIV diagnosis was available for 33 of the 43 participants who seroconverted during the trial, and 1 patient elected not to start treatment (Table 1).”",main_text,"The reported genotypes concern newly diagnosed infections, including infections after PrEP exposure, rather than virological failure during HIV treatment. The treatment regimens in Table 1 were initiated after diagnosis.",strict
40400229,13,Were the patients in the study in a clinical trial?,Yes,"“The PrEP Impact trial was a prospective, open-label, single-arm, multicentre trial conducted at 157 Sexual Health Services (SHS) across England between Oct 13, 2017, and July 12, 2020.” “Eligible participants were aged 16 years or older, clinician-assessed to be HIV-negative on the day of enrolment, and willing and able to adhere to the trial procedures.”",main_text,"The Methods explicitly describe participation in an open-label, single-arm, multicentre PrEP trial.",strict
40400229,14,Does the paper report HIV sequences from individuals who had previously received ARV drugs?,Yes,"“Of the 43 participants who seroconverted during the trial, 42 self-reported suboptimal PrEP usage (both event-based or daily).” “Within the Impact trial, the M184I/V viral resistance genotype was found in 11.6% of the HIV incident cases (9.3% M184I/V and 2.3% M184I/V, K103Q), and in none of the participants diagnosed at baseline who had not yet started PrEP.”",main_text,Genotyped incident cases included participants exposed to antiretroviral drugs through PrEP before HIV diagnosis. PrEP exposure qualifies as prior ARV use under the specified rule.,strict
40400229,15,Which drug classes were received by individuals in the study before sample sequencing?,NRTIs,"“The emergence of drug resistance in participants reporting recent oral PrEP (tenofovir disoproxil maleate with emtricitabine (TDF/FTC)) exposure was low (where analysis results are available, 21% of participants who seroconverted during trial participation showed drug resistance).” “They reported daily, optimal oral PrEP TDF/FTC use.”",main_text,Tenofovir disoproxil and emtricitabine are NRTIs. Other drug classes appear only in treatment regimens initiated after HIV diagnosis and are not established as pre-sequencing exposures.,strict
40400229,16,Which drugs were received by individuals in the study before sample sequencing?,Tenofovir disoproxil maleate (TDF); emtricitabine (FTC),"“The emergence of drug resistance in participants reporting recent oral PrEP (tenofovir disoproxil maleate with emtricitabine (TDF/FTC)) exposure was low (where analysis results are available, 21% of participants who seroconverted during trial participation showed drug resistance).” “Information on the first antiretroviral regimen started after HIV diagnosis was available for 33 of the 43 participants who seroconverted during the trial, and 1 patient elected not to start treatment (Table 1).”",main_text,The documented prior exposure was oral tenofovir disoproxil maleate plus emtricitabine PrEP. Drugs in Table 1 are subsequent HIV treatment and are not documented as received before diagnostic genotyping.,strict
37573167,1,Does the paper report HIV sequences from patient samples?,Yes,"“This retrospective study included 1126 HIV-1 drug-experienced virologically suppressed subjects with an available HIV-DNA GRT over the period 2010-2021 performed for routine clinical practice in several reference centers in Italy.” “Sanger sequencing was performed as previously described [14,15].”",main_text,"Sections 2.1–2.2, page 2, describe clinical HIV-DNA genotyping and Sanger sequencing of samples from individuals with HIV.",strict
37573167,2,Does the paper report in vitro drug susceptibility data?,No,"“Resistance interpretation and estimation of APOBEC editing in HIV-DNA were made through Stanford algorithm (HIVdb version 9.1, https://hivdb.stanford.edu/).” “For individuals with complete treatment information, the genotypic susceptibility score (GSS) of the current regimen was carried out using the Stanford algorithm.”",main_text,"Section 2.2, page 2, reports computational genotypic susceptibility scores, not experimental phenotypic susceptibility assays. No in vitro susceptibility measurements are reported.",strict
37573167,3,Were sequences from the paper made publicly available?,No,,not_found,The supplied article contains no statement depositing study sequences or raw reads in a public repository and no sequence accession numbers.,strict
37573167,4,What were the GenBank accession numbers for sequenced HIV isolates?,Not reported,,not_found,No GenBank or other public sequence-repository accession numbers are provided in the supplied article.,strict
37573167,5,How many individuals had samples obtained for HIV sequencing?,1126,"“This retrospective study included 1126 HIV-1 drug-experienced virologically suppressed subjects with an available HIV-DNA GRT over the period 2010-2021 performed for routine clinical practice in several reference centers in Italy.” “HIV-1 DNA was obtained from whole-blood (N=180) or lymphomonocytic cells (N=936) after separation from peripheral blood from HIV-1-infected patients with a Ficoll-Hypaque gradient, as described previously [13].”",main_text,"Sections 2.1–2.2, page 2, explicitly identify 1126 individuals with HIV-DNA genotyping; the specimen groups sum to 1116, an apparent reporting discrepancy that does not override the stated cohort total.",strict
37573167,6,From which countries were the sequenced samples obtained?,Italy,"“This retrospective study included 1126 HIV-1 drug-experienced virologically suppressed subjects with an available HIV-DNA GRT over the period 2010-2021 performed for routine clinical practice in several reference centers in Italy.” “Based on these considerations, the aim of this study is to estimate, taking into account APOBEC editing, HIV-DNA resistance prevalence and its temporal trend from 2010 to 2021 in a large cohort of virologically suppressed individuals followed for clinical routine in Italy.”",main_text,"Page 2 identifies Italy as the location of the clinical cohort and participating reference centers, irrespective of participants' nationalities.",strict
37573167,7,From what years were the sequenced samples obtained?,2010–2021,"“This retrospective study included 1126 HIV-1 drug-experienced virologically suppressed subjects with an available HIV-DNA GRT over the period 2010-2021 performed for routine clinical practice in several reference centers in Italy.” “In conclusion, HIV-DNA sequences collected until 2021 from virologically suppressed individuals, showed that resistance in HIV-DNA is considerable and stable over time.”",main_text,"The clinical genotyping period is 2010–2021 (page 2), also represented by the year groups in Table 4, page 4.",strict
37573167,8,Were samples cloned prior to sequencing?,Not applicable,"“Sanger sequencing was performed as previously described [14,15].” “For individuals with complete treatment information, the genotypic susceptibility score (GSS) of the current regimen was carried out using the Stanford algorithm.”",main_text,"The paper reports clinical sequencing but no in vitro susceptibility data. Under the question's applicability rule, cloning assessment is therefore not applicable.",strict
37573167,9,Which HIV genes were reported to have been sequenced?,"PR, RT, IN",“The analyses were performed on 724 GRT spanning protease/reverse-transcriptase/integrase HIV-DNA sequence and on 402 GRT spanning protease/reverse-transcriptase sequence.” “Entry and fusion inhibitors were not considered in the GSS calculation.”,table,"The Table 2 footnote, page 3, explicitly identifies PR and RT sequencing in all 1126 individuals and additional IN sequencing in 724. No Env sequencing is reported.",strict
37573167,10,What method was used for sequencing?,Sanger sequencing,"“Sanger sequencing was performed as previously described [14,15].” “Firstly, HIV-DNA GRT was performed through Sanger technology.”",main_text,Both the methods on page 2 and the limitations on page 6 explicitly identify Sanger sequencing.,strict
37573167,11,What type of samples were sequenced?,"PBMC, Whole blood","“HIV-1 DNA was obtained from whole-blood (N=180) or lymphomonocytic cells (N=936) after separation from peripheral blood from HIV-1-infected patients with a Ficoll-Hypaque gradient, as described previously [13].” “HIV-1 DNA was extracted from PBMCs by using a commercially available kit (QIAampDNAViral minikit; Qiagen), according to the product specifications.”",main_text,"Section 2.2, page 2, explicitly reports whole-blood and PBMC-derived HIV-DNA specimens.",strict
37573167,12,Were any sequences obtained from individuals with virological failure on a treatment regimen?,Yes,"“At HIV-DNA GRT, individuals were under virological suppression for a median (IQR) of 3.7 (0.3-8.0) years, and were mainly under triple therapy (66.1%) based on PI, NNRTI or INSTI plus 2 NRTIs (Table 1).” “Around half of them (47.1%) achieved virological suppression under the last regimen and 44.3% had previously received a regimen containing an INSTI.”",main_text,"The supplied rule classifies sequencing after NRTI, NNRTI, PI or INSTI exposure as Yes. The participants meet that criterion, although these particular specimens were collected during virological suppression, not documented active failure.",strict
37573167,13,Were the patients in the study in a clinical trial?,No,“This retrospective study included 1126 HIV-1 drug-experienced virologically suppressed subjects with an available HIV-DNA GRT over the period 2010-2021 performed for routine clinical practice in several reference centers in Italy.” “This test has a fairly limited sensitivity but was the technique used in clinical routine during the time period described.”,main_text,"The study is explicitly retrospective and based on routine clinical care (pages 2 and 6), rather than a treatment trial.",strict
37573167,14,Does the paper report HIV sequences from individuals who had previously received ARV drugs?,Yes,“This retrospective study included 1126 HIV-1 drug-experienced virologically suppressed subjects with an available HIV-DNA GRT over the period 2010-2021 performed for routine clinical practice in several reference centers in Italy.” “Around half of them (47.1%) achieved virological suppression under the last regimen and 44.3% had previously received a regimen containing an INSTI.”,main_text,"The sequenced cohort is explicitly drug-experienced, with ongoing ART and documented prior regimen exposure.",strict
37573167,15,Which drug classes were received by individuals in the study before sample sequencing?,"NRTIs, NNRTIs, PIs, INSTIs, Entry inhibitors","“Type of current cART, n (%)”; “PIb + 2 NRTI”; “NNRTI + 2 NRTI”; “INSTI 2nd gen. + 2 NRTI”. “Number of previous antiretroviral classes experienced, n (%)”; “≥5 69 (6.1)”. “EI: entry inhibitors (enfuvirtide, maraviroc); INSTI: integrase strand-transfer inhibitors”.",table,"Table 1, page 2, documents NRTI-, NNRTI-, PI- and INSTI-containing regimens. Its treatment-class footnote identifies entry inhibitors, consistent with the subgroup exposed to at least five classes.",strict
37573167,16,Which drugs were received by individuals in the study before sample sequencing?,"Enfuvirtide, maraviroc, ritonavir","“EI: entry inhibitors (enfuvirtide, maraviroc)”. “PIb: ritonavir/cobicistat boosted protease inhibitors.”",table,"The Table 1 footnote, page 2, names enfuvirtide and maraviroc as entry inhibitors and ritonavir as a PI booster. Other regimen components are reported only by class; cobicistat is a pharmacokinetic enhancer rather than an ARV, and drugs appearing only in reference titles are not evidence of exposure in this cohort.",strict
37817087,1,Does the paper report HIV sequences from patient samples?,Yes,"“Viral RNA was isolated from the sample material (serum, plasma or spot elution) using the automated Biomerieux EasyMag platform.” “The amplicons were sequenced using an Illumina NGS method (MiSeq).”",main_text,The Methods on page 2 describe HIV RNA extraction and sequencing of clinical specimens submitted through surveillance of newly diagnosed individuals.,strict
37817087,2,Does the paper report in vitro drug susceptibility data?,No,"“Resistance was determined and assessed using the Stanford HIV Drug Resistance Database version 8.9 algorithm [18, 19].” “Sequences that achieved a mutation penalty score of over 10 (at least low-level resistance) were classified as resistant to a therapeutic agent [18].”",main_text,Resistance was inferred computationally from genotypes (page 2). No phenotypic assays or measured in vitro susceptibility values are reported.,strict
37817087,3,Were sequences from the paper made publicly available?,No,“All datasets including sequences are available from the corresponding author upon reasonable request.”,main_text,"The Data Availability statement on page 9 provides access by request, not public repository deposition. No sequence accession numbers or deposition statements are provided.",strict
37817087,4,What were the GenBank accession numbers for sequenced HIV isolates?,Not reported,“All datasets including sequences are available from the corresponding author upon reasonable request.”,main_text,The Data Availability statement on page 9 refers to obtaining sequences from the author; no GenBank or other sequence repository accession numbers are reported.,strict
37817087,5,How many individuals had samples obtained for HIV sequencing?,4559,"“PR and RT sequences were obtained from 4559 (39.6%) of these new diagnoses [16].” “In 3097 (26.9%) of the reported cases, the relevant IN genome region could also be amplified and examined in addition (PR, RT, IN) [16].”",main_text,"The Results on page 3 identify 4559 sequenced cases. The 3097 cases with integrase sequences are a subset, not an additional group.",strict
37817087,6,From which countries were the sequenced samples obtained?,Germany,"“From 2017 to 2020, 11,527 new HIV diagnoses were reported in Germany to the Robert Koch Institute (RKI).” “In this context, a nationwide network of approximately 70 laboratories [17] reporting 50–60% of all new HIV diagnoses in the country submit plasma or serum to the RKI along with the report form for a case.”",main_text,The Abstract and Methods on pages 1–2 establish collection through German diagnostic laboratories. Participants' countries of origin do not indicate additional collection countries.,strict
37817087,7,From what years were the sequenced samples obtained?,2017–2020,"“In the four-year period from 2017 to 2020, 11,527 new HIV diagnoses were reported to the RKI [14, 23].” “PR and RT sequences were obtained from 4559 (39.6%) of these new diagnoses [16].”",main_text,The Results on page 3 link the sequenced diagnostic specimens to new diagnoses in 2017–2020.,strict
37817087,8,Were samples cloned prior to sequencing?,Not applicable,"“The amplicons were sequenced using an Illumina NGS method (MiSeq).” “Resistance was determined and assessed using the Stanford HIV Drug Resistance Database version 8.9 algorithm [18, 19].”",main_text,"The study reports genotypic analysis but no in vitro susceptibility data. Under the specified rule, cloning status is therefore not applicable.",strict
37817087,9,Which HIV genes were reported to have been sequenced?,"PR, RT, IN","“The genomic regions of protease (PR, amino acids 9–99), reverse transcriptase (RT, amino acids 1-252) and integrase (IN, amino acids 1-279) were amplified according to previously published protocols [12, 15].” “The amplicons were sequenced using an Illumina NGS method (MiSeq).”",main_text,"The Methods on page 2 explicitly identify protease, reverse transcriptase and integrase as the sequenced targets.",strict
37817087,10,What method was used for sequencing?,NGS,"“The amplicons were sequenced using an Illumina NGS method (MiSeq).” “Resistance-associated mutations with a cutoff value of 20% were recorded [12, 15].”",main_text,The Methods on page 2 explicitly specify Illumina MiSeq next-generation sequencing.,strict
37817087,11,What type of samples were sequenced?,Plasma; dried serum/plasma spots,"“Some laboratories send the sample material on a filter paper (Whatman 903) as dried serum or plasma spots.” “Viral RNA was isolated from the sample material (serum, plasma or spot elution) using the automated Biomerieux EasyMag platform.”",main_text,"The Methods on page 2 report plasma, serum and dried serum/plasma spots. Serum is included under Plasma according to the requested categorization; the dried specimens are specifically serum/plasma spots rather than whole-blood spots.",strict
37817087,12,Were any sequences obtained from individuals with virological failure on a treatment regimen?,No,"“In this study we examined the pattern and trends of TDR and HIV subtypes of the new diagnoses reported in 2017–2020.” “Although, measures for the exclusion of falsely reported new infections are in place (IfSG § 10(4)) we cannot completely rule out that cases of acquired resistance that have already been diagnosed and treated abroad may have been misinterpreted as primary resistance if the viral load allows amplification.”",main_text,"This is transmitted-resistance surveillance of newly diagnosed individuals, not a documented treatment-failure population. The limitation on page 9 acknowledges possible unrecognized previous treatment but does not establish any sequenced cases of virological failure.",strict
37817087,13,Were the patients in the study in a clinical trial?,No,“We report data from a national molecular surveillance program of new HIV diagnoses performed according to the German law (Protection Against Infections Act § 13).” “An ethics statement or consent for participation is not needed.”,main_text,"The ethics statement on page 10 identifies a statutory surveillance program. No treatment assignment, randomization or clinical-trial participation is described.",strict
37817087,14,Does the paper report HIV sequences from individuals who had previously received ARV drugs?,No,"“In this study we examined the pattern and trends of TDR and HIV subtypes of the new diagnoses reported in 2017–2020.” “Although, measures for the exclusion of falsely reported new infections are in place (IfSG § 10(4)) we cannot completely rule out that cases of acquired resistance that have already been diagnosed and treated abroad may have been misinterpreted as primary resistance if the viral load allows amplification.”",main_text,"The reported population comprises newly diagnosed cases assessed for transmitted resistance. Possible undisclosed treatment is acknowledged as a limitation, but no sequenced participant is documented as previously ARV-exposed.",strict
37817087,15,Which drug classes were received by individuals in the study before sample sequencing?,None,“In this study we examined the pattern and trends of TDR and HIV subtypes of the new diagnoses reported in 2017–2020.” “The analysis included a special focus on populations at risk of acquiring HIV.”,main_text,No prior ARV exposure is established for the sequenced surveillance participants. Drug classes discussed as resistance targets or recommended therapies are not participant treatment histories.,strict
37817087,16,Which drugs were received by individuals in the study before sample sequencing?,None,“In this study we examined the pattern and trends of TDR and HIV subtypes of the new diagnoses reported in 2017–2020.” “The analysis included a special focus on populations at risk of acquiring HIV.”,main_text,"No specific ARVs are reported as having been received by sequenced participants before sampling. Drugs mentioned in discussions of resistance, therapy and PrEP are not documented participant exposures.",strict
40431742,1,Does the paper report HIV sequences from patient samples?,Yes,"“This study analyzed genotype results gathered from plasma samples drawn as part of routine clinical practice from naïve adult PLWHA from two reference HIV-clinics in Buenos Aires, Argentina, ensuring systematic testing of all collected samples.” “The amplified PCR products were sequenced using four primers.”",main_text,"Methods, pages 3–4, describe sequencing of clinical plasma samples and reporting resistance mutations. These are routine-care patient genotypes, not sequences compiled from previously published studies or public databases.",strict
40431742,2,Does the paper report in vitro drug susceptibility data?,No,"“The Stanford HIVdb was used to analyze RAMs according to the Stanford algorithm and ANRS criteria and to classify DOR, RPV, and first-generation NNRTIs (efavirenz and nevirapine) as susceptible, intermediate, or resistant.” “Analysis using the Stanford algorithm showed susceptibility rates to DOR, RPV, efavirenz, and nevirapine of 97.9%, 92%, 91.4%, and 90.4%, respectively.”",main_text,"Susceptibility was predicted from genotypes using interpretation algorithms (pages 4 and 9), not measured using in vitro phenotypic assays.",strict
40431742,3,Were sequences from the paper made publicly available?,No,“The datasets generated and/or analyzed during the current study are available from the corresponding author(s) on reasonable request.”,main_text,The Data Availability Statement on page 11 offers data on request only. No public sequence repository deposition or accession numbers are reported.,strict
40431742,4,What were the GenBank accession numbers for sequenced HIV isolates?,Not reported,“The datasets generated and/or analyzed during the current study are available from the corresponding author(s) on reasonable request.”,main_text,No GenBank or other sequence repository accession numbers appear in the supplied article; page 11 specifies availability by author request.,strict
40431742,5,How many individuals had samples obtained for HIV sequencing?,1677,"“A total of 1677 genotypes from PLWHA classified as ART-naïve were recorded.” “For the mutation analysis, 1667 genotypes were included, as 10 did not have available results.”",main_text,"Results, page 5, and Table 1 identify 1677 individuals who underwent genotype testing. Of these, 1667 had results available for mutation analysis; the requested count includes all individuals sampled for testing.",strict
40431742,6,From which countries were the sequenced samples obtained?,Argentina,"“This study analyzed genotype results gathered from plasma samples drawn as part of routine clinical practice from naïve adult PLWHA from two reference HIV-clinics in Buenos Aires, Argentina, ensuring systematic testing of all collected samples.” “The distribution of patients was as follows: 68.5% from Helios Salud and 31.5% from FUNCEI.”",main_text,"Samples came from patients attending two clinics in Buenos Aires, Argentina (Methods, page 3; Results, page 5).",strict
40431742,7,From what years were the sequenced samples obtained?,2017–2021,"“A cross-sectional study was undertaken utilizing samples collected between 2017 and 2021 at two reference HIV clinics.” “The study was a retrospective cross-sectional, non-interventional study, conducted over the period 2017-09/2021.”",main_text,The abstract and Methods specify sample collection during 2017–2021.,strict
40431742,8,Were samples cloned prior to sequencing?,Not applicable,"“The amplified PCR products were sequenced using four primers.” “The Stanford HIVdb was used to analyze RAMs according to the Stanford algorithm and ANRS criteria and to classify DOR, RPV, and first-generation NNRTIs (efavirenz and nevirapine) as susceptible, intermediate, or resistant.”",main_text,"The study reports clinical genotyping but no in vitro susceptibility data. Under the question's applicability rule, cloning is therefore not applicable.",strict
40431742,9,Which HIV genes were reported to have been sequenced?,"PR, RT","“The final PCR product was 1084 base pairs in length, encompassing the protease and reverse-transcriptase regions of the HIV-1 pol gene.” “This fragment length provided sufficient coverage for comprehensive identification of resistance-associated mutations in both the protease and reverse-transcriptase genes, which are the primary targets for the antiretroviral drug classes analyzed in this study.”",main_text,"Methods, page 4, explicitly identify the sequenced pol regions as protease and reverse transcriptase.",strict
40431742,10,What method was used for sequencing?,Sanger sequencing,"“The amplified PCR products were sequenced using four primers.” “The sequencing products were analyzed on an Applied Biosystems/Hitachi 3500 Genetic Analyzer (Waltham, MA, USA).”",main_text,The Applied Biosystems/Hitachi 3500 Genetic Analyzer described on page 4 is a capillary Sanger sequencing platform.,strict
40431742,11,What type of samples were sequenced?,Plasma,"“All plasma samples were processed and stored for the determination of drug resistance mutations at the Laboratorio Dr. Stamboulian molecular biology division in Buenos Aires, Argentina, according to standardized procedures.” “The process comprises first the isolation and purification of plasma viral RNAs by MagNA Pure Compact (Roche, Basel, Switzerland), with the kit MagNA Pure Large Volume.”",main_text,"Methods, page 3, explicitly describe extraction of viral RNA from plasma for resistance genotyping. Whole blood mentioned elsewhere was used for CD4 counting, not sequencing.",strict
40431742,12,Were any sequences obtained from individuals with virological failure on a treatment regimen?,No,"“Samples from ART-naive PLWHA were retrospectively analyzed for RAMS associated with resistance to DOR and other drugs at a reference laboratory (Laboratorio Dr. Stamboulian).” “Treatment-naïve, defined as no antiretrovirals (in combination or monotherapy) received before resistance test based on clinical records.”",main_text,"Methods, page 3, restrict inclusion to individuals with no ARV exposure before testing. This was transmitted-resistance surveillance, not sequencing during treatment failure.",strict
40431742,13,Were the patients in the study in a clinical trial?,No,"“The study was a retrospective cross-sectional, non-interventional study, conducted over the period 2017-09/2021.” “PLWHA participating in clinical trials for HIV treatment or prevention.”",main_text,"The study was observational, and the second quotation is an explicit exclusion criterion in Methods, page 3.",strict
40431742,14,Does the paper report HIV sequences from individuals who had previously received ARV drugs?,No,"“Treatment-naïve, defined as no antiretrovirals (in combination or monotherapy) received before resistance test based on clinical records.” “PLWHA without available clinical records to assure ART naïve status.”",main_text,Inclusion required no previous ARV exposure; the second quotation is an exclusion criterion for individuals whose naïve status could not be verified (page 3).,strict
40431742,15,Which drug classes were received by individuals in the study before sample sequencing?,None,"“Samples from ART-naive PLWHA were retrospectively analyzed for RAMS associated with resistance to DOR and other drugs at a reference laboratory (Laboratorio Dr. Stamboulian).” “Treatment-naïve, defined as no antiretrovirals (in combination or monotherapy) received before resistance test based on clinical records.”",main_text,All included individuals were ARV-naïve before resistance testing. Drug classes assessed for transmitted resistance do not represent prior treatment exposure.,strict
40431742,16,Which drugs were received by individuals in the study before sample sequencing?,None,"“Samples from ART-naive PLWHA were retrospectively analyzed for RAMS associated with resistance to DOR and other drugs at a reference laboratory (Laboratorio Dr. Stamboulian).” “Treatment-naïve, defined as no antiretrovirals (in combination or monotherapy) received before resistance test based on clinical records.”",main_text,No participants had received ARV drugs before resistance testing. Drugs discussed for predicted susceptibility or treatment recommendations were not prior participant exposures.,strict
37029656,1,Does the paper report HIV sequences from patient samples?,Yes,"We conducted a time-trend, single-centre study over the period 2009–19 on adult naive PLWH with a genotypic resistance test (GRT) performed before the ART initiation. GRT was determined by Sanger sequencing using an ABI PRISM 3130xl Genetic Analyzer (Applied Biosystems, Foster City, CA, USA); we included in the analysis the immediate pre-ART GRT available in people newly diagnosed with HIV infection.",main_text,"The methods on page 1 explicitly describe Sanger genotyping of HIV from newly diagnosed, ART-naive individuals.",strict
37029656,2,Does the paper report in vitro drug susceptibility data?,No,"The degree of resistance to each INSTI drug was calculated using the Genotypic Resistance Interpretation Algorithm of the Stanford HIV Drug Resistance Database Program (version 9.1.1) (https://hivdb.stanford.edu/hivdb/by-patterns/). The obtained scores were used to classify the presence of low-level, intermediate or high-level resistance to each INSTI drug and to the INSTI drug class.",main_text,"Resistance was inferred computationally from genotypes, not measured using an in vitro susceptibility assay. No phenotypic susceptibility measurements are reported.",strict
37029656,3,Were sequences from the paper made publicly available?,No,,not_found,The supplied article contains no sequence accession numbers or public-repository deposition statement. Table S1 is referenced as online supplementary material but is not included in the supplied file.,strict
37029656,4,What were the GenBank accession numbers for sequenced HIV isolates?,Not reported,,not_found,No GenBank or other sequence-repository accession numbers are provided in the supplied article.,strict
37029656,5,How many individuals had samples obtained for HIV sequencing?,1223,"Overall, 1223 ART-naive PLWH were evaluated: 1109 (90.7%) were male, 860 (70.3%) were MSM and the median age was 37 (IQR, 30–45) years. We conducted a time-trend, single-centre study over the period 2009–19 on adult naive PLWH with a genotypic resistance test (GRT) performed before the ART initiation.",main_text,The study included 1223 individuals with pre-ART genotypic resistance tests. The annual sample counts in Figure 1 on page 2 also sum to 1223.,strict
37029656,6,From which countries were the sequenced samples obtained?,Italy,"We conducted a time-trend, single-centre study over the period 2009–19 on adult naive PLWH with a genotypic resistance test (GRT) performed before the ART initiation. We want to thank all PLWH included in this study, and nurses and physicians of the Infectious Diseases Department of the IRCCS San Raffaele Scientific Institute.",main_text,"The single study centre is identified through the acknowledgements and author affiliations as IRCCS San Raffaele Scientific Institute in Milan, Italy. Country is based on the study site rather than participants' national origins.",strict
37029656,7,From what years were the sequenced samples obtained?,2009–2019,"We conducted a time-trend, single-centre study over the period 2009–19 on adult naive PLWH with a genotypic resistance test (GRT) performed before the ART initiation. All the considered characteristics were measured at or within 180 days before the GRT date.",main_text,The pre-ART genotyping study covers 2009–2019. Figure 1 on page 2 independently displays annual genotyped groups for each year from 2009 through 2019.,strict
37029656,8,Were samples cloned prior to sequencing?,Not applicable,"The degree of resistance to each INSTI drug was calculated using the Genotypic Resistance Interpretation Algorithm of the Stanford HIV Drug Resistance Database Program (version 9.1.1) (https://hivdb.stanford.edu/hivdb/by-patterns/). The obtained scores were used to classify the presence of low-level, intermediate or high-level resistance to each INSTI drug and to the INSTI drug class.",main_text,"The paper does not report in vitro susceptibility data, so the question is not applicable under the specified rule.",strict
37029656,9,Which HIV genes were reported to have been sequenced?,"PR, RT, IN","Major INSTI resistance mutations were uncommon; both E138K and R263K were found in 2 (0.2%) people, while each of G118R, G140S, Y143C, Y143R, S147G and Q148H in 1 (0.1%) (Table S1, available as Supplementary data at JAC Online). Overall, 51 (4.2%) PLWH had a virus resistant to NRTIs, 47 (3.8%) to NNRTIs and 22 (1.8%) to PIs.",main_text,"Integrase mutations establish IN sequencing. Genotypically assessed NRTI/NNRTI and PI resistance supports inclusion of RT and PR, respectively.",strict
37029656,10,What method was used for sequencing?,Sanger sequencing,"We conducted a time-trend, single-centre study over the period 2009–19 on adult naive PLWH with a genotypic resistance test (GRT) performed before the ART initiation. GRT was determined by Sanger sequencing using an ABI PRISM 3130xl Genetic Analyzer (Applied Biosystems, Foster City, CA, USA); we included in the analysis the immediate pre-ART GRT available in people newly diagnosed with HIV infection.",main_text,The methods explicitly identify Sanger sequencing and the ABI PRISM 3130xl instrument.,strict
37029656,11,What type of samples were sequenced?,Plasma,"We conducted a time-trend, single-centre study over the period 2009–19 on adult naive PLWH with a genotypic resistance test (GRT) performed before the ART initiation. GRT was determined by Sanger sequencing using an ABI PRISM 3130xl Genetic Analyzer (Applied Biosystems, Foster City, CA, USA); we included in the analysis the immediate pre-ART GRT available in people newly diagnosed with HIV infection.",main_text,The specimen is not explicitly named. Plasma is inferred under the specified rule for pre-treatment genotyping in newly diagnosed individuals.,strict
37029656,12,Were any sequences obtained from individuals with virological failure on a treatment regimen?,No,"We conducted a time-trend, single-centre study over the period 2009–19 on adult naive PLWH with a genotypic resistance test (GRT) performed before the ART initiation. Overall, 1223 ART-naive PLWH were evaluated: 1109 (90.7%) were male, 860 (70.3%) were MSM and the median age was 37 (IQR, 30–45) years.",main_text,"All sequenced individuals were ART-naive and genotyped before treatment initiation, rather than during virological failure.",strict
37029656,13,Were the patients in the study in a clinical trial?,No,"We conducted a time-trend, single-centre study over the period 2009–19 on adult naive PLWH with a genotypic resistance test (GRT) performed before the ART initiation. The aim of the study was to evaluate the prevalence trend of transmitted INSTI drug resistance (DR) and to assess factors associated with transmitted INSTI resistance among ART-naive PLWH over the past decade.",main_text,"This is an observational time-trend study of pre-treatment genotypes. No treatment assignment, randomization, or clinical-trial participation is described.",strict
37029656,14,Does the paper report HIV sequences from individuals who had previously received ARV drugs?,No,"We conducted a time-trend, single-centre study over the period 2009–19 on adult naive PLWH with a genotypic resistance test (GRT) performed before the ART initiation. Overall, 1223 ART-naive PLWH were evaluated: 1109 (90.7%) were male, 860 (70.3%) were MSM and the median age was 37 (IQR, 30–45) years.",main_text,All participants were explicitly ART-naive at the time of the analyzed genotypic tests; no prior ARV exposure is reported.,strict
37029656,15,Which drug classes were received by individuals in the study before sample sequencing?,None,"We conducted a time-trend, single-centre study over the period 2009–19 on adult naive PLWH with a genotypic resistance test (GRT) performed before the ART initiation. Overall, 1223 ART-naive PLWH were evaluated: 1109 (90.7%) were male, 860 (70.3%) were MSM and the median age was 37 (IQR, 30–45) years.",main_text,All analyzed sequences were obtained before ART in ART-naive individuals. Drug classes discussed as resistance targets do not establish prior treatment exposure.,strict
37029656,16,Which drugs were received by individuals in the study before sample sequencing?,None,"We conducted a time-trend, single-centre study over the period 2009–19 on adult naive PLWH with a genotypic resistance test (GRT) performed before the ART initiation. Overall, 1223 ART-naive PLWH were evaluated: 1109 (90.7%) were male, 860 (70.3%) were MSM and the median age was 37 (IQR, 30–45) years.",main_text,"The participants were ART-naive when genotyped. Raltegravir, elvitegravir, dolutegravir, and bictegravir are discussed as resistance-analysis targets, not as drugs previously received by these individuals.",strict
37966701,1,Does the paper report HIV sequences from patient samples?,No,"“The objective of this study was to describe adherence to the injection schedule and virologic effectiveness of CAB + RPV LA in routine clinical care in the US.” “Another study limitation was the unavailability of resistance testing results for analysis, which could have an impact on virologic effectiveness.”",main_text,"The study reports injection adherence and viral-load outcomes, not newly generated HIV sequences or mutation lists. Resistance testing results were explicitly unavailable (Discussion, page 8).",strict
37966701,2,Does the paper report in vitro drug susceptibility data?,No,"“The objective of this study was to describe adherence to the injection schedule and virologic effectiveness of CAB + RPV LA in routine clinical care in the US.” “Another study limitation was the unavailability of resistance testing results for analysis, which could have an impact on virologic effectiveness.”",main_text,"The paper assesses clinical effectiveness through viral-load measurements. It reports no phenotypic susceptibility assays, IC50 values, or fold changes in susceptibility.",strict
37966701,3,Were sequences from the paper made publicly available?,No,"“The datasets used in this study are not publicly available due to privacy concerns and the proprietary nature of the database but can be accessed upon reasonable request through the corresponding author to the OPERA Epidemiological and Clinical Advisory Board.” “Another study limitation was the unavailability of resistance testing results for analysis, which could have an impact on virologic effectiveness.”",main_text,"No newly generated sequences, public sequence-repository deposits, or accession numbers are reported. The Data Availability statement on page 9 concerns nonpublic clinical datasets.",strict
37966701,4,What were the GenBank accession numbers for sequenced HIV isolates?,Not reported,"“The datasets used in this study are not publicly available due to privacy concerns and the proprietary nature of the database but can be accessed upon reasonable request through the corresponding author to the OPERA Epidemiological and Clinical Advisory Board.” “Another study limitation was the unavailability of resistance testing results for analysis, which could have an impact on virologic effectiveness.”",main_text,The article contains no GenBank or other sequence-repository accession numbers or deposition statements.,strict
37966701,5,How many individuals had samples obtained for HIV sequencing?,0,"“A total of 321 individuals received at least one continuation CAB + RPV LA injection during the study period.” “Another study limitation was the unavailability of resistance testing results for analysis, which could have an impact on virologic effectiveness.”",main_text,"The 321 individuals constitute the clinical outcomes cohort, not a sequencing cohort. Because no patient-derived HIV sequences are reported, the required sequencing count is 0.",strict
37966701,6,From which countries were the sequenced samples obtained?,Not applicable,"“This study was conducted with data from the Observational Pharmaco-Epidemiology Research & Analysis (OPERA) cohort, which consists of prospectively captured, routine clinical data from electronic health records from 84 clinics in 18 US states and territories.” “Another study limitation was the unavailability of resistance testing results for analysis, which could have an impact on virologic effectiveness.”",main_text,"Although the clinical cohort was based in the US, no patient-derived HIV sequences are reported; consequently, a sequencing-sample country is not applicable.",strict
37966701,7,From what years were the sequenced samples obtained?,Not applicable,"“The study population included all people with HIV aged 18 years or older who received their first CAB + RPV LA injection between 21 January 2021 and 28 February 2022, and at least one continuation injection by 15 March 2022.” “Another study limitation was the unavailability of resistance testing results for analysis, which could have an impact on virologic effectiveness.”",main_text,"The dates describe treatment administration and cohort eligibility, not collection of samples for sequencing. No HIV sequences are reported.",strict
37966701,8,Were samples cloned prior to sequencing?,Not applicable,"“The objective of this study was to describe adherence to the injection schedule and virologic effectiveness of CAB + RPV LA in routine clinical care in the US.” “Another study limitation was the unavailability of resistance testing results for analysis, which could have an impact on virologic effectiveness.”",main_text,"Neither patient-derived HIV sequences nor in vitro susceptibility data are reported, so the cloning question is not applicable.",strict
37966701,9,Which HIV genes were reported to have been sequenced?,Not applicable,"“The objective of this study was to describe adherence to the injection schedule and virologic effectiveness of CAB + RPV LA in routine clinical care in the US.” “Another study limitation was the unavailability of resistance testing results for analysis, which could have an impact on virologic effectiveness.”",main_text,No sequencing or genotypic resistance results are reported for any HIV gene. Treatment with cabotegravir and rilpivirine does not establish that IN or RT was sequenced.,strict
37966701,10,What method was used for sequencing?,Not reported,"“This study was conducted with data from the Observational Pharmaco-Epidemiology Research & Analysis (OPERA) cohort, which consists of prospectively captured, routine clinical data from electronic health records from 84 clinics in 18 US states and territories.” “Another study limitation was the unavailability of resistance testing results for analysis, which could have an impact on virologic effectiveness.”",main_text,"The Methods describe an electronic-health-record analysis, with no Sanger, NGS, or other sequencing method.",strict
37966701,11,What type of samples were sequenced?,Not applicable,"“This study was conducted with data from the Observational Pharmaco-Epidemiology Research & Analysis (OPERA) cohort, which consists of prospectively captured, routine clinical data from electronic health records from 84 clinics in 18 US states and territories.” “Another study limitation was the unavailability of resistance testing results for analysis, which could have an impact on virologic effectiveness.”",main_text,No clinical specimens are reported as having undergone HIV sequencing. Viral-load monitoring alone does not establish a sequenced specimen type.,strict
37966701,12,Were any sequences obtained from individuals with virological failure on a treatment regimen?,Not applicable,"“Four confirmed virologic failures were observed over a range of 6–36 weeks after the first injections, three of which resulted in CAB + RPV LA discontinuation; resistance data were not available.” “Another study limitation was the unavailability of resistance testing results for analysis, which could have an impact on virologic effectiveness.”",main_text,"Virologic failures were observed, but the paper reports no sequences from these individuals or any other participants.",strict
37966701,13,Were the patients in the study in a clinical trial?,No,"“This study was conducted with data from the Observational Pharmaco-Epidemiology Research & Analysis (OPERA) cohort, which consists of prospectively captured, routine clinical data from electronic health records from 84 clinics in 18 US states and territories.” “The objective of this study was to describe adherence to the injection schedule and virologic effectiveness of CAB + RPV LA in routine clinical care in the US.”",main_text,"This is an observational analysis of routine clinical care, not an interventional clinical trial. Clinical trials discussed in the introduction and references are separate studies.",strict
37966701,14,Does the paper report HIV sequences from individuals who had previously received ARV drugs?,No,"“A total of 321 individuals received at least one continuation CAB + RPV LA injection during the study period.” “Another study limitation was the unavailability of resistance testing results for analysis, which could have an impact on virologic effectiveness.”",main_text,"Participants received ARV treatment, but the paper reports no patient-derived HIV sequences. Under the specified rule, the answer is No.",strict
37966701,15,Which drug classes were received by individuals in the study before sample sequencing?,None,"“A total of 321 individuals received at least one continuation CAB + RPV LA injection during the study period.” “Another study limitation was the unavailability of resistance testing results for analysis, which could have an impact on virologic effectiveness.”",main_text,"No HIV sequences from individuals are reported, so the required answer is None. This does not imply that the clinical cohort was untreated.",strict
37966701,16,Which drugs were received by individuals in the study before sample sequencing?,None,"“A total of 321 individuals received at least one continuation CAB + RPV LA injection during the study period.” “Another study limitation was the unavailability of resistance testing results for analysis, which could have an impact on virologic effectiveness.”",main_text,"Although cabotegravir and rilpivirine were administered, no sample sequencing is reported. The specified rule requires None when the paper does not report patient-derived HIV sequences.",strict
40713598,1,Does the paper report HIV sequences from patient samples?,Yes,"“Genotypic drug resistance testing of stored samples from the 96 individuals with HIV-1 RNA>1,000 copies/ml was attempted [8].” “Twenty samples were successfully amplified and sequenced (Figure S1).”",main_text,"The Methods and Results on page 2 describe new sequencing of stored clinical samples from children and adolescents with HIV, with successful sequencing for 20 participants.",strict
40713598,2,Does the paper report in vitro drug susceptibility data?,No,“Drug resistance analysis utilized the Stanford University Drug Resistance Database (version 9.5.1) for interpretation [13].” “Predicted resistance was considered clinically relevant at Stanford intermediate-level resistance or higher.”,main_text,"Resistance and susceptibility were predicted from genotypes, as described on page 2. No phenotypic assay or quantitative in vitro susceptibility measurements are reported.",strict
40713598,3,Were sequences from the paper made publicly available?,No,“No datasets were generated or analysed during the current study.”,main_text,"The Data availability statement on page 5 provides no repository or deposition information. Despite the sequencing reported in the Methods and Results, the supplied article contains no accession numbers or public sequence-deposition statement.",strict
40713598,4,What were the GenBank accession numbers for sequenced HIV isolates?,Not reported,“No datasets were generated or analysed during the current study.”,main_text,No GenBank or other sequence-repository accession numbers appear in the supplied article; the Data availability statement on page 5 supplies none.,strict
40713598,5,How many individuals had samples obtained for HIV sequencing?,96,"“Genotypic drug resistance testing of stored samples from the 96 individuals with HIV-1 RNA>1,000 copies/ml was attempted [8].” “Twenty samples were successfully amplified and sequenced (Figure S1).”",main_text,"Samples from 96 individuals underwent attempted genotypic resistance testing, as reported on page 2. Of these, only 20 yielded successful sequences.",strict
40713598,6,From which countries were the sequenced samples obtained?,Ghana,"“Participants included CAWH from a previous study that examined the virologic response to NNRTI-based ART from the Pediatric HIV/AIDS Care Program at Korle-Bu Teaching Hospital in Ghana [8].” “Briefly, frozen plasma samples were shipped on dry ice to the Virology Quality Assurance-approved laboratory [9] at the Providence-Boston Center for AIDS Research Laboratory.”",main_text,The Methods on page 2 identify Ghana as the participants' clinical recruitment site. Shipment to a laboratory abroad does not change the sample-origin country.,strict
40713598,7,From what years were the sequenced samples obtained?,Not reported,"“Participants included CAWH from a previous study that examined the virologic response to NNRTI-based ART from the Pediatric HIV/AIDS Care Program at Korle-Bu Teaching Hospital in Ghana [8].” “Genotypic drug resistance testing of stored samples from the 96 individuals with HIV-1 RNA>1,000 copies/ml was attempted [8].”",main_text,"The Methods on page 2 describe stored samples from an earlier study but do not specify collection years. Ethics-approval identifiers, publication dates, and later treatment durations do not establish sample-collection dates.",strict
40713598,8,Were samples cloned prior to sequencing?,Not applicable,"“HIV-1 pol was amplified using two-round PCR, and next-generation sequencing (NGS) was conducted on the Illumina MiSeq platform following previously published protocols [10–12].” “Drug resistance analysis utilized the Stanford University Drug Resistance Database (version 9.5.1) for interpretation [13].”",main_text,"The paper reports sequencing but no in vitro susceptibility data, so this question is not applicable under the specified rule.",strict
40713598,9,Which HIV genes were reported to have been sequenced?,"PR, RT","“The HIV-1 pol gene, which was amplified and sequenced in this study, encompasses the protease (PR) and reverse transcriptase (RT) regions.” “INSTI resistance was not evaluated as integrase sequencing was not performed.”",table,The Table 1 footnote on page 4 explicitly identifies PR and RT as the sequenced regions and excludes IN.,strict
40713598,10,What method was used for sequencing?,NGS,"“HIV-1 pol was amplified using two-round PCR, and next-generation sequencing (NGS) was conducted on the Illumina MiSeq platform following previously published protocols [10–12].” “Consensus sequences were assessed using the hivmmer bioinformatics pipeline to capture potentially emerging resistance while maintaining analytical rigor.”",main_text,The Methods on page 2 explicitly report next-generation sequencing on Illumina MiSeq.,strict
40713598,11,What type of samples were sequenced?,Plasma,"“Briefly, frozen plasma samples were shipped on dry ice to the Virology Quality Assurance-approved laboratory [9] at the Providence-Boston Center for AIDS Research Laboratory.” “RNA extraction was performed using the Qiagen EZ1 Advanced XL and DSP Virus Kit.”",main_text,The Methods on page 2 identify frozen plasma as the material used for viral RNA extraction and subsequent sequencing.,strict
40713598,12,Were any sequences obtained from individuals with virological failure on a treatment regimen?,Yes,"“HIV drug resistance (HIVDR) was retrospectively characterized among 20 children and adolescents with HIV with virologic failure on non-nucleoside reverse transcriptase inhibitor (NNRTI)-based therapy, and virologic response in those switched to dolutegravir (DTG)-based therapy described.” “Genotypic drug resistance testing of stored samples from the 96 individuals with HIV-1 RNA>1,000 copies/ml was attempted [8].”",main_text,The abstract on page 1 and Methods on page 2 establish that sequenced samples were obtained during virological failure on NNRTI-based ART.,strict
40713598,13,Were the patients in the study in a clinical trial?,No,"“HIV drug resistance (HIVDR) was retrospectively characterized among 20 children and adolescents with HIV with virologic failure on non-nucleoside reverse transcriptase inhibitor (NNRTI)-based therapy, and virologic response in those switched to dolutegravir (DTG)-based therapy described.” “For participants who were switched to DTG-based regimens, routine viral load was performed at follow-up per standard clinical protocols.”",main_text,"Pages 1–2 describe retrospective resistance characterization and routine clinical follow-up, not an interventional trial. Trials discussed elsewhere in the article concern other studies.",strict
40713598,14,Does the paper report HIV sequences from individuals who had previously received ARV drugs?,Yes,“The current study examined the frequency and pattern of HIVDR mutations in Ghanaian CAWH with virologic failure on NNRTI-based regimen at Korle Bu Teaching Hospital prior to the introduction of DTG in Ghana and described the subsequent virologic response in those switched to DTG-based ART.” “The ART regimen at the time of failure is shown in Table S1.”,main_text,Page 2 explicitly describes treatment-experienced children and adolescents failing NNRTI-based ART when the sequenced samples were obtained.,strict
40713598,15,Which drug classes were received by individuals in the study before sample sequencing?,"NRTIs, NNRTIs",“The current study examined the frequency and pattern of HIVDR mutations in Ghanaian CAWH with virologic failure on NNRTI-based regimen at Korle Bu Teaching Hospital prior to the introduction of DTG in Ghana and described the subsequent virologic response in those switched to DTG-based ART.” “HIVDR or INSTI resistance testing was not performed at the time of DTG initiation or treatment failure.”,main_text,"Table 1 on page 4 lists pre-switch regimens containing NRTIs (abacavir, lamivudine, zidovudine) and NNRTIs (efavirenz, nevirapine). DTG was introduced after the sequenced sampling time point, with no subsequent resistance sequencing reported, so INSTIs are excluded.",strict
40713598,16,Which drugs were received by individuals in the study before sample sequencing?,"Abacavir (ABC), lamivudine (3TC), zidovudine (ZDV), efavirenz (EFV), nevirapine (NVP)","“ABC/3TC/NVP” “ZDV/3TC/EFV” “ABC/3TC/EFV” “Abbreviations: ABC, Abacavir, EFV, Efavirenz, 3TC, Lamivudine; NVP, Nevirapine; ZDV, Zidovudine; DTG, Dolutegravir; TDF, Tenofovir.”",table,The Drug Regimen at VF column in Table 1 on page 4 documents these five drugs across participants. Dolutegravir was received subsequently; tenofovir and newer NNRTIs were discussed as alternative options rather than documented drugs received before the sequenced samples were collected.,strict
37381002,1,Does the paper report HIV sequences from patient samples?,Yes,“Pol gene of HIV-1 viruses in blood samples of EDTA anticoagulants from 398 patients with failed antiviral treatment was successfully amplified by using an in-house assay.” “The sequences of pol gene fragments were obtained by Sanger sequencing method.”,main_text,The abstract and sequencing methods explicitly describe newly generated HIV sequences from clinical samples of patients with ART failure.,strict
37381002,2,Does the paper report in vitro drug susceptibility data?,No,“The Stanford HIV Drug Resistance Database system (https://hivdb.stanford.edu/hivdb/by-mutations/) was used to analyze resistance-related mutations and resistance levels by comparing with the sequence of wild type and drug resistant strains.” “We analyzed the effects of mutations on drug resistance based on Stanford University HIV drug resistance database (https://hivdb.stanford.edu/).”,main_text,"Resistance levels were inferred computationally from genotypes, not measured in vitro. Figure 2 presents these inferred resistance categories; no phenotypic assay or susceptibility measurements are reported.",strict
37381002,3,Were sequences from the paper made publicly available?,No,"“The epidemiological data and pol gene sequences of this article are available in the drug resistance database of the National Center for AIDS/STD Disease Control and Prevention, China CDC.” “We express our gratitude to the authors and submitting laboratories for sharing their HIV sequences in the public databases.”",main_text,The page 7 availability statement identifies a national surveillance database but does not establish public access or deposition in a public sequence repository. The acknowledgement concerns sequences shared by other authors; no public accession numbers or public deposition statement for the newly generated sequences are provided.,strict
37381002,4,What were the GenBank accession numbers for sequenced HIV isolates?,Not reported,"“The epidemiological data and pol gene sequences of this article are available in the drug resistance database of the National Center for AIDS/STD Disease Control and Prevention, China CDC.” “The Neighbor-joining phylogenetic tree of 10 near full-length genomes of Suzhou HIV-1 recombinant viruses was shown in Fig. 3.”",main_text,No accession numbers are provided for the study sequences. Figure 3 labels the new Suzhou sequences with local sample identifiers; accession-style labels belong to comparison sequences.,strict
37381002,5,How many individuals had samples obtained for HIV sequencing?,398,"“Pol gene of HIV-1 viruses in blood samples of EDTA anticoagulants from 398 patients with failed antiviral treatment was successfully amplified by using an in-house assay.” “Among these ART failure patients, a total of 398 viral pol gene sequences were successfully sequenced.”",main_text,"The study reports successful sequencing from 398 patients out of 450 patients identified with treatment failure. Near-full-length sequencing represents additional characterization of a subset, not another patient group.",strict
37381002,6,From which countries were the sequenced samples obtained?,China,"“This retrospective study aimed to characterize the distribution of HIV-1 genotypes and the prevalence of drug resistance mutations in people with antiretroviral treatment (ART) failure in Suzhou City, China.” “From 2017 to 2020, 450 people living with HIV who have received antiviral therapy for more than 1 year were confirmed to be ineffective (viral load≥1000 copies/ml) in Suzhou city.”",main_text,"The sequenced patients were from Suzhou City, China.",strict
37381002,7,From what years were the sequenced samples obtained?,2017–2020,"“From 2017 to 2020, 450 people living with HIV who have received antiviral therapy for more than 1 year were confirmed to be ineffective (viral load≥1000 copies/ml) in Suzhou city.” “Among these ART failure patients, a total of 398 viral pol gene sequences were successfully sequenced.”",main_text,"The sequenced samples came from treatment-failure surveillance during 2017–2020, also reflected in the year groups in Table 1.",strict
37381002,8,Were samples cloned prior to sequencing?,Not applicable,“The sequences of pol gene fragments were obtained by Sanger sequencing method.” “We analyzed the effects of mutations on drug resistance based on Stanford University HIV drug resistance database (https://hivdb.stanford.edu/).”,main_text,"The paper does not report in vitro susceptibility data, so the specified applicability rule requires Not applicable regardless of the sequencing workflow.",strict
37381002,9,Which HIV genes were reported to have been sequenced?,"PR, RT, IN, CA, Env","“The length of the amplified product was 1.3 kb (HXB2:2147 to 3462), including the full length of the protease (PR) gene (1–99 codon) and the first 300 amino acids (1–300 codon) of the reverse transcriptase (RT) gene.” “Ten near full-length HIV-1 genomes (NFLG) covering from gag to nef genes were obtained by using next-generation sequencing (NGS).”",main_text,"Targeted sequencing covered PR and RT. Near-full-length sequencing additionally encompassed IN, the gag-encoded capsid region, and Env, with genomic coverage illustrated in Figure 4.",strict
37381002,10,What method was used for sequencing?,Sanger sequencing; NGS,"“The sequences of pol gene fragments were obtained by Sanger sequencing method.” “Next generation sequencing (NGS) was performed on iseq platform by using i1 V2 300 cycles reagent kit (Illumina, USA).”",main_text,"Sanger sequencing was used for partial pol sequences, and Illumina iSeq NGS was used for near-full-length genomes.",strict
37381002,11,What type of samples were sequenced?,Plasma,"“Viral RNA was extracted from 200 µl plasma sample following the instructions of the MagNA Pure Compact Nucleic Acid Isolation Kit I (Roche, Switzerland).” “The partial pol gene fragment of HIV-1 virus was amplified by using in-house polymerase chain reaction (PCR) method as described previously [12, 13].”",main_text,The methods explicitly identify plasma as the source of viral RNA for sequencing.,strict
37381002,12,Were any sequences obtained from individuals with virological failure on a treatment regimen?,Yes,"“From 2017 to 2020, 450 people living with HIV who have received antiviral therapy for more than 1 year were confirmed to be ineffective (viral load≥1000 copies/ml) in Suzhou city.” “Among these ART failure patients, a total of 398 viral pol gene sequences were successfully sequenced.”",main_text,Sequences were obtained from patients with viral loads of at least 1000 copies/ml after more than one year of ART.,strict
37381002,13,Were the patients in the study in a clinical trial?,No,"“This retrospective study aimed to characterize the distribution of HIV-1 genotypes and the prevalence of drug resistance mutations in people with antiretroviral treatment (ART) failure in Suzhou City, China.” “Epidemiological features of cases with ART failure in this study were summarized in Table 1.”",main_text,"This was a retrospective observational study of treatment failure, with no reported randomization, experimental treatment assignment, or clinical-trial participation.",strict
37381002,14,Does the paper report HIV sequences from individuals who had previously received ARV drugs?,Yes,"“To clarify the questions, we identified and analyzed the pol gene sequences of HIV viruses from patients receiving ART for more than 1 year.” “Among these ART failure patients, a total of 398 viral pol gene sequences were successfully sequenced.”",main_text,The sequenced patients had received ART for more than one year before being evaluated for treatment failure.,strict
37381002,15,Which drug classes were received by individuals in the study before sample sequencing?,Not reported,"“To clarify the questions, we identified and analyzed the pol gene sequences of HIV viruses from patients receiving ART for more than 1 year.” “The regimen consisted of TDF/AZT, 3TC and EFV/NVP is currently the most common acquired free first-line treatment in China.”",main_text,"Prior ART is established, but the classes actually received by the sequenced patients are not specified. The discussion describes a common national regimen, not documented treatment histories for this cohort; resistance to a class does not establish exposure.",strict
37381002,16,Which drugs were received by individuals in the study before sample sequencing?,Not reported,"“To clarify the questions, we identified and analyzed the pol gene sequences of HIV viruses from patients receiving ART for more than 1 year.” “The regimen consisted of TDF/AZT, 3TC and EFV/NVP is currently the most common acquired free first-line treatment in China.”",main_text,The paper does not name drugs actually received by the sequenced individuals. Drugs mentioned in the national-regimen discussion and genotypic resistance results cannot be treated as patient-specific prior exposures.,strict
41093949,1,Does the paper report HIV sequences from patient samples?,No,"“A single site of the circulating RTI DRMs was introduced into HIV-1 infectious cloning plasmids by site-directed mutagenesis for in vitro phenotypic drug susceptibility testing.” “Positive clones were picked and amplified in LB broth containing ampicillin, followed by Sanger sequencing (by SinoGenoMax).”",main_text,"The new sequencing described in Methods (page 2) was of engineered infectious clones, not clinical samples. Patient-derived sequence data used to select mutations were downloaded from the HIV Sequence Database.",strict
41093949,2,Does the paper report in vitro drug susceptibility data?,Yes,"“The gradient diluted drug and 200 TCID50 of virus were added to a 96-well plate containing 9900 TZM-bl cells per well, with two duplicate wells for each drug and virus, and the experiment was repeated three times.” “The multiplicity of the IC50 of the resistant strain relative to the wild-type strain was calculated as the fold change (FC).”",main_text,"Methods (page 3) describe cell-based phenotypic susceptibility testing and IC50-derived fold changes. Table 1 reports wild-type IC50 values, and Figures 1–2 report mutant susceptibility.",strict
41093949,3,Were sequences from the paper made publicly available?,Yes,"“The sequences generated during the current study are available in the NCBI repository, PQ735970-PQ735985.” “The NCBI repository accession numbers for the AE/B recombinants are: PQ735970–PQ735985.”",main_text,"The Data availability statement (page 7) and Results (page 3) explicitly identify deposited sequences generated in this study. These are engineered recombinant sequences, not newly sequenced patient samples or merely reference-strain accessions.",strict
41093949,4,What were the GenBank accession numbers for sequenced HIV isolates?,PQ735970–PQ735985,"“The NCBI repository accession numbers for the AE/B recombinants are: PQ735970–PQ735985.” “The sequences generated during the current study are available in the NCBI repository, PQ735970-PQ735985.”",main_text,Results (page 3) and Data availability (page 7) provide this accession range for the study-generated recombinant clones.,strict
41093949,5,How many individuals had samples obtained for HIV sequencing?,0,"“A total of 8654 subtype B sequences (76.36% from the USA) and 10,551 CRF01_AE sequences (0.07% from the USA) were obtained after sorting and were sampled from 1978 to 2023.” “A single site of the circulating RTI DRMs was introduced into HIV-1 infectious cloning plasmids by site-directed mutagenesis for in vitro phenotypic drug susceptibility testing.”",main_text,"The sequence counts in Results (page 3) refer to downloaded database sequences, not newly sampled individuals. New sequencing was restricted to laboratory clones, so the required clinical-sampling count is zero.",strict
41093949,6,From which countries were the sequenced samples obtained?,Not applicable,"“The wild-type infectious cloning pNL4-3 plasmid of HIV-1 subtype B was kindly provided by Professor Shan Lu of the University of Massachusetts Medical School, USA.” “The wild-type infectious cloning plasmid pGX002 of CRF01_AE is a full-length genomic infectious clone of the HIV-1 CRF01_AE strain, which was constructed by the local laboratory of the Academy of Military Medical Sciences.”",main_text,Methods (page 2) describe existing laboratory plasmids rather than clinical sample collection. Countries associated with plasmid sources or downloaded sequences do not establish new patient sampling.,strict
41093949,7,From what years were the sequenced samples obtained?,Not applicable,"“A total of 8654 subtype B sequences (76.36% from the USA) and 10,551 CRF01_AE sequences (0.07% from the USA) were obtained after sorting and were sampled from 1978 to 2023.” “Positive clones were picked and amplified in LB broth containing ampicillin, followed by Sanger sequencing (by SinoGenoMax).”",main_text,"The 1978–2023 range describes previously available database sequences, not clinical samples newly sequenced in this study. The study's new sequencing involved engineered clones.",strict
41093949,8,Were samples cloned prior to sequencing?,Not applicable,"“Site-directed mutagenesis containing resistance sites was performed on HIV-1 pNL4-3 and pGX002 using the Q5® Site-Directed Mutagenesis Kit (NEB, Cat. No. E0554S) in accordance with the manufacturer’s instructions.” “Positive clones were picked and amplified in LB broth containing ampicillin, followed by Sanger sequencing (by SinoGenoMax).”",main_text,"Although laboratory clones were sequenced (Methods, page 2), the question's applicability rule requires new patient-derived sequences. None were reported.",strict
41093949,9,Which HIV genes were reported to have been sequenced?,RT,"“A single site of the circulating RTI DRMs was introduced into HIV-1 infectious cloning plasmids by site-directed mutagenesis for in vitro phenotypic drug susceptibility testing.” “Positive clones were picked and amplified in LB broth containing ampicillin, followed by Sanger sequencing (by SinoGenoMax).”",main_text,"The newly sequenced clones contained reverse-transcriptase resistance mutations, and NRTI/NNRTI resistance was assessed, supporting RT under the specified rules. Pol sequences were also analyzed, but those were downloaded rather than newly generated clinical sequences.",strict
41093949,10,What method was used for sequencing?,Sanger sequencing,"“Positive clones were picked and amplified in LB broth containing ampicillin, followed by Sanger sequencing (by SinoGenoMax).” “The wild-type and drug-resistant plasmids were stored in a freezer at -20 °C in preparation for packaging the corresponding virus.”",main_text,Methods (pages 2–3) explicitly identify Sanger sequencing of the laboratory clones.,strict
41093949,11,What type of samples were sequenced?,Not applicable,"“Positive clones were picked and amplified in LB broth containing ampicillin, followed by Sanger sequencing (by SinoGenoMax).” “The plasmids containing the resistance sites were extracted with the Endotoxin-Free Plasmid Small Extraction Medium Kit (TIANGEN, Cat No. DP118-02).”",main_text,"Methods (pages 2–3) describe plasmid clones, not plasma, PBMCs, or other newly collected clinical specimens.",strict
41093949,12,Were any sequences obtained from individuals with virological failure on a treatment regimen?,Not applicable,"“A single site of the circulating RTI DRMs was introduced into HIV-1 infectious cloning plasmids by site-directed mutagenesis for in vitro phenotypic drug susceptibility testing.” “Additionally, possible differences were investigated only at the cellular level in vitro.”",main_text,"The experimental work used engineered clones and in vitro assays, not newly sequenced specimens from individuals with virological failure.",strict
41093949,13,Were the patients in the study in a clinical trial?,No,"“First, the vector used in this study was a single infectious cloning plasmid, and only single point mutations were investigated.” “Additionally, possible differences were investigated only at the cellular level in vitro.”",main_text,"The Discussion (page 7) characterizes an in vitro experimental study. No clinical-trial recruitment, randomization, or treatment assignment is described.",strict
41093949,14,Does the paper report HIV sequences from individuals who had previously received ARV drugs?,No,"“A single site of the circulating RTI DRMs was introduced into HIV-1 infectious cloning plasmids by site-directed mutagenesis for in vitro phenotypic drug susceptibility testing.” “Positive clones were picked and amplified in LB broth containing ampicillin, followed by Sanger sequencing (by SinoGenoMax).”",main_text,No new sequences were obtained directly from individuals with HIV. The presence of engineered drug-resistance mutations does not establish patient ARV exposure.,strict
41093949,15,Which drug classes were received by individuals in the study before sample sequencing?,None,"“A single site of the circulating RTI DRMs was introduced into HIV-1 infectious cloning plasmids by site-directed mutagenesis for in vitro phenotypic drug susceptibility testing.” “Additionally, possible differences were investigated only at the cellular level in vitro.”",main_text,"NRTIs and NNRTIs were tested experimentally, but no new patient-derived sequences or corresponding treatment histories were reported. The required answer for a study without patient-sample sequencing is None.",strict
41093949,16,Which drugs were received by individuals in the study before sample sequencing?,None,"“Each drug was diluted to the working concentration.” “The gradient diluted drug and 200 TCID50 of virus were added to a 96-well plate containing 9900 TZM-bl cells per well, with two duplicate wells for each drug and virus, and the experiment was repeated three times.”",main_text,"The drugs were administered to cell cultures for susceptibility assays (page 3), not reported as prior treatment of newly sequenced patients. No patient-sample sequencing was performed.",strict
37662576,1,Does the paper report HIV sequences from patient samples?,No,“Protein structures of WT and mutant HIV-1 protease bound and unbound to drug inhibitors were obtained from the Protein Data Bank (PDB).” “Summary of the different PDB structures used for the MD simulation runs are listed in Table 1.”,main_text,"The Methods (page 2) describe computational analyses of existing protein structures, not new sequencing or mutation testing of clinical samples. Table 1 lists the previously deposited structures used.",strict
37662576,2,Does the paper report in vitro drug susceptibility data?,No,"“Therefore, we performed MD simulation using multidrug-resistant 769 (MDR769) strain bound and unbound to lopinavir.” “Compared with WT HIV-1 protease, MDR769 has about 4.3-fold drug resistance against lopinavir (46).”",main_text,"This study performs molecular dynamics simulations, not in vitro susceptibility assays. The 4.3-fold resistance statement on page 7 is attributed to a previous publication (reference 46), rather than an assay performed in this study.",strict
37662576,3,Were sequences from the paper made publicly available?,No,"“Protein structures of WT and mutant HIV-1 protease bound and unbound to drug inhibitors were obtained from the Protein Data Bank (PDB).” “After downloading the structures from the PDB database, any crystallographic reflections, ions, and other solvents used in the crystallization process were removed.”",main_text,"The Methods (page 2) describe downloading existing structures. No newly generated HIV sequences, sequence accession numbers, or sequence-deposition statements are reported.",strict
37662576,4,What were the GenBank accession numbers for sequenced HIV isolates?,Not reported,“Protein structures of WT and mutant HIV-1 protease bound and unbound to drug inhibitors were obtained from the Protein Data Bank (PDB).” “Summary of the different PDB structures used for the MD simulation runs are listed in Table 1.”,main_text,"The identifiers provided in Table 1 (page 3) are existing PDB structure identifiers, not GenBank accessions for HIV isolates sequenced in this study.",strict
37662576,5,How many individuals had samples obtained for HIV sequencing?,0,"“Protein structures of WT and mutant HIV-1 protease bound and unbound to drug inhibitors were obtained from the Protein Data Bank (PDB).” “For each MD comparison (monomer versus dimer, WT versus mutant protease; protease bound and unbound to drug), large replicate sets of accelerated MD simulations were performed.”",main_text,"The study uses existing structures and simulated replicates, not samples collected from individuals for sequencing.",strict
37662576,6,From which countries were the sequenced samples obtained?,Not applicable,"“Protein structures of WT and mutant HIV-1 protease bound and unbound to drug inhibitors were obtained from the Protein Data Bank (PDB).” “The MD simulations were on a high-performance computing cluster hosted by Rochester Institute of Technology (Rochester, NY) (24).”",main_text,No clinical samples were sequenced. The computing location on page 3 is not a sample-collection location.,strict
37662576,7,From what years were the sequenced samples obtained?,Not applicable,"“Protein structures of WT and mutant HIV-1 protease bound and unbound to drug inhibitors were obtained from the Protein Data Bank (PDB).” “For each MD comparison (monomer versus dimer, WT versus mutant protease; protease bound and unbound to drug), large replicate sets of accelerated MD simulations were performed.”",main_text,"No patient samples were collected or sequenced in this computational study, so sample-collection years are not applicable.",strict
37662576,8,Were samples cloned prior to sequencing?,Not applicable,"“Protein structures of WT and mutant HIV-1 protease bound and unbound to drug inhibitors were obtained from the Protein Data Bank (PDB).” “Any missing loop structures in the protein structures were inferred using the SWISS-MODEL homology modeling server (14,15).”",main_text,The study reports neither clinical-sample sequencing nor original in vitro susceptibility testing. Computational structure preparation is not molecular cloning.,strict
37662576,9,Which HIV genes were reported to have been sequenced?,Not applicable,“Protein structures of WT and mutant HIV-1 protease bound and unbound to drug inhibitors were obtained from the Protein Data Bank (PDB).” “Summary of the different PDB structures used for the MD simulation runs are listed in Table 1.”,main_text,"PR protein structures were analyzed, but no HIV genes were sequenced in this study. The genome schematic in Figure 1 does not represent sequencing results.",strict
37662576,10,What method was used for sequencing?,Not reported,"“Protein structures of WT and mutant HIV-1 protease bound and unbound to drug inhibitors were obtained from the Protein Data Bank (PDB).” “For each MD comparison (monomer versus dimer, WT versus mutant protease; protease bound and unbound to drug), large replicate sets of accelerated MD simulations were performed.”",main_text,"The Methods describe molecular dynamics simulations and structure preparation, with no sequencing procedure or platform.",strict
37662576,11,What type of samples were sequenced?,Not applicable,"“Protein structures of WT and mutant HIV-1 protease bound and unbound to drug inhibitors were obtained from the Protein Data Bank (PDB).” “After downloading the structures from the PDB database, any crystallographic reflections, ions, and other solvents used in the crystallization process were removed.”",main_text,"The inputs were downloaded protein structures, not clinical specimens used for sequencing.",strict
37662576,12,Were any sequences obtained from individuals with virological failure on a treatment regimen?,Not applicable,“Protein structures of WT and mutant HIV-1 protease bound and unbound to drug inhibitors were obtained from the Protein Data Bank (PDB).” “Our work uses machine learning-based comparative analysis tools to uncover how different forms of drug resistance impact the overall dynamics of HIV proteins in consistent ways.”,main_text,Drug-resistant protein structures were analyzed computationally; no sequences were generated from individuals with virological failure or other clinical groups.,strict
37662576,13,Were the patients in the study in a clinical trial?,No,"“In this work, we employ a novel comparative analysis method, applied to molecular dynamics simulations, in order to probe the structural dynamic functioning of both normal wild-type (WT) and emergent drug-resistant viral protein targets.” “Protein structures of WT and mutant HIV-1 protease bound and unbound to drug inhibitors were obtained from the Protein Data Bank (PDB).”",main_text,"This is a computational study without recruited patients, treatment assignment, or clinical-trial participation.",strict
37662576,14,Does the paper report HIV sequences from individuals who had previously received ARV drugs?,No,"“Protein structures of WT and mutant HIV-1 protease bound and unbound to drug inhibitors were obtained from the Protein Data Bank (PDB).” “We employed our comparative dynamics framework to investigate binding and behavior of two PIs in current clinical use: darunavir, which was approved in 2006, and lopinavir, approved in 2000.”",main_text,"The named drugs were investigated in structural simulations, not as treatment histories of individuals whose samples were sequenced.",strict
37662576,15,Which drug classes were received by individuals in the study before sample sequencing?,None,"“Protein structures of WT and mutant HIV-1 protease bound and unbound to drug inhibitors were obtained from the Protein Data Bank (PDB).” “We employed our comparative dynamics framework to investigate binding and behavior of two PIs in current clinical use: darunavir, which was approved in 2006, and lopinavir, approved in 2000.”",main_text,"Although protease inhibitors are studied computationally, no HIV sequences were obtained from individuals in this study. The specified rule therefore requires None.",strict
37662576,16,Which drugs were received by individuals in the study before sample sequencing?,None,"“We employed our comparative dynamics framework to investigate binding and behavior of two PIs in current clinical use: darunavir, which was approved in 2006, and lopinavir, approved in 2000.” “To understand the binding interaction of darunavir with HIV-1 protease, we did MD simulations with HIV-1 protease bound and unbound to darunavir.”",main_text,These drugs are simulation ligands rather than documented prior treatments of sequenced patients. No patient-sample sequencing was performed.,strict
41091504,1,Does the paper report HIV sequences from patient samples?,No,"“Our data set includes 28 HIV-1 protease variants and their experimental binding affinities to the inhibitor darunavir (DRV), which range in affinity from picomolar to micromolar, with the protease variants having mutations both within and distal to the active site.” “The test set comprised 10 variants that contain patient-derived mutations.”",main_text,"The Introduction (page 2) describes a computational analysis of previously published variants and experimental data, citing their source studies. The paper does not generate new HIV sequences or mutation lists directly from clinical samples.",strict
41091504,2,Does the paper report in vitro drug susceptibility data?,Yes,"“The number of mutations in a given variant ranged from 0 in wildtype up to 24 mutations, and the experimental enzyme inhibition constant (Ki) values ranged from picomolar to micromolar (Figure 2A and Table S3).” “The experimental potency values (Figure 2A and Table S3) were converted from Ki to ΔG using the equation”.",main_text,"Sections 2.1.4 and 2.3.3 report experimental darunavir inhibition constants for HIV-1 protease variants, which are quantitative biochemical susceptibility measures. These are reused published measurements, not newly performed whole-virus phenotypic assays; Figure 2A presents binding energies calculated from them.",strict
41091504,3,Were sequences from the paper made publicly available?,No,"“The remaining 18 HIV-1 protease-DRV complexes were homology modeled using Schrodinger Prime.” “The PDB structure of WT protease of the NL4-3 strain bound to DRV (PDB ID: 6DGX) served as the template structure, ensuring consistency and accuracy in the modeling process.”",main_text,"The paper uses existing structural and sequence information. It provides no statement depositing newly generated HIV sequences or reads in GenBank, SRA, or another sequence repository; the PDB identifier in Section 2.1.3 is an existing structural reference.",strict
41091504,4,What were the GenBank accession numbers for sequenced HIV isolates?,Not reported,"“The PDB structure of WT protease of the NL4-3 strain bound to DRV (PDB ID: 6DGX) served as the template structure, ensuring consistency and accuracy in the modeling process.” “All crystal waters present in the template were retained.”",main_text,"No GenBank or other sequence-repository accessions are reported in the supplied article. The identifier 6DGX in Section 2.1.3 is a PDB structure identifier, not a sequenced-isolate accession.",strict
41091504,5,How many individuals had samples obtained for HIV sequencing?,0,"“We segregated our variants into training and test sets, where the training set included wild type NL4-3, common resistance mutation I84V, and 16 variants derived from viral passaging experiments, for a total of 18 variants to train the model.” “The test set comprised 10 variants that contain patient-derived mutations.”",main_text,"The counts on page 2 refer to previously characterized protease variants used for computational modeling, not individuals sampled for new sequencing. Under the specified rule for reuse of existing sequences, the count is zero.",strict
41091504,6,From which countries were the sequenced samples obtained?,Not applicable,"“The test set comprised 10 variants that contain patient-derived mutations.” “With the test set variants, we evaluated the final machine learning model in predicting the impact of clinical mutations on DRV potency.”",main_text,"The study computationally analyzes existing variants and does not report new clinical-sample sequencing. Consequently, sample-collection countries are not applicable; author affiliations and computing locations are not collection sites.",strict
41091504,7,From what years were the sequenced samples obtained?,Not applicable,"“The test set comprised 10 variants that contain patient-derived mutations.” “With the test set variants, we evaluated the final machine learning model in predicting the impact of clinical mutations on DRV potency.”",main_text,No clinical samples were newly sequenced in this computational study. Publication dates of the source studies do not establish sample-collection years.,strict
41091504,8,Were samples cloned prior to sequencing?,Not applicable,“The remaining 18 HIV-1 protease-DRV complexes were homology modeled using Schrodinger Prime.” “In total there were 28 HIV-1 protease variant-DRV complexes (Figure 2A) that were prepared for system building and MD simulations.”,main_text,"Sections 2.1.3–2.1.4 describe computational structure preparation rather than clinical-sample sequencing. Because Question 1 is No, the required answer is Not applicable.",strict
41091504,9,Which HIV genes were reported to have been sequenced?,PR,"“For sequence-based model, the amino acid sequences were converted to a binary feature vector, with a value of 0 indicating an amino acid substitution relative to NL4-3 wild type.” “Next, to test whether sequence changes alone could be predictive, we applied a binary vector representation of the HIV-1 protease sequence, where 0 represents a residue mutated from wild type NL4-3 and 1 represents a conserved residue (Figure S5B).”",main_text,"The HIV sequence target analyzed is protease (PR), as described in Sections 2.3.2 and 3.4. These are existing amino-acid sequences, not newly sequenced clinical samples.",strict
41091504,10,What method was used for sequencing?,Not reported,"“For sequence-based model, the amino acid sequences were converted to a binary feature vector, with a value of 0 indicating an amino acid substitution relative to NL4-3 wild type.” “Linear regression models were generated from static structure and sequence features following the same method as the dynamic features.”",main_text,"The paper describes computational processing of existing sequences in Sections 2.3.2 and 2.5.3, but no sequencing platform or laboratory sequencing method.",strict
41091504,11,What type of samples were sequenced?,Not applicable,“The test set comprised 10 variants that contain patient-derived mutations.” “The remaining 18 HIV-1 protease-DRV complexes were homology modeled using Schrodinger Prime.”,main_text,"Patient-derived mutations are represented in existing computational inputs, but the study does not newly sequence plasma, PBMCs, or other clinical specimens.",strict
41091504,12,Were any sequences obtained from individuals with virological failure on a treatment regimen?,Not applicable,“Model validation was performed on the 10 variants reserved for the test set and excluded from feature selection and model training.” “These 10 variants represent patient-derived resistance mutations to determine the effectiveness of using the final ML model in predicting loss of potency in a clinical setting.”,main_text,"Section 3.4 describes validation using previously characterized resistance variants, not sequencing of individuals with treatment failure. Because no new clinical sequences are reported, the required answer is Not applicable.",strict
41091504,13,Were the patients in the study in a clinical trial?,No,"“Combining experimental data and parallel MD simulations with machine learning models, we developed a generally applicable strategy for predicting drug resistance.” “The strategy requires enzyme−inhibitor structure optimization, parallel MD simulations of the complexes, physical feature extraction, feature reduction with elastic net, and the generation of linear regression models, which are trained to predict experimental inhibitor potency from the MD-derived physical features (Figure 1).”",main_text,"The Conclusions describe a computational methods study. There is no enrolled patient cohort, treatment assignment, or indication of clinical-trial participation.",strict
41091504,14,Does the paper report HIV sequences from individuals who had previously received ARV drugs?,No,"“The test set comprised 10 variants that contain patient-derived mutations.” “With the test set variants, we evaluated the final machine learning model in predicting the impact of clinical mutations on DRV potency.”",main_text,"The paper reuses existing resistance variants rather than reporting newly obtained sequences from ARV-exposed individuals. Under the specified rule, Question 1 being No requires No here.",strict
41091504,15,Which drug classes were received by individuals in the study before sample sequencing?,None,"“The test set comprised 10 variants that contain patient-derived mutations.” “With the test set variants, we evaluated the final machine learning model in predicting the impact of clinical mutations on DRV potency.”",main_text,"No individuals were sampled for sequencing in this study, so no qualifying treatment histories are reported. Modeling a protease inhibitor does not establish prior patient exposure to that drug class.",strict
41091504,16,Which drugs were received by individuals in the study before sample sequencing?,None,"“The test set comprised 10 variants that contain patient-derived mutations.” “With the test set variants, we evaluated the final machine learning model in predicting the impact of clinical mutations on DRV potency.”",main_text,"The study does not generate clinical sequences or report corresponding patient treatment histories. Darunavir is the inhibitor analyzed computationally, not a documented pre-sequencing treatment for newly sampled individuals.",strict
41004608,1,Does the paper report HIV sequences from patient samples?,Yes,“The UKHSA has sequenced HIV whole genomes from all individuals identified to have recently acquired HIV-1 in the UK since 2015 as part of routine HIV surveillance.” “All samples with sufficient leftover volume that have undergone avidity testing for recency of acquisition were eligible for WGS.”,main_text,"The Population section on page 2 describes whole-genome sequencing of clinical samples from individuals with HIV, not exclusively laboratory strains or database sequences.",strict
41004608,2,Does the paper report in vitro drug susceptibility data?,No,"“Future studies could investigate pretreatment and on-treatment WGS longitudinally, and ideally over a longer time period.” “This could be coupled with in vitro phenotypic susceptibility testing using replication-competent and subtype-specific recombinant virus systems.”",main_text,The Discussion on page 9 proposes phenotypic testing for future studies. This study reports genotypic and clinical outcomes; its discussion of in vitro fold resistance concerns cited studies rather than assays performed here.,strict
41004608,3,Were sequences from the paper made publicly available?,No,“Sequences for the 1106 individuals included within the analyses presented here are available on request.”,main_text,"The Data availability statement on page 10 offers sequences on request, not through a public repository. No public deposition statement or sequence accession numbers appear in the supplied PDF.",strict
41004608,4,What were the GenBank accession numbers for sequenced HIV isolates?,Not reported,“Sequences for the 1106 individuals included within the analyses presented here are available on request.”,main_text,The Data availability statement on page 10 provides no accession numbers. None are reported elsewhere in the supplied PDF.,strict
41004608,5,How many individuals had samples obtained for HIV sequencing?,1182,"“A total of 1182 people had available WGS data between 2015 and 2021.” “Of these, 76 HIV acquisitions could not be confirmed to be recent (Figure 1).”",main_text,"Page 3 reports 1182 individuals with whole-genome sequence data. Figure 1 on page 4 confirms that 76 were subsequently excluded because recent acquisition was unconfirmed, leaving 1106 for prevalence analysis; these exclusions do not change the total sequenced.",strict
41004608,6,From which countries were the sequenced samples obtained?,United Kingdom,"“Between 2015 and 2021, human immunodeficiency virus type 1 (HIV-1) whole genome sequencing was performed on samples from people with recently acquired HIV-1 in the United Kingdom.” “The UKHSA has sequenced HIV whole genomes from all individuals identified to have recently acquired HIV-1 in the UK since 2015 as part of routine HIV surveillance.”",main_text,The abstract and Population section identify the United Kingdom as the surveillance and sampling setting. Participants' countries of birth are not additional collection countries.,strict
41004608,7,From what years were the sequenced samples obtained?,2015–2021,"“Between 2015 and 2021, human immunodeficiency virus type 1 (HIV-1) whole genome sequencing was performed on samples from people with recently acquired HIV-1 in the United Kingdom.” “RITA results were available for approximately 21% of those newly diagnosed during 2015–2021.”",main_text,Pages 1–2 place the pretreatment surveillance samples and corresponding new diagnoses within 2015–2021.,strict
41004608,8,Were samples cloned prior to sequencing?,Not applicable,"“The complete genomic sequencing of HIV was performed using a previously described sequence capture method and the short read data were assembled into consensus whole genomes using Genomancer, an in-house viral genome assembly pipeline [20].” “This could be coupled with in vitro phenotypic susceptibility testing using replication-competent and subtype-specific recombinant virus systems.”",main_text,"Although clinical sequences were reported, in vitro susceptibility testing was not performed in this study. The question therefore requires Not applicable.",strict
41004608,9,Which HIV genes were reported to have been sequenced?,"PR, RT, IN, CA, Env","“The complete genomic sequencing of HIV was performed using a previously described sequence capture method and the short read data were assembled into consensus whole genomes using Genomancer, an in-house viral genome assembly pipeline [20].” “Consensus sequences derived at 30× depth and 20% variant frequency threshold were aligned against the HXB2 reference sequence using MAFFT, and mutations of interest were then identified either within the aligned 3′PPT nucleotide sequence or translated Env or NC amino acid sequence as appropriate [21].”",main_text,"Pages 2–3 describe complete HIV genome sequencing, encompassing PR, RT, IN, CA, and Env. PR, RT, and IN resistance results are also reported on page 5; CA is included by whole-genome coverage, not because capsid-inhibitor resistance was specifically assessed. NC and 3′PPT were additionally analyzed but are outside the requested gene abbreviations.",strict
41004608,10,What method was used for sequencing?,NGS,"“The complete genomic sequencing of HIV was performed using a previously described sequence capture method and the short read data were assembled into consensus whole genomes using Genomancer, an in-house viral genome assembly pipeline [20].” “Consensus sequences derived at 30× depth and 20% variant frequency threshold were aligned against the HXB2 reference sequence using MAFFT, and mutations of interest were then identified either within the aligned 3′PPT nucleotide sequence or translated Env or NC amino acid sequence as appropriate [21].”",main_text,"The sequence-capture, short-read assembly workflow and read-depth/variant-frequency thresholds on pages 2–3 indicate NGS. The instrument is not specified in the supplied article.",strict
41004608,11,What type of samples were sequenced?,Plasma,"“All samples with sufficient leftover volume that have undergone avidity testing for recency of acquisition were eligible for WGS.” “RITA excludes those with evidence of treatment at time of sampling, and so the sequences to which WGS was applied were strictly pretreatment.”",main_text,"Page 2 describes residual diagnostic surveillance samples from newly diagnosed, untreated individuals. Plasma is inferred under the specified rule for samples obtained at diagnosis; the specimen type is not explicitly named.",strict
41004608,12,Were any sequences obtained from individuals with virological failure on a treatment regimen?,No,"“RITA excludes those with evidence of treatment at time of sampling, and so the sequences to which WGS was applied were strictly pretreatment.” “Future studies could investigate pretreatment and on-treatment WGS longitudinally, and ideally over a longer time period.”",main_text,"The sequenced samples were collected before treatment. Viral blips and other on-treatment outcomes were subsequently assessed through linked clinical records, not through reported failure-time sequencing.",strict
41004608,13,Were the patients in the study in a clinical trial?,No,"“All individuals with available UKHSA WGS data, and linked clinical metadata from the UK’s HIV and AIDS Reporting System (HARS), were eligible for inclusion.” “HARS is a dataset for national HIV surveillance, and so while it provides nationally comprehensive and detailed longitudinal data, certain details are not requested, or subject to the real-world context of HIV care.”",main_text,Pages 2 and 9 describe an observational analysis linking routine surveillance sequences with clinical records. No randomized or interventional trial participation is reported.,strict
41004608,14,Does the paper report HIV sequences from individuals who had previously received ARV drugs?,No,"“RITA excludes those with evidence of treatment at time of sampling, and so the sequences to which WGS was applied were strictly pretreatment.” “Several nonintegrase mutations were prevalent, but we found no evidence of an impact upon virological outcomes within treatment-naive individuals on INSTI-based regimens who had recently acquired HIV.”",main_text,The Population section and abstract establish that the sequenced individuals were treatment-naive at sampling. The ART regimens described elsewhere were initiated subsequently.,strict
41004608,15,Which drug classes were received by individuals in the study before sample sequencing?,None,"“RITA excludes those with evidence of treatment at time of sampling, and so the sequences to which WGS was applied were strictly pretreatment.” “Several nonintegrase mutations were prevalent, but we found no evidence of an impact upon virological outcomes within treatment-naive individuals on INSTI-based regimens who had recently acquired HIV.”",main_text,No pretreatment ARV exposure is reported for the sequenced population. Subsequent INSTI-based treatment and transmitted resistance to other classes do not establish exposure before sampling.,strict
41004608,16,Which drugs were received by individuals in the study before sample sequencing?,None,"“RITA excludes those with evidence of treatment at time of sampling, and so the sequences to which WGS was applied were strictly pretreatment.” “Several nonintegrase mutations were prevalent, but we found no evidence of an impact upon virological outcomes within treatment-naive individuals on INSTI-based regimens who had recently acquired HIV.”",main_text,"All reported clinical sequences were pretreatment. Raltegravir, dolutegravir, elvitegravir, and bictegravir are described as subsequent initial treatment rather than exposure before sequencing samples were obtained.",strict
36795586,1,Does the paper report HIV sequences from patient samples?,Yes,"“Targeted HIV genotype testing was only sporadically available on a limited basis for CAHLIV failing second-line ART, and these results did not include information on DTG resistance.” “The average number of HIV genotype results per year per COE was 12 (range, 0–30), with no DTG resistance testing.”",main_text,"The Methods and Results on page 577 document patient HIV genotyping and the availability of resulting genotypes, meeting the question's criterion for genotypic resistance testing. However, the article reports testing availability rather than individual sequences or mutation results.",strict
36795586,2,Does the paper report in vitro drug susceptibility data?,No,"“We extracted demographic, clinical, laboratory and ART data retrospectively using standardized structured query language scripts from the EMR system.” “VLS was defined as VL < 1000 cps/mL.”",main_text,"The study evaluates clinical viral suppression and safety. It reports no phenotypic susceptibility assay, inhibitory concentration, or fold change in drug susceptibility.",strict
36795586,3,Were sequences from the paper made publicly available?,No,,not_found,The supplied article contains no sequence-repository deposition statement or accession numbers.,strict
36795586,4,What were the GenBank accession numbers for sequenced HIV isolates?,Not reported,,not_found,No GenBank or other sequence-repository accession numbers are provided.,strict
36795586,5,How many individuals had samples obtained for HIV sequencing?,Not reported,"“A total of 9419 CALHIV received DTG across the BIPAI COEs during the study period.” “The average number of HIV genotype results per year per COE was 12 (range, 0–30), with no DTG resistance testing.”",main_text,"Page 577 reports the total clinical cohort and an average annual number of genotype results per center, not the number of unique individuals genotyped. The average cannot establish a unique-patient count.",strict
36795586,6,From which countries were the sequenced samples obtained?,Botswana; Eswatini; Lesotho; Malawi; Tanzania; Uganda,"“COEs included in the study were from Botswana, Eswatini, Lesotho, Malawi, Tanzania-Mbeya, Tanzania-Mwanza and Uganda.” “The average number of HIV genotype results per year per COE was 12 (range, 0–30), with no DTG resistance testing.”",main_text,Page 577 identifies the six countries providing patient care and reports genotyping availability across these centers. The article does not identify which individual centers contributed the available genotypes.,strict
36795586,7,From what years were the sequenced samples obtained?,Not reported,"“We conducted a retrospective cohort study analyzing CALHIV of 0–19 years old and weighing greater than or equal to 20kg who received DTG as part of their HIV care between January 2017 and December 2020.” “The average number of HIV genotype results per year per COE was 12 (range, 0–30), with no DTG resistance testing.”",main_text,"The article gives a 2017–2020 DTG-treatment observation period, but does not specify collection dates for genotyped specimens or establish that genotyping occurred at enrollment. The treatment observation period is not necessarily the specimen-collection period.",strict
36795586,8,Were samples cloned prior to sequencing?,Not applicable,"“We extracted demographic, clinical, laboratory and ART data retrospectively using standardized structured query language scripts from the EMR system.” “VLS was defined as VL < 1000 cps/mL.”",main_text,"No in vitro susceptibility data are reported, so the question's applicability rule requires Not applicable.",strict
36795586,9,Which HIV genes were reported to have been sequenced?,Not reported,"“Targeted HIV genotype testing was only sporadically available on a limited basis for CAHLIV failing second-line ART, and these results did not include information on DTG resistance.” “The average number of HIV genotype results per year per COE was 12 (range, 0–30), with no DTG resistance testing.”",main_text,"Page 577 mentions genotyping without naming gene targets, a genotyping platform, or resistance results for specific drug classes. References to resistance mutations elsewhere concern other published studies and do not establish targets sequenced in this cohort.",strict
36795586,10,What method was used for sequencing?,Not reported,"“Targeted HIV genotype testing was only sporadically available on a limited basis for CAHLIV failing second-line ART, and these results did not include information on DTG resistance.” “The average number of HIV genotype results per year per COE was 12 (range, 0–30), with no DTG resistance testing.”",main_text,"The article does not identify sequencing instruments, reagents, platforms, or a Sanger or NGS method.",strict
36795586,11,What type of samples were sequenced?,Plasma,"“Assessment of ART drug resistance mutations via HIV genotype testing was not available as part of routine care at the COEs or pre-switch to DTG.” “Targeted HIV genotype testing was only sporadically available on a limited basis for CAHLIV failing second-line ART, and these results did not include information on DTG resistance.”",main_text,Genotyping was associated with second-line treatment failure. Plasma is inferred under the supplied rule for specimens obtained at virological failure; the article does not explicitly name the specimen type.,strict
36795586,12,Were any sequences obtained from individuals with virological failure on a treatment regimen?,Yes,"“Targeted HIV genotype testing was only sporadically available on a limited basis for CAHLIV failing second-line ART, and these results did not include information on DTG resistance.” “The average number of HIV genotype results per year per COE was 12 (range, 0–30), with no DTG resistance testing.”",main_text,The genotyped population is explicitly described as children and adolescents failing second-line ART.,strict
36795586,13,Were the patients in the study in a clinical trial?,No,"“We conducted a retrospective cohort study analyzing CALHIV of 0–19 years old and weighing greater than or equal to 20kg who received DTG as part of their HIV care between January 2017 and December 2020.” “We extracted demographic, clinical, laboratory and ART data retrospectively using standardized structured query language scripts from the EMR system.”",main_text,"This is a retrospective observational study of routine care, not a treatment trial. Clinical trials discussed in the article are external comparison studies.",strict
36795586,14,Does the paper report HIV sequences from individuals who had previously received ARV drugs?,Yes,"“Targeted HIV genotype testing was only sporadically available on a limited basis for CAHLIV failing second-line ART, and these results did not include information on DTG resistance.” “The average number of HIV genotype results per year per COE was 12 (range, 0–30), with no DTG resistance testing.”",main_text,The patients receiving targeted genotyping had failed second-line ART and therefore had previous ARV exposure.,strict
36795586,15,Which drug classes were received by individuals in the study before sample sequencing?,NRTIs; NNRTIs; PIs,"“Targeted HIV genotype testing was only sporadically available on a limited basis for CAHLIV failing second-line ART, and these results did not include information on DTG resistance.” “Single drug substitutions (SDS) were defined as an ART regimen change in which the nucleoside reverse transcriptase inhibitor (NRTI) backbone remained the same, and the only change was from the nonnucleoside reverse transcriptase (NNRTI) or protease inhibitor (PI) to DTG.”",main_text,"The article places targeted genotyping in patients failing second-line ART and identifies NRTI, NNRTI, and PI treatment in the cohort. These classes are consistent with the supplied historical second-line treatment inference rule. DTG use is not established as preceding genotyping.",strict
36795586,16,Which drugs were received by individuals in the study before sample sequencing?,Not reported,"“Targeted HIV genotype testing was only sporadically available on a limited basis for CAHLIV failing second-line ART, and these results did not include information on DTG resistance.” “The NRTI backbone in the SDS was abacavir-based in 44.4% (1180/2665), tenofovir-based in 38.9% (1032/2665) and zidovudine-based in 16.7% (443/2665).”",main_text,"Although the paper names drugs used in the broader clinical cohort, it does not identify the individual drugs received by the genotyped subgroup or establish their timing relative to specimen collection.",strict
40490983,1,Does the paper report HIV sequences from patient samples?,Yes,"“Sanger sequencing of plasma HIV-1 RNA was performed by the Kisumu Kenya Medical Research Institute and Nairobi National HIV Reference Laboratories [32, 33].” “Protease and reverse transcriptase resistance mutations were obtained from sequences requested from laboratories, and when unavailable, from genotyping reports from charts.”",main_text,"Methods section 2.2, pages 2–3, describes sequencing of clinical plasma specimens and analysis of patient-derived sequences and resistance mutations. This is a retrospective clinical cohort, not a compilation of previously published sequence datasets.",strict
40490983,2,Does the paper report in vitro drug susceptibility data?,No,"“Resistance was interpreted using Stanford tools [36], with antiretroviral (ARV) activity defined by summing penalty scores for each mutation: 0–9 susceptible; 10–14 potential low-level; 15–29 low-level; 30–59 intermediate; and ≥60 high-level resistance.” “Predicted resistance was estimated to second- and third-line NRTIs, NNRTIs and PIs.”",main_text,"Section 2.3, page 3, describes computational interpretation of genotypes, not experimental phenotypic susceptibility testing. No in vitro drug susceptibility assay or measured IC50, EC50, or susceptibility fold change is reported.",strict
40490983,3,Were sequences from the paper made publicly available?,No,“The data that support the findings of this study are available from the corresponding author upon reasonable request.” “Genotyping reports were available for all participants and sequences for only 83; 62/83 (75%) of whom were subtype A1.”,main_text,"The Data Availability Statement on page 11 provides access upon request, not public repository deposition. No sequence accession numbers or public deposition statement appears in the supplied article.",strict
40490983,4,What were the GenBank accession numbers for sequenced HIV isolates?,Not reported,“The data that support the findings of this study are available from the corresponding author upon reasonable request.” “Genotyping reports were available for all participants and sequences for only 83; 62/83 (75%) of whom were subtype A1.”,main_text,Neither the Data Availability Statement on page 11 nor the sequence description on page 3 supplies accession numbers. No accession numbers are reported elsewhere in the supplied file.,strict
40490983,5,How many individuals had samples obtained for HIV sequencing?,187,"“Thus, 187 PLWH with genotypes were analysed, with a median age at genotyping 41 years and 54% female (Table 1).” “Genotyping reports were available for all participants and sequences for only 83; 62/83 (75%) of whom were subtype A1.”",main_text,"The analyzed cohort comprised 187 individuals with clinical genotyping results. Original sequences were retrieved for 83, while the remaining 104 contributed mutation information from genotyping reports, as also shown in Figure 1 on page 4.",strict
40490983,6,From which countries were the sequenced samples obtained?,Kenya,"“In this retrospective cohort study, we analysed medical records from PLWH at the Academic Model Providing Access to Healthcare (AMPATH) in western Kenya, which provides guidelines-based HIV services [29].” “Our study included all eligible PLWH referred to the Resistance clinic from MTRH and other AMPATH sites, who underwent genotyping.”",main_text,"Section 2.1, page 2, locates the clinical cohort and referring sites in western Kenya.",strict
40490983,7,From what years were the sequenced samples obtained?,2011–2021,"“A total of 254 second-line failure genotypes were ordered at AMPATH from 2011 to 2021 (Figure 1).” “The median genotyping year was 2017, earliest in 2011 (before Resistance Clinic started in 2015) and latest in 2021.”",main_text,"Results on page 3 and Table 1 on page 5 establish 2011–2021 as the period of clinical genotyping upon second-line failure, used as the specimen-year range.",strict
40490983,8,Were samples cloned prior to sequencing?,Not applicable,"“Sanger sequencing of plasma HIV-1 RNA was performed by the Kisumu Kenya Medical Research Institute and Nairobi National HIV Reference Laboratories [32, 33].” “Predicted resistance was estimated to second- and third-line NRTIs, NNRTIs and PIs.”",main_text,"The study reports clinical sequencing but no in vitro susceptibility data. Under the specified rule, the cloning question is therefore not applicable.",strict
40490983,9,Which HIV genes were reported to have been sequenced?,"PR, RT","“Protease and reverse transcriptase resistance mutations were obtained from sequences requested from laboratories, and when unavailable, from genotyping reports from charts.” “All participants had no prior integrase strand transfer inhibitor (INSTI) exposure (including raltegravir) and integrase genotyping was not performed.”",main_text,"Section 2.2, pages 2–3, identifies protease and reverse transcriptase as the genotyped targets and explicitly excludes integrase genotyping.",strict
40490983,10,What method was used for sequencing?,Sanger sequencing,"“Sanger sequencing of plasma HIV-1 RNA was performed by the Kisumu Kenya Medical Research Institute and Nairobi National HIV Reference Laboratories [32, 33].” “Sequences passing quality control were analysed [34], with subtypes captured from available sequences using REGA [35].”",main_text,"Section 2.2, pages 2–3, explicitly identifies Sanger sequencing.",strict
40490983,11,What type of samples were sequenced?,Plasma,"“Sanger sequencing of plasma HIV-1 RNA was performed by the Kisumu Kenya Medical Research Institute and Nairobi National HIV Reference Laboratories [32, 33].” “Protease and reverse transcriptase resistance mutations were obtained from sequences requested from laboratories, and when unavailable, from genotyping reports from charts.”",main_text,"Section 2.2, page 2, explicitly identifies plasma HIV-1 RNA as the sequencing material.",strict
40490983,12,Were any sequences obtained from individuals with virological failure on a treatment regimen?,Yes,"“AMPATH PLWH >3 years old were eligible for the study if they failed PI-based second-line per guidelines (defined above) and underwent genotyping upon second-line failure.” “At genotyping, 76/187 were on atazanavir/ritonavir (42% had prior lopinavir/ritonavir exposure) and 111 on lopinavir/ritonavir (none with atazanavir/ritonavir exposure).”",main_text,"Eligibility required virological failure on PI-based second-line ART and genotyping at that failure, as described on pages 2–3.",strict
40490983,13,Were the patients in the study in a clinical trial?,No,"“In this retrospective cohort study, we analysed medical records from PLWH at the Academic Model Providing Access to Healthcare (AMPATH) in western Kenya, which provides guidelines-based HIV services [29].” “Ethics approval was obtained from Moi University/MTRH (#000391) and Indiana University (#2011632356); informed consent was waived due to the use of routinely collected, de-identified data.”",main_text,"Section 2.1, page 2, describes an observational retrospective cohort using routine clinical records, not a clinical trial. Trials discussed elsewhere are external studies.",strict
40490983,14,Does the paper report HIV sequences from individuals who had previously received ARV drugs?,Yes,"“The median ART duration at genotyping was 9 years, including 4 years on first- and 4 years on second-line.” “At genotyping, 76/187 were on atazanavir/ritonavir (42% had prior lopinavir/ritonavir exposure) and 111 on lopinavir/ritonavir (none with atazanavir/ritonavir exposure).”",main_text,Results on page 3 establish extensive prior ART exposure and ongoing PI-based treatment when the samples were genotyped.,strict
40490983,15,Which drug classes were received by individuals in the study before sample sequencing?,"NRTIs, NNRTIs, PIs","“During the study, recommended anchor drugs for first-line regimens included efavirenz or nevirapine for individuals ≥3 years; second-line regimens included atazanavir/ritonavir or lopinavir/ritonavir plus two NRTIs [16, 18, 30].” “All participants had no prior integrase strand transfer inhibitor (INSTI) exposure (including raltegravir) and integrase genotyping was not performed.”",main_text,"Table 1 on page 5 confirms pre-genotype efavirenz/nevirapine exposure, boosted PI exposure, and NRTI-containing regimens at genotyping. INSTIs were introduced only after the analyzed genotype and are excluded.",strict
40490983,16,Which drugs were received by individuals in the study before sample sequencing?,"Tenofovir disoproxil fumarate (TDF), lamivudine (3TC), zidovudine (AZT), abacavir (ABC), didanosine (ddI), efavirenz (EFV), nevirapine (NVP), atazanavir (ATV), lopinavir (LPV), ritonavir (RTV)","“NNRTI exposure pre-genotype” lists “EFV only”, “NVP only” and “EFV and NVP”. “ART regimen at genotype” lists “TDF/3TC/ATV/r”, “AZT/3TC/ATV/r”, “TDF/3TC/LPV/r”, “ABC/TDF/3TC/LPV/r”, “AZT/3TC/LPV/r” and “ABC/3TC/LPV/r”. “Includes AZT/TDF/3TC/LPV/r (n = 3), ABC/AZT/3TC/LPV/r (n = 3), ABC/DDI/3TC/LPV/r (n = 3), ABC/AZT/LPV/r (n = 2) and ABC/TDF/LPV/r (n = 1).”",table,"Table 1 and its footnotes on page 5 identify the drugs received before or at genotyping, including didanosine in less common regimens and ritonavir as the PI booster. Drugs documented only in post-genotype regimens, including stavudine, dolutegravir, raltegravir, darunavir and etravirine, are not included.",strict
40573423,1,Does the paper report HIV sequences from patient samples?,Yes,"“Viral RNA was extracted from 140 µL of plasma or serum using the QIAcube extraction system (QIAGEN, Hilden, Germany), according to the manufacturer’s instructions.” “Sanger sequencing was performed using in-house sequencing primers (Table 1).” “The genotypes of 487 PWH diagnosed from 2021 to 2024 were analyzed.”",main_text,Methods Sections 2.2 and Results Section 3.2 describe sequencing clinical specimens from 487 people with HIV.,strict
40573423,2,Does the paper report in vitro drug susceptibility data?,No,"“Drug resistance regions, specifically protease, reverse transcriptase, or integrase, were targeted for analysis using the Stanford drug resistance database, following the criteria outlined in the analysis guide provided by the World Health Organization (WHO) [17].” “Stanford HIVdb drug resistance algorithm version 9.7 was utilized to evaluate the impact of TDRMs on therapeutic responses.”",main_text,"Section 2.4 describes computational interpretation of genotypes, not phenotypic testing. Figure 5 likewise reports predicted resistance; no in vitro susceptibility assays or experimentally measured susceptibility values are reported.",strict
40573423,3,Were sequences from the paper made publicly available?,No,"“The data used to support this study are available from the corresponding author upon request.” “Researchers had no access to donor identification, and the study results are unrelated to individual genetic characteristics.”",main_text,The page 9 Data Availability Statement provides author-mediated access only. No public sequence deposition statement or accession numbers for newly generated sequences appear in the article.,strict
40573423,4,What were the GenBank accession numbers for sequenced HIV isolates?,Not reported,"“The data used to support this study are available from the corresponding author upon request.” “Researchers had no access to donor identification, and the study results are unrelated to individual genetic characteristics.”",main_text,"No accession numbers for study isolates are provided. HxB2_K03455 in the Table 1 footnote is a reference sequence used for primer coordinates, not a newly sequenced clinical isolate.",strict
40573423,5,How many individuals had samples obtained for HIV sequencing?,487,"“The study included 487 PWH: 99 from 2021, 143 from 2022, 148 from 2023, and 97 from 2024.” “The genotypes of 487 PWH diagnosed from 2021 to 2024 were analyzed.” “Drug resistance analysis included 417 PWH from 2021 to 2024.”",main_text,"The overall sequencing population was 487 individuals. The 417 individuals undergoing drug-resistance analysis were a subset, not an additional group.",strict
40573423,6,From which countries were the sequenced samples obtained?,South Korea,"“In South Korea, HIV confirmatory testing is conducted by the Korea Disease Control and Prevention Agency (KDCA) and 17 provincial Institutes of Health and Environment.” “All positive specimens nationwide are sent to the KDCA for surveillance to monitor recent HIV infection [15].”",main_text,Section 2.1 identifies South Korea as the specimen-collection setting. Participants’ non-Korean nationalities do not indicate collection in other countries.,strict
40573423,7,From what years were the sequenced samples obtained?,2021–2024,"“The initial diagnosis for all included PWH was made between January 2021 and October 2024.” “The study included 487 PWH: 99 from 2021, 143 from 2022, 148 from 2023, and 97 from 2024.”",main_text,Diagnostic specimens were obtained during 2021–2024. Table 2 also explicitly presents these years as collection years.,strict
40573423,8,Were samples cloned prior to sequencing?,Not applicable,“Sanger sequencing was performed using in-house sequencing primers (Table 1).” “Stanford HIVdb drug resistance algorithm version 9.7 was utilized to evaluate the impact of TDRMs on therapeutic responses.”,main_text,"The study reports clinical sequencing but no in vitro susceptibility data, so the question is not applicable under the specified rule.",strict
40573423,9,Which HIV genes were reported to have been sequenced?,"PR, RT, IN, Env","“Reverse transcription and nested PCR were performed to amplify the envelope (env), gag protein (gag), and pol protein (pol) for genotyping and the protease, reverse transcriptase, and integrase genes for drug resistance analysis.” “The analysis was conducted by integrating partial sequences of the env, gag, and pol regions.”",main_text,"Sections 2.2–2.3 identify Env and the specific Pol targets PR, RT, and IN. Partial gag sequencing is additionally reported, but gag is not a separate category in the requested abbreviation list.",strict
40573423,10,What method was used for sequencing?,Sanger sequencing,"“Sanger sequencing was performed using in-house sequencing primers (Table 1).” “Sequence quality and the generated consensus sequence alignments were assessed using Geneious Prime software version 2025 (Biomatters Ltd., Auckland, New Zealand).”",main_text,Section 2.2 explicitly identifies Sanger sequencing.,strict
40573423,11,What type of samples were sequenced?,Plasma,"“Viral RNA was extracted from 140 µL of plasma or serum using the QIAcube extraction system (QIAGEN, Hilden, Germany), according to the manufacturer’s instructions.” “Patient consent was waived because of the use of residual samples remaining after diagnosis, which were assigned serial numbers to prevent personal identification.”",main_text,The sequenced material was viral RNA from plasma or serum diagnostic specimens. Both specimen types map to Plasma under the requested coding rules.,strict
40573423,12,Were any sequences obtained from individuals with virological failure on a treatment regimen?,No,"“Recently diagnosed PWH who had not been exposed to ART were included.” “The inclusion criteria ensured that PWH included in this analysis were treatment-naïve at the time of diagnosis, which is crucial for accurately reflecting the proportion and impact of TDRMs in treatment-naïve individuals.”",main_text,"The study concerns transmitted resistance in newly diagnosed, treatment-naïve individuals, not treatment failure. No sequenced participant is identified as having virological failure on ART.",strict
40573423,13,Were the patients in the study in a clinical trial?,No,“All positive specimens nationwide are sent to the KDCA for surveillance to monitor recent HIV infection [15].” “Ethical review and approval were waived for this study owing to the use of anonymized residual samples.”,main_text,"This was an observational surveillance analysis of residual diagnostic specimens. No treatment assignment, trial intervention, or clinical-trial participation is described.",strict
40573423,14,Does the paper report HIV sequences from individuals who had previously received ARV drugs?,No,"“Recently diagnosed PWH who had not been exposed to ART were included.” “Finally, some foreign individuals were uncertain about whether they were taking any ARV drugs.” “The inclusion criteria ensured that PWH included in this analysis were treatment-naïve at the time of diagnosis, which is crucial for accurately reflecting the proportion and impact of TDRMs in treatment-naïve individuals.”",main_text,"The authors classify the sequenced population as treatment-naïve. Although uncertain ARV histories among some foreign participants are acknowledged as a limitation, no prior ARV exposure is affirmatively reported.",strict
40573423,15,Which drug classes were received by individuals in the study before sample sequencing?,None,"“Recently diagnosed PWH who had not been exposed to ART were included.” “The inclusion criteria ensured that PWH included in this analysis were treatment-naïve at the time of diagnosis, which is crucial for accurately reflecting the proportion and impact of TDRMs in treatment-naïve individuals.”",main_text,No prior ARV treatment is established in the sequenced population. Drug classes discussed for resistance prediction and treatment guidelines are not participant treatment histories.,strict
40573423,16,Which drugs were received by individuals in the study before sample sequencing?,None,"“Recently diagnosed PWH who had not been exposed to ART were included.” “Finally, some foreign individuals were uncertain about whether they were taking any ARV drugs.” “The inclusion criteria ensured that PWH included in this analysis were treatment-naïve at the time of diagnosis, which is crucial for accurately reflecting the proportion and impact of TDRMs in treatment-naïve individuals.”",main_text,"The population is reported as treatment-naïve, with no confirmed prior drug exposure. Named ARVs are prediction targets or recommended treatments, not drugs documented as received before sequencing.",strict
21115794,1,Does the paper report HIV sequences from patient samples?,No,"“Peripheral blood mononuclear cells (PBMCs) were derived from whole-blood samples obtained from HIV-negative donors.” “Briefly, the virus used for initiating passage work was prepared by coculturing MT-2 cells with Molt-4 cells persistently infected with HIV-1 strain IIIB for 3 days.” “The HIV-1 wild-type infectious molecular clone pNL432 was used for site-directed mutagenesis to generate HIV clones containing mutations.”",main_text,"The experiments used laboratory strains, in vitro-selected viruses, and site-directed mutants, not newly sequenced clinical samples from individuals with HIV. Clinical-isolate findings are cited from other studies (references 10 and 42).",strict
21115794,2,Does the paper report in vitro drug susceptibility data?,Yes,"“The EC50 against HIV-1 was 0.51 nM in PBMCs, 0.71 nM in MT-4 cells, and 2.2 nM in the PHIV assay, which uses a pseudotyped self-inactivating virus.” “A panel of 50 INI-resistant site-directed mutants was constructed and tested for susceptibility to S/GSK1349572 and other INIs (Table 3).”",main_text,"The Results report quantitative antiviral susceptibility measurements. Table 1 (page 815) gives EC50 values, and Table 3 (page 818) gives susceptibility fold changes for integrase-mutant molecular clones.",strict
21115794,3,Were sequences from the paper made publicly available?,No,"“The products were sequenced by Operon Biotechnologies’ sequencing service.” “The sequence of the integrase region derived from isolated viruses was compared with that of wild-type IIIB, and amino acid substitutions were identified.”",main_text,The sequencing description on page 815 does not state that sequences were deposited publicly. No sequence-repository accession numbers or deposition statements appear in the article.,strict
21115794,4,What were the GenBank accession numbers for sequenced HIV isolates?,Not reported,,not_found,No GenBank or other sequence-repository accession numbers are provided.,strict
21115794,5,How many individuals had samples obtained for HIV sequencing?,0,“Peripheral blood mononuclear cells (PBMCs) were derived from whole-blood samples obtained from HIV-negative donors.” “The HIV-1 wild-type infectious molecular clone pNL432 was used for site-directed mutagenesis to generate HIV clones containing mutations.”,main_text,"No individuals with HIV contributed clinical samples for new HIV sequencing in this study. Healthy-donor cells were used as experimental substrates, not as sources of patient HIV sequences.",strict
21115794,6,From which countries were the sequenced samples obtained?,Not applicable,"“Briefly, the virus used for initiating passage work was prepared by coculturing MT-2 cells with Molt-4 cells persistently infected with HIV-1 strain IIIB for 3 days.” “The sequence of the integrase region derived from isolated viruses was compared with that of wild-type IIIB, and amino acid substitutions were identified.”",main_text,"The sequenced viruses came from laboratory experiments, not patient sample collection. Research-institution locations are therefore not sample-origin countries.",strict
21115794,7,From what years were the sequenced samples obtained?,Not applicable,"“In vitro passage experiments were performed with S/GSK1349572 and RAL, with the NRTI lamivudine as a reference, starting with wild-type HIV-1 IIIB (Table 2), itself a quasispecies.” “Every 2 weeks, when virus replication was ascertained by observation of a cytopathic effect, the infected cells were collected and used for genotypic and phenotypic analyses.”",main_text,"The reported sampling intervals are days of laboratory passage, not collection years for clinical samples. No patient-derived sequences were generated.",strict
21115794,8,Were samples cloned prior to sequencing?,Not applicable,"“In vitro mutagenesis was performed with the QuikChange site-directed mutagenesis kit (Stratagene, a division of Agilent Technologies, Santa Clara, CA) using pUC18 cloned with the integrase region as a template.” “The mutated XbaI-EcoRI fragment was amplified and ligated into pNL-IN301 to construct a recombinant HIV-1 molecular clone.”",main_text,"Although laboratory molecular cloning was performed, the paper does not report HIV sequences from patient samples. The specified applicability rule therefore takes precedence.",strict
21115794,9,Which HIV genes were reported to have been sequenced?,"PR, RT, IN","“The sequence of the integrase region derived from isolated viruses was compared with that of wild-type IIIB, and amino acid substitutions were identified.” “S/GSK1349572 was evaluated against molecular clones with mutations in the integrase-, RT-, and protease-coding regions.” “INI-, NRTI-, and NNRTI-resistant mutants were analyzed by the reporter assay based on HeLa-CD4 cells, while PI-resistant mutants were analyzed by infectivity in MT-4 cells, with monitoring of RT activity as described previously (15).”",main_text,"IN sequencing is explicitly described on page 815, and Table 2 (page 817) specifies RT genotypic analysis for lamivudine passage. PR is included under the instruction to include PR when PI resistance is assessed; these are laboratory-virus experiments, not patient sequencing.",strict
21115794,10,What method was used for sequencing?,Not reported,"“The products were sequenced by Operon Biotechnologies’ sequencing service.” “The sequence of the integrase region derived from isolated viruses was compared with that of wild-type IIIB, and amino acid substitutions were identified.”",main_text,"The sequencing provider is named, but the chemistry and sequencing platform are not specified. The ABI Prism instrument mentioned elsewhere was used for quantitative PCR, not described as the sequencing platform.",strict
21115794,11,What type of samples were sequenced?,Not applicable,"“Peripheral blood mononuclear cells (PBMCs) were derived from whole-blood samples obtained from HIV-negative donors.” “Briefly, the virus used for initiating passage work was prepared by coculturing MT-2 cells with Molt-4 cells persistently infected with HIV-1 strain IIIB for 3 days.”",main_text,Sequencing concerned experimentally infected laboratory cells rather than clinical specimens from individuals with HIV. Healthy-donor PBMCs used in assays do not constitute patient HIV sequencing samples.,strict
21115794,12,Were any sequences obtained from individuals with virological failure on a treatment regimen?,Not applicable,"“A panel of 50 INI-resistant site-directed mutants was constructed and tested for susceptibility to S/GSK1349572 and other INIs (Table 3).” “Most of these mutants were isolated during in vitro passage studies and/or clinical trials of RAL, while a few were derived from the literature.”",main_text,"Previously observed resistance mutations informed the laboratory mutant panel, but this paper did not newly sequence samples from patients with virological failure. Its statement about clinical isolates from patients failing raltegravir cites a separate report (reference 42).",strict
21115794,13,Were the patients in the study in a clinical trial?,No,"“We report here the in vitro antiretroviral properties of S/GSK1349572, focusing on its mechanism of action and in vitro resistance profile.” “These preclinical findings formed part of the rationale for the selection of S/GSK1349572 as a candidate for clinical development, and they provide a strong foundation for its ongoing clinical investigation.”",main_text,"This is a preclinical laboratory study without a patient cohort. Clinical trials mentioned in the introduction and discussion are separate studies, not the design of this report.",strict
21115794,14,Does the paper report HIV sequences from individuals who had previously received ARV drugs?,No,"“In vitro passage experiments were performed with S/GSK1349572 and RAL, with the NRTI lamivudine as a reference, starting with wild-type HIV-1 IIIB (Table 2), itself a quasispecies.” “The HIV-1 wild-type infectious molecular clone pNL432 was used for site-directed mutagenesis to generate HIV clones containing mutations.”",main_text,"Drug exposure occurred in laboratory cultures, and resistance mutations were also introduced into molecular clones. No new HIV sequences were obtained from ARV-experienced individuals.",strict
21115794,15,Which drug classes were received by individuals in the study before sample sequencing?,None,"“In vitro passage experiments were performed with S/GSK1349572 and RAL, with the NRTI lamivudine as a reference, starting with wild-type HIV-1 IIIB (Table 2), itself a quasispecies.” “S/GSK1349572 was evaluated against molecular clones with mutations in the integrase-, RT-, and protease-coding regions.”",main_text,"The drug classes discussed concern in vitro experiments, not treatment histories of individuals whose samples were sequenced. With no patient-derived sequencing, the required answer is None.",strict
21115794,16,Which drugs were received by individuals in the study before sample sequencing?,None,"“Multiple concentrations of S/GSK1349572 were tested in checkerboard dilution fashion in the presence and absence of dilutions of representative approved anti-HIV drugs, adefovir, or ribavirin.” “The assay used HIV-1 IIIB-infected MT-4 cells, and the interaction of compound combinations was analyzed by dosewise additivity-based calculations to quantify deviation from dosewise additivity at the 50% level.”",main_text,The named drugs were experimental assay agents rather than medications received by sequenced patients. No patient HIV sequences or corresponding pretreatment drug histories are reported.,strict
41088231,1,Does the paper report HIV sequences from patient samples?,Yes,"“Viral RNA was extracted from the 2023 plasma sample using a magnetic bead-based method.” “Proviral DNA was extracted from the whole-blood sample collected in 2025 with the Viral DNA Extraction Kit (Supbio, China).” “Positive products were directly purified and sequenced by Sangon Biotech (Shanghai) Co., Ltd with Sanger sequencing method.”",main_text,The Methods on page 2 describe generation of new HIV sequences from the patient's plasma and whole-blood specimens.,strict
41088231,2,Does the paper report in vitro drug susceptibility data?,No,"“No major/accessory mutations conferring resistance to PIs, NRTIs, NNRTIs, or INSTIs were identified, therefore, the strain 230794 was susceptible to 26 drugs in four categories (as shown in Supplementary Table 2).” “Whether L74I in CRF02_AG affects INSTI resistance can be confirmed through additional in vitro resistance experiments.”",main_text,"Susceptibility was predicted from genotype, not measured experimentally. Pages 6–7 describe in vitro resistance experiments as additional work, and no phenotypic susceptibility measurements are reported.",strict
41088231,3,Were sequences from the paper made publicly available?,Yes,"“The NFLG sequence of 230794, which was 8260 nucleotides (nt) in length, was obtained and submitted to GenBank (accession number PV187006).” “No datasets were generated or analysed during the current study.”",main_text,The specific GenBank deposition statement in the Results on page 3 establishes public availability despite the contradictory generic Data availability statement on page 9.,strict
41088231,4,What were the GenBank accession numbers for sequenced HIV isolates?,PV187006,"“The NFLG sequence of 230794, which was 8260 nucleotides (nt) in length, was obtained and submitted to GenBank (accession number PV187006).” “To date, another 9 NFLGs associated with the recombination of CRF02_AG and subtype F2 [8–10] have been submitted to GenBank according to the Los Alamos HIV sequence database, all of which differ from the breakpoints of strain 230794 after comparison (as shown in Fig. 3 and Supplementary Table 1).”",main_text,PV187006 is the accession explicitly assigned to the newly generated sequence on page 3. Accessions for the other recombinant genomes and reference strains are from previous studies and are excluded.,strict
41088231,5,How many individuals had samples obtained for HIV sequencing?,1,"“In this study, we obtained the near full-length genome (NFLG) sequence of a subtype F2/CRF02_AG recombinant strain from an HIV-infected patient residing in Guangdong, China, elucidated the genomic composition of strain 230794, and traced the origin through molecular epidemiological techniques.” “Specimen 230794 was collected in Oct. 2023 from a 47-year-old man who claimed to have contracted HIV-1 through heterosexual contact in Guangzhou City, Guandong Province, China.”",main_text,"This report characterizes one individual, sampled in 2023 and again in 2025. The 5,602 individuals mentioned on page 2 belong to the previous surveillance population from which this case was identified, not additional individuals newly characterized here.",strict
41088231,6,From which countries were the sequenced samples obtained?,China,"“Specimen 230794 was collected in Oct. 2023 from a 47-year-old man who claimed to have contracted HIV-1 through heterosexual contact in Guangzhou City, Guandong Province, China.” “According to the in-depth epidemiological investigation, patient 230794 claimed that he had never been abroad.”",main_text,"The patient's samples were obtained in Guangdong, China. Other countries discussed concern reference sequences or inferred ancestral origins, not collection sites for newly sequenced specimens.",strict
41088231,7,From what years were the sequenced samples obtained?,2023–2025,"“Viral RNA was extracted from the 2023 plasma sample using a magnetic bead-based method.” “Proviral DNA was extracted from the whole-blood sample collected in 2025 with the Viral DNA Extraction Kit (Supbio, China).”",main_text,"The Methods on page 2 identify collection years of 2023 and 2025, giving a sample-collection span of 2023–2025.",strict
41088231,8,Were samples cloned prior to sequencing?,Not applicable,"“Two overlapping halves of the HIV-1 genome were subsequently amplified by nested polymerase chain reaction (PCR) by utilizing LA Taq (TaKaRa, China) with a near endpoint dilution method as described previously [19].” “Whether L74I in CRF02_AG affects INSTI resistance can be confirmed through additional in vitro resistance experiments.”",main_text,"Although endpoint dilution and single-genome amplification were used, the question's applicability rule requires in vitro susceptibility data. None are reported, so the answer is Not applicable.",strict
41088231,9,Which HIV genes were reported to have been sequenced?,"PR, RT, IN, CA, Env","“The NFLG sequence of 230794, which was 8260 nucleotides (nt) in length, was obtained and submitted to GenBank (accession number PV187006).” “The HIVdb program from the Stanford HIV Drug Resistance Database (https://hivdb.stanford.edu/hivdb/by-sequences/) was used to analyse the protease inhibitors (PIs), nucleoside reverse-transcription inhibitors (NRTIs), non-nucleoside reverse-transcription inhibitors (NNRTIs), integrase strand transfer inhibitors (INSTIs) and drug resistance mutations (DRMs).” “The V3-loop sequence of the NFLG was obtained using the GeneCutter tool.”",main_text,"The near-full-length genome encompasses gag, including CA, the PR/RT/IN regions of pol, and Env, as supported by the genome map in Figure 1 on page 4. PR, RT, IN and Env are also specifically supported by the resistance and tropism analyses on page 3.",strict
41088231,10,What method was used for sequencing?,Sanger sequencing,"“Positive products were directly purified and sequenced by Sangon Biotech (Shanghai) Co., Ltd with Sanger sequencing method.” “The NFLG was assembled and cleaned by the software Sequencher V5.1 (Gene Codes, United States).”",main_text,The Methods on pages 2–3 explicitly identify Sanger sequencing.,strict
41088231,11,What type of samples were sequenced?,"Plasma, Whole blood, PBMC","“Viral RNA was extracted from the 2023 plasma sample using a magnetic bead-based method.” “Proviral DNA was extracted from the whole-blood sample collected in 2025 with the Viral DNA Extraction Kit (Supbio, China).”",main_text,The directly reported specimens are plasma and whole blood. PBMC is additionally included under the requested classification rule for proviral DNA; the article does not describe isolation of a separate PBMC specimen.,strict
41088231,12,Were any sequences obtained from individuals with virological failure on a treatment regimen?,Yes,"“The patient 230794 obtained successful viral suppression with plasma viral load below the detection limit in 2025, therefore, we chose to harvest viral DNA from the whole blood sample.” “These findings suggested that the presence of the mutation L74I may not affect the efficacy of bictegravir, emtricitabine and tenofovir alafenamide (BIC + FTC + TAF) combination treatment.”",main_text,Yes under the supplied operational rule that includes sequences generated after receipt of NRTIs or INSTIs: the 2025 DNA sequences were obtained after ART exposure. Actual virological failure is not reported; the patient was successfully suppressed.,strict
41088231,13,Were the patients in the study in a clinical trial?,No,"“In this study, we obtained the near full-length genome (NFLG) sequence of a subtype F2/CRF02_AG recombinant strain from an HIV-infected patient residing in Guangdong, China, elucidated the genomic composition of strain 230794, and traced the origin through molecular epidemiological techniques.” “According to national treatment strategies in China, the HIV patients on ART should be followed up to evaluate the ART efficacy.”",main_text,"This is an observational molecular characterization of one patient with routine treatment follow-up. No randomization, trial phase, experimental treatment assignment or other clinical-trial participation is described.",strict
41088231,14,Does the paper report HIV sequences from individuals who had previously received ARV drugs?,Yes,"“The patient 230794 obtained successful viral suppression with plasma viral load below the detection limit in 2025, therefore, we chose to harvest viral DNA from the whole blood sample.” “By comparing the genetic sequences obtained in 2023 and 2025, it was found that they were largely genetically similar, without obvious difference in the recombination forms.”",main_text,"The initial 2023 specimen was obtained while ART-naïve, but the same patient was sequenced again in 2025 after receiving ART and achieving suppression.",strict
41088231,15,Which drug classes were received by individuals in the study before sample sequencing?,"NRTIs, INSTIs","“These findings suggested that the presence of the mutation L74I may not affect the efficacy of bictegravir, emtricitabine and tenofovir alafenamide (BIC + FTC + TAF) combination treatment.” “The patient 230794 obtained successful viral suppression with plasma viral load below the detection limit in 2025, therefore, we chose to harvest viral DNA from the whole blood sample.”",main_text,"Before the 2025 specimen was collected, the patient received bictegravir, an INSTI, and emtricitabine and tenofovir alafenamide, both NRTIs. No other patient treatment classes are documented.",strict
41088231,16,Which drugs were received by individuals in the study before sample sequencing?,"Bictegravir (BIC), emtricitabine (FTC), tenofovir alafenamide (TAF)","“These findings suggested that the presence of the mutation L74I may not affect the efficacy of bictegravir, emtricitabine and tenofovir alafenamide (BIC + FTC + TAF) combination treatment.” “The patient 230794 obtained successful viral suppression with plasma viral load below the detection limit in 2025, therefore, we chose to harvest viral DNA from the whole blood sample.”",main_text,The Discussion on page 7 identifies the patient's regimen before the follow-up whole-blood specimen was sequenced.,strict
41057785,1,Does the paper report HIV sequences from patient samples?,Yes,"“This cohort study retrospectively reviewed medical records of People living with HIV-1 who underwent HIV drug resistance testing at the Mildmay Uganda Hospital (MUgH) from 2018 to 2023.” “The most frequent NNRTI mutations were K103KN (25.1%), G190AS (14.0%), and Y181CF/V/F (12.3%).”",main_text,"The study reports patient-derived genotypic mutation results from its clinical cohort, although the authors retrospectively abstracted clinical testing results rather than describing new laboratory sequencing. Methods on page 2 and mutation results on page 4 meet the criterion for reporting clinical mutation lists.",strict
41057785,2,Does the paper report in vitro drug susceptibility data?,No,"“This study provided a detailed characterization of the prevalence of specific DRMs across major ART drug classes: PIs, INSTIs, NRTIs, and NNRTIs.” “Prevalence of DRMs was reported as the proportion of participants with specific mutations.”",main_text,"The paper reports genotypic mutation frequencies and clinical outcomes, not phenotypic assays, drug titrations, IC50 values, or susceptibility fold changes. Discussion of mutation-associated susceptibility refers to established effects rather than assays performed in this study.",strict
41057785,3,Were sequences from the paper made publicly available?,No,"“The data sets for this study are available upon reasonable request from the corresponding author.” “The study population comprised participants who had HIV drug resistance tests requested, with results uploaded to the Uganda HIVDR database [12] between 2018 and 2023.”",main_text,The data availability statement on page 8 provides request-based access only. Uploading clinical resistance results to the national HIVDR database does not establish public deposition of sequences or raw reads; no public sequence-repository submission is reported.,strict
41057785,4,What were the GenBank accession numbers for sequenced HIV isolates?,Not reported,"“The data sets for this study are available upon reasonable request from the corresponding author.” “The study population comprised participants who had HIV drug resistance tests requested, with results uploaded to the Uganda HIVDR database [12] between 2018 and 2023.”",main_text,No GenBank or other public sequence accession numbers appear in the supplied article. The national clinical database and request-based data availability statements do not provide sequence accessions.,strict
41057785,5,How many individuals had samples obtained for HIV sequencing?,235,“This cohort study retrospectively reviewed medical records of 235 People living with HIV (PLHIV) who underwent HIV drug resistance testing at the Mildmay-Uganda Hospital from 2018 to 2023.” “DRMs were detected in 140 of 235 participants (59.6%).”,main_text,"The final clinical genotyping cohort included 235 individuals, including those without detected mutations. The flowchart on page 2 confirms 235 participants after excluding 2024 records and duplicate database entries.",strict
41057785,6,From which countries were the sequenced samples obtained?,Uganda,"“This cohort study retrospectively reviewed medical records of People living with HIV-1 who underwent HIV drug resistance testing at the Mildmay Uganda Hospital (MUgH) from 2018 to 2023.” “This study was conducted at MUgH, a centre of excellence for HIV care and treatment in peri-urban Wakiso District, serving~15,000 PLHIV.”",main_text,"The clinical cohort was treated and underwent resistance testing through Mildmay Uganda Hospital in Wakiso District, Uganda, as described on page 2.",strict
41057785,7,From what years were the sequenced samples obtained?,2018–2023,"“This cohort study retrospectively reviewed medical records of People living with HIV-1 who underwent HIV drug resistance testing at the Mildmay Uganda Hospital (MUgH) from 2018 to 2023.” “The study population comprised participants who had HIV drug resistance tests requested, with results uploaded to the Uganda HIVDR database [12] between 2018 and 2023.”",main_text,"The clinical resistance-testing period establishes the sample period as 2018–2023. April–June 2024 refers to retrospective record abstraction, not specimen collection.",strict
41057785,8,Were samples cloned prior to sequencing?,Not applicable,"“This cohort study retrospectively reviewed medical records of People living with HIV-1 who underwent HIV drug resistance testing at the Mildmay Uganda Hospital (MUgH) from 2018 to 2023.” “This study provided a detailed characterization of the prevalence of specific DRMs across major ART drug classes: PIs, INSTIs, NRTIs, and NNRTIs.”",main_text,"The paper does not report in vitro susceptibility data, so the question is not applicable under the specified rule, irrespective of the absence of cloning details.",strict
41057785,9,Which HIV genes were reported to have been sequenced?,"PR, RT, IN","“The most frequent NNRTI mutations were K103KN (25.1%), G190AS (14.0%), and Y181CF/V/F (12.3%).” “For PI major mutations, M46I (15.7%), V82VA (12.3%) and I54LV (9.4%), were predominant, while PI accessory mutations were led by L33F (1.7%), L89MTV (1.7%), and K43T (0.8%).” “Among INSTI major mutations, E138K, T66A, G118R, and E92EV each occurred at 0.4%, with S153SF (0.4%) being the only INSTI accessory mutation detected.”",main_text,"The mutation results on page 4 and Figure 1 on page 3 assess reverse transcriptase, protease, and integrase resistance. These establish RT, PR, and IN targets even though laboratory sequencing coverage is not described.",strict
41057785,10,What method was used for sequencing?,Not reported,"“This cohort study retrospectively reviewed medical records of People living with HIV-1 who underwent HIV drug resistance testing at the Mildmay Uganda Hospital (MUgH) from 2018 to 2023.” “Data were collected from April to June 2024, including HIV DRM results, socio-demographic, and medical history from ART registers, patient cards, Electronic Medical Records (EMR), and the National HIVDR database [12].”",main_text,"The Methods describe abstraction of clinical resistance results but do not identify a sequencing platform, commercial genotyping assay, Sanger method, or NGS method.",strict
41057785,11,What type of samples were sequenced?,Plasma,"“In line with the HIV programmatic approach, PLHIV on ART who experienced virological failure were requested to undergo HIV drug resistance (HIVDR) testing.” “Most DRM testing followed second-line failure (189, 80.4%), mainly on NRTI+PI (78, 40.6%).”",main_text,The specimen is not explicitly identified. Plasma is inferred under the specified rule because resistance testing was performed at virological failure.,strict
41057785,12,Were any sequences obtained from individuals with virological failure on a treatment regimen?,Yes,"“In line with the HIV programmatic approach, PLHIV on ART who experienced virological failure were requested to undergo HIV drug resistance (HIVDR) testing.” “Most DRM testing followed second-line failure (189, 80.4%), mainly on NRTI+PI (78, 40.6%).”",main_text,"Testing was explicitly performed after ART failure. Table 1 on page 3 reports 38 individuals failing first-line, 189 failing second-line, and 8 failing third-line treatment.",strict
41057785,13,Were the patients in the study in a clinical trial?,No,"“This cohort study retrospectively reviewed medical records of People living with HIV-1 who underwent HIV drug resistance testing at the Mildmay Uganda Hospital (MUgH) from 2018 to 2023.” “The study’s retrospective, observational design restricts its ability to establish clear cause-and-effect relationships, partly because some important variables needed to assess causality were missing.”",main_text,"The Methods and Limitations describe a retrospective observational clinical cohort, with no trial participation, randomized treatment assignment, or experimental intervention reported.",strict
41057785,14,Does the paper report HIV sequences from individuals who had previously received ARV drugs?,Yes,"“Table 1 summarises data for 235 PLHIV, with a mean age of 28.0 (SD=15.0) and ART duration of 11.2 years (SD=5.2).” “Most DRM testing followed second-line failure (189, 80.4%), mainly on NRTI+PI (78, 40.6%).”",main_text,"The genotyped individuals were ART-experienced, with substantial treatment exposure and resistance testing after first-, second-, or third-line failure.",strict
41057785,15,Which drug classes were received by individuals in the study before sample sequencing?,"NRTIs, NNRTIs, PIs, INSTIs",“Anchor of the ART Regimen at initiation.” “NRTI Based 4(1.7)”; “NNRTI Based 126(54.8)”; “PI Based 89(38.7)”; “INSTI Based 11(4.8)”. “Regimen at DRM testing”: “NRTI+PI”; “NRTI+INSTI(DTG)”; “NRTI+INSTI(DTG&DVR/ETR)”; “Others (ETR/DTG/DRV/R)”.,table,"Table 1 on page 3 documents exposure to all four classes at ART initiation or at resistance testing: nucleoside reverse transcriptase inhibitors, non-nucleoside reverse transcriptase inhibitors, protease inhibitors, and integrase inhibitors.",strict
41057785,16,Which drugs were received by individuals in the study before sample sequencing?,"Abacavir (ABC), zidovudine (AZT), stavudine (d4T), tenofovir disoproxil fumarate (TDF), dolutegravir (DTG), darunavir (DRV), etravirine (ETR), ritonavir (r)",“ART Regimens Combination at ART initiation (AZT OR D4T OR TDF OR ABC BASED)”: “ABC based 54 (23.7)”; “AZT based 93(40.8)”; “D4T based 5(2.2)”; “TDF based 76(33.3)”. “Regimen at DRM testing”: “NRTI+INSTI(DTG)”; “NRTI+INSTI(DTG&DVR/ETR)”; “Others (ETR/DTG/DRV/R)”.,table,Table 1 on page 3 identifies the initial backbone drugs and drugs used at resistance testing. Abbreviations are expanded to generic names; R in DRV/R is interpreted as ritonavir boosting. Drugs mentioned only in general discussions of mutation effects are not counted as documented patient exposures.,strict
37973713,1,Does the paper report HIV sequences from patient samples?,Yes,"“Inclusion criteria were recent diagnosis with HIV-1 infection (newly recognized patients), no history of ART, age 18 years or older.” “The drug resistance genotyping of HIV-1 protease (PR) and reverse transcriptase (RT) coding region was performed based on a Sanger sequencing method with use of commercially available ViroSeq HIV-1 Genotyping System (Abbott Molecular, Des Plains, IL, USA).”",main_text,"The Methods (pages 2–3) describe newly generated PR/RT genotypes from newly diagnosed, ART-naïve patients.",strict
37973713,2,Does the paper report in vitro drug susceptibility data?,No,"“The drug resistance genotyping of HIV-1 protease (PR) and reverse transcriptase (RT) coding region was performed based on a Sanger sequencing method with use of commercially available ViroSeq HIV-1 Genotyping System (Abbott Molecular, Des Plains, IL, USA).” “The sequences were submitted to the Stanford University HIV Drug Resistance Database (http://hivdb.stanford.edu) in order to comparison of potential differences in the interpretation of the significance of genetic variants detected.”",main_text,"The study reports genotypic resistance interpretation, not phenotypic susceptibility assays. No experimental IC50, EC50, or susceptibility fold-change measurements are reported; discussion of phenotypic testing concerns other studies.",strict
37973713,3,Were sequences from the paper made publicly available?,No,“The sequences were submitted to the Stanford University HIV Drug Resistance Database (http://hivdb.stanford.edu) in order to comparison of potential differences in the interpretation of the significance of genetic variants detected.” “For HIV-1 subtype and circular recombinant forms (CRFs) determination of partial pol submitted sequences REGA HIV-1 Subtyping Tool Version 3.0 was used.”,main_text,"Submission to Stanford HIVdb is described for resistance interpretation, not public sequence deposition. No accession numbers or public repository deposition statement appears in the supplied article.",strict
37973713,4,What were the GenBank accession numbers for sequenced HIV isolates?,Not reported,“The sequences were submitted to the Stanford University HIV Drug Resistance Database (http://hivdb.stanford.edu) in order to comparison of potential differences in the interpretation of the significance of genetic variants detected.” “For HIV-1 subtype and circular recombinant forms (CRFs) determination of partial pol submitted sequences REGA HIV-1 Subtyping Tool Version 3.0 was used.”,main_text,The sequence-analysis description on page 3 supplies analysis tools but no GenBank or other sequence-repository accession numbers.,strict
37973713,5,How many individuals had samples obtained for HIV sequencing?,117,"“The inclusion and exclusion criteria met 117 patients.” “Because of the lack of the results of genotyping in 34 individuals they were excluded from the analysis.” “In the study group there were 61 patients (52.14%) from eastern countries (34 men, 27 women) and 56 patients (47.86%) from Poland (52 men, 4 women).”",main_text,"The reported sequencing cohort comprises 117 individuals, consistent with the 61 plus 56 patients tabulated for HIV subtypes in Table 2 (page 4). Reporting is internally inconsistent: the Results also state that 34 lacked genotyping results, which would imply 83 with available results if subtracted from 117, but the genotype tables retain all 117.",strict
37973713,6,From which countries were the sequenced samples obtained?,Poland,"“The site of the recruitment of the cohorts were six clinical centers in Poland (two centers in Warsaw and one center in each city: Olsztyn, Lublin, Łódź and Rzeszów), all in the closest regions to the Polish–Ukrainian border, which cover territorially 40% of refugees [1, 2].” “In our cohort all of the patients from Eastern Europe migrated to Poland within 6 to 12 months before the recruitment to the study, and none of them presented with acute/early retroviral infection.”",main_text,"All recruitment and sample collection occurred in Poland. Ukraine, Belarus, Georgia, and Kazakhstan describe participants’ origins rather than collection sites.",strict
37973713,7,From what years were the sequenced samples obtained?,2020–2022,"“The patients were recruited during 2 years period (2020–2022).” “Inclusion criteria were recent diagnosis with HIV-1 infection (newly recognized patients), no history of ART, age 18 years or older.”",main_text,Baseline resistance genotyping was performed before ART in newly diagnosed patients recruited during 2020–2022; this enrollment period supplies the sample-collection range.,strict
37973713,8,Were samples cloned prior to sequencing?,Not applicable,"“The drug resistance genotyping of HIV-1 protease (PR) and reverse transcriptase (RT) coding region was performed based on a Sanger sequencing method with use of commercially available ViroSeq HIV-1 Genotyping System (Abbott Molecular, Des Plains, IL, USA).” “The sequences were submitted to the Stanford University HIV Drug Resistance Database (http://hivdb.stanford.edu) in order to comparison of potential differences in the interpretation of the significance of genetic variants detected.”",main_text,"Although patient sequences were generated, the paper does not report in vitro susceptibility data. The question's applicability rule therefore requires Not applicable.",strict
37973713,9,Which HIV genes were reported to have been sequenced?,"PR, RT","“The drug resistance genotyping of HIV-1 protease (PR) and reverse transcriptase (RT) coding region was performed based on a Sanger sequencing method with use of commercially available ViroSeq HIV-1 Genotyping System (Abbott Molecular, Des Plains, IL, USA).” “Because of the time of the recruitment (SARS COVID-19 epidemy) molecular diagnostic was limited—it was the major cause of lack of InSTI resistance testing.”",main_text,The Methods explicitly identify PR and RT. The limitations state that integrase-inhibitor resistance testing was not performed.,strict
37973713,10,What method was used for sequencing?,Sanger sequencing,"“The drug resistance genotyping of HIV-1 protease (PR) and reverse transcriptase (RT) coding region was performed based on a Sanger sequencing method with use of commercially available ViroSeq HIV-1 Genotyping System (Abbott Molecular, Des Plains, IL, USA).” “For HIV-1 subtype and circular recombinant forms (CRFs) determination of partial pol submitted sequences REGA HIV-1 Subtyping Tool Version 3.0 was used.”",main_text,Sanger sequencing using the ViroSeq HIV-1 Genotyping System is explicitly reported in the Methods.,strict
37973713,11,What type of samples were sequenced?,Plasma,"“Inclusion criteria were recent diagnosis with HIV-1 infection (newly recognized patients), no history of ART, age 18 years or older.” “The drug resistance genotyping of HIV-1 protease (PR) and reverse transcriptase (RT) coding region was performed based on a Sanger sequencing method with use of commercially available ViroSeq HIV-1 Genotyping System (Abbott Molecular, Des Plains, IL, USA).”",main_text,"The sequencing specimen is not explicitly named. Plasma is inferred according to the supplied rule for baseline samples obtained at HIV diagnosis; no PBMC, DBS, or whole-blood nucleic-acid extraction is described.",strict
37973713,12,Were any sequences obtained from individuals with virological failure on a treatment regimen?,No,"“Inclusion criteria were recent diagnosis with HIV-1 infection (newly recognized patients), no history of ART, age 18 years or older.” “In all patients, before starting ART, the presence of HIV-1 DRMs to nucleoside reverse transcriptase inhibitors (NRTI), non-nucleoside reverse transcriptase inhibitors (NNRTI) and protease inhibitors (PI).”",main_text,"Reported genotyping was performed before ART in treatment-naïve patients. Virological failure occurred in some patients during subsequent follow-up, but no sequencing at failure is reported.",strict
37973713,13,Were the patients in the study in a clinical trial?,No,"“We have conducted multi-center, prospective, observational, cross sectional study.” “The clinical trial received a positive opinion from the Bioethics Committee at the Medical University of Warsaw (Number of consent: AKBE/206/2020) and was registered on clinicaltrials.gov (Number: NCT04636736).”",main_text,"Despite the authors’ use of 'clinical trial,' multicenter recruitment, and registration, the Methods explicitly define an observational, cross-sectional study. No experimental treatment assignment or randomization is described, so the observational-study classification applies.",strict
37973713,14,Does the paper report HIV sequences from individuals who had previously received ARV drugs?,No,"“Inclusion criteria were recent diagnosis with HIV-1 infection (newly recognized patients), no history of ART, age 18 years or older.” “In all patients, before starting ART, the presence of HIV-1 DRMs to nucleoside reverse transcriptase inhibitors (NRTI), non-nucleoside reverse transcriptase inhibitors (NNRTI) and protease inhibitors (PI).”",main_text,All reported sequences were obtained before ART from patients without a history of ART. Treatment initiated after baseline genotyping does not constitute prior exposure.,strict
37973713,15,Which drug classes were received by individuals in the study before sample sequencing?,None,"“Inclusion criteria were recent diagnosis with HIV-1 infection (newly recognized patients), no history of ART, age 18 years or older.” “In all patients, before starting ART, the presence of HIV-1 DRMs to nucleoside reverse transcriptase inhibitors (NRTI), non-nucleoside reverse transcriptase inhibitors (NNRTI) and protease inhibitors (PI).”",main_text,Participants were ART-naïve at sequencing. The resistance classes assessed and treatment classes prescribed afterward are not evidence of exposure before sequencing.,strict
37973713,16,Which drugs were received by individuals in the study before sample sequencing?,None,"“Inclusion criteria were recent diagnosis with HIV-1 infection (newly recognized patients), no history of ART, age 18 years or older.” “InSTI-based regimens included: bictegravir, dolutegravir, raltegravir or elvitegravir, PIs: darunavir and NNRTI-based: doravirine.”",main_text,"The named drugs were administered as treatment after baseline sequencing. No prior ARV exposure is reported among the sequenced, ART-naïve participants.",strict
40763144,1,Does the paper report HIV sequences from patient samples?,Yes,"“Study participants included all PLHIV, regardless of age, who had been on ART for at least one year, had a non-suppressed HIV viral load (>1000 copies/ml) and underwent an HIVDR test between 1st January 2021–30th December 2023.” “Sequencing, where individual mutations are identified using either Sanger sequencing or Next generation sequencing is then carried out.”",main_text,"The paper reports patient-derived resistance mutations from clinical genotyping in this population. Although the analysis retrospectively uses national clinical records, it reports clinical genotyping results rather than compiling previously published sequences (Methods, page 3; Figure 2, page 8).",strict
40763144,2,Does the paper report in vitro drug susceptibility data?,No,"“HIV Drug resistance: This was defined as the presence of a penalty score ≥15 assigned to an ARV drug using the Stanford HIV dB algorithm [20,21].” “A participant with atleast one HIV drug resistant mutation to any ART drug was categorized as having HIVDR.”",main_text,"Resistance was inferred from genotypes using Stanford algorithm scores (page 4). No phenotypic assay, drug titration, IC50, EC50, or experimentally measured susceptibility is reported.",strict
40763144,3,Were sequences from the paper made publicly available?,No,"“The data used in this study is available on the Ugandan Ministry of Health HIV Drug Resistance Database but is not publicly accessible due to patient confidentiality policies.” “Access may be granted upon request to the Ugandan Ministry of Health through the Director General, Health Services.”",main_text,The Data Availability statement on page 2 identifies a restricted clinical database. No public sequence-repository deposition or accession numbers are reported.,strict
40763144,4,What were the GenBank accession numbers for sequenced HIV isolates?,Not reported,"“The data used in this study is available on the Ugandan Ministry of Health HIV Drug Resistance Database but is not publicly accessible due to patient confidentiality policies.” “Access may be granted upon request to the Ugandan Ministry of Health through the Director General, Health Services.”",main_text,"The Data Availability statement on page 2 provides access instructions for clinical data, not sequence accessions. No GenBank or other sequence-repository accession numbers appear in the supplied article.",strict
40763144,5,How many individuals had samples obtained for HIV sequencing?,363,“Participants with repeat non suppressed VL N= 363” “Failed genotyping N= 68; 18%” “Successfully genotyped and included in the study N = 295; 81.3%”,figure,"Figure 1 on page 5 indicates genotyping was attempted for 363 individuals: 295 were successfully genotyped and 68 failed genotyping. The count includes everyone whose samples underwent attempted genotyping, not just successful sequences.",strict
40763144,6,From which countries were the sequenced samples obtained?,Uganda,“We conducted a retrospective cross-sectional study in the West-Nile region of Uganda across the 161 health facilities that offer comprehensive ART services [17].” “A Plasma or dried blood spot (DBS) sample is collected and referred to the HIVDR testing facility at a central national laboratory.”,main_text,"The clinical population and sample-collection facilities were in Uganda (Methods, page 3). Neighboring countries are mentioned only as regional context.",strict
40763144,7,From what years were the sequenced samples obtained?,2021–2023,“Year of Sample collection” “2021 51 (17.3)” “2022 51 (17.3)” “2023 193 (65.4)”,table,"Table 1 on page 6 explicitly lists sample collection in 2021, 2022, and 2023.",strict
40763144,8,Were samples cloned prior to sequencing?,Not applicable,"“Sequencing, where individual mutations are identified using either Sanger sequencing or Next generation sequencing is then carried out.” “Mutations are identified and interpreted using the Stanford HIV drug resistance database [18–20].”",main_text,"The paper reports clinical genotyping but no in vitro susceptibility data. Under the specified applicability rule, cloning status is therefore not applicable.",strict
40763144,9,Which HIV genes were reported to have been sequenced?,PR; RT; IN,“The M184V was the commonest mutation observed in NRTI class appearing among 146 (50%) participants.” “The darunavir sparing M46V/A mutations were the commonest among Protease Inhibitors (PIs) appearing in 20 (7%).” “The E138K/A and G118R mutations were the commonest amongINSTIs occurring in 18 (6%) and 12 (4%) participants respectively and in total 35 (12%) participants had resistance to Dolutegravir (DTG).”,main_text,"Reported resistance mutations cover reverse transcriptase, protease, and integrase (Results, pages 7–8; Figure 2, page 8).",strict
40763144,10,What method was used for sequencing?,Sanger sequencing; NGS,"“Here, RNA extraction is done using commercial kits followed by reverse transcription and Polymerase Chain Reaction (PCR) amplification.” “Sequencing, where individual mutations are identified using either Sanger sequencing or Next generation sequencing is then carried out.”",main_text,The testing workflow on page 3 explicitly names Sanger sequencing and NGS as alternatives. The paper does not specify which method was used for individual samples or how many samples used each method.,strict
40763144,11,What type of samples were sequenced?,Plasma; DBS,"“A Plasma or dried blood spot (DBS) sample is collected and referred to the HIVDR testing facility at a central national laboratory.” “Here, RNA extraction is done using commercial kits followed by reverse transcription and Polymerase Chain Reaction (PCR) amplification.”",main_text,"The clinical genotyping workflow specifies plasma or dried blood spots (Methods, page 3). No specimen-specific counts are provided.",strict
40763144,12,Were any sequences obtained from individuals with virological failure on a treatment regimen?,Yes,"“During the study period, 363 PLHIV had virological failure but only 295 (81.3%) had HIV DR results and were considered for the study (Fig 1).” “The participants had been on ART for a median 8 years (IQR: 5–10) and 59.3% were on INSTIs at sample collection.”",main_text,"All participants with reported genotyping results were experiencing virological failure while ART-experienced (Results, page 5).",strict
40763144,13,Were the patients in the study in a clinical trial?,No,"“We conducted a retrospective cross-sectional study in the West-Nile region of Uganda across the 161 health facilities that offer comprehensive ART services [17].” “The study used de-identified secondary data, and the authors did not have access to information that could identify individual participants during or after data collection, hence the need for individual participant consent was waived by the ethics committee.”",main_text,"This was an observational retrospective analysis of routine clinical records, not an interventional trial (Methods, pages 3–4).",strict
40763144,14,Does the paper report HIV sequences from individuals who had previously received ARV drugs?,Yes,"“Study participants included all PLHIV, regardless of age, who had been on ART for at least one year, had a non-suppressed HIV viral load (>1000 copies/ml) and underwent an HIVDR test between 1st January 2021–30th December 2023.” “The participants had been on ART for a median 8 years (IQR: 5–10) and 59.3% were on INSTIs at sample collection.”",main_text,"Eligibility required at least one year of ART, and treatment was ongoing at sample collection (pages 3 and 5).",strict
40763144,15,Which drug classes were received by individuals in the study before sample sequencing?,NRTIs; NNRTIs; PIs; INSTIs,"“NRTI Anchor at time of sample collection” lists “ABC/3TC,” “AZT/3TC,” and “TDF/3TC.” “Type of regimen at time of sample collection” lists “NNRTI 17 (5.7),” “PI 103 (34.9),” and “INSTI 175 (59.3).”",table,"Table 1 on page 6 documents NRTI backbones and NNRTI-, PI-, or INSTI-based regimens at sample collection.",strict
40763144,16,Which drugs were received by individuals in the study before sample sequencing?,Abacavir (ABC); lamivudine (3TC); zidovudine (AZT); tenofovir disoproxil fumarate (TDF); dolutegravir (DTG); lopinavir (LPV); atazanavir (ATV); ritonavir,"“ART regimen at time of sample collection” lists “TDF/3TC/DTG,” “AZT/3TC/DTG,” “ABC/3TC/DTG,” “ABC/3TC/LPVr,” “TDF/3TC/ATVr,” and “AZT/3TC/ATVr.” “ABC, Abacavir, 3TC, Lamivudine; AZT, Zidovudine; TDF, Tenofovir; DTG, Dolutegravir; ATVr, Atazanavir ritonavir; LPVr, Lopinavir ritonavir”.",table,Table 1 and its abbreviation key on pages 6–7 identify these drugs as components of participants' regimens. Ritonavir is included as the PI booster. Specific NNRTIs are not identified in the regimen table; drugs mentioned only as resistance targets or national treatment options are not assumed to have been received.,strict
37626789,1,Does the paper report HIV sequences from patient samples?,Yes,"“For children with VF, HIV-1 genotyping and sequencing was performed for the pol gene region using in-house assay validated at the Chinese Center for Disease Control and Prevention, and the Stanford HIVDB v9.0 algorithm was used for identification of drug resistance mutations.” “In-house assay validated by the Chinese Center for Disease Prevention and Control (CCDC) was used for amplification and sequencing of the pol gene of HIV-1 using an ABI-3730 DNA genetic analyzer [3].”",main_text,The abstract and Section 2.5 explicitly describe new HIV sequencing from children with virological failure.,strict
37626789,2,Does the paper report in vitro drug susceptibility data?,No,"“Drug resistance: characterized according to the Stanford database (HIVDB).” “Drug resistance was calculated using the HIVDB algorithm (v9.0) at Stanford’s HIV genotypic resistance profile (https://hivdb.stanford.edu/, accessed on 11 April 2023).”",main_text,"Sections 2.7–2.8 describe algorithmic interpretation of genotypes, not phenotypic assays. The susceptibility categories in Table 2 are genotype-derived; no in vitro susceptibility measurements are reported.",strict
37626789,3,Were sequences from the paper made publicly available?,No,"“Since data analysis for other objectives is ongoing, the raw data can be obtained from the first corresponding author.” “The sequence was edited using a web-based ReCall (http://pssm.cfenet.ubc.ca/, accessed on 11 April 2023).”",main_text,"The Data Availability Statement on page 12 offers data through the author, not a public repository. No sequence-deposition statement or public sequence accession numbers are provided.",strict
37626789,4,What were the GenBank accession numbers for sequenced HIV isolates?,Not reported,"“Since data analysis for other objectives is ongoing, the raw data can be obtained from the first corresponding author.” “The pol gene region of the HIV-1 gene was sequenced by an ABI-3730 DNA genetic analyzer [21,22].”",main_text,Neither the sequencing methods nor the Data Availability Statement provides GenBank or other sequence-repository accession numbers.,strict
37626789,5,How many individuals had samples obtained for HIV sequencing?,110,“Not Supressed (≥1000 copies/ml) (N=118)” “HIVDR not done (N=8)” “HIVDR amplification successful (N=110)”,figure,"Figure 1 on page 3 identifies 118 children eligible for resistance testing, of whom eight were not tested and 110 had successful amplification. Table 2 also reports genotypic resistance results totaling 110 individuals.",strict
37626789,6,From which countries were the sequenced samples obtained?,Ethiopia,"“A longitudinal study was conducted among 551 HIV-positive children (<15 years old) recruited between 2017 and 2019 at 40 antiretroviral treatment delivery sites in Ethiopia.” “For children with VF, HIV-1 genotyping and sequencing was performed for the pol gene region using in-house assay validated at the Chinese Center for Disease Control and Prevention, and the Stanford HIVDB v9.0 algorithm was used for identification of drug resistance mutations.”",main_text,The sequenced children were recruited at Ethiopian treatment sites. The Chinese laboratory affiliation does not change the country of sample collection.,strict
37626789,7,From what years were the sequenced samples obtained?,2019,"“Moreover, viral load (VL) testing was conducted for children twice at 6-month intervals between March and September 2019 to determine virologic failure (VF).” “Then, children with VF (i.e., viral load ≥ 1000 copies/mL) were included for HIV drug resistance investigation, given those with VL < 1000 copies/mL were considered as susceptible and excluded from HIVDR testing [20] (Figure 1).”",main_text,"Section 2.3 dates the viral-load sampling that selected children for resistance sequencing to 2019. The 2007–2019 interval concerns retrospective disease progression, not sequence sample collection.",strict
37626789,8,Were samples cloned prior to sequencing?,Not applicable,"“In-house assay validated by the Chinese Center for Disease Prevention and Control (CCDC) was used for amplification and sequencing of the pol gene of HIV-1 using an ABI-3730 DNA genetic analyzer [3].” “Drug resistance was calculated using the HIVDB algorithm (v9.0) at Stanford’s HIV genotypic resistance profile (https://hivdb.stanford.edu/, accessed on 11 April 2023).”",main_text,"Although clinical sequencing is reported, no in vitro susceptibility data are reported. The question's applicability rule therefore requires Not applicable.",strict
37626789,9,Which HIV genes were reported to have been sequenced?,"PR, RT","“The pol gene region of the HIV-1 gene was sequenced by an ABI-3730 DNA genetic analyzer [21,22].” “The rate of resistance to NNRTI and NRTI was 11.4% and 10.1%, respectively (Figure 3).” “The only protease inhibitor (PI) associated with high-level resistance was observed for NFV 1 (0.9%).”",main_text,"Pol sequencing generated resistance interpretations for reverse-transcriptase inhibitors and protease inhibitors, supporting the specific targets RT and PR. No other gene targets are reported.",strict
37626789,10,What method was used for sequencing?,Sanger sequencing,"“In-house assay validated by the Chinese Center for Disease Prevention and Control (CCDC) was used for amplification and sequencing of the pol gene of HIV-1 using an ABI-3730 DNA genetic analyzer [3].” “The pol gene region of the HIV-1 gene was sequenced by an ABI-3730 DNA genetic analyzer [21,22].”",main_text,"Section 2.5 specifies an ABI-3730 DNA genetic analyzer, identifying capillary Sanger sequencing.",strict
37626789,11,What type of samples were sequenced?,Plasma,"“Whole blood was collected from children using two ethylenediaminetetraacetic acid (EDTA) coated test tubes of 3–5 mL each, and plasma was extracted using centrifugation at 2000 revolutions per minute (RPM).” “The second-round blood samples were collected after a 6-month follow-up from children with an initial viral load >1000 copies/mL.”",main_text,"Plasma was separated from collected blood, and sequencing was performed for virological failure. Whole blood was used separately for CD4 and hemoglobin measurements, not identified as the sequencing substrate.",strict
37626789,12,Were any sequences obtained from individuals with virological failure on a treatment regimen?,Yes,"“HIV-infected children taking first-line ART for at least six months were included in the study.” “Then, children with VF (i.e., viral load ≥ 1000 copies/mL) were included for HIV drug resistance investigation, given those with VL < 1000 copies/mL were considered as susceptible and excluded from HIVDR testing [20] (Figure 1).”",main_text,Sequencing specifically targeted children with virological failure after receiving first-line ART.,strict
37626789,13,Were the patients in the study in a clinical trial?,No,“A longitudinal study was conducted from 2017 to 2019 among HIV-infected children (<15 years old) on first-line antiretroviral therapy (ART).” “It was part of a national cohort study on HIV-1 treatment failure and acquired drug resistance among people taking ART at 63 health facilities in the country [19].”,main_text,"Section 2.2 describes a longitudinal cohort, not a clinical trial. Routine adherence counseling does not establish randomized or controlled trial participation.",strict
37626789,14,Does the paper report HIV sequences from individuals who had previously received ARV drugs?,Yes,"“HIV-infected children taking first-line ART for at least six months were included in the study.” “For children with VF, HIV-1 genotyping and sequencing was performed for the pol gene region using in-house assay validated at the Chinese Center for Disease Control and Prevention, and the Stanford HIVDB v9.0 algorithm was used for identification of drug resistance mutations.”",main_text,"The sequenced children were ART-experienced, having received first-line treatment for at least six months.",strict
37626789,15,Which drug classes were received by individuals in the study before sample sequencing?,"NRTIs, NNRTIs, PIs","“A majority of the children (80%) were taking one of the three HAARTs regimens, which were Zidovudine (AZT) + Lamivudine(3TC) +Nevirapine (NVP) (35.9%), Stavudine(D4T) + Lamivudine(3TC) + Nevirapine (NVP) (30.3%), and Zidovudine (AZT) + Lamivudine(3TC) + Efavirenz (EFV) (14.0%) (Table 1; Supplemental Table S1).” “As expected, there were few significant protease inhibitor mutations because of the infrequent use of protease inhibitor containing regimens among the study population.”",main_text,"The documented regimens include NRTIs and NNRTIs. The Discussion on page 11 additionally states that PI-containing regimens were used infrequently, although individual PI exposure is not specified.",strict
37626789,16,Which drugs were received by individuals in the study before sample sequencing?,"Zidovudine (AZT), lamivudine (3TC), nevirapine (NVP), stavudine (d4T), efavirenz (EFV), abacavir (ABC), tenofovir disoproxil fumarate (TDF)","“A majority of the children (80%) were taking one of the three HAARTs regimens, which were Zidovudine (AZT) + Lamivudine(3TC) +Nevirapine (NVP) (35.9%), Stavudine(D4T) + Lamivudine(3TC) + Nevirapine (NVP) (30.3%), and Zidovudine (AZT) + Lamivudine(3TC) + Efavirenz (EFV) (14.0%) (Table 1; Supplemental Table S1).” “Overall, 63% of the substitutions were from those who were taking Abacavir (ABC) + Lamivudine(3TC) + Nevirapine (NVP) followed by Abacavir (ABC) + Lamivudine(3TC) + Efavirenz (EFV) (21.2%), and Tenofovir (TDF) + Lamivudine(3TC) + Nevirapine (NVP) (16.0%).”",main_text,Section 3.1 documents these seven drugs in current regimens and regimen-substitution histories. Drugs appearing only in national treatment recommendations or genotype-predicted resistance results are not evidence of actual exposure; individual PIs received are not specified.,strict
40872801,1,Does the paper report HIV sequences from patient samples?,No,"“A systematic literature review was conducted from February to May 2025 following PRISMA standards [11], including original studies that were conducted in Tanzania involving participants receiving ART published in English by the end of December 2024.” “A standardized data extraction form created in Microsoft Excel was used to systematically record information from the studies included.”",main_text,"Sections 2 and 2.4 describe a systematic review and meta-analysis of previously published studies, not generation of new clinical HIV sequences or mutation data.",strict
40872801,2,Does the paper report in vitro drug susceptibility data?,No,"“The primary outcome of this study was the magnitude and patterns of drug resistance mutations among PLHIV receiving ART, while the secondary outcome was the HIV-1 subtypes’ distribution in the included studies.” “Thymidine Analogue Mutations (TAMs), which reduce in vitro susceptibility to AZT and d4T, were also prevalently observed.”",main_text,"The article pools mutation prevalences and discusses their known effects on susceptibility. It does not report phenotypic assays, IC50/EC50 values, or quantitative in vitro susceptibility measurements.",strict
40872801,3,Were sequences from the paper made publicly available?,No,“Data supporting the findings of this study are available from the corresponding author upon request.” “A standardized data extraction form created in Microsoft Excel was used to systematically record information from the studies included.”,main_text,The Data Availability Statement on page 20 provides only availability upon request. This review generates no new sequences and reports no public sequence deposition.,strict
40872801,4,What were the GenBank accession numbers for sequenced HIV isolates?,Not reported,“Data supporting the findings of this study are available from the corresponding author upon request.” “A standardized data extraction form created in Microsoft Excel was used to systematically record information from the studies included.”,main_text,"No GenBank or other sequence-repository accession numbers are provided. The PROSPERO identifier is a review registration number, not a sequence accession.",strict
40872801,5,How many individuals had samples obtained for HIV sequencing?,0,“A total of 9685 HIV patients from 23 eligible studies were analyzed.” “A standardized data extraction form created in Microsoft Excel was used to systematically record information from the studies included.”,main_text,The 9685 participants belong to previously published studies. This paper collected no new samples for sequencing; reviews receive a count of 0 under the specified rules.,strict
40872801,6,From which countries were the sequenced samples obtained?,Not applicable,"“A systematic literature review was conducted from February to May 2025 following PRISMA standards [11], including original studies that were conducted in Tanzania involving participants receiving ART published in English by the end of December 2024.” “A standardized data extraction form created in Microsoft Excel was used to systematically record information from the studies included.”",main_text,"Tanzania is the setting of the reviewed studies, not a sample-collection site for new sequencing in this paper. Because Question 1 is No, the prescribed answer is Not applicable.",strict
40872801,7,From what years were the sequenced samples obtained?,Not applicable,"“A standardized data extraction form created in Microsoft Excel was used to systematically record information from the studies included.” “The following study characteristics were recorded from each of the included studies: author(s), title of the study, publication year, database used for genotyping, and the year of the study as described by authors (sampling year).”",main_text,"Sampling years in Table 1 refer to the original studies. No clinical samples were newly sequenced for this review, so sample-collection years are not applicable.",strict
40872801,8,Were samples cloned prior to sequencing?,Not applicable,"“A standardized data extraction form created in Microsoft Excel was used to systematically record information from the studies included.” “The primary outcome of this study was the magnitude and patterns of drug resistance mutations among PLHIV receiving ART, while the secondary outcome was the HIV-1 subtypes’ distribution in the included studies.”",main_text,The paper reports neither new clinical sequencing nor in vitro susceptibility experiments. The applicability rule therefore excludes cloning assessment.,strict
40872801,9,Which HIV genes were reported to have been sequenced?,Not applicable,"“A standardized data extraction form created in Microsoft Excel was used to systematically record information from the studies included.” “Outcomes that were recorded were the overall and specific prevalence of drug resistance mutations against Nucleotide/Nucleoside Reverse Transcriptase Inhibitors (NRTIs), Non-Nucleoside Reverse Transcriptase Inhibitors (NNRTIs), Protease Inhibitors (PIs), Integrase Strand-Transfer Inhibitors (INSTIs), and HIV-1 subtypes that were reported.”",main_text,"The review summarizes resistance involving RT, PR, and IN from prior publications, but reports no newly sequenced gene targets of its own.",strict
40872801,10,What method was used for sequencing?,Not reported,"“A standardized data extraction form created in Microsoft Excel was used to systematically record information from the studies included.” “The following study characteristics were recorded from each of the included studies: author(s), title of the study, publication year, database used for genotyping, and the year of the study as described by authors (sampling year).”",main_text,"No sequencing was performed for this review, and no Sanger or NGS method is described. The genotyping database listed in Table 1 is not a sequencing platform.",strict
40872801,11,What type of samples were sequenced?,Not applicable,"“A systematic literature review was conducted from February to May 2025 following PRISMA standards [11], including original studies that were conducted in Tanzania involving participants receiving ART published in English by the end of December 2024.” “A standardized data extraction form created in Microsoft Excel was used to systematically record information from the studies included.”",main_text,"This is secondary analysis of published studies, with no newly sequenced clinical specimens. The specimen-type question is therefore not applicable.",strict
40872801,12,Were any sequences obtained from individuals with virological failure on a treatment regimen?,Not applicable,"“Some studies followed participants longitudinally, assessing virological failure as well as DRMs prevalence, and other studies enrolled participants who already had virological failure.” “This review reports a high pooled prevalence of acquired DRMs (87.61%) among individuals with virological failure on ART whose samples were successfully genotyped.”",main_text,"Virological failure and genotyping concern participants in the source studies. Because this review does not generate new clinical sequences, the explicit Question 12 applicability rule requires Not applicable.",strict
40872801,13,Were the patients in the study in a clinical trial?,No,"“All included studies were observational studies, including a total of 9685 participants on ART, whereby 6677 (68.94%) were women.” “The systematic review protocol was registered in the International Prospective Register of Systematic Reviews (PROSPERO) on 7 January 2025 under the registration number CRD42025606698.”",main_text,"Section 3.3 explicitly classifies all included studies as observational. This paper is a registered systematic review, not a clinical trial.",strict
40872801,14,Does the paper report HIV sequences from individuals who had previously received ARV drugs?,No,"“All included studies were observational studies, including a total of 9685 participants on ART, whereby 6677 (68.94%) were women.” “A standardized data extraction form created in Microsoft Excel was used to systematically record information from the studies included.”",main_text,"Although the source studies involved ART-experienced individuals, this review generates no new patient sequences. The explicit rule for papers without qualifying clinical sequences requires No.",strict
40872801,15,Which drug classes were received by individuals in the study before sample sequencing?,None,"“A standardized data extraction form created in Microsoft Excel was used to systematically record information from the studies included.” “All included studies were observational studies, including a total of 9685 participants on ART, whereby 6677 (68.94%) were women.”",main_text,"Treatment information concerns previously published cohorts rather than individuals newly sequenced for this paper. Under the no-clinical-sequences rule, the answer is None; this does not imply the source-study participants were untreated.",strict
40872801,16,Which drugs were received by individuals in the study before sample sequencing?,None,"“A standardized data extraction form created in Microsoft Excel was used to systematically record information from the studies included.” “All included studies were observational studies, including a total of 9685 participants on ART, whereby 6677 (68.94%) were women.”",main_text,The paper discusses ARV use in source studies and national treatment programs but reports no newly sequenced individuals. The specified rule therefore requires None rather than extracting drugs from the review's background or discussion.,strict
41029850,1,Does the paper report HIV sequences from patient samples?,Yes,"“Individual samples with confirmed virological failure were sequenced in HIV-1 protease and reverse-transcriptase genes using Sanger sequencing and analysed using Stanford HIVdatabase.v.9.4.” “Overall, 203 individuals were enrolled, median [IQR] age 37 [16-47] years with 58.1% (118/203) being female.”",main_text,The abstract on page 1 explicitly reports new PR and RT sequencing from clinical samples of individuals with virological failure.,strict
41029850,2,Does the paper report in vitro drug susceptibility data?,No,"“Sequences were assembled and edited using Recall v2.28 [22], interpreted using Stanford HIV drug resistance database (https://hivdb.stanford.edu/) version 8.5 and subtyping performed using rapid subtyping tools as previously described [23].” “Percentage of individuals with a genotypic susceptibility score (GSS) of <30 on Stanford were considered to preserve potential efficacy while those with a GSS score of ≥30 were considered to have limited activity.”",main_text,"Potential drug activity was inferred from genotypic interpretation, as described on page 3 and illustrated in Figure 2 on page 6. No phenotypic assay or in vitro susceptibility measurements are reported.",strict
41029850,3,Were sequences from the paper made publicly available?,Yes,"“The data are not publicly available due to their containing information that could compromise the privacy of research participants.” “However, sequences have been submitted to Genebank with available accession numbers provided (PQ893197, PQ893192, OQ985810, OR259747 and PQ893191) in the current version of the manuscript while the rest will be completed when made available by Genbank (submission ID: 2961867) (lines 451 to 455).”",main_text,The Data availability statement on page 8 distinguishes restricted participant data from sequences submitted to GenBank and supplies five accession numbers.,strict
41029850,4,What were the GenBank accession numbers for sequenced HIV isolates?,PQ893197; PQ893192; OQ985810; OR259747; PQ893191,"“The data are not publicly available due to their containing information that could compromise the privacy of research participants.” “However, sequences have been submitted to Genebank with available accession numbers provided (PQ893197, PQ893192, OQ985810, OR259747 and PQ893191) in the current version of the manuscript while the rest will be completed when made available by Genbank (submission ID: 2961867) (lines 451 to 455).”",main_text,"Page 8 provides these five sequence accession numbers. The remaining sequences await accession availability; 2961867 is a submission ID, not a sequence accession.",strict
41029850,5,How many individuals had samples obtained for HIV sequencing?,203,"“Of 2109 individuals assessed, 203 met inclusion criteria, median age 37 [16-47] years and 118/203 (58.13%) females.” “Overall HIVDR (presence of at least one HIVDR resistance mutation) was 87.19% (177/203).”",main_text,"The results on pages 3–4 report 203 included individuals with genotypic results, rather than all 2109 screened. Table 2 and Figure 1 likewise identify the analyzed population as 203.",strict
41029850,6,From which countries were the sequenced samples obtained?,Cameroon,"“A cross-sectional, laboratory-based sentinel study was conducted during the reporting period of March to April 2023 at the Chantal Biya International Reference Centre for research on HIV/AIDS prevention and management (CIRCB) in Yaoundé-Cameroon among ART-failing PWH.” “Individuals received for GRT were consecutively enrolled at CIRCB, between January 2022 to April 2023.”",main_text,The study setting and enrollment descriptions on pages 2–3 identify Cameroon as the source country.,strict
41029850,7,From what years were the sequenced samples obtained?,2022–2023,"“Individuals received for GRT were consecutively enrolled at CIRCB, between January 2022 to April 2023.” “We conducted a cross-sectional, laboratory-based sentinel study among ART-failing individuals from October 2022 through April 2023 at the ‘Chantal Biya’ International Reference Centre, Yaoundé-Cameroon.”",main_text,"The enrollment period on page 3 and study period in the abstract differ in starting month, but both establish the same year span, 2022–2023.",strict
41029850,8,Were samples cloned prior to sequencing?,Not applicable,“Individual samples with confirmed virological failure were sequenced in HIV-1 protease and reverse-transcriptase genes using Sanger sequencing and analysed using Stanford HIVdatabase.v.9.4.” “Percentage of individuals with a genotypic susceptibility score (GSS) of <30 on Stanford were considered to preserve potential efficacy while those with a GSS score of ≥30 were considered to have limited activity.”,main_text,"The paper reports clinical sequencing but no in vitro susceptibility data, so the question's applicability rule requires Not applicable.",strict
41029850,9,Which HIV genes were reported to have been sequenced?,PR; RT,"“GRT was performed in the pol gene (protease (PR) and reverse transcriptase (RT)) on the stored samples with plasma viral load≥1000 copies/ml, using the previously validated inhouse protocol as described by Fokam et al. [21].” “The main limitation of this study was the inability to sequence of the integrase region in individuals on DTG-based regimens at the time of the study.”",main_text,"Page 3 specifies PR and RT as the sequenced regions. Page 7 explicitly states that integrase was not sequenced, despite dolutegravir exposure in some participants.",strict
41029850,10,What method was used for sequencing?,Sanger sequencing,"“Individual samples with confirmed virological failure were sequenced in HIV-1 protease and reverse-transcriptase genes using Sanger sequencing and analysed using Stanford HIVdatabase.v.9.4.” “Another limitation is the use of conventional sanger sequencing, which limited our ability to detect minority viral populations, which have recently shown clinical relevance.”",main_text,The abstract on page 1 and limitations on page 7 explicitly identify conventional Sanger sequencing.,strict
41029850,11,What type of samples were sequenced?,Plasma,"“GRT was performed in the pol gene (protease (PR) and reverse transcriptase (RT)) on the stored samples with plasma viral load≥1000 copies/ml, using the previously validated inhouse protocol as described by Fokam et al. [21].” “Consent was waived as the research was carried out on stored samples.”",main_text,"The methods on page 3 describe genotyping stored samples with elevated plasma viral load from patients with treatment failure, supporting classification as plasma. No other sequencing specimen type is reported.",strict
41029850,12,Were any sequences obtained from individuals with virological failure on a treatment regimen?,Yes,“Participants were on documented ART for at least 12 months and experiencing virological failure (viral load≥1000 copies/ml).” “Individual samples with confirmed virological failure were sequenced in HIV-1 protease and reverse-transcriptase genes using Sanger sequencing and analysed using Stanford HIVdatabase.v.9.4.”,main_text,The eligibility criteria on page 2 and sequencing description on page 1 explicitly establish sequencing during virological failure on ART.,strict
41029850,13,Were the patients in the study in a clinical trial?,No,"“A cross-sectional, laboratory-based sentinel study was conducted during the reporting period of March to April 2023 at the Chantal Biya International Reference Centre for research on HIV/AIDS prevention and management (CIRCB) in Yaoundé-Cameroon among ART-failing PWH.” “Data collection was done using a pre-established form from patients’ files.”",main_text,"Pages 2–3 describe observational laboratory-based surveillance using patient records, not a clinical trial or assigned treatment intervention.",strict
41029850,14,Does the paper report HIV sequences from individuals who had previously received ARV drugs?,Yes,"“Participants were on documented ART for at least 12 months and experiencing virological failure (viral load≥1000 copies/ml).” “The median [IQR] duration on ART was 10 [6.9–13.3] years, with majority (160, 78.70%) on second-line, 34 (16.80%) on first-line and 9 (4.50%) on third-line.”",main_text,The eligibility criteria and treatment histories on pages 2–3 establish prior ART exposure for the sequenced population.,strict
41029850,15,Which drug classes were received by individuals in the study before sample sequencing?,NRTIs; NNRTIs; PIs; INSTIs,"“Detailed regimens included: ABC+3TC+EFV/NVP (0.98%); AZT+3TC+EFV/NVP (1.47) TDF+3TC+EFV/NVP (6.89%); TDF+3TC+DTG (7.39%%); AZT+3TC+DTG (0.49%); ABC+3TC+DTG (3.94%); ABC+3TC+ATV/r (17.73%); ABC+3TC+LPV/r (6.40%); AZT+3TC+ATV/r (15.76%), AZT+3TC+LVP/r (5.42%); TDF+3TC+ATV/r (29.56%); TDF+3TC+LPV/r (3.94%).” “Mean ART-duration was 8.93±3.59 years, with a mean duration on DTG-ART of 1.2±0.7 years.”",main_text,"The participant regimens on page 3 include NRTIs, NNRTIs, boosted PIs, and the INSTI dolutegravir. Page 4 confirms prior dolutegravir treatment duration.",strict
41029850,16,Which drugs were received by individuals in the study before sample sequencing?,Abacavir (ABC); lamivudine (3TC); efavirenz (EFV); nevirapine (NVP); zidovudine (AZT); tenofovir disoproxil fumarate (TDF); dolutegravir (DTG); atazanavir (ATV); lopinavir (LPV); ritonavir (r),"“Detailed regimens included: ABC+3TC+EFV/NVP (0.98%); AZT+3TC+EFV/NVP (1.47) TDF+3TC+EFV/NVP (6.89%); TDF+3TC+DTG (7.39%%); AZT+3TC+DTG (0.49%); ABC+3TC+DTG (3.94%); ABC+3TC+ATV/r (17.73%); ABC+3TC+LPV/r (6.40%); AZT+3TC+ATV/r (15.76%), AZT+3TC+LVP/r (5.42%); TDF+3TC+ATV/r (29.56%); TDF+3TC+LPV/r (3.94%).” “Specifically, 15/24 (62.50%)) were on TDF+3TC+DTG, 8(33.33%) on ABC+3TC+DTG and 1 (4.17%) on AZT+3TC+DTG.”",main_text,"The actual participant regimens on pages 3–4 establish exposure to these drugs, including ritonavir as the PI booster. Darunavir and second-generation NNRTIs are discussed as potential treatment options but are not documented as drugs received by this cohort.",strict
38090027,1,Does the paper report HIV sequences from patient samples?,Yes,"“A validated in-house method was used to identify resistance-associated mutations (RAMs), as previously described by our group.” “Mainly due to the low values of viremia at VF, genotypic resistance tests (GRTs) were able to evaluate the drug resistance at VF only in five patients: none selected variants resistant to integrase inhibitors and no new mutations emerged in any case (Table 2).”",main_text,"Methods (page 2) and Results (page 5) report clinical genotypic resistance testing, with patient-level mutation results in Table 2 (page 6). This meets the criterion for reporting sequences or mutation lists from clinical samples.",strict
38090027,2,Does the paper report in vitro drug susceptibility data?,No,"“GRT on plasma HIV-RNA and PBMC HIV-DNA was interpreted according to the Stanford University HIV Drug Resistance Database version 9.0 (hivdb.stanford.edu/hivdb/by-sequences/, last updated on 22 June 2023).” “GRTs were fully amplifiable only in one case and resulted in susceptibility to all NRTIs, InSTIs, and PIs; in another case, switched to DcFTAF, GRTs were performed but analysis was feasible only for PIs, with full susceptibility.”",main_text,"Susceptibility statements refer to interpretation of genotypic tests, not phenotypic assays. No in vitro susceptibility measurements, drug titrations, or IC50/EC50 values are reported.",strict
38090027,3,Were sequences from the paper made publicly available?,No,,not_found,"The complete article contains no sequence-deposition statement or accession numbers for newly generated HIV sequences. The Stanford HIVdb link identifies an interpretation resource, not a sequence deposit.",strict
38090027,4,What were the GenBank accession numbers for sequenced HIV isolates?,Not reported,,not_found,No GenBank or other sequence-repository accession numbers are provided.,strict
38090027,5,How many individuals had samples obtained for HIV sequencing?,5,"“Overall, 1040 patients who met the above-mentioned inclusion criteria were considered in the analysis (flowchart of data extraction in Figure 1).” “Mainly due to the low values of viremia at VF, genotypic resistance tests (GRTs) were able to evaluate the drug resistance at VF only in five patients: none selected variants resistant to integrase inhibitors and no new mutations emerged in any case (Table 2).”",main_text,"Five individuals had reportable genotypic results, corresponding to IDs 1–5 in Table 2 (page 6). The 1040-person cohort and 44 virological failures are not sequencing counts; RNA and DNA results from the same person are not counted separately.",strict
38090027,6,From which countries were the sequenced samples obtained?,Italy,"“Individuals provided written informed consent on the use of their data in scientific analyses and to be included in the Centro San Luigi (CSL) HIV Cohort.” “The CSL-HIV Cohort was approved by the Ethics Committee of the IRCCS San Raffaele Scientific Institute (Milan, Italy; date of approval 4 December 2017, protocol n. 34).”",main_text,The clinical samples came from the study's Milan-based clinical cohort in Italy. Other countries mentioned in the Discussion concern separate published studies.,strict
38090027,7,From what years were the sequenced samples obtained?,2019–2022,"“A retrospective cohort study was conducted in adult PLWH on antiretroviral therapy and HIV-RNA <50 copies/mL, who switched to BFTAF to replace the current regimen, from June 2019 to June 2021.” “Follow-up accrued from the start of BFTAF (baseline) up to the stop of any drug in the regimen or lost to follow-up or data freezing (31 August 2022).”",main_text,"Genotyping was performed at virological failure during follow-up, placing sample collection within the 2019–2022 observation window. Individual collection dates are not supplied, so this is the study-window range rather than exact earliest and latest sampling dates.",strict
38090027,8,Were samples cloned prior to sequencing?,Not applicable,"“A validated in-house method was used to identify resistance-associated mutations (RAMs), as previously described by our group.” “GRT on plasma HIV-RNA and PBMC HIV-DNA was interpreted according to the Stanford University HIV Drug Resistance Database version 9.0 (hivdb.stanford.edu/hivdb/by-sequences/, last updated on 22 June 2023).”",main_text,"The paper does not report in vitro drug susceptibility data, so the specified applicability rule requires Not applicable regardless of whether cloning details are available.",strict
38090027,9,Which HIV genes were reported to have been sequenced?,"PR, RT, IN","“GRTs were fully amplifiable only in one case and resulted in susceptibility to all NRTIs, InSTIs, and PIs; in another case, switched to DcFTAF, GRTs were performed but analysis was feasible only for PIs, with full susceptibility.” “Even in the cases of VF reported here, most patients (75%) developed a spontaneous virological control and, when genotypic resistance testing was feasible, there was no evidence of emerging resistance to integrase inhibitors, emtricitabine (or lamivudine), or tenofovir.”",main_text,"Genotypic assessment of PI, NRTI/NNRTI, and integrase-inhibitor resistance establishes PR, RT, and IN targets. Table 2 additionally reports PR K20R and RT K103N mutations.",strict
38090027,10,What method was used for sequencing?,Not reported,"“A validated in-house method was used to identify resistance-associated mutations (RAMs), as previously described by our group.” “GRT on plasma HIV-RNA and PBMC HIV-DNA was interpreted according to the Stanford University HIV Drug Resistance Database version 9.0 (hivdb.stanford.edu/hivdb/by-sequences/, last updated on 22 June 2023).”",main_text,"The article references a previously described in-house method but does not specify Sanger sequencing, NGS, sequencing reagents, or an instrument in the supplied file. Viral-load PCR is not a sequencing method.",strict
38090027,11,What type of samples were sequenced?,"Plasma, PBMC","“A validated in-house method was used to identify resistance-associated mutations (RAMs), as previously described by our group.” “GRT on plasma HIV-RNA and PBMC HIV-DNA was interpreted according to the Stanford University HIV Drug Resistance Database version 9.0 (hivdb.stanford.edu/hivdb/by-sequences/, last updated on 22 June 2023).”",main_text,Methods explicitly identify plasma RNA and PBMC DNA. Table 2 reports RNA results for all five individuals and additional DNA results for two.,strict
38090027,12,Were any sequences obtained from individuals with virological failure on a treatment regimen?,Yes,"“Virological failure (VF) was defined as two consecutive HIV-RNA values >50 copies/mL or a single HIV-RNA value >400 copies/mL.” “Mainly due to the low values of viremia at VF, genotypic resistance tests (GRTs) were able to evaluate the drug resistance at VF only in five patients: none selected variants resistant to integrase inhibitors and no new mutations emerged in any case (Table 2).”",main_text,The five genotyped individuals were sampled at virological failure while receiving BFTAF.,strict
38090027,13,Were the patients in the study in a clinical trial?,No,"“A retrospective cohort study was conducted in adult PLWH on antiretroviral therapy and HIV-RNA <50 copies/mL, who switched to BFTAF to replace the current regimen, from June 2019 to June 2021.” “The aim of this study is to describe the efficacy and tolerability of BFTAF in PLWH virologically suppressed, while exposed to other antiretroviral regimens, in a context of clinical practice.”",main_text,"This is a retrospective clinical-practice cohort, not a treatment trial. References to previous or subsequent clinical-trial participation and to other published trials do not change the design of the reported study.",strict
38090027,14,Does the paper report HIV sequences from individuals who had previously received ARV drugs?,Yes,"“A retrospective cohort study was conducted in adult PLWH on antiretroviral therapy and HIV-RNA <50 copies/mL, who switched to BFTAF to replace the current regimen, from June 2019 to June 2021.” “Mainly due to the low values of viremia at VF, genotypic resistance tests (GRTs) were able to evaluate the drug resistance at VF only in five patients: none selected variants resistant to integrase inhibitors and no new mutations emerged in any case (Table 2).”",main_text,"Participants were treatment-experienced before switching, and the reported genotypes were obtained after exposure to BFTAF.",strict
38090027,15,Which drug classes were received by individuals in the study before sample sequencing?,"NRTIs, NNRTIs, PIs, INSTIs","“A fixed combination of bictegravir/emtricitabine/tenofovir alafenamide (BFTAF, Biktarvy®), an HIV integrase strand transfer inhibitor (InSTI) associated with two nucleoside reverse transcriptase inhibitors, has been available in Italy since June 2019 for the treatment of people living with HIV infection (PLWH).” “Of those on a regimen other than ECFTAF, 194 (59.9%) were on a three-drug integrase inhibitor-based regimen other than elvitegravir, 56 (16.7%) on a protease inhibitor-based regimen, 38 (11.7%) on a non-nucleoside reverse transcriptase inhibitor-based regimen, and 47 (14%) were taking a regimen that cannot be classified among the previous ones, including mono-and dual-therapies and study-protocol regimens.”",main_text,"The study reports prior NRTI, NNRTI, PI, and INSTI exposure at cohort level. NRTI and INSTI exposure is certain for all five genotyped individuals because testing occurred on BFTAF; their individual earlier PI/NNRTI histories are not specified.",strict
38090027,16,Which drugs were received by individuals in the study before sample sequencing?,"Bictegravir (BIC), emtricitabine (FTC), tenofovir alafenamide (TAF), elvitegravir (EVG)","“Since its availability in our hospital pharmacy, it was planned to replace all regimens consisting of elvitegravir/cobicistat/emtricitabine/tenofovir alafenamide (ECFTAF) with BFTAF, depending upon several advantages in terms of safety, pharmacokinetics, antiviral activity, and pharmacoeconomics.” “A fixed combination of bictegravir/emtricitabine/tenofovir alafenamide (BFTAF, Biktarvy®), an HIV integrase strand transfer inhibitor (InSTI) associated with two nucleoside reverse transcriptase inhibitors, has been available in Italy since June 2019 for the treatment of people living with HIV infection (PLWH).”",main_text,"Bictegravir, emtricitabine, and tenofovir alafenamide were received before failure-time genotyping. Elvitegravir is documented as a prior drug for the broader cohort, although the five genotyped individuals' earlier regimens are not identified. Cobicistat is a pharmacokinetic booster, not an ARV; darunavir, dolutegravir, and rilpivirine are described as post-failure switches and are not established as pre-sequencing exposures.",strict
38140649,1,Does the paper report HIV sequences from patient samples?,Yes,“Data collection and analysis were performed on HIV-1 RNA plasma samples collected from newly diagnosed HIV patients over a four-year period during the diagnostic process and clinical follow-up at UHID.” “HIV drug resistance analysis was performed on the viral sequences of 270 persons covering the RT/PR and IN regions.”,main_text,Sections 2.1 and 3.2 report newly generated HIV sequences from clinical plasma samples of 270 individuals.,strict
38140649,2,Does the paper report in vitro drug susceptibility data?,No,"“Clinically relevant resistance to NRTIs, NNRTIs, PIs, and INSTIs was evaluated with the Stanford University HIV Drug Resistance Database, Genotypic Resistance Interpretation Algorithm version 9.5 [35] and the IAS Drug Resistance Mutation list [36].” “A Stanford score of 15 to 29 predicts low-level resistance and a score of 60 or above predicts high-level resistance [35].”",main_text,"Section 2.3 describes sequence-based resistance predictions, not phenotypic assays. No original in vitro susceptibility measurements or drug susceptibility assays are reported.",strict
38140649,3,Were sequences from the paper made publicly available?,Yes,“All sequences obtained in this study by SS were submitted to the GeneBank nucleotide sequence database under accession numbers OR605755-OR606279 and OR613869-OR613875.” “Sequences generated by DS are available from the ArrayExpress database at EMBL-EBI under accession number E-MTAB-13563.”,main_text,The Data Availability Statement on page 16 explicitly reports public deposition of both Sanger and deep-sequencing data.,strict
38140649,4,What were the GenBank accession numbers for sequenced HIV isolates?,OR605755–OR606279; OR613869–OR613875; ArrayExpress: E-MTAB-13563,“All sequences obtained in this study by SS were submitted to the GeneBank nucleotide sequence database under accession numbers OR605755-OR606279 and OR613869-OR613875.” “Sequences generated by DS are available from the ArrayExpress database at EMBL-EBI under accession number E-MTAB-13563.”,main_text,The page 16 deposition statement supplies two GenBank accession ranges and an ArrayExpress accession. Individual study accessions mentioned elsewhere fall within these ranges; the HXB2 reference accession is excluded.,strict
38140649,5,How many individuals had samples obtained for HIV sequencing?,270,"“Ten people did not meet the inclusion criteria, so the final data set consisted of 270 persons, providing coverage of 96.4%.” “HIV drug resistance analysis was performed on the viral sequences of 270 persons covering the RT/PR and IN regions.”",main_text,"Sections 3.1–3.2 identify 270 sequenced individuals. The 60 deep-sequenced samples were a subset, and previously published background sequences do not add newly sequenced participants.",strict
38140649,6,From which countries were the sequenced samples obtained?,Croatia,"“All persons infected with HIV are treated at the University Hospital for Infectious Diseases (UHID) in Zagreb, allowing us to perform extensive studies since all data are available in one place [20].” “Data collection and analysis were performed on HIV-1 RNA plasma samples collected from newly diagnosed HIV patients over a four-year period during the diagnostic process and clinical follow-up at UHID.”",main_text,"The Introduction and Section 2.1 locate clinical care and sample collection at UHID in Zagreb, Croatia. Reported countries of infection and foreign background sequences are not additional collection countries.",strict
38140649,7,From what years were the sequenced samples obtained?,2019–2022,“Data collection and analysis were performed on HIV-1 RNA plasma samples collected from newly diagnosed HIV patients over a four-year period during the diagnostic process and clinical follow-up at UHID.” “All newly diagnosed treatment-naïve PLHIV over 18 years who entered clinical care at UHID in the period between January 2019 and December 2022 with plasma viraemia > 1000 HIV-1 RNA copies per ml were included in this study.”,main_text,Section 2.1 establishes 2019–2022 as the collection/enrollment period for the newly sequenced cohort. The 2014–2017 sequences were historical background data.,strict
38140649,8,Were samples cloned prior to sequencing?,Not applicable,"“Nested PCR amplicons were purified and sequenced with a BigDye Terminator v3.1 Cycle Sequencing Kit (Thermo Fisher Scientific, Waltham, MA, USA) with a set of four primers for both sequencing regions to obtain bidirectional sequences (Supplementary Table S1).” “Clinically relevant resistance to NRTIs, NNRTIs, PIs, and INSTIs was evaluated with the Stanford University HIV Drug Resistance Database, Genotypic Resistance Interpretation Algorithm version 9.5 [35] and the IAS Drug Resistance Mutation list [36].”",main_text,"Although clinical sequencing is reported, no in vitro susceptibility data are reported. The question's applicability rule therefore requires Not applicable.",strict
38140649,9,Which HIV genes were reported to have been sequenced?,"PR, RT, IN",“Amplification of the HIV-1 pol gene was performed for two regions in two separate reactions: (1) sequencing of the HIV-1 protease and partial sequencing of the reverse transcriptase gene; and (2) sequencing of the HIV-1 integrase gene.” “HIV drug resistance analysis was performed on the viral sequences of 270 persons covering the RT/PR and IN regions.”,main_text,"Sections 2.2 and 3.2 explicitly identify protease, reverse transcriptase, and integrase as the sequenced targets.",strict
38140649,10,What method was used for sequencing?,Sanger sequencing; NGS,"“We used Sanger sequencing (SS) as well as deep sequencing (DS) for analysing the prevalence of TDR and the HIV-1 diversity, and we used a phylogenetic approach to characterize HIV transmission.” “A total of 60 samples that were previously sequenced by SS were randomly selected and subjected to NGS.” “Libraries were sequenced on MiniSeq using the MID output 300 cycles reagent kit (paired-end; 151 + 151).”",main_text,"The Introduction and Section 2.4 explicitly report Sanger sequencing and Illumina MiniSeq NGS, with NGS performed on a 60-sample subset.",strict
38140649,11,What type of samples were sequenced?,Plasma,"“At least 500 µL of the patient’s plasma samples were concentrated at 20,000 g and 8 °C for 1 h.” “A portion of the supernatant was removed, and the remaining 140 µL was used for RNA extraction using a QIAamp Viral RNA Mini Kit (Qiagen, Hilden, Germany) according to the manufacturer’s protocol.”",main_text,Section 2.2 explicitly describes viral RNA extraction from patient plasma for sequencing.,strict
38140649,12,Were any sequences obtained from individuals with virological failure on a treatment regimen?,No,“All newly diagnosed treatment-naïve PLHIV over 18 years who entered clinical care at UHID in the period between January 2019 and December 2022 with plasma viraemia > 1000 HIV-1 RNA copies per ml were included in this study.” “A total of 270 persons met the inclusion criteria.”,main_text,"The sequenced cohort was explicitly restricted to newly diagnosed, treatment-naïve individuals. Their baseline viremia does not represent treatment failure.",strict
38140649,13,Were the patients in the study in a clinical trial?,No,“Data collection and analysis were performed on HIV-1 RNA plasma samples collected from newly diagnosed HIV patients over a four-year period during the diagnostic process and clinical follow-up at UHID.” “More than 90% of treatment-naïve PLHIV that entered clinical care in the study period were included in this nationally representative study where we continued the longitudinal monitoring of TDR in Croatia.”,main_text,"This was observational surveillance during routine clinical care, with no treatment allocation or trial participation reported. References to ATLAS and FLAIR concern other studies.",strict
38140649,14,Does the paper report HIV sequences from individuals who had previously received ARV drugs?,No,"“All newly diagnosed treatment-naïve PLHIV over 18 years who entered clinical care at UHID in the period between January 2019 and December 2022 with plasma viraemia > 1000 HIV-1 RNA copies per ml were included in this study.” “In order to characterize the HIV epidemic in Croatia by analysing HIV-1 diversity, TDR, and transmission clusters, we combined virological, clinical, molecular, and epidemiological data from 270 newly diagnosed, treatment-naïve persons with HIV who enrolled in clinical care at the Reference Centre for HIV-AIDS at UHID in the period 2019–2022.”",main_text,Both the eligibility criteria and Discussion describe all newly sequenced participants as treatment-naïve. No prior ARV exposure is reported for them.,strict
38140649,15,Which drug classes were received by individuals in the study before sample sequencing?,None,“All newly diagnosed treatment-naïve PLHIV over 18 years who entered clinical care at UHID in the period between January 2019 and December 2022 with plasma viraemia > 1000 HIV-1 RNA copies per ml were included in this study.” “A total of 270 persons met the inclusion criteria.”,main_text,"All sequenced individuals were treatment-naïve, so no prior drug classes apply. Classes evaluated for transmitted resistance are not evidence of participant exposure.",strict
38140649,16,Which drugs were received by individuals in the study before sample sequencing?,None,“All newly diagnosed treatment-naïve PLHIV over 18 years who entered clinical care at UHID in the period between January 2019 and December 2022 with plasma viraemia > 1000 HIV-1 RNA copies per ml were included in this study.” “A total of 270 persons met the inclusion criteria.”,main_text,"The sequenced cohort was treatment-naïve. Drugs discussed in relation to resistance mutations, guidelines, and other studies were not reported as prior treatments of these participants.",strict
41056006,1,Does the paper report HIV sequences from patient samples?,Yes,“HIV-1 capsid genotypic and phenotypic data were assessed at study entry using the GenoSure Gag-Pro and PhenoSense Gag-Pro assays (Monogram Biosciences).” “The other participant in TG1 developed Q67H RAM at Week 116.”,main_text,"The study performed genotypic testing on participants' clinical samples and reports newly detected resistance mutations, including a capsid mutation detected during extended follow-up (pages 4 and 7).",strict
41056006,2,Does the paper report in vitro drug susceptibility data?,Yes,“Emergence of LEN resistance was an exploratory endpoint.” “HIV-1 capsid genotypic and phenotypic data were assessed at study entry using the GenoSure Gag-Pro and PhenoSense Gag-Pro assays (Monogram Biosciences).”,main_text,"The Methods explicitly state that phenotypic testing was performed using PhenoSense Gag-Pro (page 4), meeting the specified criterion even though numerical susceptibility results are not provided in the attached main article.",strict
41056006,3,Were sequences from the paper made publicly available?,No,“Gilead Sciences shares anonymized individual participant data upon request or as required by law or regulation with qualified external researchers based on submitted curriculum vitae and reflecting non-conflict of interest.” “Data requests should be sent to datarequest@gilead.com.”,main_text,"The data availability statement describes controlled access upon request, not public sequence deposition (page 9). No sequence accession numbers or repository deposition statements appear in the supplied file; the externally linked supplement is not included.",strict
41056006,4,What were the GenBank accession numbers for sequenced HIV isolates?,Not reported,"“Approval of such requests is at Gilead Science’s discretion and is dependent on the nature of the request, the merit of the research proposed, the availability of the data, and the intended use of the data.” “Data requests should be sent to datarequest@gilead.com.”",main_text,The data availability statement provides a request procedure rather than accession numbers (page 9). No GenBank or other sequence-repository accession numbers are reported in the supplied file.,strict
41056006,5,How many individuals had samples obtained for HIV sequencing?,182,"“HIV-1 capsid genotypic and phenotypic data were assessed at study entry using the GenoSure Gag-Pro and PhenoSense Gag-Pro assays (Monogram Biosciences).” “No LEN resistance-associated mutations (RAMs) were detected in baseline samples.” “Of the 182 participants enrolled and dosed, 10 (6%) met virologic failure criteria and were included in the RAP (TG1, n = 3; TG2, n = 2; TG3, n = 4; TG4, n = 1).”",main_text,Study-entry genotyping is described for the study population of 182 dosed participants (pages 4 and 6). Ten of these participants underwent additional resistance evaluation after meeting failure criteria; they are not additional individuals. The number of successful baseline genotypes is not separately tabulated.,strict
41056006,6,From which countries were the sequenced samples obtained?,United States; Dominican Republic,"“CALIBRATE was a Phase 2, randomized, open-label, active-controlled, multicenter study.” “Treatment-naïve PWH were enrolled across 41 sites in the USA and Dominican Republic (study design presented in Fig. 1).”",main_text,The clinical sampling population was recruited at sites in the United States and Dominican Republic (page 3).,strict
41056006,7,From what years were the sequenced samples obtained?,2019–2020 (baseline); follow-up sample-collection years not reported,"“Between 22 November 2019 and 27 August 2020, 183 participants in CALIBRATE were randomly assigned to one of four TGs.” “HIV-1 capsid genotypic and phenotypic data were assessed at study entry using the GenoSure Gag-Pro and PhenoSense Gag-Pro assays (Monogram Biosciences).” “This analysis included efficacy data up to Week 132, and safety and resistance data until the last study visit for each participant, which may have been up to Week 184.”",main_text,"The reported enrollment dates establish 2019–2020 for study-entry samples (pages 4–5). Later resistance samples were also collected, but their calendar years are not explicitly reported; study-relative weeks are not converted into an assumed collection-year range.",strict
41056006,8,Were samples cloned prior to sequencing?,No,“HIV-1 capsid genotypic and phenotypic data were assessed at study entry using the GenoSure Gag-Pro and PhenoSense Gag-Pro assays (Monogram Biosciences).” “No LEN resistance-associated mutations (RAMs) were detected in baseline samples.”,main_text,"The study used the commercial GenoSure genotyping platform (page 4), which is classified as non-cloned sequencing under the specified rules. No pre-sequencing cloning or single-genome amplification is described.",strict
41056006,9,Which HIV genes were reported to have been sequenced?,CA; RT,“HIV-1 capsid genotypic and phenotypic data were assessed at study entry using the GenoSure Gag-Pro and PhenoSense Gag-Pro assays (Monogram Biosciences).” “The participant in TG2 had developed M184M/I RAM in reverse transcriptase prior to Q67H + K70R RAMs in capsid at Week 10; incomplete adherence to F/TAF was suspected.”,main_text,The paper explicitly reports capsid genotyping and reverse-transcriptase mutations (pages 4 and 7). Other gene targets are not explicitly reported as sequenced; the assay name alone is not used to expand the stated targets.,strict
41056006,10,What method was used for sequencing?,Not reported,“HIV-1 capsid genotypic and phenotypic data were assessed at study entry using the GenoSure Gag-Pro and PhenoSense Gag-Pro assays (Monogram Biosciences).” “Full methodologic details for CALIBRATE have been reported previously.”,main_text,"The article names the genotyping assay but does not explicitly identify Sanger sequencing, NGS, sequencing instruments, reagents, or read-generation procedures (pages 3–4).",strict
41056006,11,What type of samples were sequenced?,Plasma,"“Eligible participants were treatment naïve, ≥18 years old, and had screening plasma HIV-1 RNA of ≥200 copies/mL and CD4 cell counts of ≥200 cells/µL without active hepatitis B or C infection.” “Of the 182 participants enrolled and dosed, 10 (6%) met virologic failure criteria and were included in the RAP (TG1, n = 3; TG2, n = 2; TG3, n = 4; TG4, n = 1).”",main_text,The study assessed plasma HIV-1 RNA and performed resistance testing in viremic participants at baseline and virological failure (pages 3 and 6). Plasma is therefore included under the specified specimen-inference rule; PBMC or proviral-DNA sequencing is not described.,strict
41056006,12,Were any sequences obtained from individuals with virological failure on a treatment regimen?,Yes,"“Of the 182 participants enrolled and dosed, 10 (6%) met virologic failure criteria and were included in the RAP (TG1, n = 3; TG2, n = 2; TG3, n = 4; TG4, n = 1).” “The participant in TG3 developed Q67H RAM in capsid at Week 54 with subsequent emergence of K70R RAM at Week 80 and demonstrated nonadherence to oral LEN by pill count and drug levels.”",main_text,"Resistance testing included ten participants who met virological failure criteria during treatment, with on-treatment resistance mutations reported (pages 6–7).",strict
41056006,13,Were the patients in the study in a clinical trial?,Yes,"“CALIBRATE was a Phase 2, randomized, open-label, active-controlled, multicenter study.” “Eligible participants were randomized (2:2:2:1) to one of four open-label treatment groups (TGs; TG1–4) by the investigator or designee using an interactive web response system, stratified by HIV-1 RNA (≤100 000 copies/mL or >100 000 copies/mL) at screening.”",main_text,"The participants were enrolled in a randomized Phase 2 treatment trial, with four assigned treatment groups (page 3; also depicted in Figure 1, page 12).",strict
41056006,14,Does the paper report HIV sequences from individuals who had previously received ARV drugs?,Yes,“The participant in TG2 had developed M184M/I RAM in reverse transcriptase prior to Q67H + K70R RAMs in capsid at Week 10; incomplete adherence to F/TAF was suspected.” “The participant in TG3 developed Q67H RAM in capsid at Week 54 with subsequent emergence of K70R RAM at Week 80 and demonstrated nonadherence to oral LEN by pill count and drug levels.”,main_text,"Although participants were treatment-naïve at enrollment, follow-up sequences were obtained after exposure to study ARVs (page 7). Thus, not all sequences were from ARV-naïve individuals at the time of sampling.",strict
41056006,15,Which drug classes were received by individuals in the study before sample sequencing?,NRTIs; INSTIs; Capsid inhibitors (CAIs),"“Participants in TG1 and TG2 received SC LEN (927 mg) plus oral daily emtricitabine/tenofovir alafenamide (F/TAF) (200/25 mg) for 28 weeks, and then switched from F/TAF to maintenance oral daily TAF (25 mg) (TG1) and oral daily bictegravir (75 mg) (TG2).” “TG3 received oral daily LEN (50 mg) with F/TAF (200/25 mg) and TG4 received an active control regimen of oral daily bictegravir (50 mg) with F/TAF (200/25 mg) (Fig. 1).” “Of the 182 participants enrolled and dosed, 10 (6%) met virologic failure criteria and were included in the RAP (TG1, n = 3; TG2, n = 2; TG3, n = 4; TG4, n = 1).”",main_text,"Participants tested after treatment exposure came from all four treatment groups (pages 3 and 6). Their regimens included NRTIs (emtricitabine and tenofovir alafenamide), an INSTI (bictegravir), and a capsid inhibitor (lenacapavir).",strict
41056006,16,Which drugs were received by individuals in the study before sample sequencing?,Lenacapavir (LEN); emtricitabine (FTC); tenofovir alafenamide (TAF); bictegravir (BIC),"“Participants in TG1 and TG2 received SC LEN (927 mg) plus oral daily emtricitabine/tenofovir alafenamide (F/TAF) (200/25 mg) for 28 weeks, and then switched from F/TAF to maintenance oral daily TAF (25 mg) (TG1) and oral daily bictegravir (75 mg) (TG2).” “TG3 received oral daily LEN (50 mg) with F/TAF (200/25 mg) and TG4 received an active control regimen of oral daily bictegravir (50 mg) with F/TAF (200/25 mg) (Fig. 1).” “Of the 182 participants enrolled and dosed, 10 (6%) met virologic failure criteria and were included in the RAP (TG1, n = 3; TG2, n = 2; TG3, n = 4; TG4, n = 1).”",main_text,"These four drugs comprise the assigned regimens received before on-treatment resistance sampling in participants from TG1–4 (pages 3 and 6; Figure 1, page 12). Drugs discussed only in other studies are excluded.",strict
40974886,1,Does the paper report HIV sequences from patient samples?,Yes,"""Retrospective proviral DNA genotyping of PR/RT/IN using GenoSure Archive (Monogram Biosciences, CA, USA) was performed on baseline whole blood samples and a subset of Week 24 samples (GS-US-380-4580)."" ""Two to four replicates were run for each sample, resulting in the analysis of 257 proviral genotype reports.""",main_text,"Sections 2.2 and 3.2.1 describe genotyping performed directly on clinical blood samples, including repeat testing, rather than exclusively reusing published sequences.",strict
40974886,2,Does the paper report in vitro drug susceptibility data?,No,"""Genotypic data were reported on a population sequencing level."" ""Reproducibility (%) of RAMs and other substitutions (calculated as the number of times the mutation was detected per number of genotypic assays run) was reported as mean ± standard deviation (SD).""",main_text,"The assays measure mutation detection and genotyping reproducibility. No in vitro phenotypic susceptibility assays, inhibitory concentrations, or susceptibility fold changes are reported.",strict
40974886,3,Were sequences from the paper made publicly available?,No,"""Gilead Sciences shares anonymized individual data upon request or as required by law or regulation with qualified external researchers on the basis of submitted curriculum vitae and reflecting non-conflict of interest."" ""Data requests should be sent to DataSharing@gilead.com.""",main_text,"The Data availability statement on page 8 provides controlled access upon request, not public sequence deposition. No sequence repository accession numbers or deposition statements are provided.",strict
40974886,4,What were the GenBank accession numbers for sequenced HIV isolates?,Not reported,"""Approval of such requests is at Gilead Sciences’ discretion and is dependent on the nature of the request, the merit of the research proposed, the availability of the data, and the intended use of the data."" ""Data requests should be sent to DataSharing@gilead.com.""",main_text,No GenBank or other sequence repository accession numbers appear in the supplied article. Clinical trial identifiers are not sequence accessions.,strict
40974886,5,How many individuals had samples obtained for HIV sequencing?,Not reported,"""Overall, 241 participants (35 from GS-US-380-4449, 93 from GS-US-380-4030, and 113 from GS-US-380-4580) were included, with genotype reports collected from March 1997 to March 2019."" ""Overall, from 70 participants (12 from GS-US-380-4449, 39 from GS-US-380-4030, and 19 from GS-US-380-4580), 90 whole blood samples from October 2016 to July 2019 were analyzed.""",main_text,"Sections 3.1.1 and 3.2.1 report 241 individuals in the longitudinal analysis and 70 in repeat testing. Both groups come from the same trials, but their overlap is not specified; therefore, an exact overall unique count cannot be determined and the groups should not simply be summed.",strict
40974886,6,From which countries were the sequenced samples obtained?,Not reported,"""Historical RNA or proviral DNA genotype reports for protease (PR), reverse transcriptase (RT), and integrase (IN) from local laboratories or commercial sites were included."" ""Retrospective proviral DNA genotyping of PR/RT/IN using GenoSure Archive (Monogram Biosciences, CA, USA) was performed on baseline whole blood samples and a subset of Week 24 samples (GS-US-380-4580).""",main_text,"The supplied article does not specify sample-collection countries. The California location identifies the testing laboratory, not recruitment sites; the cited trial concerning Black Americans does not provide collection-site details in this file.",strict
40974886,7,From what years were the sequenced samples obtained?,1997–2019,"""Overall, 241 participants (35 from GS-US-380-4449, 93 from GS-US-380-4030, and 113 from GS-US-380-4580) were included, with genotype reports collected from March 1997 to March 2019."" ""Overall, from 70 participants (12 from GS-US-380-4449, 39 from GS-US-380-4030, and 19 from GS-US-380-4580), 90 whole blood samples from October 2016 to July 2019 were analyzed.""",main_text,The combined reported interval is 1997–2019. The earlier interval is stated as genotype-report dates; repeat-testing blood samples are explicitly dated 2016–2019.,strict
40974886,8,Were samples cloned prior to sequencing?,Not applicable,"""Retrospective proviral DNA genotyping of PR/RT/IN using GenoSure Archive (Monogram Biosciences, CA, USA) was performed on baseline whole blood samples and a subset of Week 24 samples (GS-US-380-4580)."" ""Genotypic data were reported on a population sequencing level.""",main_text,"The paper does not report in vitro drug susceptibility data, so the specified applicability rule requires Not applicable regardless of the genotyping workflow.",strict
40974886,9,Which HIV genes were reported to have been sequenced?,"PR, RT, IN","""Historical RNA or proviral DNA genotype reports for protease (PR), reverse transcriptase (RT), and integrase (IN) from local laboratories or commercial sites were included."" ""Retrospective proviral DNA genotyping of PR/RT/IN using GenoSure Archive (Monogram Biosciences, CA, USA) was performed on baseline whole blood samples and a subset of Week 24 samples (GS-US-380-4580).""",main_text,"Section 2.2 explicitly identifies protease, reverse transcriptase, and integrase as the genotyping targets.",strict
40974886,10,What method was used for sequencing?,Sanger sequencing; NGS,"""Technical details of the local and commercial assays were also not always available, and therefore a mix of sequencing methods (e.g., Sanger versus next-generation sequencing), and possibly a range of population sequencing reporting levels were analyzed."" ""Bioinformatic filters removed APOBEC-mediated, hypermutated deep-sequence reads from GenoSure Archive results to prevent RAM overreporting (e.g., E138K, M184I, and M230I in RT, and G163R in IN) as previously described [9].""",main_text,"The discussion explicitly describes mixed Sanger and next-generation sequencing methods, and the retrospective archive assay generated deep-sequence reads.",strict
40974886,11,What type of samples were sequenced?,Plasma; PBMC; Whole blood,"""Retrospective proviral DNA genotyping of PR/RT/IN using GenoSure Archive (Monogram Biosciences, CA, USA) was performed on baseline whole blood samples and a subset of Week 24 samples (GS-US-380-4580)."" ""Furthermore, this study included both RNA and DNA reports, and, as proviral DNA may harbor RAMs not detectable in plasma RNA, this could influence detection between tests [9].""",main_text,"Whole blood was explicitly used for retrospective proviral DNA testing, and historical plasma RNA genotypes were included. PBMC is also included under the specified rule mapping proviral DNA to PBMC; separately isolated PBMC specimens are not explicitly documented.",strict
40974886,12,Were any sequences obtained from individuals with virological failure on a treatment regimen?,Yes,"""The study included treatment-experienced PWH aged ≥18 years, randomized to B/F/TAF or comparator regimens in studies GS-US-380-4449 (NCT03405935 [5,6]; ≥65 years), GS-US-380-4030 (NCT03110380 [7]), and GS-US-380-4580 (NCT03631732 [8]), with virologic suppression (HIV-1 RNA <50 copies/mL) for ≥3–6 months and no prior virologic failure on integrase strand transfer inhibitor (INSTI)-containing regimens (GS-US-380-4030, GS-US-380-4580) or no HIV-1 RNA ≥400 copies/mL (GS-US-380-4449)."" ""Additionally, information regarding the impetus for generating historical genotypic reports was not available (i.e., whether testing was due to virologic failure).""",main_text,"Yes follows the specified rule that sequencing from ART-experienced individuals qualifies. However, the paper explicitly states that failure as the reason for historical testing was unknown; documented failure at sampling should not be inferred.",strict
40974886,13,Were the patients in the study in a clinical trial?,Yes,"""The study included treatment-experienced PWH aged ≥18 years, randomized to B/F/TAF or comparator regimens in studies GS-US-380-4449 (NCT03405935 [5,6]; ≥65 years), GS-US-380-4030 (NCT03110380 [7]), and GS-US-380-4580 (NCT03631732 [8]), with virologic suppression (HIV-1 RNA <50 copies/mL) for ≥3–6 months and no prior virologic failure on integrase strand transfer inhibitor (INSTI)-containing regimens (GS-US-380-4030, GS-US-380-4580) or no HIV-1 RNA ≥400 copies/mL (GS-US-380-4449)."" ""All participants provided written informed consent for the primary study analyses.""",main_text,"Although the present analysis is retrospective, the participants were enrolled in interventional switch trials with treatment assignment.",strict
40974886,14,Does the paper report HIV sequences from individuals who had previously received ARV drugs?,Yes,"""The study included treatment-experienced PWH aged ≥18 years, randomized to B/F/TAF or comparator regimens in studies GS-US-380-4449 (NCT03405935 [5,6]; ≥65 years), GS-US-380-4030 (NCT03110380 [7]), and GS-US-380-4580 (NCT03631732 [8]), with virologic suppression (HIV-1 RNA <50 copies/mL) for ≥3–6 months and no prior virologic failure on integrase strand transfer inhibitor (INSTI)-containing regimens (GS-US-380-4030, GS-US-380-4580) or no HIV-1 RNA ≥400 copies/mL (GS-US-380-4449)."" ""Participants with historical and/or baseline proviral genotypic data from ≥2 timepoints prior to study drug initiation were included.""",main_text,The sequenced participants were explicitly treatment-experienced and predominantly virologically suppressed on ART.,strict
40974886,15,Which drug classes were received by individuals in the study before sample sequencing?,NRTIs; INSTIs,"""Genotyping of protease, reverse transcriptase, and integrase from 3 bictegravir/emtricitabine/tenofovir alafenamide switch studies was included."" ""Baseline and Week 24 samples were available from study GS-US-380-4580; one participant from study GS-US-380-4449 participated in a previous study (GS-US-292-1826) and samples from both studies were included.""",main_text,"The analysis includes post-switch Week 24 samples, supporting exposure to bictegravir (INSTI) and emtricitabine/tenofovir alafenamide (NRTIs) before those samples. Earlier individual regimens are not detailed; resistance to NNRTIs or PIs alone does not establish receipt of those classes.",strict
40974886,16,Which drugs were received by individuals in the study before sample sequencing?,Bictegravir (BIC); emtricitabine (FTC); tenofovir alafenamide (TAF),"""Genotyping of protease, reverse transcriptase, and integrase from 3 bictegravir/emtricitabine/tenofovir alafenamide switch studies was included."" ""Retrospective proviral DNA genotyping of PR/RT/IN using GenoSure Archive (Monogram Biosciences, CA, USA) was performed on baseline whole blood samples and a subset of Week 24 samples (GS-US-380-4580).""",main_text,"Bictegravir, emtricitabine, and tenofovir alafenamide are the named switch-regimen drugs relevant to post-switch Week 24 samples. They should not be assumed to precede baseline sampling; specific earlier treatment histories are not reported in the supplied file.",strict
23749954,1,Does the paper report HIV sequences from patient samples?,No,“Cell culture drug selections were performed with various drugs in MT2 cells.” “Frequencies of subtype-specific silent nucleotide polymorphisms relevant to this study are shown in percentages that were calculated for each subtype from alignments of complete sequences available from the HIV Sequence Database of Los Alamos National Laboratory.”,main_text,"The experiments used laboratory NL4-3 viruses and mutants, while the comparative sequence analysis used existing database sequences (Figure 1 legend, page 3). No new sequences were obtained from patient samples.",strict
23749954,2,Does the paper report in vitro drug susceptibility data?,No,“Cell culture drug selections were performed with various drugs in MT2 cells.” “All selections for resistance were performed at least three times.”,main_text,"The abstract and Figure 2 legend describe resistance-selection experiments, not phenotypic susceptibility measurements. Figure 2 reports mutation outcomes; no IC50, EC50, susceptibility fold changes, or susceptibility assay results are reported.",strict
23749954,3,Were sequences from the paper made publicly available?,No,"“Representation of the sites relevant to this study and the surrounding nucleotide sequences, and comparison of the subtype B and C consensus sequences.” “Frequencies of subtype-specific silent nucleotide polymorphisms relevant to this study are shown in percentages that were calculated for each subtype from alignments of complete sequences available from the HIV Sequence Database of Los Alamos National Laboratory.”",figure,Figure 1 (page 3) references existing database sequences. No deposition statement or public-repository accession numbers for newly generated sequences appear in the supplied article.,strict
23749954,4,What were the GenBank accession numbers for sequenced HIV isolates?,Not reported,,not_found,No GenBank or other sequence-repository accession numbers are provided anywhere in the supplied article.,strict
23749954,5,How many individuals had samples obtained for HIV sequencing?,0,“Cell culture drug selections were performed with various drugs in MT2 cells.” “Frequencies of subtype-specific silent nucleotide polymorphisms relevant to this study are shown in percentages that were calculated for each subtype from alignments of complete sequences available from the HIV Sequence Database of Los Alamos National Laboratory.”,main_text,"This is a laboratory-virus study with an existing-database comparison, not a study generating sequences from sampled individuals. The required count is therefore zero.",strict
23749954,6,From which countries were the sequenced samples obtained?,Not applicable,“Cell culture drug selections were performed with various drugs in MT2 cells.” “Frequencies of subtype-specific silent nucleotide polymorphisms relevant to this study are shown in percentages that were calculated for each subtype from alignments of complete sequences available from the HIV Sequence Database of Los Alamos National Laboratory.”,main_text,No patient samples were collected for sequencing. Author affiliations and countries mentioned in cited clinical studies do not establish sample-collection countries for this study.,strict
23749954,7,From what years were the sequenced samples obtained?,Not applicable,“The duration of the study was 20 weeks.” “All selections for resistance were performed at least three times.”,figure,"These statements in Figure 2's legend (page 4) concern laboratory experiments, not clinical sample collection. No new patient sequences were reported.",strict
23749954,8,Were samples cloned prior to sequencing?,Not applicable,“Sequences of wild-type and mutated NL4-3 viruses.” “The sequence of NL4-3 (wt) corresponds to the subtype B consensus sequence in (a).”,figure,"Figure 1 (page 3) describes laboratory viruses. Because the study reports neither new patient-sample sequences nor quantified in vitro susceptibility data, the question is not applicable under the specified rule.",strict
23749954,9,Which HIV genes were reported to have been sequenced?,RT,"“The reverse transcriptase (RT) enzymes of subtypes B and C behave in similar fashion in biochemical assays, suggesting that differences in nucleotide sequences between subtypes might be involved.” “Representation of the sites relevant to this study and the surrounding nucleotide sequences, and comparison of the subtype B and C consensus sequences.”",main_text,"The sequence regions illustrated in Figure 1 and the NRTI-resistance mutations reported in Figure 2 concern reverse transcriptase. RT is therefore the applicable target, although the sequences are not newly obtained patient sequences.",strict
23749954,10,What method was used for sequencing?,Not reported,“Protocols similar to those previously described were employed.” “The mutations listed were fully developed and unique at 20 weeks or earlier.”,main_text,"The Methods section refers to a previous protocol, and Figure 2 reports mutation outcomes, but this 2013 article does not specify a sequencing platform, chemistry, or method. Sanger sequencing cannot be assigned using the pre-2008 rule.",strict
23749954,11,What type of samples were sequenced?,Not applicable,“Cell culture drug selections were performed with various drugs in MT2 cells.” “Sequences of wild-type and mutated NL4-3 viruses.”,main_text,"The abstract and Figure 1 describe laboratory cell-culture viruses, not clinical specimens obtained from individuals with HIV.",strict
23749954,12,Were any sequences obtained from individuals with virological failure on a treatment regimen?,Not applicable,“Cell culture drug selections were performed with various drugs in MT2 cells.” “These data are consistent with those that might be associated with K65R development in patients infected with subtype C HIV previously treated with TAM-selecting drugs such as zidovudine.”,main_text,The Discussion compares laboratory findings with previously published clinical observations. It does not report new sequences from patients with virological failure.,strict
23749954,13,Were the patients in the study in a clinical trial?,No,“Cell culture drug selections were performed with various drugs in MT2 cells.” “All selections for resistance were performed at least three times.”,main_text,"The paper reports laboratory experiments, with no enrolled patients or clinical-trial participation. Trials mentioned in the references are separate studies.",strict
23749954,14,Does the paper report HIV sequences from individuals who had previously received ARV drugs?,No,“Cell culture drug selections were performed with various drugs in MT2 cells.” “These data are consistent with those that might be associated with K65R development in patients infected with subtype C HIV previously treated with TAM-selecting drugs such as zidovudine.”,main_text,Previously treated patients are discussed only as clinical context from cited studies. No new sequences from individuals with HIV were generated in this study.,strict
23749954,15,Which drug classes were received by individuals in the study before sample sequencing?,None,“Cell culture drug selections were performed with various drugs in MT2 cells.” “All selections for resistance were performed at least three times.”,main_text,"Drug exposure occurred in laboratory selection experiments, not in individuals contributing clinical samples. Because no patient sequences were reported, the required answer is None.",strict
23749954,16,Which drugs were received by individuals in the study before sample sequencing?,None,“Cell culture drug selections were performed with various drugs in MT2 cells.” “All selections for resistance were performed at least three times.”,main_text,The drugs named in the experiments were applied to cultured viruses; they are not treatment histories for sequenced patients. No individuals contributed samples for sequencing in this study.,strict
37147875,1,Does the paper report HIV sequences from patient samples?,Yes,"“SBS of HIV-1 reverse transcriptase (RT), protease and integrase was performed before treatment initiation and revealed an S230R INSTI mutation.” “Retrospective baseline NGS was done using the MiSeq platform (Illumina, San Diego, CA, USA) and the data were analysed with PASeq software at two cut-offs (20% and 1%).”",main_text,Page 1802 reports new Sanger and next-generation sequencing of the patient's baseline HIV sample.,strict
37147875,2,Does the paper report in vitro drug susceptibility data?,No,"“Retrospective baseline NGS was done using the MiSeq platform (Illumina, San Diego, CA, USA) and the data were analysed with PASeq software at two cut-offs (20% and 1%).” “These results demonstrated that the S230R substitution caused similar effects on viral replicative capacity as R263K.”",main_text,"The present study reports genotypic testing, not phenotypic susceptibility testing. The susceptibility measurements discussed on page 1802 are explicitly attributed to the previously published study by Pham et al., rather than generated for this patient.",strict
37147875,3,Were sequences from the paper made publicly available?,No,,not_found,The complete article on pages 1802–1803 contains no sequence accession numbers or statement of deposition in a public sequence repository.,strict
37147875,4,What were the GenBank accession numbers for sequenced HIV isolates?,Not reported,,not_found,No accession numbers for the newly generated HIV sequences are provided.,strict
37147875,5,How many individuals had samples obtained for HIV sequencing?,1,"“A 22-year-old man presented in April 2022 to our infectious disease department as seropositive for HIV after a rapid test in a sexually transmitted infection clinic.” “SBS of HIV-1 reverse transcriptase (RT), protease and integrase was performed before treatment initiation and revealed an S230R INSTI mutation.”",main_text,"The case report describes sequencing from one patient. His partner is discussed, but no sequencing of the partner's samples is reported.",strict
37147875,6,From which countries were the sequenced samples obtained?,France,"“A 22-year-old man presented in April 2022 to our infectious disease department as seropositive for HIV after a rapid test in a sexually transmitted infection clinic.” “Maladies Infectieuses, Hôpital Saint-Louis, Assistance Publique Hôpitaux de Paris, Paris, France”",main_text,"The patient presented to the authors' infectious diseases department at Hôpital Saint-Louis in Paris, France, as identified by the affiliation on page 1802.",strict
37147875,7,From what years were the sequenced samples obtained?,2022,"“A 22-year-old man presented in April 2022 to our infectious disease department as seropositive for HIV after a rapid test in a sexually transmitted infection clinic.” “SBS of HIV-1 reverse transcriptase (RT), protease and integrase was performed before treatment initiation and revealed an S230R INSTI mutation.”",main_text,Sequencing used the baseline sample associated with the patient's April 2022 diagnosis.,strict
37147875,8,Were samples cloned prior to sequencing?,Not applicable,"“SBS of HIV-1 reverse transcriptase (RT), protease and integrase was performed before treatment initiation and revealed an S230R INSTI mutation.” “Retrospective baseline NGS was done using the MiSeq platform (Illumina, San Diego, CA, USA) and the data were analysed with PASeq software at two cut-offs (20% and 1%).”",main_text,"The study does not report its own in vitro susceptibility data, so the question is not applicable under the specified rule. Molecular cloning discussed elsewhere concerns a cited prior study.",strict
37147875,9,Which HIV genes were reported to have been sequenced?,"PR, RT, IN","“SBS of HIV-1 reverse transcriptase (RT), protease and integrase was performed before treatment initiation and revealed an S230R INSTI mutation.” “NGS allowed us to obtain a mean coverage of 41 258 per nucleotide position for the protease region, of 17 032 for RT and of 16 345 for integrase.”",main_text,"Both sequencing approaches covered protease, reverse transcriptase and integrase.",strict
37147875,10,What method was used for sequencing?,Sanger sequencing; NGS,"“As far as we are aware, we have identified the first case of transmission of S230R major integrase mutation at the time of primary infection, using SBS and next-generation sequencing (NGS).” “Retrospective baseline NGS was done using the MiSeq platform (Illumina, San Diego, CA, USA) and the data were analysed with PASeq software at two cut-offs (20% and 1%).”",main_text,The article defines SBS as Sanger-based sequencing and reports additional Illumina MiSeq next-generation sequencing.,strict
37147875,11,What type of samples were sequenced?,Plasma,"“Baseline CD4 T cell count was 577/mm3 and HIV-1 viral load was 2770 copies/mL.” “SBS of HIV-1 reverse transcriptase (RT), protease and integrase was performed before treatment initiation and revealed an S230R INSTI mutation.”",main_text,The specimen is not explicitly named. Plasma is inferred under the specified rule for sequencing performed at diagnosis in a patient with detectable baseline viraemia.,strict
37147875,12,Were any sequences obtained from individuals with virological failure on a treatment regimen?,No,"“SBS of HIV-1 reverse transcriptase (RT), protease and integrase was performed before treatment initiation and revealed an S230R INSTI mutation.” “His sexual partner was an HIV-1-infected man treated but experiencing difficulties in adherence to treatment.”",main_text,The sequenced patient was newly diagnosed and sampled before treatment. The partner's suspected treatment failure does not qualify because no sequences from the partner are reported.,strict
37147875,13,Were the patients in the study in a clinical trial?,No,"“A 22-year-old man presented in April 2022 to our infectious disease department as seropositive for HIV after a rapid test in a sexually transmitted infection clinic.” “Due to the INSTI mutation, the patient was switched to a regimen containing doravirine + TDF + FTC.”",main_text,"This is a clinical case report describing routine diagnosis and treatment modification, with no indication of trial participation.",strict
37147875,14,Does the paper report HIV sequences from individuals who had previously received ARV drugs?,No,"“SBS of HIV-1 reverse transcriptase (RT), protease and integrase was performed before treatment initiation and revealed an S230R INSTI mutation.” “Retrospective baseline NGS was done using the MiSeq platform (Illumina, San Diego, CA, USA) and the data were analysed with PASeq software at two cut-offs (20% and 1%).”",main_text,"All reported sequences derive from the patient's pretreatment baseline sample, including the retrospective NGS analysis. Subsequent ART does not constitute exposure before sample collection.",strict
37147875,15,Which drug classes were received by individuals in the study before sample sequencing?,None,"“The patient was infected through homosexual contact and started on a dolutegravir (DTG) + emtricitabine (FTC) + tenofovir disoproxil fumarate (TDF) regimen 7 days after diagnosis.” “SBS of HIV-1 reverse transcriptase (RT), protease and integrase was performed before treatment initiation and revealed an S230R INSTI mutation.”",main_text,The sequenced baseline sample preceded ART. Drug classes received subsequently are excluded from the pretreatment exposure history.,strict
37147875,16,Which drugs were received by individuals in the study before sample sequencing?,None,"“The patient was infected through homosexual contact and started on a dolutegravir (DTG) + emtricitabine (FTC) + tenofovir disoproxil fumarate (TDF) regimen 7 days after diagnosis.” “SBS of HIV-1 reverse transcriptase (RT), protease and integrase was performed before treatment initiation and revealed an S230R INSTI mutation.”",main_text,No prior ARV exposure is reported for the patient whose baseline sample was sequenced. The named treatments were initiated after the baseline sample and therefore are not included.,strict
36415058,1,Does the paper report HIV sequences from patient samples?,No,“We aimed at evaluating the propensity of eligible individuals to consider the switch to LA cabotegravir and rilpivirine every 8 weeks.” “A total of 486 individuals eligible for LA cabotegravir and rilpivirine were interviewed.”,main_text,"This is an interview study of treatment preferences, not a sequencing study. The full article, including Tables 1 and 2, reports no newly generated HIV sequences, genotypic testing, or mutation lists. Historical resistance information was used only to determine eligibility.",strict
36415058,2,Does the paper report in vitro drug susceptibility data?,No,"“The degree of interest was not quantified, but answers were classified as ‘interested,’ ‘uncertain,’ ‘little or not interested.’” “Multinomial logistic regression was performed to evaluate predictors of interest or uncertainty, versus little or no interest, in LA regimen.”",main_text,"The outcomes are treatment preferences and their predictors. No phenotypic susceptibility assays, inhibitory concentrations, or susceptibility fold changes are reported.",strict
36415058,3,Were sequences from the paper made publicly available?,No,“The data that support the findings of this study are available on request from the corresponding author.” “The data are not publicly available due to privacy or ethical restrictions.”,main_text,The Data Availability Statement on page 3 describes nonpublic study data. No newly generated HIV sequences or public sequence repository deposits are reported.,strict
36415058,4,What were the GenBank accession numbers for sequenced HIV isolates?,Not reported,“The data that support the findings of this study are available on request from the corresponding author.” “The data are not publicly available due to privacy or ethical restrictions.”,main_text,No GenBank or other sequence repository accession numbers appear anywhere in the article.,strict
36415058,5,How many individuals had samples obtained for HIV sequencing?,0,“A total of 486 individuals eligible for LA cabotegravir and rilpivirine were interviewed.” “The main baseline characteristics of the studied population are listed in Table 1.”,main_text,"The 486 individuals contributed interview and clinical information, not reported HIV sequences. Under the specified rule for papers without patient-derived sequencing, the count is 0.",strict
36415058,6,From which countries were the sequenced samples obtained?,Not applicable,“We aimed at evaluating the propensity of eligible individuals to consider the switch to LA cabotegravir and rilpivirine every 8 weeks.” “A total of 486 individuals eligible for LA cabotegravir and rilpivirine were interviewed.”,main_text,"No patient-derived HIV sequences are reported, so a country of collection for sequenced samples is not applicable. The clinic's Italian location does not establish a sequencing population.",strict
36415058,7,From what years were the sequenced samples obtained?,Not applicable,"“After clinical chart review, individuals with HIV‐RNA <50 copies/ml, a negative HBsAg, and no previous failure or documented resistance to integrase inhibitors or non‐nucleoside reverse transcriptase inhibitors (i.e., eligible for cabotegravir and rilpivirine), coming to our clinic for a routine ambulatory visit during 2021, were consecutively interviewed by the referring physician: they were asked if they were favorable or not to consider the switch to LA cabotegravir and rilpivirine every 2 months.” “A total of 486 individuals eligible for LA cabotegravir and rilpivirine were interviewed.”",main_text,"2021 is the interview year, not a reported sequencing sample-collection year. No patient-derived HIV sequences are reported.",strict
36415058,8,Were samples cloned prior to sequencing?,Not applicable,“We aimed at evaluating the propensity of eligible individuals to consider the switch to LA cabotegravir and rilpivirine every 8 weeks.” “A total of 486 individuals eligible for LA cabotegravir and rilpivirine were interviewed.”,main_text,"Neither patient-derived HIV sequencing nor in vitro drug susceptibility testing is reported, so the cloning question is not applicable.",strict
36415058,9,Which HIV genes were reported to have been sequenced?,Not applicable,“We aimed at evaluating the propensity of eligible individuals to consider the switch to LA cabotegravir and rilpivirine every 8 weeks.” “A total of 486 individuals eligible for LA cabotegravir and rilpivirine were interviewed.”,main_text,"No HIV genes were reported as sequenced. References to integrase inhibitors and NNRTIs concern treatment eligibility and regimen categories, not sequencing targets.",strict
36415058,10,What method was used for sequencing?,Not reported,"“The degree of interest was not quantified, but answers were classified as ‘interested,’ ‘uncertain,’ ‘little or not interested.’” “Multinomial logistic regression was performed to evaluate predictors of interest or uncertainty, versus little or no interest, in LA regimen.”",main_text,"The described methods concern interviews and statistical analysis. No sequencing method, instrument, or platform is reported.",strict
36415058,11,What type of samples were sequenced?,Not applicable,“We aimed at evaluating the propensity of eligible individuals to consider the switch to LA cabotegravir and rilpivirine every 8 weeks.” “A total of 486 individuals eligible for LA cabotegravir and rilpivirine were interviewed.”,main_text,No patient-derived HIV sequencing is reported. Viral suppression and routine clinical laboratory measurements do not establish that any specimen was sequenced.,strict
36415058,12,Were any sequences obtained from individuals with virological failure on a treatment regimen?,Not applicable,“We aimed at evaluating the propensity of eligible individuals to consider the switch to LA cabotegravir and rilpivirine every 8 weeks.” “A total of 486 individuals eligible for LA cabotegravir and rilpivirine were interviewed.”,main_text,"No sequences were reported from any individuals, regardless of their treatment or virological history.",strict
36415058,13,Were the patients in the study in a clinical trial?,No,"“A total of 486 individuals eligible for LA cabotegravir and rilpivirine were interviewed.” “It must be underlined that the individuals enrolled in the CARISEL study had already experienced the LA regimen (or at least oral cabotegravir and rilpivirine), while people interviewed in our investigation did not.”",main_text,The present study is an observational interview study with no assigned treatment or randomization. CARISEL and the other trials are cited for comparison and are not the study population.,strict
36415058,14,Does the paper report HIV sequences from individuals who had previously received ARV drugs?,No,"“A total of 486 individuals eligible for LA cabotegravir and rilpivirine were interviewed.” “Another peculiarity of our study is that there were many individuals with a long history of exposure to ART (median 12.5 years), while in most other studies that have evaluated LA in people receiving their first‐line regimen.”",main_text,"Participants were ART-experienced, but the paper reports no HIV sequences from them. The specified rule therefore requires No.",strict
36415058,15,Which drug classes were received by individuals in the study before sample sequencing?,None,"“A total of 486 individuals eligible for LA cabotegravir and rilpivirine were interviewed.” “Another peculiarity of our study is that there were many individuals with a long history of exposure to ART (median 12.5 years), while in most other studies that have evaluated LA in people receiving their first‐line regimen.”",main_text,"Although Table 1 describes NNRTI-, PI-, and INSTI-based treatment categories, there is no sequenced population. Under the specified no-sequencing rule, the answer is None rather than the interview participants' treatment classes.",strict
36415058,16,Which drugs were received by individuals in the study before sample sequencing?,None,"“A total of 486 individuals eligible for LA cabotegravir and rilpivirine were interviewed.” “It must be underlined that the individuals enrolled in the CARISEL study had already experienced the LA regimen (or at least oral cabotegravir and rilpivirine), while people interviewed in our investigation did not.”",main_text,"No patient-derived HIV sequencing is reported, so the specified answer is None. Cabotegravir and rilpivirine are discussed as a potential switch regimen, not as exposure before sequencing in this study.",strict
36519389,1,Does the paper report HIV sequences from patient samples?,No,"“Results were evaluated for weight, lipids, fasting glucose, hemoglobin A1C (HbA1C), systolic/diastolic blood pressure, and HIV RNA.” “Participants with elevations in HIV RNA were retested at least 1 month after adherence counseling.”",main_text,"The Methods on page 1 describe metabolic outcomes and HIV RNA measurements, not sequencing. No patient-derived HIV sequences, genotypic resistance testing, or mutation lists are reported anywhere in the article.",strict
36519389,2,Does the paper report in vitro drug susceptibility data?,No,"“The aim of the study, CHARACTERISE, was to evaluate the change in clinical and metabolic parameters after this move to the standard-of-care ART regimen.” “Results were evaluated for weight, lipids, fasting glucose, hemoglobin A1C (HbA1C), systolic/diastolic blood pressure, and HIV RNA.”",main_text,"The study assesses clinical treatment outcomes. Neither the text nor Table 1 reports phenotypic susceptibility assays, inhibitory concentrations, or susceptibility fold changes.",strict
36519389,3,Were sequences from the paper made publicly available?,No,,not_found,"The complete article contains no newly generated HIV sequences, public sequence-repository deposition statement, or sequence accession numbers.",strict
36519389,4,What were the GenBank accession numbers for sequenced HIV isolates?,Not reported,,not_found,No GenBank or other sequence-repository accession numbers are provided.,strict
36519389,5,How many individuals had samples obtained for HIV sequencing?,0,"“Of 1053 patients who were randomized to ADVANCE, 172 participated in CHARACTERISE.” “Results were evaluated for weight, lipids, fasting glucose, hemoglobin A1C (HbA1C), systolic/diastolic blood pressure, and HIV RNA.”",main_text,"The 172 participants were evaluated for clinical and metabolic outcomes, not reported HIV sequencing. Under the specified rule, a paper reporting no patient-derived HIV sequences receives a count of 0.",strict
36519389,6,From which countries were the sequenced samples obtained?,Not applicable,"“The trial recruited from routine HIV testing sites, based in Johannesburg, South Africa.” “CHARACTERISE enrolled residents of inner-city Johannesburg from July to November 2022 who had previously been part of ADVANCE and were not pregnant at the time of screening.”",main_text,"Although the study setting was South Africa, no patient-derived HIV sequences are reported, so there is no applicable sequencing-sample country.",strict
36519389,7,From what years were the sequenced samples obtained?,Not applicable,“CHARACTERISE enrolled residents of inner-city Johannesburg from July to November 2022 who had previously been part of ADVANCE and were not pregnant at the time of screening.” “CHARACTERISE evaluated outcomes after a minimum of 52 weeks of open-label TDF/3TC/DTG.”,main_text,"The enrollment dates describe the clinical follow-up study, not collection of specimens for reported HIV sequencing. No patient-derived HIV sequences are reported.",strict
36519389,8,Were samples cloned prior to sequencing?,Not applicable,,not_found,"The paper reports neither patient-derived HIV sequences nor in vitro susceptibility data, making this question not applicable.",strict
36519389,9,Which HIV genes were reported to have been sequenced?,Not reported,,not_found,No HIV gene sequencing or genotypic resistance assessment is reported. HIV RNA quantification does not establish any sequenced gene target.,strict
36519389,10,What method was used for sequencing?,Not reported,,not_found,"No sequencing procedure, sequencing platform, or sequencing reagents are described.",strict
36519389,11,What type of samples were sequenced?,Not applicable,"“Results were evaluated for weight, lipids, fasting glucose, hemoglobin A1C (HbA1C), systolic/diastolic blood pressure, and HIV RNA.” “Participants with elevations in HIV RNA were retested at least 1 month after adherence counseling.”",main_text,"The article describes clinical laboratory monitoring without reporting HIV sequencing. Consequently, no sequencing specimen type applies.",strict
36519389,12,Were any sequences obtained from individuals with virological failure on a treatment regimen?,Not applicable,"“There were 8 elevations in HIV RNA.” “Of these, 3 participants resuppressed after adherence counseling.” “However, 1 participant did not resuppress and 4 did not return for their scheduled follow-up visit.”",main_text,"The HIV RNA results on page 3 document episodes of viremia, but no sequencing or genotypic resistance testing of these participants is reported. The no-sequences rule therefore applies.",strict
36519389,13,Were the patients in the study in a clinical trial?,Yes,"“ADVANCE was an investigator-led randomized controlled trial evaluating the efficacy and safety of 2 newer antiretroviral combinations: TAF/FTC + DTG and TDF/FTC + DTG, compared with TDF/FTC/EFV [7].” “Limitations of the CHARACTERISE study include the open-label design and the relatively small sample size: only 16% of the original 1053 participants participated in the trial extension, so the statistical power to evaluate effects of switching in women and men is limited.”",main_text,"Participants came from the randomized ADVANCE trial, and CHARACTERISE is explicitly described as an open-label trial extension.",strict
36519389,14,Does the paper report HIV sequences from individuals who had previously received ARV drugs?,No,"“Participants randomized to first-line tenofovir alafenamide (TAF)/emtricitabine (FTC)+dolutegravir (DTG), tenofovir disoproxil fumarate (TDF)/FTC + DTG, or TDF/FTC/efavirenz (EFV) for 192 weeks were then switched to TDF/lamivudine (3TC)/DTG for 52 weeks.” “Results were evaluated for weight, lipids, fasting glucose, hemoglobin A1C (HbA1C), systolic/diastolic blood pressure, and HIV RNA.”",main_text,"Participants had received ART, but the paper does not report HIV sequences from them. The specified no-sequences rule requires No.",strict
36519389,15,Which drug classes were received by individuals in the study before sample sequencing?,None,"“Participants randomized to first-line tenofovir alafenamide (TAF)/emtricitabine (FTC)+dolutegravir (DTG), tenofovir disoproxil fumarate (TDF)/FTC + DTG, or TDF/FTC/efavirenz (EFV) for 192 weeks were then switched to TDF/lamivudine (3TC)/DTG for 52 weeks.” “CHARACTERISE evaluated outcomes after a minimum of 52 weeks of open-label TDF/3TC/DTG.”",main_text,"Although ARV treatment regimens are documented, no patient-derived HIV sequences are reported. None is required by the question's no-sequences rule; it does not imply that participants were untreated.",strict
36519389,16,Which drugs were received by individuals in the study before sample sequencing?,None,"“Participants randomized to first-line tenofovir alafenamide (TAF)/emtricitabine (FTC)+dolutegravir (DTG), tenofovir disoproxil fumarate (TDF)/FTC + DTG, or TDF/FTC/efavirenz (EFV) for 192 weeks were then switched to TDF/lamivudine (3TC)/DTG for 52 weeks.” “CHARACTERISE evaluated outcomes after a minimum of 52 weeks of open-label TDF/3TC/DTG.”",main_text,"The paper names drugs received during clinical treatment but reports no HIV sequencing. Under the explicit no-sequences rule, the answer is None rather than a list of clinical treatment drugs.",strict
37910452,1,Does the paper report HIV sequences from patient samples?,No,“This systematic review and meta-analysis was aimed to synthesize available evidence on adherence to ART among HIV/AIDS patients in Ghana.” “Both text and statistical data were extracted from each of the articles meeting the inclusion criteria by two reviewers (IB and KKA).”,main_text,"The abstract and Methods (pages 1 and 3) describe a review of published adherence studies, not generation of HIV sequences or mutation lists from clinical samples.",strict
37910452,2,Does the paper report in vitro drug susceptibility data?,No,"“Diverse measurement methods were used to assess adherence to ART.” “These included studies that used self-reported questionnaires [24–26,28,30,46–48], pill count [31,36], Patient Attendance-based Defaulting (PAD) [49], and a combination of other methods [27,50] to determine adherence.”",main_text,"The outcomes and methods on page 5 concern treatment adherence. No phenotypic susceptibility assays, inhibitory concentrations, or susceptibility fold changes are reported.",strict
37910452,3,Were sequences from the paper made publicly available?,No,“Data publicly available for purposes of replicability at figshare (DOI: 10.6084/m9.figshare.24226444) and Dryad (DOI: 10.5061/dryad.gtht76hss).” “This systematic review and meta-analysis was aimed to synthesize available evidence on adherence to ART among HIV/AIDS patients in Ghana.”,main_text,The page 1 data availability statement concerns this adherence meta-analysis. It does not report deposition of newly generated HIV sequences or raw reads.,strict
37910452,4,What were the GenBank accession numbers for sequenced HIV isolates?,Not reported,"“Data publicly available for purposes of replicability at figshare (DOI: 10.6084/m9.figshare.24226444) and Dryad (DOI: 10.5061/dryad.gtht76hss).” “Key information extracted included author detail, year of publication, study setting, study design, sample size, sampling method, the method used to measure adherence and proportion of adherence to ART.”",main_text,"The repository identifiers on page 1 are dataset DOIs, not HIV sequence accession numbers. No GenBank or other sequence accession numbers are provided.",strict
37910452,5,How many individuals had samples obtained for HIV sequencing?,0,"“This systematic review and meta-analysis was aimed to synthesize available evidence on adherence to ART among HIV/AIDS patients in Ghana.” “A total of 4,436 HIV-positive patients were studied across the 14 studies to ascertain their adherence to ART with sample sizes ranging from 25 [36] to 683 [30].”",main_text,"The 4,436 participants described on page 5 contributed to previously published adherence studies, not new sequencing in this paper. The required count for a paper without patient-derived sequencing is zero.",strict
37910452,6,From which countries were the sequenced samples obtained?,Not applicable,“This systematic review and meta-analysis was aimed to synthesize available evidence on adherence to ART among HIV/AIDS patients in Ghana.” “Both text and statistical data were extracted from each of the articles meeting the inclusion criteria by two reviewers (IB and KKA).”,main_text,"Ghana is the setting of the reviewed adherence studies, but this paper reports no clinical samples sequenced for HIV.",strict
37910452,7,From what years were the sequenced samples obtained?,Not applicable,"“Twenty-one full-texts were assessed for eligibility, and 14 met our inclusion criteria and were subjected to review.” “These 14 studies were conducted between 2013 and 2022.”",main_text,"The dates on page 5 describe the included adherence studies, not collection of sequenced samples. No patient-derived HIV sequences are reported.",strict
37910452,8,Were samples cloned prior to sequencing?,Not applicable,"“This systematic review and meta-analysis was aimed to synthesize available evidence on adherence to ART among HIV/AIDS patients in Ghana.” “Key information extracted included author detail, year of publication, study setting, study design, sample size, sampling method, the method used to measure adherence and proportion of adherence to ART.”",main_text,"Neither patient-derived HIV sequencing nor in vitro susceptibility testing is reported, so the cloning question is not applicable.",strict
37910452,9,Which HIV genes were reported to have been sequenced?,Not applicable,"“This systematic review and meta-analysis was aimed to synthesize available evidence on adherence to ART among HIV/AIDS patients in Ghana.” “Key information extracted included author detail, year of publication, study setting, study design, sample size, sampling method, the method used to measure adherence and proportion of adherence to ART.”",main_text,"No HIV sequencing or gene-specific resistance analysis is reported. Consequently, no sequenced gene targets apply.",strict
37910452,10,What method was used for sequencing?,Not reported,"“Both text and statistical data were extracted from each of the articles meeting the inclusion criteria by two reviewers (IB and KKA).” “Key information extracted included author detail, year of publication, study setting, study design, sample size, sampling method, the method used to measure adherence and proportion of adherence to ART.”",main_text,"The Methods on pages 3–4 describe literature data extraction. No Sanger sequencing, NGS, or other sequencing method is described.",strict
37910452,11,What type of samples were sequenced?,Not applicable,“This systematic review and meta-analysis was aimed to synthesize available evidence on adherence to ART among HIV/AIDS patients in Ghana.” “Both text and statistical data were extracted from each of the articles meeting the inclusion criteria by two reviewers (IB and KKA).”,main_text,The paper analyzes published adherence data and does not report sequencing of clinical specimens.,strict
37910452,12,Were any sequences obtained from individuals with virological failure on a treatment regimen?,Not applicable,"“This systematic review and meta-analysis was aimed to synthesize available evidence on adherence to ART among HIV/AIDS patients in Ghana.” “A total of 4,436 HIV-positive patients were studied across the 14 studies to ascertain their adherence to ART with sample sizes ranging from 25 [36] to 683 [30].”",main_text,"Although treatment adherence and failure risk are discussed, the paper reports no HIV sequences from individuals with or without virological failure.",strict
37910452,13,Were the patients in the study in a clinical trial?,Yes,"“Study designs used include surveys [23–26,28,30,31,36,47–49], randomized control trials [27,50], and a prospective cohort [46].” “This systematic review and meta-analysis was aimed to synthesize available evidence on adherence to ART among HIV/AIDS patients in Ghana.”",main_text,"Some participants in the reviewed studies were clinical-trial participants: page 5 identifies two randomized trials, and Table 1 on page 6 labels Nichols et al. and Dzansi as randomized clinical trials. This answer refers to those included populations; the present paper itself is a systematic review, not a new trial.",strict
37910452,14,Does the paper report HIV sequences from individuals who had previously received ARV drugs?,No,“This systematic review and meta-analysis was aimed to synthesize available evidence on adherence to ART among HIV/AIDS patients in Ghana.” “A pooled adherence estimate of 70% was found among persons living with HIV/AIDS on anti-retroviral therapy.”,main_text,"The reviewed populations received ART, but the paper reports no patient-derived HIV sequences. Under the specified rule, the answer is No.",strict
37910452,15,Which drug classes were received by individuals in the study before sample sequencing?,None,“This systematic review and meta-analysis was aimed to synthesize available evidence on adherence to ART among HIV/AIDS patients in Ghana.” “A pooled adherence estimate of 70% was found among persons living with HIV/AIDS on anti-retroviral therapy.”,main_text,"No HIV sequences from individuals are reported, so the required answer is None. This does not imply that the reviewed adherence-study participants were untreated.",strict
37910452,16,Which drugs were received by individuals in the study before sample sequencing?,None,“This systematic review and meta-analysis was aimed to synthesize available evidence on adherence to ART among HIV/AIDS patients in Ghana.” “A pooled adherence estimate of 70% was found among persons living with HIV/AIDS on anti-retroviral therapy.”,main_text,"The paper reports no patient-derived HIV sequencing, so there are no pre-sequencing drug histories to extract. The specified answer for this situation is None.",strict
36571282,1,Does the paper report HIV sequences from patient samples?,Yes,"“For this study, participating sites were asked to provide a FASTA viral sequence, encoding the HIV integrase and RT obtained at the time of inclusion.” “The integrase region from HIV was sequenced using different protocols at testing sites, including the Sanger sequencing–based assay and next-generation sequencing (NGS)–based assay.”",main_text,"The Methods (page 2) describe sequencing clinical samples from newly diagnosed, ART-naive participants for transmitted-resistance surveillance, rather than downloading previously published sequences.",strict
36571282,2,Does the paper report in vitro drug susceptibility data?,No,"“To evaluate clinically relevant transmitted resistance, we used the Stanford HIV Drug Resistance Database (HIVDB) v.9.1 algorithm.” “To check for CRR, we used the Stanford algorithm to tailor resistance levels to the first-line drugs currently included in regimens in Europe.”",main_text,"Resistance was inferred computationally from genotypes (Methods, page 2; Discussion, page 4). No phenotypic susceptibility assay or experimentally measured susceptibility values are reported.",strict
36571282,3,Were sequences from the paper made publicly available?,No,“Data are available to investigators upon reasonable request.” “Supplementary materials are available at Clinical Infectious Diseases online.”,main_text,"The Data availability statement (page 6) offers data on request, not public repository deposition. No sequence accession numbers or deposition statements appear in the supplied PDF; the referenced online supplementary materials are not included in the file.",strict
36571282,4,What were the GenBank accession numbers for sequenced HIV isolates?,Not reported,"“Data are available to investigators upon reasonable request.” “For this study, participating sites were asked to provide a FASTA viral sequence, encoding the HIV integrase and RT obtained at the time of inclusion.”",main_text,"Although sequences were supplied by participating centers, no GenBank or other sequence-repository accession numbers are given in the supplied article.",strict
36571282,5,How many individuals had samples obtained for HIV sequencing?,2705,"“Clinical, demographic, and virologic characteristics of the 2705 PWH who were included in the study are listed in Table 1.” “All naive PWH consequently diagnosed during the study period from the participating centers with an available sample were included.”",main_text,The Methods and Results (page 2) identify 2705 participants in the clinical sequencing and resistance-surveillance population.,strict
36571282,6,From which countries were the sequenced samples obtained?,France; Greece; Italy; Portugal; Spain,"“MeditRes HIV is a consortium that includes ART-naive PWH in France, Greece, Italy, Portugal, and Spain who have been newly diagnosed during 2018–2021.” “Consequently, our data may not be representative of European countries other than those that reported on the majority of PWH (France, Italy, and Spain).”",main_text,"The Methods (page 2) identify five participating countries. The limitations (page 5) indicate that France, Italy, and Spain contributed the majority, without explicitly excluding Greece or Portugal.",strict
36571282,7,From what years were the sequenced samples obtained?,2018–2021,"“MeditRes HIV is a consortium that includes ART-naive PWH in France, Greece, Italy, Portugal, and Spain who have been newly diagnosed during 2018–2021.” “Recruitment through the different calendar time periods was as follows: 2018, n=952; 2019, n=933; 2020, n=594; and 2021, n=226.”",main_text,"Baseline sequences were obtained at inclusion, corresponding to diagnosis and recruitment during 2018–2021 (page 2; also Table 1, page 3).",strict
36571282,8,Were samples cloned prior to sequencing?,Not applicable,"“The integrase region from HIV was sequenced using different protocols at testing sites, including the Sanger sequencing–based assay and next-generation sequencing (NGS)–based assay.” “To evaluate clinically relevant transmitted resistance, we used the Stanford HIV Drug Resistance Database (HIVDB) v.9.1 algorithm.”",main_text,"The study reports clinical sequencing but not in vitro drug susceptibility data. Under the specified applicability rule, cloning is therefore not applicable.",strict
36571282,9,Which HIV genes were reported to have been sequenced?,RT; IN,"“For this study, participating sites were asked to provide a FASTA viral sequence, encoding the HIV integrase and RT obtained at the time of inclusion.” “Reverse transcriptase and INSTI sequences were provided by participating centers.”",main_text,The Methods (page 2) and abstract (page 1) identify reverse transcriptase and integrase as the study sequence targets. Mention of the RT-Pro analysis tool does not establish protease sequencing in this study.,strict
36571282,10,What method was used for sequencing?,Sanger sequencing; NGS,"“The integrase region from HIV was sequenced using different protocols at testing sites, including the Sanger sequencing–based assay and next-generation sequencing (NGS)–based assay.” “For NGS sequences, a 20% consensus was generated and used for this study.”",main_text,The Methods (page 2) explicitly report both Sanger and next-generation sequencing across participating sites.,strict
36571282,11,What type of samples were sequenced?,Plasma,"“For this study, participating sites were asked to provide a FASTA viral sequence, encoding the HIV integrase and RT obtained at the time of inclusion.” “Second, our study design was highly heterogeneous, as we collected data from routine resistance testing in newly diagnosed PWH from participating countries, with diverse intercountry sampling methods and representativeness.”",main_text,"The specimen type is not explicitly stated. Plasma is inferred under the specified rule for routine resistance testing of samples obtained at diagnosis (Methods, page 2; Discussion, page 5).",strict
36571282,12,Were any sequences obtained from individuals with virological failure on a treatment regimen?,No,"“MeditRes HIV is a consortium that includes ART-naive PWH in France, Greece, Italy, Portugal, and Spain who have been newly diagnosed during 2018–2021.” “All naive PWH consequently diagnosed during the study period from the participating centers with an available sample were included.”",main_text,"All sequenced participants were newly diagnosed and ART-naive. This was baseline transmitted-resistance surveillance, not sequencing during treatment failure.",strict
36571282,13,Were the patients in the study in a clinical trial?,No,"“Before entering national cohorts, ethics approval is obtained from each participating site, and written informed consent is obtained from PWH included in the study.” “Second, our study design was highly heterogeneous, as we collected data from routine resistance testing in newly diagnosed PWH from participating countries, with diverse intercountry sampling methods and representativeness.”",main_text,"The study used observational national-cohort and routine resistance-testing data (pages 2 and 5). No treatment assignment, randomization, or other clinical-trial participation is reported.",strict
36571282,14,Does the paper report HIV sequences from individuals who had previously received ARV drugs?,No,"“MeditRes HIV is a consortium that includes ART-naive PWH in France, Greece, Italy, Portugal, and Spain who have been newly diagnosed during 2018–2021.” “All naive PWH consequently diagnosed during the study period from the participating centers with an available sample were included.”",main_text,"The sequencing population was exclusively ART-naive, and no prior ARV exposure or PrEP breakthrough infections are reported.",strict
36571282,15,Which drug classes were received by individuals in the study before sample sequencing?,None,"“MeditRes HIV is a consortium that includes ART-naive PWH in France, Greece, Italy, Portugal, and Spain who have been newly diagnosed during 2018–2021.” “For this study, participating sites were asked to provide a FASTA viral sequence, encoding the HIV integrase and RT obtained at the time of inclusion.”",main_text,Participants were ART-naive when baseline sequences were obtained. Drug classes evaluated for transmitted resistance do not represent treatment previously received by these individuals.,strict
36571282,16,Which drugs were received by individuals in the study before sample sequencing?,None,"“MeditRes HIV is a consortium that includes ART-naive PWH in France, Greece, Italy, Portugal, and Spain who have been newly diagnosed during 2018–2021.” “All naive PWH consequently diagnosed during the study period from the participating centers with an available sample were included.”",main_text,"All participants were ART-naive at baseline sequencing. Named ARVs concern resistance interpretation or potential first-line therapy, not documented prior treatment.",strict
30803972,1,Does the paper report HIV sequences from patient samples?,No,“The remaining HIV-1 and HIV-2 isolates used in this study were obtained from NIH ARP.” “The integrase-encoding region of each plasmid clone was confirmed by automated Sanger DNA sequencing.”,table,"The study tested existing isolates and laboratory-generated mutants; the sequencing explicitly reported was confirmation of plasmid clones, not new sequencing directly from patient samples (page 2, virus sources; page 5, Table 3 footnote a). References to mutations observed in treated patients concern previous studies.",strict
30803972,2,Does the paper report in vitro drug susceptibility data?,Yes,"“We compared the activity of the integrase inhibitor bictegravir against HIV-1 and HIV-2 using a culture-based, single-cycle assay.” “Values of 50% effective concentrations ranged from 1.2 to 2.5 nM for 9 HIV-1 isolates and 1.4 to 5.6 nM for 15 HIV-2 isolates.”",main_text,The abstract on page 1 explicitly reports in vitro susceptibility testing and EC50 measurements. Tables 1–3 report susceptibility results for isolates and laboratory mutants.,strict
30803972,3,Were sequences from the paper made publicly available?,No,,not_found,The supplied article contains no sequence-repository accession numbers or statement that newly generated sequences or reads were deposited publicly. The supplemental-file link is not a sequence-deposition statement.,strict
30803972,4,What were the GenBank accession numbers for sequenced HIV isolates?,Not reported,,not_found,No GenBank or other sequence-repository accession numbers are provided in the supplied article. Named virus isolates and plasmids are not deposition accession numbers.,strict
30803972,5,How many individuals had samples obtained for HIV sequencing?,0,“The remaining HIV-1 and HIV-2 isolates used in this study were obtained from NIH ARP.” “The integrase-encoding region of each plasmid clone was confirmed by automated Sanger DNA sequencing.”,table,"The reported sequencing concerns laboratory plasmid clones, not samples obtained from individuals for this study (page 2 and Table 3 footnote a, page 5). The counts of susceptibility-tested isolates should not be counted as newly sequenced patients.",strict
30803972,6,From which countries were the sequenced samples obtained?,Not applicable,“The remaining HIV-1 and HIV-2 isolates used in this study were obtained from NIH ARP.” “The integrase-encoding region of each plasmid clone was confirmed by automated Sanger DNA sequencing.”,table,"No new patient-sample sequencing is reported (page 2 and Table 3 footnote a, page 5). Laboratory locations and author affiliations do not establish countries of clinical sample collection.",strict
30803972,7,From what years were the sequenced samples obtained?,Not applicable,“The remaining HIV-1 and HIV-2 isolates used in this study were obtained from NIH ARP.” “The integrase-encoding region of each plasmid clone was confirmed by automated Sanger DNA sequencing.”,table,"The article reports sequencing of laboratory clones rather than newly collected patient samples (page 2 and Table 3 footnote a, page 5). Consequently, clinical sample-collection years are not applicable.",strict
30803972,8,Were samples cloned prior to sequencing?,Not applicable,“Wild type indicates virus stocks produced from the parental (nonmutated) copies of pNL4-3 and pROD9.” “The integrase-encoding region of each plasmid clone was confirmed by automated Sanger DNA sequencing.”,table,"Table 3 footnote a on page 5 describes laboratory clones. Although cloning and sequencing were used experimentally, the question requires “Not applicable” when no sequences were generated from patient samples.",strict
30803972,9,Which HIV genes were reported to have been sequenced?,IN,“Wild type indicates virus stocks produced from the parental (nonmutated) copies of pNL4-3 and pROD9.” “The integrase-encoding region of each plasmid clone was confirmed by automated Sanger DNA sequencing.”,table,"Table 3 footnote a on page 5 explicitly identifies integrase as the sequenced region. This sequencing was of laboratory plasmid clones, not patient samples.",strict
30803972,10,What method was used for sequencing?,Sanger sequencing,“Wild type indicates virus stocks produced from the parental (nonmutated) copies of pNL4-3 and pROD9.” “The integrase-encoding region of each plasmid clone was confirmed by automated Sanger DNA sequencing.”,table,"Automated Sanger DNA sequencing is explicitly stated in Table 3 footnote a on page 5, for confirmation of laboratory plasmid clones.",strict
30803972,11,What type of samples were sequenced?,Not applicable,“Wild type indicates virus stocks produced from the parental (nonmutated) copies of pNL4-3 and pROD9.” “The integrase-encoding region of each plasmid clone was confirmed by automated Sanger DNA sequencing.”,table,"The sequencing material was laboratory plasmid DNA (Table 3 footnote a, page 5), not a clinical specimen. PBMC references elsewhere concern susceptibility assays in previous studies, not patient specimens sequenced in this study.",strict
30803972,12,Were any sequences obtained from individuals with virological failure on a treatment regimen?,Not applicable,“The remaining HIV-1 and HIV-2 isolates used in this study were obtained from NIH ARP.” “The integrase-encoding region of each plasmid clone was confirmed by automated Sanger DNA sequencing.”,table,"No new sequences were obtained directly from individuals in this study (page 2 and Table 3 footnote a, page 5). Discussion of treatment-associated mutations in patients cites earlier reports rather than a newly sequenced treatment-failure cohort.",strict
30803972,13,Were the patients in the study in a clinical trial?,No,"“We compared the activity of the integrase inhibitor bictegravir against HIV-1 and HIV-2 using a culture-based, single-cycle assay.” “Taken together, the available data suggest that a clinical trial should be performed in West Africa to determine the effectiveness of Biktarvy as first-line ART for all HIV-infected individuals, including those infected with HIV-2.”",main_text,"This is an in vitro laboratory study, not a clinical trial. The abstract on page 1 describes culture-based testing, and the discussion on page 6 recommends a future clinical trial.",strict
30803972,14,Does the paper report HIV sequences from individuals who had previously received ARV drugs?,No,"“To further evaluate the potential suitability of bictegravir for HIV-2 treatment, we tested the activity of the drug against a panel of group A and group B HIV-2 isolates from ART-naive individuals.” “The integrase-encoding region of each plasmid clone was confirmed by automated Sanger DNA sequencing.”",main_text,"The existing HIV-2 isolate panel was described as originating from ART-naïve individuals (page 2), and the reported sequencing was laboratory-clone confirmation (Table 3 footnote a, page 5). No new patient-derived sequences from ARV-experienced individuals were reported.",strict
30803972,15,Which drug classes were received by individuals in the study before sample sequencing?,None,"“To further evaluate the potential suitability of bictegravir for HIV-2 treatment, we tested the activity of the drug against a panel of group A and group B HIV-2 isolates from ART-naive individuals.” “The integrase-encoding region of each plasmid clone was confirmed by automated Sanger DNA sequencing.”",main_text,"No qualifying clinical sample sequencing was performed (page 2 and Table 3 footnote a, page 5), so the required answer is “None.” Drugs tested in culture and treatment histories discussed from previous publications are not pre-sequencing exposures of study participants.",strict
30803972,16,Which drugs were received by individuals in the study before sample sequencing?,None,"“To further evaluate the potential suitability of bictegravir for HIV-2 treatment, we tested the activity of the drug against a panel of group A and group B HIV-2 isolates from ART-naive individuals.” “The integrase-encoding region of each plasmid clone was confirmed by automated Sanger DNA sequencing.”",main_text,"The study did not generate new sequences from patient samples (page 2 and Table 3 footnote a, page 5). Therefore, the required answer is “None”; the ARVs discussed or tested experimentally do not constitute treatment histories of newly sequenced patients.",strict
38005921,1,Does the paper report HIV sequences from patient samples?,No,"“The datasets for training machine learning algorithms were collected from the Stanford HIV Drug Resistance Database (StHIVdb).” “To build models for the web service, we used high quality filtered datasets available for downloading from StHIVdb.”",main_text,"The study develops computational prediction models using existing database sequences. It does not generate new sequences or mutation lists directly from newly collected clinical samples (Introduction and Section 2.1, page 3).",strict
38005921,2,Does the paper report in vitro drug susceptibility data?,Yes,"“The experimental level of resistance provided in the dataset was determined using the Phenosense™ test system.” “To reduce noise, the FR values for duplicates were averaged.”",main_text,"Section 2.1 (page 4) describes use of experimentally measured PhenoSense susceptibility data and fold-ratio values; Table 1 reports drug-specific FR thresholds and susceptible/resistant sample counts. These are reused database susceptibility data, not new assays performed by the authors.",strict
38005921,3,Were sequences from the paper made publicly available?,No,"“To build models for the web service, we used high quality filtered datasets available for downloading from StHIVdb.” “The datasets used for building models for the web-service is provided in Supplementary Materials.”",main_text,"The paper redistributes model-building datasets derived from existing sequences, but reports no deposition of newly generated HIV sequences or reads in a public sequence repository (pages 3 and 12).",strict
38005921,4,What were the GenBank accession numbers for sequenced HIV isolates?,Not reported,“The datasets for training machine learning algorithms were collected from the Stanford HIV Drug Resistance Database (StHIVdb).” “The datasets used for building models for the web-service is provided in Supplementary Materials.”,main_text,"No GenBank accession numbers, accession ranges, or sequence-deposition statements are provided in the attached article. The supplementary dataset is referenced but is not included in the PDF.",strict
38005921,5,How many individuals had samples obtained for HIV sequencing?,0,"“The datasets for training machine learning algorithms were collected from the Stanford HIV Drug Resistance Database (StHIVdb).” “To build models for the web service, we used high quality filtered datasets available for downloading from StHIVdb.”",main_text,No individuals were sampled for sequencing in this study. The reported dataset sizes are existing sequence records rather than newly sampled participants; the database-only rule therefore gives 0.,strict
38005921,6,From which countries were the sequenced samples obtained?,Not applicable,"“The datasets for training machine learning algorithms were collected from the Stanford HIV Drug Resistance Database (StHIVdb).” “To maximize the applicability of the models built in our approach, all available subtypes and viral variants of HIV-1 were used to model resistance.”",main_text,"The study does not newly sequence clinical samples, so sample-collection countries are not applicable. Author affiliations are not sampling locations.",strict
38005921,7,From what years were the sequenced samples obtained?,Not applicable,"“The datasets for training machine learning algorithms were collected from the Stanford HIV Drug Resistance Database (StHIVdb).” “For comparison purposes, we constructed training and test sets as follows: the training set included the sequences from the Stanford HIV Drug Resistance Database that came from studies published no later than in 2018, while the rest of the sequences (which came from the studies published after 2018) were used as the test set.”",main_text,"There is no new clinical sequencing in this study. The 2018 cutoff on page 10 refers to publication dates of source studies, not sample-collection years.",strict
38005921,8,Were samples cloned prior to sequencing?,Not applicable,“The datasets for training machine learning algorithms were collected from the Stanford HIV Drug Resistance Database (StHIVdb).” “The samples are the amino acid sequences of HIV enzymes with values representing the levels of phenotypic resistance.”,main_text,"Although existing phenotypic susceptibility data are analyzed, the paper does not generate sequences from patient samples. The question's applicability rule therefore requires Not applicable.",strict
38005921,9,Which HIV genes were reported to have been sequenced?,"PR, RT",“Both multi-n-grams and k-mers were computed based on the amino acid sequences of HIV enzymes: reverse transcriptase and protease.” “The amino acid sequences of 99 residues for HIV protease and 240 residues for reverse transcriptase were used for model training.”,main_text,"The sequence targets actually analyzed are protease and reverse transcriptase (Abstract, page 1; Section 3.3, page 11). These are existing database sequences, not newly sequenced genes in this study.",strict
38005921,10,What method was used for sequencing?,Not reported,"“To build models for the web service, we used high quality filtered datasets available for downloading from StHIVdb.” “The samples are the amino acid sequences of HIV enzymes with values representing the levels of phenotypic resistance.”",main_text,No sequencing procedure or platform is specified for the sequences used in this 2023 computational study. References to NGS elsewhere concern other published tools rather than the provenance of these datasets.,strict
38005921,11,What type of samples were sequenced?,Not applicable,“The datasets for training machine learning algorithms were collected from the Stanford HIV Drug Resistance Database (StHIVdb).” “The samples are the amino acid sequences of HIV enzymes with values representing the levels of phenotypic resistance.”,main_text,The study uses database sequence records rather than newly collected clinical specimens. The introductory discussion of plasma requirements for phenotypic assays does not establish the specimen types used in this study.,strict
38005921,12,Were any sequences obtained from individuals with virological failure on a treatment regimen?,Not applicable,"“The datasets for training machine learning algorithms were collected from the Stanford HIV Drug Resistance Database (StHIVdb).” “To build models for the web service, we used high quality filtered datasets available for downloading from StHIVdb.”",main_text,"No new patient-derived sequences are generated, so the question is not applicable. General discussion of treatment failure does not describe participants sampled in this study.",strict
38005921,13,Were the patients in the study in a clinical trial?,No,“The datasets for training machine learning algorithms were collected from the Stanford HIV Drug Resistance Database (StHIVdb).” “Institutional Review Board Statement: Not applicable.” “Informed Consent Statement: Not applicable.”,main_text,"This is a computational model-development study using existing database records, not a clinical trial. No enrolled participants, treatment allocation, or trial participation are reported (pages 3 and 12).",strict
38005921,14,Does the paper report HIV sequences from individuals who had previously received ARV drugs?,No,“The datasets for training machine learning algorithms were collected from the Stanford HIV Drug Resistance Database (StHIVdb).” “The samples are the amino acid sequences of HIV enzymes with values representing the levels of phenotypic resistance.”,main_text,"Under the specified rule, a study that does not generate new sequences from individuals with HIV receives No. Resistance labels in reused datasets do not establish individual treatment histories.",strict
38005921,15,Which drug classes were received by individuals in the study before sample sequencing?,None,"“The datasets for training machine learning algorithms were collected from the Stanford HIV Drug Resistance Database (StHIVdb).” “The table structure for the three drug groups, PI, NRTI, and NNRTI, derived from StHIVdb consists of a column with unique sequence identifiers and several drug columns with the phenotypic test results.”",main_text,"The named drug classes are susceptibility-prediction targets, not documented treatment histories. Because the paper does not newly sequence patient samples, the prescribed answer is None.",strict
38005921,16,Which drugs were received by individuals in the study before sample sequencing?,None,"“The samples are the amino acid sequences of HIV enzymes with values representing the levels of phenotypic resistance.” “The table structure for the three drug groups, PI, NRTI, and NNRTI, derived from StHIVdb consists of a column with unique sequence identifiers and several drug columns with the phenotypic test results.”",main_text,"The drugs listed in the tables are phenotypic testing and prediction endpoints, not medications documented as received by sampled participants. With no new patient sequencing, the specified answer is None.",strict
37896785,1,Does the paper report HIV sequences from patient samples?,Yes,"""The study material was blood plasma samples collected in 2021 from 61 pregnant women in need of PMTCT in Ho Chi Minh City with a viral load above 500 copies per ml of blood plasma."" ""The nucleotide sequences of 61 HIV-1 samples were obtained and deposited in GenBank (numbers OQ215322–OQ215382).""",main_text,The Methods (page 3) and Results (page 4) explicitly describe newly generated HIV sequences from clinical plasma samples.,strict
37896785,2,Does the paper report in vitro drug susceptibility data?,No,"""Analysis of HIV-1 genetic sequences for the presence of drug resistance mutations was performed using the Stanford database [17]."" ""Mutation profiles were analyzed by constructing line diagrams using Linear Diagram Generator software [18].""",main_text,"The study assesses genotypic resistance, not phenotypic susceptibility. No susceptibility assay or study-generated IC50, EC50, or fold-change measurements are reported; discussion of in vitro effects concerns established mutation properties.",strict
37896785,3,Were sequences from the paper made publicly available?,Yes,"""The nucleotide sequences of 61 HIV-1 samples were obtained and deposited in GenBank (numbers OQ215322–OQ215382)."" ""The subtype was determined for all samples (Table 1).""",main_text,The Results (page 4) explicitly report GenBank deposition of the newly generated sequences.,strict
37896785,4,What were the GenBank accession numbers for sequenced HIV isolates?,OQ215322–OQ215382,"""The nucleotide sequences of 61 HIV-1 samples were obtained and deposited in GenBank (numbers OQ215322–OQ215382)."" ""The subtype was determined for all samples (Table 1).""",main_text,This range identifies the study's 61 deposited sequences. Other accessions in the Methods and Figure 1 refer to reference sequences and are excluded.,strict
37896785,5,How many individuals had samples obtained for HIV sequencing?,61,"""The study material was blood plasma samples collected in 2021 from 61 pregnant women in need of PMTCT in Ho Chi Minh City with a viral load above 500 copies per ml of blood plasma."" ""In the surveyed group, 31 women showed virological failure of ART, and 30 women had not previously received therapy.""",main_text,"The Methods (page 3) identify 61 participants, comprising 31 ART-failure and 30 treatment-naïve women. The Results confirm that 61 samples yielded sequences.",strict
37896785,6,From which countries were the sequenced samples obtained?,Vietnam,"""The study material was blood plasma samples collected in 2021 from 61 pregnant women in need of PMTCT in Ho Chi Minh City with a viral load above 500 copies per ml of blood plasma."" ""After the sampling was completed, the frozen plasma was transported to St. Petersburg, where molecular biological studies were carried out.""",main_text,"Samples were collected in Ho Chi Minh City, Vietnam. Russia was the location of sequencing, not sample collection.",strict
37896785,7,From what years were the sequenced samples obtained?,2021,"""The study material was blood plasma samples collected in 2021 from 61 pregnant women in need of PMTCT in Ho Chi Minh City with a viral load above 500 copies per ml of blood plasma."" ""In the surveyed group, 31 women showed virological failure of ART, and 30 women had not previously received therapy.""",main_text,The Methods (page 3) explicitly date sample collection to 2021.,strict
37896785,8,Were samples cloned prior to sequencing?,Not applicable,"""For samples with a detectable viral load, reverse transcription and PCR were performed, followed by Sanger sequencing using the AmpliSens HIVResist-Seq (Central Research Institute of Epidemiology, Moscow, Russia) commercial kit [14]."" ""Analysis of HIV-1 genetic sequences for the presence of drug resistance mutations was performed using the Stanford database [17].""",main_text,"Although patient sequences were generated, the paper does not report in vitro susceptibility data. Under the specified applicability rule, the answer is Not applicable.",strict
37896785,9,Which HIV genes were reported to have been sequenced?,"PR, RT","""HIV-1 genotyping was performed based on analysis of the nucleotide sequences of the 1285 nt pol gene region encoding the protease (PR) and part of the reverse transcriptase (RT) in the 2085–3369 nt region."" ""The coordinates given are for HIV HXB2 in the GenBank database (K03455.1).""",main_text,The Methods (page 3) specify PR and partial RT as the sequenced regions. Integrase is discussed as a therapeutic target but was not sequenced.,strict
37896785,10,What method was used for sequencing?,Sanger sequencing,"""For samples with a detectable viral load, reverse transcription and PCR were performed, followed by Sanger sequencing using the AmpliSens HIVResist-Seq (Central Research Institute of Epidemiology, Moscow, Russia) commercial kit [14]."" ""Sequencing reaction products were analyzed using an ABI Prism 3500 genetic analyzer (Applied Biosystems, Waltham, MA, USA).""",main_text,The Methods (page 3) explicitly identify Sanger sequencing and the ABI analyzer used.,strict
37896785,11,What type of samples were sequenced?,Plasma,"""The study material was blood plasma samples collected in 2021 from 61 pregnant women in need of PMTCT in Ho Chi Minh City with a viral load above 500 copies per ml of blood plasma."" ""For samples with a detectable viral load, reverse transcription and PCR were performed, followed by Sanger sequencing using the AmpliSens HIVResist-Seq (Central Research Institute of Epidemiology, Moscow, Russia) commercial kit [14].""",main_text,The Methods (page 3) explicitly identify plasma as the clinical specimen used for viral sequencing.,strict
37896785,12,Were any sequences obtained from individuals with virological failure on a treatment regimen?,Yes,"""In the surveyed group, 31 women showed virological failure of ART, and 30 women had not previously received therapy."" ""The nucleotide sequences of 61 HIV-1 samples were obtained and deposited in GenBank (numbers OQ215322–OQ215382).""",main_text,"The sequenced population included 31 women with explicitly documented virological failure of ART, also distinguished in Table 2.",strict
37896785,13,Were the patients in the study in a clinical trial?,No,"""The study material was blood plasma samples collected in 2021 from 61 pregnant women in need of PMTCT in Ho Chi Minh City with a viral load above 500 copies per ml of blood plasma."" ""In the surveyed group, 31 women showed virological failure of ART, and 30 women had not previously received therapy.""",main_text,"The paper describes an observational analysis of collected samples grouped by existing treatment status. It reports no treatment assignment, randomization, trial phase, or other evidence of clinical-trial participation.",strict
37896785,14,Does the paper report HIV sequences from individuals who had previously received ARV drugs?,Yes,"""In the surveyed group, 31 women showed virological failure of ART, and 30 women had not previously received therapy."" ""In the present study, polymorphic mutations were found to be fewer, most likely due to the lack of ART or the single therapy regimen that women received.""",main_text,"The study includes 31 ART-experienced women with virological failure, alongside 30 untreated women.",strict
37896785,15,Which drug classes were received by individuals in the study before sample sequencing?,Not reported,"""In the surveyed group, 31 women showed virological failure of ART, and 30 women had not previously received therapy."" ""Some difficulty in interpreting the data is created by the poor availability of some information from the anamnesis, including the complete anonymity of the samples transmitted to us for work.""",main_text,"Prior ART is documented, but the classes actually received by the sequenced participants are not specified. National regimen recommendations and classes associated with detected resistance mutations do not establish participant exposure.",strict
37896785,16,Which drugs were received by individuals in the study before sample sequencing?,Not reported,"""In the surveyed group, 31 women showed virological failure of ART, and 30 women had not previously received therapy."" ""Some difficulty in interpreting the data is created by the poor availability of some information from the anamnesis, including the complete anonymity of the samples transmitted to us for work.""",main_text,"The paper does not identify specific drugs received by the sequenced participants. Named drugs appear in national treatment guidance or resistance interpretation, rather than documented treatment histories for these women.",strict
37495103,1,Does the paper report HIV sequences from patient samples?,Yes,"“HIV-1 pol gene sequences were generated, and the presence of HIV-1 DRM was assessed.” “HIV-1 RNA was isolated from 250 μL of plasma using DeltaMag HBV/HCV/HIV (Vector-Best, Russia) according to the kit’s manual.” “DNA sequencing was performed using an ABI PRISM 3130xl DNA Analyser (Applied Biosystems, USA).”",main_text,The abstract and Methods section 2.2 explicitly report newly generated HIV sequences from clinical plasma samples.,strict
37495103,2,Does the paper report in vitro drug susceptibility data?,No,“HIV-1 study sequences were analysed for the presence of DRM using the Stanford HIV Drug Resistance Database (HIVdb Program) [11].” “The genetic barrier to resistance was assessed using the ART regimen and adherence data of the study patients.”,main_text,"Methods section 2.2 describes genotypic interpretation, not phenotypic testing. Figure 3 on page 4 explicitly presents predicted drug resistance levels; no in vitro susceptibility assay or IC50/EC50 measurements are reported.",strict
37495103,3,Were sequences from the paper made publicly available?,No,,not_found,The supplied five-page article contains no accession numbers or statement depositing newly generated sequences in a public repository. The supplementary material is linked but is not included in the supplied file.,strict
37495103,4,What were the GenBank accession numbers for sequenced HIV isolates?,Not reported,,not_found,No GenBank or other sequence-repository accession numbers are provided in the supplied article.,strict
37495103,5,How many individuals had samples obtained for HIV sequencing?,271,“The study cohort included 271 patients who were on first-line ART and visited Novosibirsk Regional AIDS/HIV Clinical Hospital between March 2018 and August 2022.” “HIV-1 DRMs were detected in 54.6% (148/271) of the study patients with virological failure (Supplementary File S1.A).”,main_text,"Sections 2.1 and 3.3 report a cohort of 271 individuals and resistance results using all 271 as the denominator. The separately reported 237 individuals concern the subtype analysis, not the total resistance-testing cohort.",strict
37495103,6,From which countries were the sequenced samples obtained?,Russia,"“The study cohort (n = 271) included HIV-infected individuals who visited the Novosibirsk, Russia, HIV/AIDS clinic in 2018–2022.” “The study cohort included 271 patients who were on first-line ART and visited Novosibirsk Regional AIDS/HIV Clinical Hospital between March 2018 and August 2022.”",main_text,"The abstract and section 2.1 identify the clinical recruitment site as Novosibirsk, Russia.",strict
37495103,7,From what years were the sequenced samples obtained?,2018–2022,“The study cohort included 271 patients who were on first-line ART and visited Novosibirsk Regional AIDS/HIV Clinical Hospital between March 2018 and August 2022.” “All patients had undetectable viral load (VL) levels for 3–6 months while taking ART with further virological failure.”,main_text,The clinical attendance/enrollment period in section 2.1 provides the sample-associated year range; separate specimen collection dates are not given.,strict
37495103,8,Were samples cloned prior to sequencing?,Not applicable,"“DNA sequencing was performed using an ABI PRISM 3130xl DNA Analyser (Applied Biosystems, USA).” “HIV-1 study sequences were analysed for the presence of DRM using the Stanford HIV Drug Resistance Database (HIVdb Program) [11].”",main_text,"The paper reports clinical sequencing but no in vitro susceptibility data. Under the specified applicability rule, the answer is Not applicable regardless of cloning details.",strict
37495103,9,Which HIV genes were reported to have been sequenced?,"PR, RT, IN","“Reverse transcription and PCR were performed using RealBest Master Mix RT (Vector-Best, Russia) and BioMaster HS-Taq PCR-Color (BioLabMix, Russia), respectively, to amplify the HIV-1 PR-RT fragment (1302 bp).” “DRMs to INSTI were detected in four patients in this subgroup.”",main_text,"Section 2.2 explicitly identifies PR and RT. Section 3.4.3 also reports integrase-inhibitor resistance mutations, so IN is included under the specified inference rule, although integrase sequencing methods are not described.",strict
37495103,10,What method was used for sequencing?,Sanger sequencing,"“DNA sequencing was performed using an ABI PRISM 3130xl DNA Analyser (Applied Biosystems, USA).” “HIV-1 sequences were further analysed using Sequencher 4.1 software (GeneCodesCorporation, Ann Arbor, MI).”",main_text,The ABI PRISM 3130xl instrument reported in section 2.2 identifies capillary Sanger sequencing.,strict
37495103,11,What type of samples were sequenced?,Plasma,"“HIV-1 RNA was isolated from 250 μL of plasma using DeltaMag HBV/HCV/HIV (Vector-Best, Russia) according to the kit’s manual.” “DNA sequencing was performed using an ABI PRISM 3130xl DNA Analyser (Applied Biosystems, USA).”",main_text,Section 2.2 explicitly identifies plasma as the source of viral RNA for sequencing.,strict
37495103,12,Were any sequences obtained from individuals with virological failure on a treatment regimen?,Yes,“All patients had undetectable viral load (VL) levels for 3–6 months while taking ART with further virological failure.” “HIV-1 DRMs were detected in 54.6% (148/271) of the study patients with virological failure (Supplementary File S1.A).”,main_text,Sections 2.1 and 3.3 explicitly identify the sequenced patients as experiencing virological failure after receiving first-line ART.,strict
37495103,13,Were the patients in the study in a clinical trial?,No,“The study cohort included 271 patients who were on first-line ART and visited Novosibirsk Regional AIDS/HIV Clinical Hospital between March 2018 and August 2022.” “This report represents the current real-world evidence of the effectiveness of HIV-1 antiretroviral drug treatment and therapy adherence in a heterogeneous population in clinical practice.”,main_text,"The study evaluates a clinical-care cohort using medical records and self-reported adherence data. No randomization, trial phase, or experimental treatment assignment is described.",strict
37495103,14,Does the paper report HIV sequences from individuals who had previously received ARV drugs?,Yes,"“All patients received first-line ART prior to virological failure.” “HIV-1 pol gene sequences were generated, and the presence of HIV-1 DRM was assessed.”",main_text,The abstract explicitly states that the sequenced individuals had received first-line ART before virological failure.,strict
37495103,15,Which drug classes were received by individuals in the study before sample sequencing?,"NRTIs, NNRTIs, PIs, INSTIs","“Most patients (37.6%) received tenofovir (TDF) + lamivudine (3TC) + efavirenz (EFV) as a first-line ART regimen.” “Almost one-fifth (17.7%) of the study patients were on a TDF + 3TC + dolutegravir (DTG) regimen.” “A ritonavir-boosted lopinavir (LPV/r)-based regimen was received by 15.1% of the study patients; of those, 31.7% reported high adherence, 29.3% reported medium adherence, and 39% reported low adherence.”",main_text,"The treatment histories in section 3.2 include NRTIs, NNRTIs, PIs, and INSTIs. No received capsid inhibitors or entry inhibitors are reported.",strict
37495103,16,Which drugs were received by individuals in the study before sample sequencing?,"Tenofovir (TDF), lamivudine (3TC), efavirenz (EFV), abacavir (ABC), dolutegravir (DTG), lopinavir (LPV), ritonavir, elsulfavirine (ESV), raltegravir (RAL), darunavir (DRV), phosphazide (PhAZT; reported as phosphoside)","“Among the study patients, 5.5% were on TDF + 3TC + elsulfavirine (ESV).” “Alternative first-line ART regimens (TDF + 3TC + raltegravir [RAL], TDF + 3TC + datunavir (DRV/r), phosphoside [PhAZT] + 3TC + RAL) were prescribed to 2.4% of study patients who reported high-level adherence.” “Patients on TDF + 3TC + DTG were more likely to report high-level adherence than those who were on either TDF + 3TC + EFV or TDF + 3TC + LPV/r (85.4% vs. 42.1% or 31.7%, P < 0.001).”",main_text,"Section 3.2 on pages 2–3 lists the received regimens, including abacavir-based treatment on page 2. Ritonavir is included as the PI booster; the apparent spelling error “datunavir” is normalized to darunavir, and “phosphoside” (PhAZT) to phosphazide. Drugs appearing only in predicted cross-resistance analyses or treatment recommendations are excluded.",strict
36659824,1,Does the paper report HIV sequences from patient samples?,Yes,"“At the baseline visit, samples were collected for routine testing, confirmation of HIV serology and HIV resistance genotyping.” “Baseline laboratory results and baseline genotype for HIV-1 drug resistance mutations were available at Week (W) 1 and by W4, respectively.”",main_text,The Procedures section (page 770) explicitly reports resistance genotyping of clinical samples collected from study participants.,strict
36659824,2,Does the paper report in vitro drug susceptibility data?,No,"“Plasma concentrations of BIC, FTC and TFV were determined by a validated LC coupled with tandem MS (UPLC-MS/MS; Waters Acquity UPLC-TQD, Milford, MA, USA).” “Interpretation of BIC C24h results was based on the corresponding in vitro protein-adjusted IC95 for WT HIV-1: 162 ng/mL.”",main_text,"The study measured drug concentrations, not viral phenotypic susceptibility. The IC95 on page 770 is a previously published reference threshold, cited to reference 10, rather than susceptibility data generated in this study.",strict
36659824,3,Were sequences from the paper made publicly available?,No,,not_found,"No sequence accession numbers, public repository deposition statement, or raw-read availability statement appears in the supplied article.",strict
36659824,4,What were the GenBank accession numbers for sequenced HIV isolates?,Not reported,,not_found,The supplied article does not report accession numbers for the participant-derived HIV sequences.,strict
36659824,5,How many individuals had samples obtained for HIV sequencing?,112,"“At the baseline visit, samples were collected for routine testing, confirmation of HIV serology and HIV resistance genotyping.” “Thus, 112 were included in the ITT-FDA Snapshot analysis (see flow chart, Figure 1).”",main_text,"Baseline genotyping was part of the sampling protocol for the 112-person analyzed HIV cohort (pages 770–771; Figure 1, page 772). Follow-up resistance testing involved members of this same cohort and does not add unique individuals; the paper does not separately enumerate successful genotypes.",strict
36659824,6,From which countries were the sequenced samples obtained?,France,"“One hundred and eighteen participants were enrolled across 15 sites in France between November 2019 and September 2020.” “At the baseline visit, samples were collected for routine testing, confirmation of HIV serology and HIV resistance genotyping.”",main_text,Participants were enrolled and sampled at French study sites (pages 770–771). Birthplaces listed in Table 1 are not sample-collection countries.,strict
36659824,7,From what years were the sequenced samples obtained?,2019–2020,"“One hundred and eighteen participants were enrolled across 15 sites in France between November 2019 and September 2020.” “At the baseline visit, samples were collected for routine testing, confirmation of HIV serology and HIV resistance genotyping.”",main_text,"Baseline genotyping samples correspond to the explicitly reported 2019–2020 enrollment period. Additional testing occurred during follow-up, but its calendar dates are not explicitly reported.",strict
36659824,8,Were samples cloned prior to sequencing?,Not applicable,"“At the baseline visit, samples were collected for routine testing, confirmation of HIV serology and HIV resistance genotyping.” “Interpretation of BIC C24h results was based on the corresponding in vitro protein-adjusted IC95 for WT HIV-1: 162 ng/mL.”",main_text,"Although patient genotyping is reported, the study does not report its own in vitro susceptibility testing. Under the specified conditional rule, cloning status is therefore not applicable.",strict
36659824,9,Which HIV genes were reported to have been sequenced?,"RT, IN","“Seven participants discontinued the study treatment before W48 but remained on the study (one for pre-existing M184V resistance mutation, two for E157Q polymorphism in the integrase gene conferring possible resistance to BIC according to the 2019 French HIV-resistance algorithm, three for intolerance, one for PDVF).” “In our study, three participants required ART modifications for baseline lamivudine/emtricitabine resistance (n = 1) or possible resistance to bictegravir (n = 2).”",main_text,"The reported NRTI resistance establishes RT assessment, and the integrase findings establish IN assessment (pages 771 and 773). PR sequencing is not explicitly established.",strict
36659824,10,What method was used for sequencing?,Not reported,"“At the baseline visit, samples were collected for routine testing, confirmation of HIV serology and HIV resistance genotyping.” “Baseline laboratory results and baseline genotype for HIV-1 drug resistance mutations were available at Week (W) 1 and by W4, respectively.”",main_text,"The article reports genotyping but does not identify sequencing chemistry, a sequencing instrument, a commercial genotyping platform, or Sanger versus NGS methodology.",strict
36659824,11,What type of samples were sequenced?,Plasma,"“At the baseline visit, samples were collected for routine testing, confirmation of HIV serology and HIV resistance genotyping.” “In such cases, National French Guidelines also recommended performance of a resistance genotypic test and determination of BIC, FTC and tenofovir (TFV) plasma concentrations.”",main_text,Genotyping was performed at diagnosis and assessed during plasma-viremia-defined treatment failure. Plasma is inferred using the specified specimen rules; the article does not explicitly describe the material extracted for sequencing.,strict
36659824,12,Were any sequences obtained from individuals with virological failure on a treatment regimen?,Yes,"“Protocol-defined virological failure (PDVF, two consecutive pVL ≥ 50 copies/mL as of W24) was observed in 11/112 (9.8%) at W24 and 14/112 (12.5%) at W48.” “No emergent resistance-associated mutations were detected in those with PDVF at W24 and W48.”",main_text,The Results section (page 771) reports resistance assessment in participants experiencing virological failure after treatment initiation.,strict
36659824,13,Were the patients in the study in a clinical trial?,Yes,"“The FAST study was a national, multicentre, prospective, open-label single-arm study assessing the feasibility, efficacy and safety of BIC/FTC/TAF in a same-day initiation model.” “ART had to be started on the first medical appointment, before any laboratory result was available.”",main_text,"The study was an open-label, multicentre intervention study assigning a specified treatment strategy, satisfying the clinical-trial criteria (page 770).",strict
36659824,14,Does the paper report HIV sequences from individuals who had previously received ARV drugs?,Yes,“Participants were screened and enrolled at the first medical visit (baseline) and started BIC/FTC/TAF once daily before availability of baseline laboratory results.” “No emergent resistance-associated mutations were detected in those with PDVF at W24 and W48.”,main_text,"Although the analyzed participants were ART-naïve at enrollment, follow-up resistance assessments occurred after exposure to BIC/FTC/TAF. Thus, some reported genotypic assessments were from ARV-experienced individuals.",strict
36659824,15,Which drug classes were received by individuals in the study before sample sequencing?,"NRTIs, INSTIs","“The FAST study was a national, multicentre, prospective, open-label single-arm study assessing the feasibility, efficacy and safety of BIC/FTC/TAF in a same-day initiation model.” “No emergent resistance-associated mutations were detected in those with PDVF at W24 and W48.”",main_text,"Before follow-up resistance testing, participants had received bictegravir, an INSTI, and emtricitabine plus tenofovir alafenamide, both NRTIs. Drugs discussed solely in other studies do not establish exposure in FAST participants.",strict
36659824,16,Which drugs were received by individuals in the study before sample sequencing?,"Bictegravir (BIC), emtricitabine (FTC), tenofovir alafenamide (TAF)","“The FAST study was a national, prospective, single-arm study assessing the efficacy, safety and feasibility of bictegravir/emtricitabine/tenofovir alafenamide (BIC/FTC/TAF) in a same-day initiation model.” “No emergent resistance-associated mutations were detected in those with PDVF at W24 and W48.”",main_text,"The named study regimen preceded follow-up resistance assessment. Alternative regimens used after treatment modifications are not specified, and lamivudine resistance does not establish receipt of lamivudine.",strict
37085698,1,Does the paper report HIV sequences from patient samples?,Yes,"“This was a cross-sectional study involving isolation of HIV-1 from plasma of 49 newly diagnosed drug-naive HIV-1 infected individuals in Addis-Ababa during the period between June to December 2018.” “Near full-length HIV-1 IN region, (263 codons) of the 49 study participants were successfully sequenced and analyzed.”",main_text,The abstract (page 1) and Results (page 3) explicitly report newly generated HIV integrase sequences from clinical plasma samples.,strict
37085698,2,Does the paper report in vitro drug susceptibility data?,No,"“Calibrated Population Resistance (CPR) tool version 8.0, which is available at Stanford University HIV Drug Resistance Database (HIVdb) (http://cpr.standford.edu/cpr/index.html) was used to assess the drug RMs.” “The susceptibility of HIV to ARV drugs was determined using the HIVdb program (http://hivdb.stanford.edu).”",main_text,"The Methods (page 3) describe computational interpretation of genotypes, not phenotypic susceptibility testing. Susceptibility changes discussed elsewhere are attributed to previous publications, rather than new in vitro assays in this study.",strict
37085698,3,Were sequences from the paper made publicly available?,Yes,“All isolates are deposited in GenBank with accession number MW560010 to MW560058.” “All nucleotide sequences from this study have been deposited in the Genbank (ncbi) repository with accession numbers from MW560010 to MW560058.”,main_text,The Methods (page 3) and Data availability statement (page 6) explicitly confirm deposition of the study sequences in GenBank.,strict
37085698,4,What were the GenBank accession numbers for sequenced HIV isolates?,MW560010–MW560058,“All isolates are deposited in GenBank with accession number MW560010 to MW560058.” “All nucleotide sequences from this study have been deposited in the Genbank (ncbi) repository with accession numbers from MW560010 to MW560058.”,main_text,The study accession range is provided on pages 3 and 6 and corroborated by Figure 1 on page 5. K03455 and other reference-sequence accessions are excluded because they do not represent newly generated study sequences.,strict
37085698,5,How many individuals had samples obtained for HIV sequencing?,49,"“Accordingly, forty-nine volunteered adult (≥18 years old) study participants from voluntary VCT centers in Addis Ababa were consecutively enrolled in this study from June to December 2018.” “Near full-length HIV-1 IN region, (263 codons) of the 49 study participants were successfully sequenced and analyzed.”",main_text,"The Methods (page 2) identify 49 participants, and the Results (page 3) confirm successful sequencing for all 49.",strict
37085698,6,From which countries were the sequenced samples obtained?,Ethiopia,"“Thus, this study aimed to assess INSTI RMs and polymorphisms at the gene locus coding for Integrase (IN) among viral isolates from ART-naive HIV-1 infected Ethiopian population.” “This was a cross-sectional study involving isolation of HIV-1 from plasma of 49 newly diagnosed drug-naive HIV-1 infected individuals in Addis-Ababa during the period between June to December 2018.”",main_text,The abstract (page 1) identifies an Ethiopian population sampled in Addis Ababa. Countries associated with reference sequences and comparison studies are not study collection sites.,strict
37085698,7,From what years were the sequenced samples obtained?,2018,"“Accordingly, forty-nine volunteered adult (≥18 years old) study participants from voluntary VCT centers in Addis Ababa were consecutively enrolled in this study from June to December 2018.” “Blood samples (10 ml) were collected at the time of HIV diagnosis before initiation of ART for genotypic assay of the IN gene region from these participants using an EDTA tube.”",main_text,The Study population section (page 2) links baseline sample collection to enrollment during June–December 2018.,strict
37085698,8,Were samples cloned prior to sequencing?,Not applicable,"“Purified amplicons were then sequenced with Sanger DNA sequencing using the BigDye Terminator v3.1 Cycle Sequencing Kit (Applied Biosystems), and run on the ABI PRISM® 3500 xL automated Genetic Analyzer.” “The susceptibility of HIV to ARV drugs was determined using the HIVdb program (http://hivdb.stanford.edu).”",main_text,"Although clinical sequencing was performed, no in vitro susceptibility data were generated. Therefore, the question's applicability rule requires Not applicable.",strict
37085698,9,Which HIV genes were reported to have been sequenced?,IN,"“The IN region covering the first 263 codons of blood samples was amplified and sequenced using an in-house assay.” “Near full-length HIV-1 IN region, (263 codons) of the 49 study participants were successfully sequenced and analyzed.”",main_text,The abstract (page 1) and Results (page 3) identify integrase as the sequencing target. Other resistance classes mentioned in the background do not indicate additional genes sequenced in this study.,strict
37085698,10,What method was used for sequencing?,Sanger sequencing,"“Purified amplicons were then sequenced with Sanger DNA sequencing using the BigDye Terminator v3.1 Cycle Sequencing Kit (Applied Biosystems), and run on the ABI PRISM® 3500 xL automated Genetic Analyzer.” “Sequences were first collected from the ABI PRISM® 3500 xL automated Genetic Analyzer (Applied Biosystems) and transferred to separate personal computer.”",main_text,The Methods (page 3) explicitly identify Sanger sequencing and the capillary sequencing platform.,strict
37085698,11,What type of samples were sequenced?,Plasma,"“This was a cross-sectional study involving isolation of HIV-1 from plasma of 49 newly diagnosed drug-naive HIV-1 infected individuals in Addis-Ababa during the period between June to December 2018.” “Viral RNA extraction and viral load were performed consecutively from 200 μL of thawed participants’ plasma sample input using the Abbott Realtime HIV-1 M2000 system (Abbott Laboratories, Abbott Park, USA).”",main_text,"The abstract (page 1) and Methods (page 2) establish that viral RNA came from plasma. Whole blood was collected initially, but plasma was the specimen used for extraction and sequencing.",strict
37085698,12,Were any sequences obtained from individuals with virological failure on a treatment regimen?,No,"“This research did not include pregnant women, those with known chronic conditions, or anyone who had ever used ART.” “Blood samples (10 ml) were collected at the time of HIV diagnosis before initiation of ART for genotypic assay of the IN gene region from these participants using an EDTA tube.”",main_text,"The Study population section (page 2) excludes prior ART use and places sampling before treatment initiation. These were untreated individuals, not patients with treatment failure.",strict
37085698,13,Were the patients in the study in a clinical trial?,No,"“This is a cross-sectional health facility-based study involving drug-naive HIV-1 infected study participants.” “Study participants who were asymptomatic at the time of recruitment, above the age of 18, and willing to take part in the study were sequentially enrolled.”",main_text,"The Methods (page 2) describe a cross-sectional observational study, with no treatment allocation or other indication of clinical-trial participation.",strict
37085698,14,Does the paper report HIV sequences from individuals who had previously received ARV drugs?,No,"“This is a cross-sectional health facility-based study involving drug-naive HIV-1 infected study participants.” “This research did not include pregnant women, those with known chronic conditions, or anyone who had ever used ART.”",main_text,The Study population section (page 2) explicitly identifies all participants as drug-naive and excludes anyone with previous ART use.,strict
37085698,15,Which drug classes were received by individuals in the study before sample sequencing?,None,“This is a cross-sectional health facility-based study involving drug-naive HIV-1 infected study participants.” “Blood samples (10 ml) were collected at the time of HIV diagnosis before initiation of ART for genotypic assay of the IN gene region from these participants using an EDTA tube.”,main_text,All sequenced samples were collected from drug-naive participants before ART initiation (page 2). Drug classes discussed as background or resistance targets do not establish participant exposure.,strict
37085698,16,Which drugs were received by individuals in the study before sample sequencing?,None,"“This research did not include pregnant women, those with known chronic conditions, or anyone who had ever used ART.” “Blood samples (10 ml) were collected at the time of HIV diagnosis before initiation of ART for genotypic assay of the IN gene region from these participants using an EDTA tube.”",main_text,The Methods (page 2) establish that participants had no previous ART exposure and were sampled before treatment. Drugs named in the introduction and discussion are not reported treatment histories for these participants.,strict
18715920,1,Does the paper report HIV sequences from patient samples?,No,"“HIV-1 IIIB was provided by Guido van der Groen (Institute of Tropical Medicine, Antwerp, Belgium).” “HIV-1 molecular clone pHXB2D was provided by the Centre for AIDS Reagents (ARP206; Brussels, Belgium).”",main_text,"The study sequenced laboratory strains, in vitro-selected viruses, and laboratory-derived mutants, not clinical samples from individuals with HIV (Materials and Methods, page 2).",strict
18715920,2,Does the paper report in vitro drug susceptibility data?,Yes,“The antiviral activity of different inhibitors was determined in a cell-based HIV-1 replication assay.” “The eight resistant viruses from the automated IVS were recultured and tested for susceptibility to EVG.”,main_text,The Antiviral assays section on page 2 reports EC50 measurements. Figures 4–6 on pages 5–6 report fold changes in susceptibility for laboratory-derived viruses.,strict
18715920,3,Were sequences from the paper made publicly available?,No,,not_found,No public sequence-deposition statement or accession numbers for newly generated sequences appear in the supplied article.,strict
18715920,4,What were the GenBank accession numbers for sequenced HIV isolates?,Not reported,,not_found,"No GenBank or other sequence-repository accession numbers are reported. ARP206 is a reagent identifier, not a sequence accession number.",strict
18715920,5,How many individuals had samples obtained for HIV sequencing?,0,"“HIV-1 IIIB was provided by Guido van der Groen (Institute of Tropical Medicine, Antwerp, Belgium).” “HIV-1 molecular clone pHXB2D was provided by the Centre for AIDS Reagents (ARP206; Brussels, Belgium).”",main_text,Only laboratory viruses and their derivatives were studied; no individuals contributed clinical samples for sequencing.,strict
18715920,6,From which countries were the sequenced samples obtained?,Not applicable,"“HIV-1 IIIB was provided by Guido van der Groen (Institute of Tropical Medicine, Antwerp, Belgium).” “HIV-1 molecular clone pHXB2D was provided by the Centre for AIDS Reagents (ARP206; Brussels, Belgium).”",main_text,No patient-derived samples were sequenced. The locations of laboratory reagent providers are not clinical sample-collection countries.,strict
18715920,7,From what years were the sequenced samples obtained?,Not applicable,"“HIV-1 IIIB was provided by Guido van der Groen (Institute of Tropical Medicine, Antwerp, Belgium).” “HIV-1 molecular clone pHXB2D was provided by the Centre for AIDS Reagents (ARP206; Brussels, Belgium).”",main_text,"No clinical samples were obtained for sequencing, so patient sample-collection years do not apply.",strict
18715920,8,Were samples cloned prior to sequencing?,Not applicable,"“HIV-1 IIIB was provided by Guido van der Groen (Institute of Tropical Medicine, Antwerp, Belgium).” “HIV-1 molecular clone pHXB2D was provided by the Centre for AIDS Reagents (ARP206; Brussels, Belgium).”",main_text,"Although laboratory molecular clones were used and susceptibility data were reported, the question's applicability rule requires patient-derived sequences, which were not generated.",strict
18715920,9,Which HIV genes were reported to have been sequenced?,IN,"“The IN-encoding region of the pol gene of the viruses, selected at different passages, was sequenced.” “Sequencing results were reported as amino acid changes compared with the HIV-1 IIIB wild-type reference sequence.”",main_text,"The Genotyping and Results sections on pages 2–3 identify integrase as the sequenced region. These were laboratory-virus sequences, not patient-derived sequences.",strict
18715920,10,What method was used for sequencing?,Sanger sequencing,"“PCR products were genotyped by automated population-based full-sequence analysis (ABI Prism BigDye Terminator cycle sequencing; Applied Biosystems, Foster City, CA).” “Altered plasmid sequences were confirmed by dideoxyribose sequencing.”",main_text,"ABI BigDye Terminator and dideoxy sequencing explicitly identify Sanger sequencing (Materials and Methods, page 2).",strict
18715920,11,What type of samples were sequenced?,Not applicable,"“Viral RNA was extracted from culture supernatant or virus stock using a NucliSens easyMAG apparatus (bioMérieux, Marcy l’ Etoile, France), a high-throughput automated nucleic acid extraction system.” “Sequencing results were reported as amino acid changes compared with the HIV-1 IIIB wild-type reference sequence.”",main_text,"Sequencing used laboratory culture supernatants or virus stocks, not clinical specimens. Under the specified rule, the answer is not applicable.",strict
18715920,12,Were any sequences obtained from individuals with virological failure on a treatment regimen?,Not applicable,"“HIV-1 IIIB was provided by Guido van der Groen (Institute of Tropical Medicine, Antwerp, Belgium).” “HIV-1 molecular clone pHXB2D was provided by the Centre for AIDS Reagents (ARP206; Brussels, Belgium).”",main_text,This study generated no sequences from individuals. Discussion of virological failure concerns other studies and does not establish clinical sampling in this paper.,strict
18715920,13,Were the patients in the study in a clinical trial?,No,"“HIV-1 IIIB was provided by Guido van der Groen (Institute of Tropical Medicine, Antwerp, Belgium).” “HIV-1 molecular clone pHXB2D was provided by the Centre for AIDS Reagents (ARP206; Brussels, Belgium).”",main_text,This is an in vitro laboratory study without enrolled patients. Clinical trials mentioned in the article are external studies cited for context.,strict
18715920,14,Does the paper report HIV sequences from individuals who had previously received ARV drugs?,No,"“HIV-1 IIIB was provided by Guido van der Groen (Institute of Tropical Medicine, Antwerp, Belgium).” “HIV-1 molecular clone pHXB2D was provided by the Centre for AIDS Reagents (ARP206; Brussels, Belgium).”",main_text,No sequences were obtained from individuals with HIV. Laboratory exposure of viruses to drugs is not a patient ARV treatment history.,strict
18715920,15,Which drug classes were received by individuals in the study before sample sequencing?,None,"“HIV-1 IIIB was provided by Guido van der Groen (Institute of Tropical Medicine, Antwerp, Belgium).” “HIV-1 molecular clone pHXB2D was provided by the Centre for AIDS Reagents (ARP206; Brussels, Belgium).”",main_text,The paper reports no patient-derived sequences; drug classes used in laboratory experiments do not count as prior treatment received by individuals.,strict
18715920,16,Which drugs were received by individuals in the study before sample sequencing?,None,"“HIV-1 IIIB was provided by Guido van der Groen (Institute of Tropical Medicine, Antwerp, Belgium).” “HIV-1 molecular clone pHXB2D was provided by the Centre for AIDS Reagents (ARP206; Brussels, Belgium).”",main_text,No individuals contributed samples for sequencing. Drugs tested against laboratory viruses are not patient treatment histories.,strict
36931676,1,Does the paper report HIV sequences from patient samples?,No,"“This article describes the prospective Swedish HIV cohort, InfCareHIV, including all diagnosed PLHIV in Sweden, with data dating back to the earliest cases in the 1980s.” “Also, since all viral (pol) sequences are stored in the database, reanalysis can easily be performed when new drugs or new information about resistance appear.”",main_text,"This is a cohort profile describing existing clinical sequence records and summarizing previously published research, rather than reporting newly generated patient sequences or mutation lists. The quoted descriptions appear on pages 2 and 4.",strict
36931676,2,Does the paper report in vitro drug susceptibility data?,No,"“HIV-RNA (plasma and cerebrospinal fluid (CSF)) and HIV drug resistance (including viral sequences) results, described as both mutations and predicted phenotypic sensitivity, as well as CD4+ and CD8+ T cell counts and CD4/CD8 ratios are either automatically or manually included depending on the HIV centre.” “Also, a naturally occurring dipeptide was found to be enhanced among EC and to possess antiretroviral properties, acting as both an entry inhibitor and an RT-inhibitor.”",main_text,"Page 2 describes predicted phenotypic sensitivity stored in the registry, not measured in vitro susceptibility. The antiviral finding on page 6 summarizes a cited prior study; this paper provides no susceptibility assay or quantitative susceptibility results.",strict
36931676,3,Were sequences from the paper made publicly available?,No,“Data are available upon reasonable request.” “Data can be made available upon reasonable request and after ethical approval.”,main_text,"The data availability statement on page 7 describes controlled access upon request, not deposition in a public sequence repository. No sequence accession numbers or public deposition statement are provided.",strict
36931676,4,What were the GenBank accession numbers for sequenced HIV isolates?,Not reported,“Data are available upon reasonable request.” “Data can be made available upon reasonable request and after ethical approval.”,main_text,"The page 7 data availability statement supplies no repository identifiers, and no GenBank or other sequence accession numbers appear elsewhere in the supplied article.",strict
36931676,5,How many individuals had samples obtained for HIV sequencing?,0,"“This article describes the prospective Swedish HIV cohort, InfCareHIV, including all diagnosed PLHIV in Sweden, with data dating back to the earliest cases in the 1980s.” “To date (August 2022), 13 029 PLHIV have been included of whom 8436 are currently in active care (table 1, figure 1).”",main_text,"The figures on page 2 are cohort membership counts, not counts of individuals sequenced for this paper. Because this cohort profile does not report newly generated patient sequences, the specified answer is 0.",strict
36931676,6,From which countries were the sequenced samples obtained?,Not applicable,"“The InfCareHIV cohort was established in 2003 in the two largest cities in Sweden, Stockholm and Gothenburg.” “The other Swedish clinics joined thereafter and since 2008 the cohort has had complete national coverage, including all 29 clinical HIV centres in Sweden.”",main_text,"Page 2 establishes Sweden as the cohort location, but this paper does not report a newly sequenced patient sample set. The no-sequence applicability rule therefore applies.",strict
36931676,7,From what years were the sequenced samples obtained?,Not applicable,"“This article describes the prospective Swedish HIV cohort, InfCareHIV, including all diagnosed PLHIV in Sweden, with data dating back to the earliest cases in the 1980s.” “Retrospective data from before the cohort was established as nation-wide in 2008 has been backlogged, including PLHIV deceased before 2008.”",main_text,"These statements on page 2 describe the historical coverage of registry data, not collection dates for newly sequenced samples. No new patient sequence dataset is reported.",strict
36931676,8,Were samples cloned prior to sequencing?,Not applicable,"“The pol sequence of the virus is characterised at diagnosis regarding drug resistance mutations and subtype.” “Also, since all viral (pol) sequences are stored in the database, reanalysis can easily be performed when new drugs or new information about resistance appear.”",main_text,"Pages 1 and 4 describe routine characterization and storage of clinical sequences without reporting cloning methods. More importantly, this paper reports neither new patient sequences nor in vitro susceptibility data, making the question not applicable.",strict
36931676,9,Which HIV genes were reported to have been sequenced?,Pol,"“The pol sequence of the virus is characterised at diagnosis regarding drug resistance mutations and subtype.” “Also, since all viral (pol) sequences are stored in the database, reanalysis can easily be performed when new drugs or new information about resistance appear.”",main_text,"Pages 1 and 4 explicitly identify Pol as the target of the clinical sequences stored in the cohort database. This describes existing registry sequences, not a newly generated sequence dataset in this paper.",strict
36931676,10,What method was used for sequencing?,Not reported,"“The pol sequence of the virus is characterised at diagnosis regarding drug resistance mutations and subtype.” “Also, since all viral (pol) sequences are stored in the database, reanalysis can easily be performed when new drugs or new information about resistance appear.”",main_text,"The descriptions on pages 1 and 4 do not specify a sequencing platform or method. High-throughput sequencing appears in a cited prior article's title, which does not establish a method used for this cohort profile.",strict
36931676,11,What type of samples were sequenced?,Not applicable,"“In the major clinical centres blood plasma/serum/liquor samples are collected, and in selected cases also peripheral blood mononuclear cells, HIV isolates, CSF and CSF cells in biobanks.” “These biobanks are separate from the cohort but linking between the cohort data and the biobanks can be performed (after ethical permission) for translational studies.”",main_text,"The biobank description on pages 5–6 lists available specimen types, but does not identify specimens newly sequenced for this article. Because no new patient sequence dataset is reported, the question is not applicable.",strict
36931676,12,Were any sequences obtained from individuals with virological failure on a treatment regimen?,Not applicable,"“Sönnerborg et al have also studied HIV drug resistance, both transmitted and acquired, and the molecular HIV epidemiology.” “Among several key findings, an increase of transmitted drug resistance in the InfCareHIV cohort was reported.”",main_text,"Page 6 summarizes earlier resistance studies rather than presenting new sequences from individuals with treatment failure. Under the no-sequence rule, this question is not applicable.",strict
36931676,13,Were the patients in the study in a clinical trial?,No,"“This article describes the prospective Swedish HIV cohort, InfCareHIV, including all diagnosed PLHIV in Sweden, with data dating back to the earliest cases in the 1980s.” “This cohort study has been approved by the Regional Ethical committees in Sweden (Dnr 532-11, Dnr 2018/11-31/2, Dnr 2022-02897-02).”",main_text,"Pages 2 and 7 identify a prospective registry-based cohort, not an interventional trial. National participation by multiple clinical centres does not make this observational cohort a clinical trial.",strict
36931676,14,Does the paper report HIV sequences from individuals who had previously received ARV drugs?,No,"“Data on HIV-RNA levels (plasma and CSF), CD4 cell counts (absolute and percentage), drug resistance and previous and current ART are presented through a graphical system.” “Thus, data generated in clinical care are automatically ‘reused’ for research and development.”",main_text,"Page 4 describes existing treatment and resistance records. Although the cohort includes ART-experienced individuals, the paper does not report newly generated sequences from them; the specified no-sequence answer is No.",strict
36931676,15,Which drug classes were received by individuals in the study before sample sequencing?,None,"“Data include ART start and stop dates, ART regimen (including doses and mode of administration) and the reason for any change of drug regimens, prophylaxis of opportunistic infections and selected co-medications.” “Thus, data generated in clinical care are automatically ‘reused’ for research and development.”",main_text,"Pages 2 and 4 describe treatment information in the registry, but no newly sequenced patient group is reported. The prescribed answer is None when the paper does not report new patient sequences; this does not imply that cohort members were untreated.",strict
36931676,16,Which drugs were received by individuals in the study before sample sequencing?,None,“Laboratory data (CD4 cell count and HIV-RNA viral loads) and data regarding antiretroviral therapy refer to latest available data unless otherwise stated.” “Individual data is generally updated at least every 6 months.”,table,"Table 1 on pages 3–4 lists current or latest regimens, and Figure 2 on page 5 illustrates treatment histories, but neither establishes drug exposure before a new sequencing dataset reported in this paper. The no-patient-sequence rule requires None.",strict
26246578,1,Does the paper report HIV sequences from patient samples?,No,"“The research objectives of this study were to evaluate the strand transfer activity of recombinant integrase proteins expressing different combinations of point mutations that confer resistance to RAL, EVG, and/or DTG.” “We also wished to assess the viral infectivity of equivalent NL4.3 viruses in the presence or absence of RAL, EVG, and DTG.”",main_text,"The experimental design on page 2 describes recombinant proteins and laboratory-strain NL4.3 viruses, not new sequencing or mutation data generated from clinical samples. Patient findings discussed elsewhere are attributed to previous studies.",strict
26246578,2,Does the paper report in vitro drug susceptibility data?,Yes,"“Figure 3 displays the results of resistance assays in tissue culture with the various drugs used in this study, i.e., DTG, RAL, and EVG.” “The IC50s depicted in Fig. 3A and B are summarized in Table 3.”",main_text,"The Results on page 4 explicitly report tissue-culture susceptibility assays. Table 3 on page 4 reports IC50 values and fold changes for dolutegravir and raltegravir, and Figure 3 on page 6 also shows elvitegravir susceptibility results.",strict
26246578,3,Were sequences from the paper made publicly available?,No,,not_found,"No sequence accession numbers, public-repository deposition statements, or raw-read availability statements appear in the supplied article.",strict
26246578,4,What were the GenBank accession numbers for sequenced HIV isolates?,Not reported,,not_found,No GenBank or other sequence-repository accession numbers are provided.,strict
26246578,5,How many individuals had samples obtained for HIV sequencing?,0,"“The research objectives of this study were to evaluate the strand transfer activity of recombinant integrase proteins expressing different combinations of point mutations that confer resistance to RAL, EVG, and/or DTG.” “We also wished to assess the viral infectivity of equivalent NL4.3 viruses in the presence or absence of RAL, EVG, and DTG.”",main_text,"The study uses laboratory constructs rather than samples obtained from individuals with HIV. Accordingly, the number of individuals contributing samples for sequencing is 0.",strict
26246578,6,From which countries were the sequenced samples obtained?,Not applicable,"“The research objectives of this study were to evaluate the strand transfer activity of recombinant integrase proteins expressing different combinations of point mutations that confer resistance to RAL, EVG, and/or DTG.” “We also wished to assess the viral infectivity of equivalent NL4.3 viruses in the presence or absence of RAL, EVG, and DTG.”",main_text,No patient-derived HIV sequences are reported. The Canadian research affiliations do not represent clinical sample collection sites.,strict
26246578,7,From what years were the sequenced samples obtained?,Not applicable,"“The research objectives of this study were to evaluate the strand transfer activity of recombinant integrase proteins expressing different combinations of point mutations that confer resistance to RAL, EVG, and/or DTG.” “We also wished to assess the viral infectivity of equivalent NL4.3 viruses in the presence or absence of RAL, EVG, and DTG.”",main_text,"There are no clinical samples sequenced in this study, so sample collection years are not applicable.",strict
26246578,8,Were samples cloned prior to sequencing?,Not applicable,"“The research objectives of this study were to evaluate the strand transfer activity of recombinant integrase proteins expressing different combinations of point mutations that confer resistance to RAL, EVG, and/or DTG.” “We also wished to assess the viral infectivity of equivalent NL4.3 viruses in the presence or absence of RAL, EVG, and DTG.”",main_text,"Although laboratory viral clones were studied and in vitro susceptibility data were generated, no HIV sequences from patient samples are reported. The question's applicability rule therefore requires Not applicable.",strict
26246578,9,Which HIV genes were reported to have been sequenced?,IN,"“The research objectives of this study were to evaluate the strand transfer activity of recombinant integrase proteins expressing different combinations of point mutations that confer resistance to RAL, EVG, and/or DTG.” “We also wished to assess the viral infectivity of equivalent NL4.3 viruses in the presence or absence of RAL, EVG, and DTG.”",main_text,IN is assigned under the specified rule to include IN when INSTI resistance is assessed. This identifies the laboratory study's gene target; it does not indicate that patient-derived integrase sequences were generated.,strict
26246578,10,What method was used for sequencing?,Not reported,,not_found,"The article describes laboratory mutagenesis and functional assays but does not specify a sequencing method, sequencing instrument, or sequencing platform.",strict
26246578,11,What type of samples were sequenced?,Not applicable,"“The research objectives of this study were to evaluate the strand transfer activity of recombinant integrase proteins expressing different combinations of point mutations that confer resistance to RAL, EVG, and/or DTG.” “We also wished to assess the viral infectivity of equivalent NL4.3 viruses in the presence or absence of RAL, EVG, and DTG.”",main_text,"The study examines recombinant proteins and laboratory viruses, not HIV sequences from clinical specimens.",strict
26246578,12,Were any sequences obtained from individuals with virological failure on a treatment regimen?,Not applicable,"“The research objectives of this study were to evaluate the strand transfer activity of recombinant integrase proteins expressing different combinations of point mutations that confer resistance to RAL, EVG, and/or DTG.” “We also wished to assess the viral infectivity of equivalent NL4.3 viruses in the presence or absence of RAL, EVG, and DTG.”",main_text,"No sequences were obtained from individuals in this study. Discussion of virological failure concerns previously published clinical findings, not newly sampled patients.",strict
26246578,13,Were the patients in the study in a clinical trial?,No,"“The research objectives of this study were to evaluate the strand transfer activity of recombinant integrase proteins expressing different combinations of point mutations that confer resistance to RAL, EVG, and/or DTG.” “We also wished to assess the viral infectivity of equivalent NL4.3 viruses in the presence or absence of RAL, EVG, and DTG.”",main_text,"This is a laboratory study without enrolled patients. The clinical trials mentioned in the introduction, discussion, and references are separate studies.",strict
26246578,14,Does the paper report HIV sequences from individuals who had previously received ARV drugs?,No,"“The research objectives of this study were to evaluate the strand transfer activity of recombinant integrase proteins expressing different combinations of point mutations that confer resistance to RAL, EVG, and/or DTG.” “We also wished to assess the viral infectivity of equivalent NL4.3 viruses in the presence or absence of RAL, EVG, and DTG.”",main_text,"No patient-derived HIV sequences are generated or reported as original clinical data in this paper. Therefore, the required answer is No regardless of treatment histories discussed from previous publications.",strict
26246578,15,Which drug classes were received by individuals in the study before sample sequencing?,None,"“The research objectives of this study were to evaluate the strand transfer activity of recombinant integrase proteins expressing different combinations of point mutations that confer resistance to RAL, EVG, and/or DTG.” “We also wished to assess the viral infectivity of equivalent NL4.3 viruses in the presence or absence of RAL, EVG, and DTG.”",main_text,No individuals contributed HIV sequences to this study. INSTIs used in laboratory assays do not constitute patient treatment histories.,strict
26246578,16,Which drugs were received by individuals in the study before sample sequencing?,None,"“The research objectives of this study were to evaluate the strand transfer activity of recombinant integrase proteins expressing different combinations of point mutations that confer resistance to RAL, EVG, and/or DTG.” “We also wished to assess the viral infectivity of equivalent NL4.3 viruses in the presence or absence of RAL, EVG, and DTG.”",main_text,"No HIV sequences from individuals are reported. Raltegravir, elvitegravir, and dolutegravir were laboratory assay drugs, not treatments received by sequenced participants in this study.",strict
35730213,1,Does the paper report HIV sequences from patient samples?,No,"“In this study within DO-REAL, we assessed the effect of transitioning from EFV- to DTG-based ART on self-reported psychological and physical wellbeing.” “Short-term virologic outcomes upon transitioning from EFV- or nevirapine- to DTG-based ART within the DO-REAL cohort have been reported separately [21].”",main_text,"The Methods (page 2) describe a health-outcomes analysis, not HIV sequencing. No newly generated HIV sequences, genotypic resistance tests, or patient mutation lists are reported in the supplied article.",strict
35730213,2,Does the paper report in vitro drug susceptibility data?,No,"“The PHQ-9 and SF-12 generate overall scores, and the mHSI was used to screen for individual pre-specified HIV-/ART-related symptoms [24].” “In light of reports associating DTG with weight gain [44], we assessed body mass index at both time points.”",main_text,"The measures described on page 3 concern symptoms, health, and body mass index. No phenotypic susceptibility assay, IC50, EC50, or susceptibility fold change is reported.",strict
35730213,3,Were sequences from the paper made publicly available?,No,“A pseudo-anonymised dataset was made available at the time of publication through the data repository Zenodo with open access.” “Link: https://zenodo.org/record/6654462.”,main_text,"The Data Availability statement (page 8) provides a study dataset, not a deposit of HIV sequences or raw sequencing reads. No sequence-repository deposition statement or accession numbers are provided.",strict
35730213,4,What were the GenBank accession numbers for sequenced HIV isolates?,Not reported,“A pseudo-anonymised dataset was made available at the time of publication through the data repository Zenodo with open access.” “Link: https://zenodo.org/record/6654462.”,main_text,The repository link on page 8 identifies the study dataset; it is not a GenBank accession. No HIV sequence accession numbers appear in the supplied article.,strict
35730213,5,How many individuals had samples obtained for HIV sequencing?,0,"“In this study within DO-REAL, we assessed the effect of transitioning from EFV- to DTG-based ART on self-reported psychological and physical wellbeing.” “Routine data were retrieved from medical records.”",main_text,"The Methods (pages 2–3) describe interviews and routine clinical data, not sequencing. The cohort participant counts must not be treated as numbers of sequenced individuals; under the specified rule, the answer is 0.",strict
35730213,6,From which countries were the sequenced samples obtained?,Not applicable,"“DO-REAL (Dolutegravir in Real Life in Lesotho) is a prospective, registered cohort study that enrolled ART-experienced and ART-naïve people living with HIV who were initiating DTG-based ART within routine hospital-based care in Butha-Buthe Lesotho [20, 21].” “In this study within DO-REAL, we assessed the effect of transitioning from EFV- to DTG-based ART on self-reported psychological and physical wellbeing.”",main_text,"Although the study was conducted in Lesotho (page 2), it does not report patient-derived HIV sequences. Therefore, a country of origin for sequenced samples is not applicable.",strict
35730213,7,From what years were the sequenced samples obtained?,Not applicable,"“We included adults enrolled at Butha-Buthe Government Hospital who transitioned from tenofovir disoproxil fumarate (TDF)/lamivudine (3TC)/EFV to TDF/3TC/DTG within first-line ART from 10 February until 15 December 2020.” “Follow-up visits were conducted from 1 June 2020 to 19 May 2021, when data were closed for this analysis.”",main_text,"These dates on page 2 describe enrollment and follow-up, not collection of samples for HIV sequencing. No patient-derived sequences are reported.",strict
35730213,8,Were samples cloned prior to sequencing?,Not applicable,"“In this study within DO-REAL, we assessed the effect of transitioning from EFV- to DTG-based ART on self-reported psychological and physical wellbeing.” “The PHQ-9 and SF-12 generate overall scores, and the mHSI was used to screen for individual pre-specified HIV-/ART-related symptoms [24].”",main_text,The paper reports neither patient-derived HIV sequences nor in vitro susceptibility data. The question is therefore not applicable under the specified rule.,strict
35730213,9,Which HIV genes were reported to have been sequenced?,Not applicable,"“In this study within DO-REAL, we assessed the effect of transitioning from EFV- to DTG-based ART on self-reported psychological and physical wellbeing.” “Short-term virologic outcomes upon transitioning from EFV- or nevirapine- to DTG-based ART within the DO-REAL cohort have been reported separately [21].”",main_text,No HIV gene sequencing or genotypic resistance analysis is reported. References to antiretroviral drug targets or other publications do not establish that any genes were sequenced in this paper.,strict
35730213,10,What method was used for sequencing?,Not reported,"“Routine data were retrieved from medical records.” “Under supervision of the study physician, two study data collectors administered the questionnaires and entered data into the secured database of an ongoing open cohort study within which DO-REAL is nested [43].”",main_text,"The data-collection methods on page 3 describe clinical records and questionnaires. No sequencing procedure, platform, or instrument is reported.",strict
35730213,11,What type of samples were sequenced?,Not applicable,"“Routine data were retrieved from medical records.” “Height was measured at baseline, and weight was measured at both time points.”",main_text,No clinical specimens are reported as having undergone HIV sequencing. Viral-load information in Table 1 does not establish that samples were sequenced.,strict
35730213,12,Were any sequences obtained from individuals with virological failure on a treatment regimen?,Not applicable,"“In this study within DO-REAL, we assessed the effect of transitioning from EFV- to DTG-based ART on self-reported psychological and physical wellbeing.” “In brief, adherence and viral suppression rates were high at both baseline and follow-up.”",main_text,"The paper reports clinical outcomes in treated participants but no patient-derived HIV sequences. Therefore, whether sequenced individuals had virological failure is not applicable.",strict
35730213,13,Were the patients in the study in a clinical trial?,No,"“DO-REAL (Dolutegravir in Real Life in Lesotho) is a prospective, registered cohort study that enrolled ART-experienced and ART-naïve people living with HIV who were initiating DTG-based ART within routine hospital-based care in Butha-Buthe Lesotho [20, 21].” “Transitions from EFV to DTG occurred during routine clinic visits.”",main_text,"The Methods (page 2) identify an observational prospective cohort following programmatic treatment transitions during routine care. ClinicalTrials.gov registration alone does not make this a clinical trial, and randomized trials discussed elsewhere are separate studies.",strict
35730213,14,Does the paper report HIV sequences from individuals who had previously received ARV drugs?,No,"“We included adults enrolled at Butha-Buthe Government Hospital who transitioned from tenofovir disoproxil fumarate (TDF)/lamivudine (3TC)/EFV to TDF/3TC/DTG within first-line ART from 10 February until 15 December 2020.” “In this study within DO-REAL, we assessed the effect of transitioning from EFV- to DTG-based ART on self-reported psychological and physical wellbeing.”",main_text,"Participants were ART-experienced, but this paper does not report HIV sequences from them. Under the specified rule, absence of patient-derived sequences requires No.",strict
35730213,15,Which drug classes were received by individuals in the study before sample sequencing?,None,"“We included adults enrolled at Butha-Buthe Government Hospital who transitioned from tenofovir disoproxil fumarate (TDF)/lamivudine (3TC)/EFV to TDF/3TC/DTG within first-line ART from 10 February until 15 December 2020.” “In this study within DO-REAL, we assessed the effect of transitioning from EFV- to DTG-based ART on self-reported psychological and physical wellbeing.”",main_text,"Treatment regimens are described, but no HIV sequences from individuals are reported. The required answer is therefore None; this does not mean participants had no ARV exposure.",strict
35730213,16,Which drugs were received by individuals in the study before sample sequencing?,None,"“We included adults enrolled at Butha-Buthe Government Hospital who transitioned from tenofovir disoproxil fumarate (TDF)/lamivudine (3TC)/EFV to TDF/3TC/DTG within first-line ART from 10 February until 15 December 2020.” “In this study within DO-REAL, we assessed the effect of transitioning from EFV- to DTG-based ART on self-reported psychological and physical wellbeing.”",main_text,"Although specific ARVs are named, there is no reported patient HIV sequencing to which prior drug exposure can be linked. The specified no-sequences rule requires None.",strict
37554471,1,Does the paper report HIV sequences from patient samples?,No,"“The patient had been prescribed etravirine 200 mg, dolutegravir 50 mg, darunavir 600 mg and ritonavir 100 mg, all dosed twice daily by mouth with numerous resistance tests performed over the last several years showing no resistance to the current regimen.” “He did harbour HIV drug resistance mutations on old resistance testing to tenofovir, lamivudine, emtricitabine, abacavir and efavirenz.”",main_text,"The case description on page 2 summarizes historical resistance results by drug. It does not explicitly report sequencing or genotypic testing, provide nucleotide or amino-acid sequences, or identify individual mutations. Historical resistance summaries alone do not establish that this paper generated or reported qualifying sequence data.",strict
37554471,2,Does the paper report in vitro drug susceptibility data?,No,"“The AFB resulted positive for MAI, with susceptibility tests showing resistance to clarithromycin and sensitivity to amikacin (Table 1).” “However, due to increasing values of HBV DNA (750 million IU/ml) despite reported compliance with treatment, hepatitis B virus drug resistance testing was ordered, which showed no resistance to lamivudine/emtricitabine.”",main_text,"The susceptibility testing described on page 2 concerns Mycobacterium avium-intracellulare and HBV, not HIV. Table 1 on page 3 contains bacterial minimum inhibitory concentrations; no HIV phenotypic susceptibility assay or quantitative HIV susceptibility results are reported.",strict
37554471,3,Were sequences from the paper made publicly available?,No,,not_found,The complete article contains no statement depositing newly generated HIV sequences or reads in a public repository and no associated accession numbers.,strict
37554471,4,What were the GenBank accession numbers for sequenced HIV isolates?,Not reported,,not_found,No HIV sequence accession numbers or sequence-submission statements are provided anywhere in the article.,strict
37554471,5,How many individuals had samples obtained for HIV sequencing?,0,"“We present a case of successful achievement of undetectable HIV RNA viral load levels in an acquired immunodeficiency syndrome (AIDS) patient with long-standing virologic failure within two months of CAB/RPV LA initiation.” “He did harbour HIV drug resistance mutations on old resistance testing to tenofovir, lamivudine, emtricitabine, abacavir and efavirenz.”",main_text,"Although the article describes one patient, it does not report qualifying HIV sequencing data from that patient. Under the specified rule for papers without patient-derived sequence reporting, the answer is 0.",strict
37554471,6,From which countries were the sequenced samples obtained?,Not applicable,,not_found,"The paper does not report qualifying HIV sequences from individuals, so the sequencing-sample country question is not applicable.",strict
37554471,7,From what years were the sequenced samples obtained?,Not applicable,,not_found,No qualifying patient-derived HIV sequence data are reported. The diagnosis date and dates of studies cited in the discussion are not sequencing-sample collection dates for this case.,strict
37554471,8,Were samples cloned prior to sequencing?,Not applicable,,not_found,"Neither qualifying patient-derived HIV sequence data nor HIV in vitro susceptibility data are reported, making this question not applicable.",strict
37554471,9,Which HIV genes were reported to have been sequenced?,"PR, RT, IN","“The patient had been prescribed etravirine 200 mg, dolutegravir 50 mg, darunavir 600 mg and ritonavir 100 mg, all dosed twice daily by mouth with numerous resistance tests performed over the last several years showing no resistance to the current regimen.” “He did harbour HIV drug resistance mutations on old resistance testing to tenofovir, lamivudine, emtricitabine, abacavir and efavirenz.”",main_text,"Applying the question's resistance-based inference rules, the historical resistance assessments cover PIs (darunavir), NRTIs/NNRTIs, and an INSTI (dolutegravir), corresponding to PR, RT, and IN. These are inferred resistance targets; the article does not explicitly document sequencing these genes or provide sequence-level results.",strict
37554471,10,What method was used for sequencing?,Not reported,,not_found,"The article does not identify a sequencing platform, commercial genotyping assay, or sequencing method.",strict
37554471,11,What type of samples were sequenced?,Not applicable,,not_found,"The paper does not report qualifying HIV sequences from individuals. Samples used for viral-load measurements, drug-level measurements, or bacterial cultures do not establish a specimen type for HIV sequencing.",strict
37554471,12,Were any sequences obtained from individuals with virological failure on a treatment regimen?,Not applicable,"“We present a case of successful achievement of undetectable HIV RNA viral load levels in an acquired immunodeficiency syndrome (AIDS) patient with long-standing virologic failure within two months of CAB/RPV LA initiation.” “Despite stated compliance with his medications, his helper T cell count (CD4) was less than 10 cells/mm3 (normal 443–1471 cells/mm3), and his HIV viral load was more than 300,000 copies/ml.”",main_text,"The patient clearly had virological failure, but the article does not report qualifying HIV sequence data. The required answer when patient-derived sequences are not reported is Not applicable.",strict
37554471,13,Were the patients in the study in a clinical trial?,No,"“We present a case of successful achievement of undetectable HIV RNA viral load levels in an acquired immunodeficiency syndrome (AIDS) patient with long-standing virologic failure within two months of CAB/RPV LA initiation.” “Given his decline and eventual progression to death without proper treatment, a decision was made to initiate a therapeutic trial of long-acting injectable cabotegravir/rilpivirine (CAB/RPV) in an attempt to induce virological suppression, despite a detectable viral load.”",main_text,"This is an individual clinical case report. The phrase 'therapeutic trial' describes an individualized treatment attempt, not enrollment in a clinical trial; ATLAS and FLAIR are cited background studies rather than studies involving this patient.",strict
37554471,14,Does the paper report HIV sequences from individuals who had previously received ARV drugs?,No,"“The patient had been prescribed etravirine 200 mg, dolutegravir 50 mg, darunavir 600 mg and ritonavir 100 mg, all dosed twice daily by mouth with numerous resistance tests performed over the last several years showing no resistance to the current regimen.” “He did harbour HIV drug resistance mutations on old resistance testing to tenofovir, lamivudine, emtricitabine, abacavir and efavirenz.”",main_text,"The patient was ARV-experienced, but the paper does not report qualifying HIV sequence data. The specified rule therefore requires No; this does not mean the patient was treatment-naïve.",strict
37554471,15,Which drug classes were received by individuals in the study before sample sequencing?,None,"“The patient had been prescribed etravirine 200 mg, dolutegravir 50 mg, darunavir 600 mg and ritonavir 100 mg, all dosed twice daily by mouth with numerous resistance tests performed over the last several years showing no resistance to the current regimen.” “The patient was started on emtricitabine 200 mg/tenofovir alafenamide 25 mg once daily by mouth.”",main_text,"Several ARV classes were used clinically, but no qualifying HIV sequence data are reported. Under the question's explicit gating rule, the answer is None rather than a list of treatment classes.",strict
37554471,16,Which drugs were received by individuals in the study before sample sequencing?,None,"“The patient had been prescribed etravirine 200 mg, dolutegravir 50 mg, darunavir 600 mg and ritonavir 100 mg, all dosed twice daily by mouth with numerous resistance tests performed over the last several years showing no resistance to the current regimen.” “The patient received loading doses of CAB 600 mg and RPV 900 mg intramuscularly with no immediate adverse reactions.”",main_text,"The article describes ARV treatment, but it does not report qualifying patient-derived HIV sequence data. The specified gating rule requires None; this denotes the absence of a qualifying sequenced population, not an absence of ARV exposure.",strict
38152686,1,Does the paper report HIV sequences from patient samples?,Yes,"“After 8months, therapeutic failure was verified. Genotyping was requested, with detection of the H51Y and E157Q mutations in the integrase.”",main_text,"The abstract on page 1 reports clinical genotyping and patient-derived resistance mutations, which meet the inclusion criteria even though complete sequences are not provided.",strict
38152686,2,Does the paper report in vitro drug susceptibility data?,No,"“ART was switched to TDF/3TC/EFZ, and genotyping was requested, which revealed H51Y and E157Q mutations, which are associated with resistance to INIs, including DTG, and K70E and M184V mutations in the reverse transcriptase genes. The patient was then treated with a rescue regimen of TDF/3TC/DRV600mg/RTV100mg, reaching a VL less than 40 cp/mL, 6months later.”",main_text,"The case report on page 2 describes genotypic resistance and clinical viral-load response, not an in vitro susceptibility assay. No phenotypic susceptibility measurements are reported for this patient.",strict
38152686,3,Were sequences from the paper made publicly available?,No,“Information regarding this case is available upon request.”,main_text,The Data availability statement on page 2 offers case information upon request. No public sequence repository deposition or accession numbers are reported anywhere in the article.,strict
38152686,4,What were the GenBank accession numbers for sequenced HIV isolates?,Not reported,“Information regarding this case is available upon request.”,main_text,"The Data availability statement on page 2 does not identify a sequence repository, and the article provides no HIV sequence accession numbers.",strict
38152686,5,How many individuals had samples obtained for HIV sequencing?,1,"“A 29-year-old male patient was admitted with a right cervical mass associated with fever, dry cough, hyporexia, and myalgia for more than 2weeks, as well as neurological symptoms of headache and sudden hemiparesis.” “ART was switched to TDF/3TC/EFZ, and genotyping was requested, which revealed H51Y and E157Q mutations, which are associated with resistance to INIs, including DTG, and K70E and M184V mutations in the reverse transcriptase genes.”",main_text,The case report on pages 1–2 concerns one patient who underwent genotyping. Patients in other studies discussed in the article are not included.,strict
38152686,6,From which countries were the sequenced samples obtained?,Brazil,"“This case was approved by the Research Ethics Committee of the São José Hospital of Infectious Diseases (HSJ) (CAAE: 61660022.0.0000.5044).” “The authors would like to acknowledge all the residents and staff of the Hospital São José de Doenças Infecciosas (HSJ) in Fortaleza, Brazil, for their valuable support.”",main_text,"The clinical and institutional context on pages 1–2 identifies the case as originating at Hospital São José in Fortaleza, Brazil.",strict
38152686,7,From what years were the sequenced samples obtained?,Not reported,"“In the next year, he returned to the outpatient clinic having used ART for 7months, in addition to treatment for TB and histoplasmosis, reporting vomiting, nausea, hyporexia, and paresthesias, with a VL=12,182cp/mL (Log=4.08).” “ART was switched to TDF/3TC/EFZ, and genotyping was requested, which revealed H51Y and E157Q mutations, which are associated with resistance to INIs, including DTG, and K70E and M184V mutations in the reverse transcriptase genes.”",main_text,"Page 2 gives only relative clinical intervals, without calendar years for diagnosis, treatment, or sample collection. Publication and ethics identifiers do not establish collection years.",strict
38152686,8,Were samples cloned prior to sequencing?,Not applicable,"“After 8months, therapeutic failure was verified. Genotyping was requested, with detection of the H51Y and E157Q mutations in the integrase.”",main_text,"The paper reports clinical genotyping but no in vitro drug susceptibility data. Under the specified applicability rule, cloning is therefore not applicable.",strict
38152686,9,Which HIV genes were reported to have been sequenced?,"RT, IN","“Genotyping was requested, with detection of the H51Y and E157Q mutations in the integrase.” “ART was switched to TDF/3TC/EFZ, and genotyping was requested, which revealed H51Y and E157Q mutations, which are associated with resistance to INIs, including DTG, and K70E and M184V mutations in the reverse transcriptase genes.”",main_text,The abstract on page 1 and case report on page 2 identify integrase and reverse transcriptase genotyping. No other patient-derived gene targets are reported.,strict
38152686,10,What method was used for sequencing?,Not reported,"“After 8months, therapeutic failure was verified. Genotyping was requested, with detection of the H51Y and E157Q mutations in the integrase.”",main_text,"The article reports genotyping but does not specify a sequencing platform, reagents, commercial assay, or Sanger/NGS method. It was published in 2023, so the pre-2008 inference rule does not apply.",strict
38152686,11,What type of samples were sequenced?,Plasma,"“In the next year, he returned to the outpatient clinic having used ART for 7months, in addition to treatment for TB and histoplasmosis, reporting vomiting, nausea, hyporexia, and paresthesias, with a VL=12,182cp/mL (Log=4.08).” “ART was switched to TDF/3TC/EFZ, and genotyping was requested, which revealed H51Y and E157Q mutations, which are associated with resistance to INIs, including DTG, and K70E and M184V mutations in the reverse transcriptase genes.”",main_text,The specimen is not explicitly named. Plasma is inferred under the supplied rule because genotyping was requested at virological failure with detectable viremia.,strict
38152686,12,Were any sequences obtained from individuals with virological failure on a treatment regimen?,Yes,"“Antiretroviral therapy was initiated with Tenofovir/Lamivudine and Dolutegravir (TDF/3TC and DTG), the latter at a dose of 50mg/day, as was a regimen for tuberculosis.” “After 8months, therapeutic failure was verified.” “Genotyping was requested, with detection of the H51Y and E157Q mutations in the integrase.”",main_text,The abstract on page 1 explicitly links genotyping to treatment failure after ART initiation.,strict
38152686,13,Were the patients in the study in a clinical trial?,No,“We aim to report the clinical case of a tuberculosis-HIV (TB-HIV) coinfected patient who developed HIV treatment failure during (dolutegravir) DTG therapy.” “This case was approved by the Research Ethics Committee of the São José Hospital of Infectious Diseases (HSJ) (CAAE: 61660022.0.0000.5044).”,main_text,"This is an individual clinical case report, with no indication that the patient participated in a trial. The RADIANT-TB trial discussed on page 2 is a separate cited study.",strict
38152686,14,Does the paper report HIV sequences from individuals who had previously received ARV drugs?,Yes,"“Antiretroviral therapy was initiated with Tenofovir/Lamivudine and Dolutegravir (TDF/3TC and DTG), the latter at a dose of 50mg/day, as was a regimen for tuberculosis.” “ART was switched to TDF/3TC/EFZ, and genotyping was requested, which revealed H51Y and E157Q mutations, which are associated with resistance to INIs, including DTG, and K70E and M184V mutations in the reverse transcriptase genes.”",main_text,The patient received ART before the resistance genotyping described on pages 1–2.,strict
38152686,15,Which drug classes were received by individuals in the study before sample sequencing?,"NRTIs, NNRTIs, INSTIs","“Antiretroviral therapy was initiated with Tenofovir/Lamivudine and Dolutegravir (TDF/3TC and DTG), the latter at a dose of 50mg/day, as was a regimen for tuberculosis.” “ART was switched to TDF/3TC/EFZ, and genotyping was requested, which revealed H51Y and E157Q mutations, which are associated with resistance to INIs, including DTG, and K70E and M184V mutations in the reverse transcriptase genes.”",main_text,"Tenofovir and lamivudine are NRTIs, dolutegravir is an INSTI, and efavirenz is an NNRTI. The narrative places the efavirenz switch at the genotyping request, although exact sampling timing is unspecified. Protease inhibitors were introduced only after the genotype result and are excluded.",strict
38152686,16,Which drugs were received by individuals in the study before sample sequencing?,"Tenofovir disoproxil fumarate (TDF), lamivudine (3TC), dolutegravir (DTG), efavirenz (EFZ)","“Antiretroviral therapy was initiated with Tenofovir/Lamivudine and Dolutegravir (TDF/3TC and DTG), the latter at a dose of 50mg/day, as was a regimen for tuberculosis.” “ART was switched to TDF/3TC/EFZ, and genotyping was requested, which revealed H51Y and E157Q mutations, which are associated with resistance to INIs, including DTG, and K70E and M184V mutations in the reverse transcriptase genes.” “The patient was then treated with a rescue regimen of TDF/3TC/DRV600mg/RTV100mg, reaching a VL less than 40 cp/mL, 6months later.”",main_text,"The initial regimen contained tenofovir disoproxil fumarate, lamivudine, and dolutegravir. Efavirenz, abbreviated EFZ in the paper, replaced dolutegravir when genotyping was requested; exact sampling timing is unspecified. Darunavir and ritonavir were prescribed after the genotype result and are excluded.",strict
37976185,1,Does the paper report HIV sequences from patient samples?,Yes,"“We included people with HIV newly diagnosed between 2015 and 2022, assigned for partner services, for whom a genotype obtained within 30 days of diagnosis was available in the NYC HIV Surveillance Registry (henceforth, Registry).” “HIV-related laboratory results (CD4 cell count, HIV viral load [VL], and HIV-1 genotype sequences [Sanger or consensus sequences when next-generation sequencing is conducted]) are reported to the health department and stored in the Registry and laboratory databases.”",main_text,"The study reports patient-derived clinical genotypes and resistance mutations from NYC surveillance, rather than only laboratory strains or sequences compiled from previously published studies. These clinical genotypes were obtained within 30 days of HIV diagnosis (Methods, page 2).",strict
37976185,2,Does the paper report in vitro drug susceptibility data?,No,"“Resistance associated mutations were determined using the Stanford algorithm [18].” “We described PrEP use history, AHI, and the prevalence of M184I/V and K65R mutations in a retrospective cohort of people with newly diagnosed HIV in 2015–2022.”",main_text,"The study reports genotypic resistance and epidemiological associations, not phenotypic susceptibility assays. No in vitro susceptibility measurements, such as IC50 or fold changes, are reported.",strict
37976185,3,Were sequences from the paper made publicly available?,No,"“Data are recorded on an electronic case investigation form and managed on a secure server, compliant with confidentiality and data security protocols.” “HIV-related laboratory results (CD4 cell count, HIV viral load [VL], and HIV-1 genotype sequences [Sanger or consensus sequences when next-generation sequencing is conducted]) are reported to the health department and stored in the Registry and laboratory databases.”",main_text,"The Methods describe storage in health department databases, not public deposition. No GenBank, SRA, ENA, or DDBJ accession numbers or public-deposition statements appear in the supplied article.",strict
37976185,4,What were the GenBank accession numbers for sequenced HIV isolates?,Not reported,,not_found,"No accession numbers or sequence-submission statements are provided anywhere in the supplied article, including its tables.",strict
37976185,5,How many individuals had samples obtained for HIV sequencing?,4246,"“Of 10 356 people with a new HIV diagnosis assigned for partner services in this time period, a total of 4246 (40%) had an available genotype obtained within 30 days of diagnosis and comprised our analytic population.” “Any PrEP use was reported by 260 (6%), recent PrEP use by 136 (3%), and past PrEP use by 124 (3%).”",main_text,"The Results on page 3 identify 4246 individuals with eligible clinical genotypes. Table 1 confirms the mutually exclusive groups: 136 recent PrEP users, 124 past users, and 3986 people with no known PrEP use.",strict
37976185,6,From which countries were the sequenced samples obtained?,United States,"“We used New York City (NYC) HIV surveillance and partner services data to quantify the phenomenon at the population level in the years following the expansion of PrEP programming.” “We included people with HIV newly diagnosed between 2015 and 2022, assigned for partner services, for whom a genotype obtained within 30 days of diagnosis was available in the NYC HIV Surveillance Registry (henceforth, Registry).”",main_text,"The clinical surveillance population was in New York City, United States (Methods, page 2; Table 1, page 3).",strict
37976185,7,From what years were the sequenced samples obtained?,2015–2022,"“We included people with HIV newly diagnosed between 2015 and 2022, assigned for partner services, for whom a genotype obtained within 30 days of diagnosis was available in the NYC HIV Surveillance Registry (henceforth, Registry).” “We measured the association of PrEP use history and timing with the presence of M184I/V at their baseline genotype obtained within 30 days of diagnosis, in people with or without AHI respectively.”",main_text,Baseline genotypes corresponded to diagnoses during 2015–2022. This diagnosis-year span is used under the specified rule for baseline sequencing.,strict
37976185,8,Were samples cloned prior to sequencing?,Not applicable,"“Resistance associated mutations were determined using the Stanford algorithm [18].” “We described PrEP use history, AHI, and the prevalence of M184I/V and K65R mutations in a retrospective cohort of people with newly diagnosed HIV in 2015–2022.”",main_text,"The paper does not report in vitro susceptibility data, so the question is not applicable under the specified rule.",strict
37976185,9,Which HIV genes were reported to have been sequenced?,RT,"“We described PrEP use history, AHI, and the prevalence of M184I/V and K65R mutations in a retrospective cohort of people with newly diagnosed HIV in 2015–2022.” “We measured the association of PrEP use history and timing with the presence of M184I/V at their baseline genotype obtained within 30 days of diagnosis, in people with or without AHI respectively.”",main_text,"The reported NRTI-resistance mutations are in reverse transcriptase, supporting RT. Other gene targets are not specified for the study population.",strict
37976185,10,What method was used for sequencing?,Sanger sequencing; NGS,"“HIV-related laboratory results (CD4 cell count, HIV viral load [VL], and HIV-1 genotype sequences [Sanger or consensus sequences when next-generation sequencing is conducted]) are reported to the health department and stored in the Registry and laboratory databases.” “Resistance associated mutations were determined using the Stanford algorithm [18].”",main_text,The Methods on page 2 explicitly describe Sanger sequences and consensus sequences derived from NGS. The article does not provide the number of study genotypes obtained by each method.,strict
37976185,11,What type of samples were sequenced?,Plasma,"“Our analytic sample comprised people with a baseline genotype within 30 days of HIV diagnosis, which represented only 40% of new diagnoses in this time period.” “If PrEP was used close to HIV diagnosis, plasma VLs may have been below the threshold required to conduct resistance testing, potentially leading to an underestimation of drug resistance in PrEP users.”",main_text,"The baseline genotypes were obtained at diagnosis, supporting Plasma under the specified inference rule. The Discussion on page 5 also links resistance-testing feasibility to plasma viral load, although it does not describe specimen extraction.",strict
37976185,12,Were any sequences obtained from individuals with virological failure on a treatment regimen?,No,"“We included people with HIV newly diagnosed between 2015 and 2022, assigned for partner services, for whom a genotype obtained within 30 days of diagnosis was available in the NYC HIV Surveillance Registry (henceforth, Registry).” “We assessed for PrEP using TDF/TAF with FTC and did not differentiate between daily or event-driven dosing.”",main_text,"The study reports baseline genotypes from newly diagnosed individuals, including people with prior PrEP exposure. It does not identify samples from individuals experiencing virological failure or rebound on an HIV treatment regimen; PrEP exposure is distinguished from treatment failure.",strict
37976185,13,Were the patients in the study in a clinical trial?,No,"“We described PrEP use history, AHI, and the prevalence of M184I/V and K65R mutations in a retrospective cohort of people with newly diagnosed HIV in 2015–2022.” “In contrast to previous findings on PrEP-related drug resistance in the setting of AHI that have been obtained from PrEP trials, case reports, and clinical case series, our study draws its conclusions from HIV surveillance and partner services.”",main_text,"This is a retrospective surveillance cohort, not a clinical trial. References to PrEP trials concern other studies.",strict
37976185,14,Does the paper report HIV sequences from individuals who had previously received ARV drugs?,Yes,"“Any PrEP use was reported by 260 (6%), recent PrEP use by 136 (3%), and past PrEP use by 124 (3%).” “We assessed for PrEP using TDF/TAF with FTC and did not differentiate between daily or event-driven dosing.”",main_text,"Among the 4246 individuals with baseline genotypes, 260 had received antiretroviral drugs as PrEP before diagnosis and sequencing. Prior PrEP exposure qualifies as previous ARV use.",strict
37976185,15,Which drug classes were received by individuals in the study before sample sequencing?,NRTIs,“We assessed for PrEP using TDF/TAF with FTC and did not differentiate between daily or event-driven dosing.” “Long-acting cabotegravir was not included in our PrEP ascertainment.”,main_text,"Tenofovir disoproxil fumarate, tenofovir alafenamide, and emtricitabine are NRTIs. Other drug classes mentioned in background discussion or references are not established as prior exposures in this sequenced cohort.",strict
37976185,16,Which drugs were received by individuals in the study before sample sequencing?,Tenofovir disoproxil fumarate (TDF); tenofovir alafenamide (TAF); emtricitabine (FTC),“We reported the baseline prevalence of M184I/V and K65R mutations and measured the association of PrEP use (daily or event-driven TDF/TAF with FTC) and timing before HIV diagnosis with the baseline prevalence of M184I/V in people with diagnosis between 2015 and 2022.” “We assessed for PrEP using TDF/TAF with FTC and did not differentiate between daily or event-driven dosing.”,main_text,"The reported prediagnosis PrEP exposures were TDF or TAF in combination with FTC. Cabotegravir was excluded from ascertainment, and drugs discussed only in other studies are not included.",strict
37755428,1,Does the paper report HIV sequences from patient samples?,Yes,"“Nucleic acids were extracted from remnant dried blood spot specimens collected at the time of HIV diagnosis and sequenced using a Sanger-based method at the WHO-designated laboratory, Service de Virologie, University Hospital of Martinique in Fort de France.” “Of these, 143 (52%) had remnant specimens available for HIVDR testing of which 121 (85%) and 105 (73%) yielded a successful quality-assured genotype for protease/reverse transcriptase (PR/RT) and integrase regions, respectively.”",main_text,"The study generated new HIV sequences directly from infant clinical specimens, as described on page 2097.",strict
37755428,2,Does the paper report in vitro drug susceptibility data?,No,"“HIVDR was predicted using the Stanford HIVdb algorithm Version 9.09.” “Sequences with low-level, intermediate-level, or high-level resistance were classified as resistant.”",main_text,"Resistance was inferred computationally from genotypes, not measured using an in vitro susceptibility assay. No phenotypic susceptibility measurements are reported.",strict
37755428,3,Were sequences from the paper made publicly available?,No,,not_found,"The complete supplied article, including Figure 1 and the end matter, contains no public sequence-deposition statement or repository accession numbers.",strict
37755428,4,What were the GenBank accession numbers for sequenced HIV isolates?,Not reported,,not_found,No accession numbers for the newly generated HIV sequences are provided in the supplied article.,strict
37755428,5,How many individuals had samples obtained for HIV sequencing?,143,"“During the survey period, 5185 infants were born to HIV-infected mothers; 276 (5.3%) of the infants tested positive for HIV.” “Of these, 143 (52%) had remnant specimens available for HIVDR testing of which 121 (85%) and 105 (73%) yielded a successful quality-assured genotype for protease/reverse transcriptase (PR/RT) and integrase regions, respectively.”",main_text,Specimens from 143 infants were available for genotyping. The 121 PR/RT and 105 integrase successes are target-specific results from this group and must not be summed.,strict
37755428,6,From which countries were the sequenced samples obtained?,Haiti,"“We report a case of DTG resistance detected in an ART-naive infant identified in Haiti during a national survey of HIVDR in infants less than 18 months of age diagnosed with HIV through the country’s early infant diagnosis program.” “Following, WHO survey guidance [14], Haiti conducted a survey of HIV drug resistance in infants between April 2020 and March 2021.”",main_text,"The infants and specimens originated in Haiti. Martinique was the sequencing laboratory location, not the collection country.",strict
37755428,7,From what years were the sequenced samples obtained?,2020–2021,"“Following, WHO survey guidance [14], Haiti conducted a survey of HIV drug resistance in infants between April 2020 and March 2021.” “Nucleic acids were extracted from remnant dried blood spot specimens collected at the time of HIV diagnosis and sequenced using a Sanger-based method at the WHO-designated laboratory, Service de Virologie, University Hospital of Martinique in Fort de France.”",main_text,Diagnostic specimens were collected during the April 2020–March 2021 survey. The Figure 1 legend on page 2098 also identifies the population as newly diagnosed infants in 2020–2021.,strict
37755428,8,Were samples cloned prior to sequencing?,Not applicable,"“HIVDR was predicted using the Stanford HIVdb algorithm Version 9.09.” “Sequences with low-level, intermediate-level, or high-level resistance were classified as resistant.”",main_text,"The paper does not report in vitro susceptibility data, so the question is not applicable under the specified rule.",strict
37755428,9,Which HIV genes were reported to have been sequenced?,"PR, RT, IN","“Of these, 143 (52%) had remnant specimens available for HIVDR testing of which 121 (85%) and 105 (73%) yielded a successful quality-assured genotype for protease/reverse transcriptase (PR/RT) and integrase regions, respectively.” “No protease inhibitor resistance was detected.”",main_text,"The reported genotyping targets were protease, reverse transcriptase, and integrase.",strict
37755428,10,What method was used for sequencing?,Sanger sequencing,"“Nucleic acids were extracted from remnant dried blood spot specimens collected at the time of HIV diagnosis and sequenced using a Sanger-based method at the WHO-designated laboratory, Service de Virologie, University Hospital of Martinique in Fort de France.” “Sequences were quality-assured following WHO recommendations [15].”",main_text,The methods on page 2097 explicitly identify Sanger-based sequencing.,strict
37755428,11,What type of samples were sequenced?,DBS,"“Nucleic acids were extracted from remnant dried blood spot specimens collected at the time of HIV diagnosis and sequenced using a Sanger-based method at the WHO-designated laboratory, Service de Virologie, University Hospital of Martinique in Fort de France.” “Sequences were quality-assured following WHO recommendations [15].”",main_text,The sequencing specimens are explicitly identified as dried blood spots; plasma should not be inferred when the specimen type is stated.,strict
37755428,12,Were any sequences obtained from individuals with virological failure on a treatment regimen?,No,"“In this national survey of HIVDR in ART-naive infants in Haiti, the prevalence of INSTI resistance was very low in this population, occurring in only one of 58 infants whose mothers were receiving DTG-based ART.” “The mother was generally nonadherent to clinical appointments and had detectable HIV viral load 3 weeks before delivery (7761 copies/ml); no drug resistance test was conducted on the mother’s virus.”",main_text,"The sequenced individuals were newly diagnosed, ART-naive infants rather than patients failing treatment. The mother with detectable viremia was not genotyped; infant prophylaxis is not evidence of treatment failure.",strict
37755428,13,Were the patients in the study in a clinical trial?,No,"“Following, WHO survey guidance [14], Haiti conducted a survey of HIV drug resistance in infants between April 2020 and March 2021.” “In conclusion, we report the first case of detected DTG resistance in an ART-naive HIV-infected infant identified from a nationally representative survey in Haiti.”",main_text,"This was a national surveillance survey with a case report, not an interventional clinical trial. Trials mentioned in the references concern other studies.",strict
37755428,14,Does the paper report HIV sequences from individuals who had previously received ARV drugs?,Yes,"“The mean age of the infants was 8.2 months [95% confidence interval (CI) 7.3–9.2], and the majority (62.7%, 95% CI 54.3–70.3%) had experienced exposure to antiretroviral drugs for PMTCT.” “This infant was first diagnosed with HIV at 14 months of age and had received ZDV-based PNP.”",main_text,"Although described as ART-naive, the infants were not uniformly ARV-unexposed. The sequenced case infant explicitly received zidovudine-based postnatal prophylaxis before diagnosis, establishing prior ARV receipt.",strict
37755428,15,Which drug classes were received by individuals in the study before sample sequencing?,NRTIs,“This infant was first diagnosed with HIV at 14 months of age and had received ZDV-based PNP.” “The infant’s mother had initiated ART (tenofovir/lamivudine/dolutegravir) 6 months before delivery.”,main_text,"Zidovudine, explicitly administered to the sequenced infant as prophylaxis, is an NRTI. Maternal ART is distinguished from confirmed infant drug receipt; the article treats infant dolutegravir exposure through breastmilk as a possible mechanism rather than a demonstrated exposure.",strict
37755428,16,Which drugs were received by individuals in the study before sample sequencing?,Zidovudine (ZDV),“This infant was first diagnosed with HIV at 14 months of age and had received ZDV-based PNP.” “The infant’s mother had initiated ART (tenofovir/lamivudine/dolutegravir) 6 months before delivery.”,main_text,"Zidovudine is the specifically named drug documented as administered to a sequenced infant before diagnosis. Tenofovir, lamivudine, and dolutegravir are documented as maternal treatment, not confirmed administration to the sequenced infants; drugs mentioned only in resistance results are not counted as prior treatment.",strict
36706364,1,Does the paper report HIV sequences from patient samples?,Yes,"“Baseline genotypic resistance testing was performed retrospectively for all participants and was not available to inform treatment decisions.” “Three participants were eligible for resistance testing and all three had resistance testing conducted (including the two participants with virological failure), but none were found to have integrase resistance mutations.”",main_text,The Methods (page 4) and Results (page 5) describe patient-derived genotypic resistance testing at baseline and during follow-up. Individual mutation results are also reported in Figures 1–2.,strict
36706364,2,Does the paper report in vitro drug susceptibility data?,No,"“Genotypic resistance was classified using the Stanford algorithm (version 8.9-1), with a score ≥15 indicating at least low-level resistance.” “The primary outcome was VL suppression (defined as VL <50 copies/mL), evaluated according to the FDA snapshot algorithm.”",main_text,"The study reports algorithmic interpretation of genotypes and clinical virologic outcomes, not phenotypic assays or in vitro susceptibility measurements.",strict
36706364,3,Were sequences from the paper made publicly available?,No,,not_found,No public sequence-repository deposition statement or accession numbers appear in the supplied article. Supplementary material is referenced but is not included in the supplied PDF.,strict
36706364,4,What were the GenBank accession numbers for sequenced HIV isolates?,Not reported,,not_found,The supplied article provides no GenBank or other sequence-repository accession numbers.,strict
36706364,5,How many individuals had samples obtained for HIV sequencing?,62,"“Baseline genotypic resistance testing was performed retrospectively for all participants and was not available to inform treatment decisions.” “The baseline characteristics of the 62 participants enrolled between August 2019 and July 2020, are described in Table 1.” “Low, intermediate or high-level resistance to tenofovir, XTC or both was found in 89.3% (50/56 participants with results).”",main_text,"Testing was performed for all 62 enrolled participants, although baseline genotyping results were available for only 56. Follow-up testing involved members of the same cohort and does not add new individuals.",strict
36706364,6,From which countries were the sequenced samples obtained?,South Africa,"“We conducted a single arm, prospective, interventional study in two primary care clinics in Khayelitsha, South Africa.” “Baseline genotypic resistance testing was performed retrospectively for all participants and was not available to inform treatment decisions.”",main_text,"The Methods (page 4) place recruitment and clinical follow-up in Khayelitsha, South Africa.",strict
36706364,7,From what years were the sequenced samples obtained?,2019–2020,"“The baseline characteristics of the 62 participants enrolled between August 2019 and July 2020, are described in Table 1.” “Baseline genotypic resistance testing was performed retrospectively for all participants and was not available to inform treatment decisions.”",main_text,"Baseline samples correspond to enrollment in 2019–2020. Additional resistance testing occurred during follow-up, but calendar dates for those samples are not explicitly reported.",strict
36706364,8,Were samples cloned prior to sequencing?,Not applicable,"“Baseline genotypic resistance testing was performed retrospectively for all participants and was not available to inform treatment decisions.” “Genotypic resistance was classified using the Stanford algorithm (version 8.9-1), with a score ≥15 indicating at least low-level resistance.”",main_text,"The study does not report in vitro susceptibility data, so the question's applicability rule requires Not applicable regardless of whether cloning was described.",strict
36706364,9,Which HIV genes were reported to have been sequenced?,"RT, IN","“Low, intermediate or high-level resistance to tenofovir, XTC or both was found in 89.3% (50/56 participants with results).” “Three participants were eligible for resistance testing and all three had resistance testing conducted (including the two participants with virological failure), but none were found to have integrase resistance mutations.”",main_text,"NRTI resistance assessment establishes RT as a target, and follow-up integrase resistance testing establishes IN. Figures 1–2 additionally report RT mutation results; PR sequencing is not established.",strict
36706364,10,What method was used for sequencing?,Not reported,"“If the repeat VL was >500 copies/mL, a genotypic resistance test was performed per protocol.” “Baseline genotypic resistance testing was performed retrospectively for all participants and was not available to inform treatment decisions.”",main_text,"The article describes genotypic testing but does not identify a sequencing platform, chemistry, or Sanger/NGS method. Its 2023 publication date does not permit the pre-2008 inference.",strict
36706364,11,What type of samples were sequenced?,Plasma,"“Adults who had virologic failure (defined as two consecutive VL >1000 copies/mL, 2-24 months apart) on a first-line regimen consisting of tenofovir, XTC and efavirenz or nevirapine were invited to participate.” “If the repeat VL was >500 copies/mL, a genotypic resistance test was performed per protocol.”",main_text,Plasma is inferred under the specified rule for resistance testing at virological failure. The article does not explicitly identify the sequencing specimen type.,strict
36706364,12,Were any sequences obtained from individuals with virological failure on a treatment regimen?,Yes,"“Adults who had virologic failure (defined as two consecutive VL >1000 copies/mL, 2-24 months apart) on a first-line regimen consisting of tenofovir, XTC and efavirenz or nevirapine were invited to participate.” “Three participants were eligible for resistance testing and all three had resistance testing conducted (including the two participants with virological failure), but none were found to have integrase resistance mutations.”",main_text,"Participants entered after first-line treatment failure, and additional resistance testing included two participants with failure during second-line treatment.",strict
36706364,13,Were the patients in the study in a clinical trial?,Yes,"“We conducted a single arm, prospective, interventional study in two primary care clinics in Khayelitsha, South Africa.” “Participants were enrolled and switched to TLD with additional 50 mg dolutegravir for two weeks to overcome efavirenz induction effects on dolutegravir metabolism and transport.” “Here we report follow-up results of the ARTIST trial participants to 72 weeks to evaluate the maintenance of the virologic suppression on second-line TLD.”",main_text,"This was a prospective treatment-intervention study explicitly identified as the ARTIST trial, not merely an observational cohort or a study with registration alone.",strict
36706364,14,Does the paper report HIV sequences from individuals who had previously received ARV drugs?,Yes,"“Adults who had virologic failure (defined as two consecutive VL >1000 copies/mL, 2-24 months apart) on a first-line regimen consisting of tenofovir, XTC and efavirenz or nevirapine were invited to participate.” “Baseline genotypic resistance testing was performed retrospectively for all participants and was not available to inform treatment decisions.”",main_text,"All participants had received first-line ART before baseline sampling, and some underwent further genotyping after receiving second-line treatment.",strict
36706364,15,Which drug classes were received by individuals in the study before sample sequencing?,"NRTIs, NNRTIs, INSTIs","“Adults who had virologic failure (defined as two consecutive VL >1000 copies/mL, 2-24 months apart) on a first-line regimen consisting of tenofovir, XTC and efavirenz or nevirapine were invited to participate.” “Participants were enrolled and switched to TLD with additional 50 mg dolutegravir for two weeks to overcome efavirenz induction effects on dolutegravir metabolism and transport.” “Three participants were eligible for resistance testing and all three had resistance testing conducted (including the two participants with virological failure), but none were found to have integrase resistance mutations.”",main_text,"Baseline treatment included NRTIs and NNRTIs. Follow-up genotyping occurred after dolutegravir exposure, adding INSTIs; other drug classes discussed in the article pertain to other studies rather than established exposure in this cohort.",strict
36706364,16,Which drugs were received by individuals in the study before sample sequencing?,"Tenofovir, lamivudine, emtricitabine, efavirenz, nevirapine, dolutegravir, stavudine, zidovudine","“Adults who had virologic failure (defined as two consecutive VL >1000 copies/mL, 2-24 months apart) on a first-line regimen consisting of tenofovir, XTC and efavirenz or nevirapine were invited to participate.” “Participants were enrolled and switched to TLD with additional 50 mg dolutegravir for two weeks to overcome efavirenz induction effects on dolutegravir metabolism and transport.”",main_text,"The Methods establish tenofovir, lamivudine/emtricitabine (XTC), efavirenz/nevirapine, and dolutegravir exposure before baseline or follow-up sampling. Table 1 (page 14) additionally reports prior exposure to stavudine or zidovudine in 10 participants, so both are included as reported historical drugs.",strict
36851760,1,Does the paper report HIV sequences from patient samples?,Yes,"“Dried blood spots (DBSs) were obtained from 107 HIV-1-infected children aged less than 15 years old living in two West African countries, Mali and Benin.” “Seventy-five (75) of the 107 samples were successfully sequenced, assembled, and aligned using Sescap and SmartGene HIV Software (Innovation Park, Lausanne, Switzerland).”",main_text,"Sections 2.1–2.2, pages 2–3, describe newly generated HIV-1 integrase sequences from clinical DBS samples.",strict
36851760,2,Does the paper report in vitro drug susceptibility data?,No,"“Positions associated with INI resistance were analyzed, and the interpretation of INI resistance was performed following the Stanford HIV resistance algorithm, version 7.0.” “The aa changes at integrase positions associated with INI resistance were examined according to the Stanford HIV Genotypic Resistance database.”",main_text,"The study reports sequencing and algorithm-based genotypic interpretation, not experimental phenotypic susceptibility testing. Susceptibility measurements discussed elsewhere are attributed to previous studies.",strict
36851760,3,Were sequences from the paper made publicly available?,Yes,"“All sequences were submitted to GenBank and registered under accession numbers OQ435656-OQ435729.” “Seventy-five (75) of the 107 samples were successfully sequenced, assembled, and aligned using Sescap and SmartGene HIV Software (Innovation Park, Lausanne, Switzerland).”",main_text,"Section 2.2, page 3, explicitly states that study sequences were deposited in GenBank and supplies an accession range.",strict
36851760,4,What were the GenBank accession numbers for sequenced HIV isolates?,OQ435656–OQ435729,"“All sequences were submitted to GenBank and registered under accession numbers OQ435656-OQ435729.” “Seventy-five (75) of the 107 samples were successfully sequenced, assembled, and aligned using Sescap and SmartGene HIV Software (Innovation Park, Lausanne, Switzerland).”",main_text,"The accession range is reproduced as reported in Section 2.2, page 3. It contains 74 accession numbers despite the stated total of 75 successfully sequenced samples.",strict
36851760,5,How many individuals had samples obtained for HIV sequencing?,107,"“Dried blood spots (DBSs) were obtained from 107 HIV-1-infected children aged less than 15 years old living in two West African countries, Mali and Benin.” “HIV-1 RNA was extracted from the 107 DBSs using EasyMag technology as per the manufacturer’s instructions.” “Seventy-five (75) of the 107 samples were successfully sequenced, assembled, and aligned using Sescap and SmartGene HIV Software (Innovation Park, Lausanne, Switzerland).”",main_text,"Samples from 107 children were obtained and processed for sequencing; 75 yielded sequences, while 32 could not be amplified. The answer counts individuals sampled for sequencing, including unsuccessful attempts.",strict
36851760,6,From which countries were the sequenced samples obtained?,Benin; Mali,"“The INI sequences, successfully analyzed from 75 DBS samples, were from 31 ART-treated children with virological failure (20 from Benin and 11 from Mali) and 44 ART-naïve HIV-1-infected Malian children.” “The DBSs were dried at ambient temperature and then sent to the Virology Laboratory at the Saint-Antoine Hospital (Paris, France) for sequencing.”",main_text,"Section 2.2, page 3, identifies Benin and Mali as the sources of successfully sequenced samples. France was the sequencing location, not the collection country.",strict
36851760,7,From what years were the sequenced samples obtained?,2015–2020,"“The DBSs were collected from 51 ART-treated children with virological failure, defined as having at least one viral load (VL) >1000 copies/mL, during a study conducted in Benin between 2015 and 2016 [14] and from 56 ART-naïve children, collected between 2018 and 2020 during early diagnosis testing and follow-up in Mali.” “All children were INI-naïve.”",main_text,"Section 2.1, pages 2–3, reports collection during 2015–2016 and 2018–2020. The overall year span is 2015–2020; collection in 2017 is not reported.",strict
36851760,8,Were samples cloned prior to sequencing?,Not applicable,"“Target integrase regions of the HIV-1 were subsequently amplified by PCR after reverse-transcription production of complementary DNA (cDNA) and sequenced using the Sanger method.” “Positions associated with INI resistance were analyzed, and the interpretation of INI resistance was performed following the Stanford HIV resistance algorithm, version 7.0.”",main_text,"The paper does not report in vitro susceptibility testing, so the question is not applicable under the specified rule.",strict
36851760,9,Which HIV genes were reported to have been sequenced?,IN,"“Target integrase regions of the HIV-1 were subsequently amplified by PCR after reverse-transcription production of complementary DNA (cDNA) and sequenced using the Sanger method.” “The HIV-1 subtypes and CRFs were determined according to the Stanford University HIV Drug Resistance Database HIVdb Program, latest version (https://hivdb.stanford.edu/hivdb, accessed on 2 January 2023), with a single integrase gene amplification.”",main_text,"Section 2.2, page 3, identifies integrase as the sequenced target. Other drug classes are mentioned as treatment histories, not as additional sequencing targets.",strict
36851760,10,What method was used for sequencing?,Sanger sequencing,"“Target integrase regions of the HIV-1 were subsequently amplified by PCR after reverse-transcription production of complementary DNA (cDNA) and sequenced using the Sanger method.” “This difference can be explained by the fact that our analysis was based on the Sanger sequencing method, which might have underestimated the prevalence of INI RAMs.”",main_text,The Methods on page 3 and Discussion on page 7 explicitly identify Sanger sequencing. NGS is mentioned only in relation to another study.,strict
36851760,11,What type of samples were sequenced?,DBS,"“Dried blood spots (DBSs) were obtained from 107 HIV-1-infected children aged less than 15 years old living in two West African countries, Mali and Benin.” “HIV-1 RNA was extracted from the 107 DBSs using EasyMag technology as per the manufacturer’s instructions.”",main_text,Sections 2.1–2.2 explicitly identify dried blood spots as the specimens used for RNA extraction and sequencing.,strict
36851760,12,Were any sequences obtained from individuals with virological failure on a treatment regimen?,Yes,"“The INI sequences, successfully analyzed from 75 DBS samples, were from 31 ART-treated children with virological failure (20 from Benin and 11 from Mali) and 44 ART-naïve HIV-1-infected Malian children.” “At enrollment, 90.3% of the treated children were receiving non-nucleoside-reverse-transcriptase-inhibitor (NNRTI)-based regimens, and only 9.7% received both nucleoside-reverse-transcriptase inhibitor (NRTI)- and PI-based regimens.”",main_text,Sections 2.2 and 3.1 identify 31 successfully sequenced children as receiving ART and experiencing virological failure.,strict
36851760,13,Were the patients in the study in a clinical trial?,No,“This research also involved some retrospective chart review of de-identified patient data and samples from previous studies; it was determined that the research involved no more risk to these subjects.” “The participant characteristics and the proportions of resistance or polymorphism mutations were compared between the naïve and treated patients.”,main_text,"The paper describes observational analysis of clinical samples and retrospective records, without treatment assignment or trial participation for these children. ODYSSEY and IMPAACT P1093 are cited as other studies.",strict
36851760,14,Does the paper report HIV sequences from individuals who had previously received ARV drugs?,Yes,"“The INI sequences, successfully analyzed from 75 DBS samples, were from 31 ART-treated children with virological failure (20 from Benin and 11 from Mali) and 44 ART-naïve HIV-1-infected Malian children.” “All children were INI-naïve.”",main_text,Thirty-one sequenced children had received ART. Being integrase-inhibitor-naïve does not mean they were naïve to all antiretroviral drugs.,strict
36851760,15,Which drug classes were received by individuals in the study before sample sequencing?,NRTIs; NNRTIs; PIs,"“At enrollment, 90.3% of the treated children were receiving non-nucleoside-reverse-transcriptase-inhibitor (NNRTI)-based regimens, and only 9.7% received both nucleoside-reverse-transcriptase inhibitor (NRTI)- and PI-based regimens.” “All children were INI-naïve.”",main_text,"Section 3.1 and Table 1, page 4, document NRTI-, NNRTI-, and PI-containing regimens among sequenced children. No prior INSTI exposure was reported.",strict
36851760,16,Which drugs were received by individuals in the study before sample sequencing?,Lamivudine (3TC); zidovudine (ZDV); abacavir (ABC); nevirapine (NVP); efavirenz (EFV); tenofovir disoproxil fumarate (TDF); emtricitabine (FTC); lopinavir; ritonavir,"“3TC + (ZDV or ABC) + NVP or EFV” “TDF + (3TC or FTC or ABC) + LPV/r” “Abbreviations: 3TC: Lamivudine, ZDV: Zidovidune, ABC: Abacavir, NVP: Nevirapine, EFV: Efavirenz, FTC: Emtricitabine, TDF: Tenofovir, LPV/r: Lopinavir/ritonavir, ND: No data available, NA: Not applicable.”",table,"Table 1, page 4, lists these treatment regimens at enrollment for the 31 ART-treated children with successful sequences. The answer expands all named regimen drugs, including ritonavir used with lopinavir.",strict
29373677,1,Does the paper report HIV sequences from patient samples?,Yes,"“Integrase genotypic analysis was performed on DNA from PBMCs, when the plasma viral load was below 20 copies/mL and on plasma RNA when it was detectable above 20 copies/mL.” “Genotypic analysis before 2014 identified no resistance mutations, but a polymorphism was highlighted at position 156 with a K156N present throughout the study.”",main_text,"The Results on page 3 report integrase genotyping directly from a patient's PBMC DNA and plasma RNA, with longitudinal genotypic results also presented in Table 1.",strict
29373677,2,Does the paper report in vitro drug susceptibility data?,Yes,“The 50% effective concentration (EC50) was defined as the drug concentration resulting in β-galactosidase levels that were 50% lower than those in infected cells without the drug.” “IC50 values were determined with Prism 5.0 software.”,main_text,The Methods on page 2 describe cell-based and cell-free susceptibility measurements. Figures 1 and 2 report EC50 values and normalized IC50 measurements for antiretroviral drugs.,strict
29373677,3,Were sequences from the paper made publicly available?,No,,not_found,"No deposition statement or accession numbers for newly generated HIV sequences or raw reads appear in the supplied article. The PDB identifiers concern previously available structural models, not newly deposited patient HIV sequences.",strict
29373677,4,What were the GenBank accession numbers for sequenced HIV isolates?,Not reported,,not_found,No GenBank or other nucleotide-sequence repository accession numbers are provided for the patient's HIV sequences.,strict
29373677,5,How many individuals had samples obtained for HIV sequencing?,1,"“In this study, we report the case of a patient treated with dolutegravir monotherapy.” “Integrase genotypic analysis was performed on DNA from PBMCs, when the plasma viral load was below 20 copies/mL and on plasma RNA when it was detectable above 20 copies/mL.”",main_text,"The abstract and Results describe one patient with longitudinal genotyping. Table 1 reports multiple timepoints for that same individual, not additional patients.",strict
29373677,6,From which countries were the sequenced samples obtained?,Not reported,,not_found,"The authors include clinical departments in Paris, France, but the paper does not explicitly identify the patient's recruitment or sample-collection location. Author affiliations alone do not establish where the samples were collected.",strict
29373677,7,From what years were the sequenced samples obtained?,2008–2015,"“The patient infected with a B subtype HIV-1 strain received an antiretroviral treatment including INSTIs from 2008 to 2015, a period during which CD4 counts had increased from 350 to 940 cells/mm3.” “Every 6 months, during follow-up, genotypic analysis of integrase was tested in DNA and never showed any mutations selected against raltegravir.”",main_text,"The Results on pages 2–3 describe genotyping during follow-up beginning with treatment in 2008. Table 1 dates the switch to dolutegravir to November 2014 and reports plasma genotyping five months later, in 2015.",strict
29373677,8,Were samples cloned prior to sequencing?,Not reported,"“Integrase genotypic analysis was performed on DNA from PBMCs, when the plasma viral load was below 20 copies/mL and on plasma RNA when it was detectable above 20 copies/mL.” “HIV-1 IN mutants were obtained by site-directed mutagenesis as previously described.”",main_text,"The paper reports clinical genotyping and separately describes laboratory mutant construction, but does not state that patient samples were cloned before sequencing or that the engineered mutants were sequenced. Clinical-sample cloning status therefore cannot be determined.",strict
29373677,9,Which HIV genes were reported to have been sequenced?,IN,"“Every 6 months, during follow-up, genotypic analysis of integrase was tested in DNA and never showed any mutations selected against raltegravir.” “Integrase genotypic analysis was performed on DNA from PBMCs, when the plasma viral load was below 20 copies/mL and on plasma RNA when it was detectable above 20 copies/mL.”",main_text,The clinical genotyping described on pages 2–3 targets integrase. No other patient HIV gene targets are reported.,strict
29373677,10,What method was used for sequencing?,Not reported,"“Every 6 months, during follow-up, genotypic analysis of integrase was tested in DNA and never showed any mutations selected against raltegravir.” “Integrase genotypic analysis was performed on DNA from PBMCs, when the plasma viral load was below 20 copies/mL and on plasma RNA when it was detectable above 20 copies/mL.”",main_text,"Genotyping is reported, but no sequencing platform, sequencing chemistry, commercial genotyping system, or explicit Sanger/NGS method is identified. This 2018 publication does not meet the pre-2008 inference rule.",strict
29373677,11,What type of samples were sequenced?,Plasma; PBMC,"“Integrase genotypic analysis was performed on DNA from PBMCs, when the plasma viral load was below 20 copies/mL and on plasma RNA when it was detectable above 20 copies/mL.” “Five months later, the viral load became detectable in plasma at 291 copies/mL.”",main_text,The Results on page 3 explicitly identify both PBMC DNA and plasma RNA as sources for clinical genotyping.,strict
29373677,12,Were any sequences obtained from individuals with virological failure on a treatment regimen?,Yes,"“In this study, we report the case of a patient treated with dolutegravir monotherapy.” “Five months later, the viral load became detectable in plasma at 291 copies/mL.” “Integrase genotypic analysis was performed on DNA from PBMCs, when the plasma viral load was below 20 copies/mL and on plasma RNA when it was detectable above 20 copies/mL.”",main_text,"The patient experienced virological rebound during dolutegravir monotherapy, and plasma RNA genotyping was performed at that time.",strict
29373677,13,Were the patients in the study in a clinical trial?,No,"“In this study, we report the case of a patient treated with dolutegravir monotherapy.” “Information was obtained from the existing electronic database or medical records.”",main_text,"The article reports an individual clinical case using existing records and samples, with no indication that this patient participated in a clinical trial. Trials discussed in the Discussion and references are separate studies.",strict
29373677,14,Does the paper report HIV sequences from individuals who had previously received ARV drugs?,Yes,"“The patient was first treated with raltegravir in combination with tenofovir/emtricitabine (Truvada) for 6 years until 2014, during which time the viral load remained undetectable (plasma HIV RNA <20 copies/mL).” “Every 6 months, during follow-up, genotypic analysis of integrase was tested in DNA and never showed any mutations selected against raltegravir.”",main_text,Clinical genotypes were obtained during established combination ART and subsequently during dolutegravir monotherapy.,strict
29373677,15,Which drug classes were received by individuals in the study before sample sequencing?,NRTIs; INSTIs,"“The patient was first treated with raltegravir in combination with tenofovir/emtricitabine (Truvada) for 6 years until 2014, during which time the viral load remained undetectable (plasma HIV RNA <20 copies/mL).” “Owing to treatment intolerance, a simplification of treatment with dolutegravir monotherapy (not currently recommended in any guidelines for HIV-1 treatment) was proposed to the patient in 2014 while the viral load was still undetectable.”",main_text,Tenofovir and emtricitabine are NRTIs; raltegravir and dolutegravir are INSTIs. No other prior drug classes are documented for this patient.,strict
29373677,16,Which drugs were received by individuals in the study before sample sequencing?,Raltegravir (RAL); tenofovir disoproxil fumarate (TDF); emtricitabine (FTC); dolutegravir (DTG),"“The patient was first treated with raltegravir in combination with tenofovir/emtricitabine (Truvada) for 6 years until 2014, during which time the viral load remained undetectable (plasma HIV RNA <20 copies/mL).” “Owing to treatment intolerance, a simplification of treatment with dolutegravir monotherapy (not currently recommended in any guidelines for HIV-1 treatment) was proposed to the patient in 2014 while the viral load was still undetectable.”",main_text,These are the four drugs documented in the patient's treatment history before the reported longitudinal genotypes. Table 1 specifies the tenofovir formulation as tenofovir disoproxil fumarate.,strict
36660819,1,Does the paper report HIV sequences from patient samples?,Yes,"“The 2 participants with CVF since the week 96 analysis had no RPV or INSTI RAMs at baseline; however, both had treatment-emergent RAMs in SVF samples (Supplementary Table 1).” “Eight and 10 participants with CVF had treatment-emergent, resistance-associated mutations to RPV and integrase inhibitors, respectively.”",main_text,"The Abstract and Discussion, pages 1 and 7, report patient-derived genotypic resistance results, including newly detected mutations in samples collected at suspected virological failure.",strict
36660819,2,Does the paper report in vitro drug susceptibility data?,Yes,"“Endpoints assessed at week 152 included the following: the proportion of participants with plasma HIV-1 RNA less than 50 copies/mL and HIV-1 RNA of 50 copies/mL or greater, incidence of confirmed virologic failure (CVF; 2 consecutive plasma HIV-1 RNA measurements ≥200 copies/mL), treatment-emergent genotypic and phenotypic resistance, incidence and severity of adverse events (AEs), proportion of discontinuations due to AEs, CAB+RPV pharmacokinetics, and treatment satisfaction measured using the HIV Treatment Satisfaction Questionnaire status version (HIVTSQs) [22].”",main_text,"The Outcomes section on page 2 explicitly identifies phenotypic resistance as an assessed endpoint, meeting the criterion for phenotypic resistance testing. Numerical patient-virus susceptibility results and assay details are not provided in the supplied PDF; referenced supplementary files are not included.",strict
36660819,3,Were sequences from the paper made publicly available?,No,“Data sharing requests will be considered by the management group upon written request to the corresponding author.” “Deidentified participant data or other prespecified data will be available subject to a written proposal and a signed data sharing agreement.”,main_text,"The Data sharing statement on page 8 describes controlled access upon request, not deposition in a public sequence repository. No sequence accession numbers or public sequence-deposition statements appear in the supplied PDF.",strict
36660819,4,What were the GenBank accession numbers for sequenced HIV isolates?,Not reported,“Data sharing requests will be considered by the management group upon written request to the corresponding author.” “Deidentified participant data or other prespecified data will be available subject to a written proposal and a signed data sharing agreement.”,main_text,The page 8 data-access statement provides no accession numbers. No GenBank or other sequence-repository accessions are reported elsewhere in the supplied file.,strict
36660819,5,How many individuals had samples obtained for HIV sequencing?,14,"“Overall, 12 (2.3%) participants in the Q8W arm and 2 (0.4%) in the Q4W arm had CVF.” “Eight and 10 participants with CVF had treatment-emergent, resistance-associated mutations to RPV and integrase inhibitors, respectively.”",main_text,"The Abstract on page 1 identifies 14 participants in the virological-failure population for which resistance outcomes are reported. This is the identifiable resistance-analysis population, rather than all 1045 treated participants; the PDF does not separately enumerate every baseline sample genotyped. The non–protocol-defined failure is included in the reported total and is not added again.",strict
36660819,6,From which countries were the sequenced samples obtained?,Not reported,"“ATLAS-2M is a phase 3b randomized, open-label, active-controlled, multicenter, parallel-group noninferiority study to evaluate the efficacy, safety, and tolerability of CAB+RPV LA administered Q8W versus Q4W in virologically suppressed PWH.” “The full inclusion and exclusion criteria, study design, and procedures have been previously published [10].”",main_text,The Study Design section on page 2 does not list recruitment or sample-collection countries. Author affiliations and countries where the drugs are commercially available do not establish the origins of the sequenced samples.,strict
36660819,7,From what years were the sequenced samples obtained?,Not reported,"“Since the week 96 analysis, 2 additional participants in the Q8W arm had CVF.” “One non–protocol-defined failure (<1%, n=1/1045) was identified at week 48 and is also reported.”",main_text,"The Discussion on page 7 and the virological-failure results describe sampling by study week, not calendar year. Enrollment dates or calendar sample-collection years are not supplied.",strict
36660819,8,Were samples cloned prior to sequencing?,Not reported,"“The full inclusion and exclusion criteria, study design, and procedures have been previously published [10].” “The full study protocol is available online [19].”",main_text,"The Methods on page 2 refer readers elsewhere for detailed procedures. The supplied PDF does not describe cloning, single-genome amplification, direct population sequencing, or a sequencing platform that would determine cloning status.",strict
36660819,9,Which HIV genes were reported to have been sequenced?,"RT, IN","“Cabotegravir (CAB), an integrase strand transfer inhibitor (INSTI), and rilpivirine (RPV), a nonnucleoside reverse transcriptase inhibitor, have been developed for LA administration as intramuscular injections [9–11].” “The 2 participants with CVF since the week 96 analysis had no RPV or INSTI RAMs at baseline; however, both had treatment-emergent RAMs in SVF samples (Supplementary Table 1).”",main_text,"Pages 2 and 7 identify genotypic resistance to a reverse-transcriptase inhibitor and integrase inhibitors, establishing RT and IN as targets. No other gene target is established in the supplied PDF.",strict
36660819,10,What method was used for sequencing?,Not reported,"“The full inclusion and exclusion criteria, study design, and procedures have been previously published [10].” “The full study protocol is available online [19].”",main_text,"The supplied 2023 article reports genotypic results but does not identify Sanger sequencing, NGS, sequencing instruments, reagents, or a commercial genotyping platform. The Methods on page 2 defer procedural details to other sources.",strict
36660819,11,What type of samples were sequenced?,"Plasma, PBMC","“The additional participant who had non–protocol-defined virologic failure at week 48 (Q8W) had no RAMs to RPV or INSTIs present from baseline peripheral blood mononuclear cells; the RPV RAM E138K and the integrase inhibitor mutation S230S/R were detected at week 56.” “The 2 participants with CVF since the week 96 analysis had no RPV or INSTI RAMs at baseline; however, both had treatment-emergent RAMs in SVF samples (Supplementary Table 1).”",main_text,Page 4 explicitly identifies baseline PBMC genotyping. Plasma is included under the specified inference rule for samples collected at suspected virological failure; those failure-sample genotypes are described on page 7.,strict
36660819,12,Were any sequences obtained from individuals with virological failure on a treatment regimen?,Yes,"“All participants with CVF through 152 weeks received injections within 7 days of the scheduled visit.” “The 2 participants with CVF since the week 96 analysis had no RPV or INSTI RAMs at baseline; however, both had treatment-emergent RAMs in SVF samples (Supplementary Table 1).”",main_text,The virological-failure results and Discussion on pages 4 and 7 describe genotypes from participants experiencing failure while receiving injectable cabotegravir plus rilpivirine.,strict
36660819,13,Were the patients in the study in a clinical trial?,Yes,"“ATLAS-2M is a phase 3b randomized, open-label, active-controlled, multicenter, parallel-group noninferiority study to evaluate the efficacy, safety, and tolerability of CAB+RPV LA administered Q8W versus Q4W in virologically suppressed PWH.” “Participants were randomly assigned (unblinded) 1:1 to receive CAB+RPV LA Q8W or Q4W.”",main_text,The Methods on page 2 explicitly describe a randomized phase 3b interventional trial comparing two dosing schedules.,strict
36660819,14,Does the paper report HIV sequences from individuals who had previously received ARV drugs?,Yes,"“A total of 1045 participants received CAB+RPV LA (Q8W, n=522; Q4W, n=523).” “The 2 participants with CVF since the week 96 analysis had no RPV or INSTI RAMs at baseline; however, both had treatment-emergent RAMs in SVF samples (Supplementary Table 1).”",main_text,The Abstract and Discussion on pages 1 and 7 establish that resistance genotypes were obtained after participants had received cabotegravir plus rilpivirine.,strict
36660819,15,Which drug classes were received by individuals in the study before sample sequencing?,"NNRTIs, INSTIs","“Cabotegravir (CAB), an integrase strand transfer inhibitor (INSTI), and rilpivirine (RPV), a nonnucleoside reverse transcriptase inhibitor, have been developed for LA administration as intramuscular injections [9–11].” “All participants with CVF through 152 weeks received injections within 7 days of the scheduled visit.”",main_text,"Pages 2 and 4 establish INSTI and NNRTI exposure before failure-associated genotyping. Protease inhibitor–based and dolutegravir-based rescue regimens are described as subsequent therapy, so they do not establish additional pre-sequencing exposure. Earlier oral treatment classes are not specified.",strict
36660819,16,Which drugs were received by individuals in the study before sample sequencing?,"Cabotegravir (CAB), rilpivirine (RPV)","“Cabotegravir (CAB), an integrase strand transfer inhibitor (INSTI), and rilpivirine (RPV), a nonnucleoside reverse transcriptase inhibitor, have been developed for LA administration as intramuscular injections [9–11].” “Participants were randomly assigned (unblinded) 1:1 to receive CAB+RPV LA Q8W or Q4W.”",main_text,The Introduction and Methods on page 2 identify cabotegravir and rilpivirine as the drugs administered before on-treatment failure genotyping. Dolutegravir is described only as subsequent rescue treatment or in discussion of other studies; specific earlier oral regimens are not reported.,strict
37823653,1,Does the paper report HIV sequences from patient samples?,Yes,"“A total of 6,078 HIV-1 near full length sequences were generated for the BCPP study.” “Proviral DNA templates were used for amplification, as the majority of participants were receiving ART.”",main_text,"The paper reports patient-derived sequences and describes their generation from clinical proviral DNA, with new analyses of resistance-associated polymorphisms. Although this is a retrospective analysis of sequences already generated within BCPP, it is not simply a review or compilation of public database sequences (pages 3–4).",strict
37823653,2,Does the paper report in vitro drug susceptibility data?,No,"“Currently, there is no software/database that is used to predict the effect of FTR mutations, and the mutations reported were based on the available literature.” “We recommend further studies on the phenotypic impact of these polymorphisms are warranted to guide how to monitor for FTR resistance.”",main_text,"The study reports sequence-based polymorphism prevalence, not original phenotypic susceptibility assays or quantitative susceptibility measurements. In vitro findings discussed elsewhere in the article come from cited studies (page 9).",strict
37823653,3,Were sequences from the paper made publicly available?,No,,not_found,"The supplied article contains no sequence accession numbers or statement of deposition in GenBank, SRA, or another public sequence repository. The online supplement listing describes a polymorphism-prevalence table, not a sequence deposition.",strict
37823653,4,What were the GenBank accession numbers for sequenced HIV isolates?,Not reported,,not_found,No accession numbers or accession ranges for the study sequences are provided in the supplied PDF.,strict
37823653,5,How many individuals had samples obtained for HIV sequencing?,6078,"“A total of 6,078 HIV-1 near full length sequences were generated for the BCPP study.” “Of the 6,078 participants with HIV-1 sequences, 48 participants had no ART status and were thus left out from the analysis.”",main_text,"There were 6,078 sequenced participants overall. The smaller groups of 6,030 with known ART status and 1,495 in the primary comparison are analytical subsets, not the total number sequenced (page 4; Figure 1, page 5).",strict
37823653,6,From which countries were the sequenced samples obtained?,Botswana,"“The generated sequences were from PWH aged 16–64 years residing in 30 communities in northern, central, and southern parts of Botswana who were randomly selected to participate in the Botswana Combination Prevention Project (BCPP) (4, 24–26).” “BCPP enrolled both PWH and HIV-negative individuals.”",main_text,The sequenced participants were recruited in Botswana. Overseas sequencing facilities do not change the country of sample origin (pages 2–3).,strict
37823653,7,From what years were the sequenced samples obtained?,2013–2018,“Previously reported FTR resistance-associated polymorphisms from literature were surveyed from HIV-1C proviral sequences generated from a large HIV-1 population-based cohort enrolled between 2013 and 2018.” “Sequences from ART-naïve and ART-experienced individuals were included in the analysis.”,main_text,"The abstract gives cohort enrollment as 2013–2018, and the methods link the analysis to the first BCPP study visit. This enrollment interval supplies the baseline sampling year range (pages 1 and 3).",strict
37823653,8,Were samples cloned prior to sequencing?,Not applicable,"“Proviral DNA templates were used for amplification, as the majority of participants were receiving ART.” “We recommend further studies on the phenotypic impact of these polymorphisms are warranted to guide how to monitor for FTR resistance.”",main_text,"Under the specified applicability rule, cloning is not applicable because the paper does not report in vitro susceptibility data (pages 3 and 9).",strict
37823653,9,Which HIV genes were reported to have been sequenced?,Env,"“This is a retrospective cross-sectional study utilizing already generated 6,078 HIV-1C sequences covering the entire gp120.” “We used Gene cutter tool (https://www.hiv.lanl.gov/content/sequence/GENE_CUTTER/cutter.html) to extract the gp120 fragment of the HIV envelope gene.”",main_text,"The explicitly identified gene target analyzed in this report is Env, specifically gp120. Near-full-length sequencing is mentioned, but individual additional gene targets are not specified as targets of this analysis (pages 2–3).",strict
37823653,10,What method was used for sequencing?,NGS,"“The NGS was performed by the Biopolimers Facility at Harvard Medical School (https://genome.med.harvard.edu/) and through collaboration with PANGEA HIV consortium (24) at the Wellcome Trust Sanger Institute (Cambridge, UK; http://www.sanger.ac.uk/) with high-sequencing coverage and using Illumina platform MiSeq and HiSeq.” “A single consensus sequence represented the population of viral quasispecies per participant.”",main_text,The methods explicitly identify next-generation sequencing on Illumina MiSeq and HiSeq platforms (page 3).,strict
37823653,11,What type of samples were sequenced?,PBMC,"“Proviral DNA templates were used for amplification, as the majority of participants were receiving ART.” “A single consensus sequence represented the population of viral quasispecies per participant.”",main_text,"The sequencing template was proviral DNA. Under the specified coding rule, mention of proviral DNA is classified as PBMC; the article does not explicitly identify a more specific cellular preparation (page 3).",strict
37823653,12,Were any sequences obtained from individuals with virological failure on a treatment regimen?,Yes,"“A total of 1,495 participants were analyzed for FTR resistance-associated polymorphisms.” “Of these, 1,282 (85.8%) were ART naïve, while 213 (14.2%) were individuals experiencing VF on ART with HIV-1 VL >400 copies/mL.”",main_text,"The sequenced study population explicitly included 213 individuals with virological failure while receiving ART (page 4; Figure 1, page 5).",strict
37823653,13,Were the patients in the study in a clinical trial?,No,"“This is a retrospective cross-sectional study utilizing already generated 6,078 HIV-1C sequences covering the entire gp120.” “The generated sequences were from PWH aged 16–64 years residing in 30 communities in northern, central, and southern parts of Botswana who were randomly selected to participate in the Botswana Combination Prevention Project (BCPP) (4, 24–26).”",main_text,"The current study is explicitly described as retrospective and cross-sectional. Random selection of participants is not treatment randomization, and the BCPP registration number alone does not meet the supplied clinical-trial criterion. The BRIGHTE trial discussed in the introduction is a separate study (pages 2 and 10).",strict
37823653,14,Does the paper report HIV sequences from individuals who had previously received ARV drugs?,Yes,"“Of the remaining 6,030 participants, 1,282 participants were ART naïve and 4,748 were ART experienced.” “Most of the ART-experienced PWH were on efavirenz- or nevirapine-based ART which was the first-line regimen prior to dolutegravir-based first-line ART implementation in June 2016.”",main_text,"The sequenced population included 4,748 ART-experienced individuals, including those with suppression and those with virological failure (pages 3–4).",strict
37823653,15,Which drug classes were received by individuals in the study before sample sequencing?,NNRTIs,"“Most of the ART-experienced PWH were on efavirenz- or nevirapine-based ART which was the first-line regimen prior to dolutegravir-based first-line ART implementation in June 2016.” “Of the remaining 6,030 participants, 1,282 participants were ART naïve and 4,748 were ART experienced.”",main_text,"Efavirenz and nevirapine establish NNRTI exposure. The accompanying backbone drugs are not specified, and the statement about national dolutegravir implementation does not explicitly establish INSTI exposure among the sequenced participants. The special first-line inference rule for papers published before 2020 does not apply to this 2023 article (pages 3–4).",strict
37823653,16,Which drugs were received by individuals in the study before sample sequencing?,Efavirenz; nevirapine,"“Most of the ART-experienced PWH were on efavirenz- or nevirapine-based ART which was the first-line regimen prior to dolutegravir-based first-line ART implementation in June 2016.” “It was difficult to pinpoint how each polymorphism affects the efficacy of FTR in HIV-1C, as none of the individuals had any exposure to FTR prior to this analysis.”",main_text,"Efavirenz and nevirapine are explicitly identified as drugs received by participants. Dolutegravir is mentioned as a national regimen implementation change rather than confirmed participant exposure, and fostemsavir exposure is explicitly excluded (pages 3 and 9).",strict
38314093,1,Does the paper report HIV sequences from patient samples?,Yes,"“HIV-infected blood samples were sent to the Guangdong AIDS Prevention Center for genotypic resistance testing.” “In brief, cDNA containing the protease-reverse transcriptase (PR-RT) sequence of HIV-1 was amplified and subjected to high-throughput sequencing.”",main_text,"Section 2.3, page 3, explicitly describes new HIV sequencing and genotypic resistance testing of clinical samples.",strict
38314093,2,Does the paper report in vitro drug susceptibility data?,No,"“Sequences were submitted to the Stanford University HIV resistance database (http://hivdb.stanford.EDU) for subtype identification, resistance loci, and drug sensitivity analysis.” “Based on the mutations carried by each HIV-infected individual, their sensitivity to anti-HIV drugs used in clinical practice was further assessed (Supplementary Table S2).”",main_text,"Sections 2.3 and 3.3, pages 3–4, describe sequence-based susceptibility interpretation, not experimental phenotypic testing. No in vitro susceptibility assay or IC50, EC50, or fold-change measurements are reported in the supplied file.",strict
38314093,3,Were sequences from the paper made publicly available?,No,“The original contributions presented in the study are included in the article/Supplementary Material.” “Further inquiries can be directed to the corresponding authors.”,main_text,The Data availability statement on page 7 does not identify a public sequence repository or accession numbers. Submission to Stanford HIVdb for resistance interpretation is not evidence of public sequence deposition.,strict
38314093,4,What were the GenBank accession numbers for sequenced HIV isolates?,Not reported,“The original contributions presented in the study are included in the article/Supplementary Material.” “Further inquiries can be directed to the corresponding authors.”,main_text,No GenBank or other sequence-repository accession numbers appear in the supplied article. The Data availability statement on page 7 provides no accession identifiers; the supplementary material is linked but not included in the supplied PDF.,strict
38314093,5,How many individuals had samples obtained for HIV sequencing?,37,"“To elucidate the HIV-1 genotype drug resistance characteristics in HIV-infected people of Meizhou, serum samples from 37 untreated patients [29 men (78%); 8 women (22%)] obtained from Meizhou People’s Hospital were included.” “Pro-RT gene sequences from the samples were obtained and analyzed for drug resistance-related mutations.”",main_text,"Section 3.3, page 4, identifies 37 patients contributing samples for sequencing. Table 4 on page 7 also identifies 37 patients; the larger group of 195 underwent HIV confirmation and antibody-profile analysis.",strict
38314093,6,From which countries were the sequenced samples obtained?,China,"“In this study, we investigate and provide specific epidemiological patterns, serum antibody profiles, and drug resistance genotypes in HIV-infected individuals in Meizhou, China.” “To elucidate the HIV-1 genotype drug resistance characteristics in HIV-infected people of Meizhou, serum samples from 37 untreated patients [29 men (78%); 8 women (22%)] obtained from Meizhou People’s Hospital were included.”",main_text,"The Introduction on page 2 and Section 3.3 on page 4 locate the source population and sample collection in Meizhou, China.",strict
38314093,7,From what years were the sequenced samples obtained?,2008–2019,"“A total of 186257 serum samples from suspected patients, collected between May 2008 and December 2019, were obtained from Meizhou People’s Hospital.” “This study undertakes a retrospective analysis of the epidemiological and clinical features of 195 HIV-positive cases in Meizhou, China, from May 1, 2018 to December 31, 2019.”",main_text,"The reported collection interval in Section 2.1, page 2, is 2008–2019, repeated in the Discussion and Conclusion. However, the abstract and Figure 1 describe 2018–2019 for the 195 confirmed cases. No separate collection dates are provided for the 37 sequenced patients, so the answer uses the Methods interval while noting this inconsistency.",strict
38314093,8,Were samples cloned prior to sequencing?,Not applicable,"“In brief, cDNA containing the protease-reverse transcriptase (PR-RT) sequence of HIV-1 was amplified and subjected to high-throughput sequencing.” “Sequences were submitted to the Stanford University HIV resistance database (http://hivdb.stanford.EDU) for subtype identification, resistance loci, and drug sensitivity analysis.”",main_text,"Section 2.3, page 3, describes genotypic sequencing and computational interpretation, not in vitro susceptibility testing. Under the specified rule, cloning status is not applicable when in vitro susceptibility data are absent.",strict
38314093,9,Which HIV genes were reported to have been sequenced?,"PR, RT","“In brief, cDNA containing the protease-reverse transcriptase (PR-RT) sequence of HIV-1 was amplified and subjected to high-throughput sequencing.” “Pro-RT gene sequences from the samples were obtained and analyzed for drug resistance-related mutations.”",main_text,"Sections 2.3 and 3.3, pages 3–4, explicitly identify protease and reverse transcriptase as the sequencing targets. Other HIV proteins discussed in Western blot analyses are not additional sequencing targets.",strict
38314093,10,What method was used for sequencing?,NGS,"“HIV-infected blood samples were sent to the Guangdong AIDS Prevention Center for genotypic resistance testing.” “In brief, cDNA containing the protease-reverse transcriptase (PR-RT) sequence of HIV-1 was amplified and subjected to high-throughput sequencing.”",main_text,"The high-throughput sequencing described in Section 2.3, page 3, is classified as NGS. The paper does not identify a sequencing platform or instrument.",strict
38314093,11,What type of samples were sequenced?,Plasma,"“To elucidate the HIV-1 genotype drug resistance characteristics in HIV-infected people of Meizhou, serum samples from 37 untreated patients [29 men (78%); 8 women (22%)] obtained from Meizhou People’s Hospital were included.” “In brief, cDNA containing the protease-reverse transcriptase (PR-RT) sequence of HIV-1 was amplified and subjected to high-throughput sequencing.”",main_text,"Section 3.3, page 4, explicitly identifies serum specimens for the sequenced patients. Following the requested classification, serum-derived viral sequences are categorized as Plasma.",strict
38314093,12,Were any sequences obtained from individuals with virological failure on a treatment regimen?,No,"“To elucidate the HIV-1 genotype drug resistance characteristics in HIV-infected people of Meizhou, serum samples from 37 untreated patients [29 men (78%); 8 women (22%)] obtained from Meizhou People’s Hospital were included.” “Pro-RT gene sequences from the samples were obtained and analyzed for drug resistance-related mutations.”",main_text,"Section 3.3, page 4, explicitly describes the sequenced patients as untreated. Although treatment regimens and regional treatment failure are discussed, no sequenced sample is explicitly linked to virological failure during treatment.",strict
38314093,13,Were the patients in the study in a clinical trial?,No,"“This study undertakes a retrospective analysis of the epidemiological and clinical features of 195 HIV-positive cases in Meizhou, China, from May 1, 2018 to December 31, 2019.” “A total of 186257 serum samples from suspected patients, collected between May 2008 and December 2019, were obtained from Meizhou People’s Hospital.”",main_text,"The abstract on page 1 and Methods on page 2 describe a retrospective hospital-based study. No randomization, trial phase, experimental treatment allocation, or other evidence of clinical-trial participation is reported.",strict
38314093,14,Does the paper report HIV sequences from individuals who had previously received ARV drugs?,No,"“To elucidate the HIV-1 genotype drug resistance characteristics in HIV-infected people of Meizhou, serum samples from 37 untreated patients [29 men (78%); 8 women (22%)] obtained from Meizhou People’s Hospital were included.” “The initial antiviral treatment regimen consisted of two nucleoside reverse transcriptase inhibitors (NRTIs) plus efavirenz (EFV)/nevirapine (NVP) in 31 cases (83.79%) or zidovudine (AZT)/lamivudine (3TC) plus EFV in 6 cases (16.21%).”",main_text,"Section 3.3, page 4, explicitly labels all 37 sequenced patients untreated. Although initial regimens are also described, the paper does not establish that these drugs were received before sample collection; the explicit untreated designation is therefore used.",strict
38314093,15,Which drug classes were received by individuals in the study before sample sequencing?,None,"“To elucidate the HIV-1 genotype drug resistance characteristics in HIV-infected people of Meizhou, serum samples from 37 untreated patients [29 men (78%); 8 women (22%)] obtained from Meizhou People’s Hospital were included.” “The initial antiviral treatment regimen consisted of two nucleoside reverse transcriptase inhibitors (NRTIs) plus efavirenz (EFV)/nevirapine (NVP) in 31 cases (83.79%) or zidovudine (AZT)/lamivudine (3TC) plus EFV in 6 cases (16.21%).”",main_text,"The sequenced patients are explicitly described as untreated in Section 3.3, page 4. The NRTI/NNRTI initial regimens are not established as prior exposure, so no drug classes are assigned before sequencing.",strict
38314093,16,Which drugs were received by individuals in the study before sample sequencing?,None,"“To elucidate the HIV-1 genotype drug resistance characteristics in HIV-infected people of Meizhou, serum samples from 37 untreated patients [29 men (78%); 8 women (22%)] obtained from Meizhou People’s Hospital were included.” “The initial antiviral treatment regimen consisted of two nucleoside reverse transcriptase inhibitors (NRTIs) plus efavirenz (EFV)/nevirapine (NVP) in 31 cases (83.79%) or zidovudine (AZT)/lamivudine (3TC) plus EFV in 6 cases (16.21%).”",main_text,"Section 3.3, page 4, identifies the sequenced population as untreated. Efavirenz, nevirapine, zidovudine, and lamivudine are mentioned as initial treatments, but receipt before collection of the sequenced samples is not demonstrated.",strict
36694270,1,Does the paper report HIV sequences from patient samples?,Yes,"“CSF and plasma samples were tested for drug resistance of HIV genotypes.” “We amplified the nucleotide sequences of HIV-1 protease, reverse transcriptase and integrase using nested polymerase chain reaction (nest-pcr) method.” “The target bands were subjected to 1% agarose gel electrophoresis for validation, and the amplified product was sequenced.”",main_text,The Methods on page 2 describe generating new HIV sequences from patients' paired cerebrospinal fluid and plasma samples.,strict
36694270,2,Does the paper report in vitro drug susceptibility data?,No,"“HIV genotyping and drug resistance was evaluated using the Stanford v8.7 algorithm.” “Sequences were then spliced and edited using the Seqman pro and Megalign7.0V software, and were submitted to the drug resistance database of Stanford University (https://hivdb.stanford.edu/hivdb/by-sequences/) for HIV-1 subtypes and resistance mutation analysis.”",main_text,"The abstract and Methods describe genotypic resistance interpretation, not phenotypic susceptibility testing. No in vitro susceptibility assays or quantitative susceptibility measurements are reported.",strict
36694270,3,Were sequences from the paper made publicly available?,No,"“The data sets analysed during the current study are available from the corresponding author on reasonable request.” “Sequences were then spliced and edited using the Seqman pro and Megalign7.0V software, and were submitted to the drug resistance database of Stanford University (https://hivdb.stanford.edu/hivdb/by-sequences/) for HIV-1 subtypes and resistance mutation analysis.”",main_text,The data-availability statement on page 6 offers data on request. Submission to Stanford HIVdb for interpretation is not public sequence deposition; the supplied article contains no repository deposition statement or accession numbers.,strict
36694270,4,What were the GenBank accession numbers for sequenced HIV isolates?,Not reported,"“The data sets analysed during the current study are available from the corresponding author on reasonable request.” “Sequences were then spliced and edited using the Seqman pro and Megalign7.0V software, and were submitted to the drug resistance database of Stanford University (https://hivdb.stanford.edu/hivdb/by-sequences/) for HIV-1 subtypes and resistance mutation analysis.”",main_text,"No GenBank or other sequence-repository accession numbers are provided in the supplied file. The Stanford URL identifies an analysis service, not accessioned isolates.",strict
36694270,5,How many individuals had samples obtained for HIV sequencing?,62,"“Among them, 6 patients had low CSF viral load and could not be tested for drug resistance.” “As a result, a total of 62 patients were included in this study, and all test reports were recorded.” “Overall, 62 HIV-1 patients with a median (IQR) age of 51 (38–64) years (51 ARV non-treated, including 49 naive; 11 ARV treated) were analysed (Table 1).”",main_text,"Of 68 initially considered patients, six could not undergo CSF resistance testing. The sequenced and analysed population comprised 62 individuals with paired samples, not 124 individuals.",strict
36694270,6,From which countries were the sequenced samples obtained?,China,"“The matched CSF and plasma samples of 62 HIV-1 patients were tested at one study site in China (Chongqing; 2019–2022).” “We retrospectively collected matched pairs of 68 HIV-1 patients who were admitted to Chongqing Public Health Medical Center from June 2020 to June 2022 and completed plasma CD4+ T cell counts, HIV RNA viral load, and CSF biochemical tests.”",main_text,"The abstract and patient Methods identify Chongqing, China, as the clinical sampling site.",strict
36694270,7,From what years were the sequenced samples obtained?,2020–2022,"“We retrospectively collected matched pairs of 68 HIV-1 patients who were admitted to Chongqing Public Health Medical Center from June 2020 to June 2022 and completed plasma CD4+ T cell counts, HIV RNA viral load, and CSF biochemical tests.” “The matched CSF and plasma samples of 62 HIV-1 patients were tested at one study site in China (Chongqing; 2019–2022).”",main_text,"The detailed patient Methods on page 2 specify June 2020–June 2022, which is used as the collection period. The abstract inconsistently gives 2019–2022.",strict
36694270,8,Were samples cloned prior to sequencing?,Not applicable,"“The target bands were subjected to 1% agarose gel electrophoresis for validation, and the amplified product was sequenced.” “HIV genotyping and drug resistance was evaluated using the Stanford v8.7 algorithm.”",main_text,"Although clinical sequences were generated, no in vitro susceptibility data are reported. The question's applicability rule therefore requires Not applicable.",strict
36694270,9,Which HIV genes were reported to have been sequenced?,"PR, RT, IN","“We amplified the nucleotide sequences of HIV-1 protease, reverse transcriptase and integrase using nested polymerase chain reaction (nest-pcr) method.” “The target bands were subjected to 1% agarose gel electrophoresis for validation, and the amplified product was sequenced.”",main_text,"The Methods on page 2 explicitly identify protease, reverse transcriptase, and integrase as the sequenced targets.",strict
36694270,10,What method was used for sequencing?,Not reported,"“One-step RT-PCR and nested PCR was performed on a GeneAmp®9700PCR instrument (ABI, USA).” “The target bands were subjected to 1% agarose gel electrophoresis for validation, and the amplified product was sequenced.” “Sequences were then spliced and edited using the Seqman pro and Megalign7.0V software, and were submitted to the drug resistance database of Stanford University (https://hivdb.stanford.edu/hivdb/by-sequences/) for HIV-1 subtypes and resistance mutation analysis.”",main_text,"The paper reports amplicon sequencing but does not identify sequencing chemistry, a sequencing instrument, or explicitly state Sanger, direct PCR sequencing, or NGS. The ABI instrument mentioned is a PCR thermocycler, not a sequencing platform.",strict
36694270,11,What type of samples were sequenced?,Plasma; cerebrospinal fluid (CSF),“CSF and plasma samples were tested for drug resistance of HIV genotypes.” “The matched CSF and plasma samples of 62 HIV-1 patients were tested at one study site in China (Chongqing; 2019–2022).”,main_text,The abstract and Methods explicitly identify paired plasma and cerebrospinal fluid specimens.,strict
36694270,12,Were any sequences obtained from individuals with virological failure on a treatment regimen?,Yes,"“Overall, 62 HIV-1 patients with a median (IQR) age of 51 (38–64) years (51 ARV non-treated, including 49 naive; 11 ARV treated) were analysed (Table 1).” “The median CSF HIV-1 RNA (IQR) in ARV-non-treated and ARV-treated patients was 4.99 (4.47–5.72) and 4.47 (4.07–4.92) log10 copies/ml, respectively; the median plasma HIV-1 RNA (IQR) was 5.80 (5.48–6.32) and 5.30 (3.72–5.73) log10 copies/ml.”",main_text,"Plasma sequences were obtained from 11 patients receiving ART who had detectable viremia. This meets the specified ART-experienced plasma criterion, although the paper does not formally classify every treated patient as having virological failure.",strict
36694270,13,Were the patients in the study in a clinical trial?,No,"“We retrospectively collected matched pairs of 68 HIV-1 patients who were admitted to Chongqing Public Health Medical Center from June 2020 to June 2022 and completed plasma CD4+ T cell counts, HIV RNA viral load, and CSF biochemical tests.” “The diagnosis and treatment data and basic information were collected from the clinical case system, and the influencing factors of drug resistance mutations in CSF was obtained by variance analysis.”",main_text,"This was a retrospective observational study using clinical records and samples. No trial intervention, treatment allocation, or clinical-trial participation is described.",strict
36694270,14,Does the paper report HIV sequences from individuals who had previously received ARV drugs?,Yes,"“Overall, 62 HIV-1 patients with a median (IQR) age of 51 (38–64) years (51 ARV non-treated, including 49 naive; 11 ARV treated) were analysed (Table 1).” “Nucleotide reverse transcriptase inhibitors (NRTIs) were the main drugs used in ARV-treated patients (Table 1).”",main_text,"Eleven sequenced patients were receiving ART. Table 1 on page 3 additionally clarifies that two patients classified as currently untreated had received ARVs previously, giving 13 individuals with any prior exposure and 49 treatment-naïve individuals.",strict
36694270,15,Which drug classes were received by individuals in the study before sample sequencing?,NRTIs; NNRTIs; PIs; INSTIs; Entry inhibitors,"“Current treatment, n (%)” lists “NRTIs+INSTIs+FIs,” “NRTIs+NNRTIs,” “NRTIs+INSTIs,” “NRTIs+PIs,” “FIs+INSTIs,” and “NRTIs.” “Note: IQR, interquartile range; CSF, Cerebrospinal Fluid; NRTIs, nucleotide reverse transcriptase inhibitors, NNRTIs, nonnucleoside reverse transcriptase inhibitors; INSTIs, integrase strand transfer inhibitors; PIs, protease inhibitors; FIs, fusion inhibitors.”",table,"Table 1 on page 3 documents exposure to NRTIs, NNRTIs, PIs, INSTIs, and fusion inhibitors. Fusion inhibitors are included under entry inhibitors.",strict
36694270,16,Which drugs were received by individuals in the study before sample sequencing?,Lamivudine (3TC); tenofovir disoproxil fumarate (TDF); efavirenz (EFV); lopinavir; ritonavir; abacavir (ABC); elvitegravir (EVG); emtricitabine (FTC); tenofovir alafenamide (TAF); albuvirtide (ABT); dolutegravir (DTG); cobicistat (pharmacokinetic enhancer),"“Note: 3TC, lamivudine; TDF, tenofovir disoproxil fumarate; EFV, efavirenz; LPV/r, lopinavir/ritonavir; ABC, abacavir; DTG, dolutegravir; ABT, albuvirtide; EVG/c/FTC/TAF, elvitegravir/cobicistat/emtricitabine/tenofovir alafenamide; F, female; M, male.” The ARV column includes “3TC+TDF+EFV,” “3TC+TDF+LPV/r,” “3TC+ABC+LPV/r,” “EVG/c/FTC/TAF+ABT,” “3TC+TDF,” and “ABT+DTG.”",table,Table 2 on page 4 reports these regimens with time under treatment before genotyping. Cobicistat is included as a documented regimen component but is a pharmacokinetic enhancer rather than an active antiretroviral.,strict
37896860,1,Does the paper report HIV sequences from patient samples?,Yes,"“HIV DR testing was performed on plasma samples using Sanger sequencing with Applied Biosystems 3130xl Genetic Analyzers (ThermoFisher Scientific, Nairobi, Kenya) at the KEMRI-CDC HIV Research and Sanger 3730xl at the Kenya National HIV Reference Laboratories.” “During the study period, 106 (15%) children had DRT results (84 intervention and 22 control).”",main_text,"The study generated new genotypic resistance results by sequencing plasma from children with HIV (Abstract and Methods, pages 1–3).",strict
37896860,2,Does the paper report in vitro drug susceptibility data?,No,"“These laboratories utilize validated, WHO-certified, optimized in-house assays to detect reverse transcriptase and PI mutations [21,22].” “The DRT result reports contained a list of the DR genotypes as well as phenotypic interpretations based on the scoring systems generated by the Stanford Genotypic Resistance Interpretation Algorithm (Stanford Univeristy, Palo Alto, CA, USA) versions available during the study period [23].”",main_text,"The phenotypic interpretations were computational predictions from genotypes, not measured in vitro susceptibility. No phenotypic assay or IC50, EC50, or susceptibility fold-change measurements are reported.",strict
37896860,3,Were sequences from the paper made publicly available?,No,“The de-identified data presented in this study are available on request from the corresponding author.” “The data are not publicly available due to the sensitive nature of the disease being studied.”,main_text,The Data Availability Statement (page 14) specifies request-only access. No public sequence deposition statement or repository accession numbers appear in the article.,strict
37896860,4,What were the GenBank accession numbers for sequenced HIV isolates?,Not reported,“The de-identified data presented in this study are available on request from the corresponding author.” “The data are not publicly available due to the sensitive nature of the disease being studied.”,main_text,The article provides no GenBank or other sequence-repository accession numbers; its Data Availability Statement appears on page 14.,strict
37896860,5,How many individuals had samples obtained for HIV sequencing?,106,"“During the study period, 106 (15%) children had DRT results (84 intervention and 22 control).” “Among the one hundred and six participants with at least one DRT result, all demonstrated at least one clinically significant mutation or minor DR mutation, as defined by the Stanford HIV Database.”",main_text,"There were 106 unique children with successful genotypic sequencing results, consistent with Table 1 and Figure 1. Figure 1 additionally shows 112 children with DRT requests (88 intervention and 24 control), including six without successful results; repeated tests are not counted as additional individuals.",strict
37896860,6,From which countries were the sequenced samples obtained?,Kenya,"“In brief, 704 CHIV ages 1–14 years were enrolled from 5 public facilities in Kisumu County, Kenya, between March and December 2019 and were followed for 12 months.” “Whole blood was collected from study participants for POC VL testing and separated into plasma for testing using a GeneXpert system (Cepheid, Nairobi, Kenya) on site at study facilities or via daily transport to a facility less than 2 km away [20].”",main_text,"Participants were recruited and sampled at facilities in Kisumu County, Kenya (Methods, page 2).",strict
37896860,7,From what years were the sequenced samples obtained?,2019–2021,"“Prevalence and 95% confidence intervals for most common HIV drug resistance mutations detected among children with virologic failure undergoing drug resistance testing in the Opt4Kids trial, March 2019–April 2021.”",table,Table 2's caption (page 8) explicitly dates the drug-resistance testing cohort to March 2019–April 2021. This testing-specific period is used rather than the narrower enrollment dates reported elsewhere.,strict
37896860,8,Were samples cloned prior to sequencing?,Not applicable,"“HIV DR testing was performed on plasma samples using Sanger sequencing with Applied Biosystems 3130xl Genetic Analyzers (ThermoFisher Scientific, Nairobi, Kenya) at the KEMRI-CDC HIV Research and Sanger 3730xl at the Kenya National HIV Reference Laboratories.” “The DRT result reports contained a list of the DR genotypes as well as phenotypic interpretations based on the scoring systems generated by the Stanford Genotypic Resistance Interpretation Algorithm (Stanford Univeristy, Palo Alto, CA, USA) versions available during the study period [23].”",main_text,"The study does not report in vitro susceptibility data, so the question is not applicable under the specified rule.",strict
37896860,9,Which HIV genes were reported to have been sequenced?,"PR, RT","“These laboratories utilize validated, WHO-certified, optimized in-house assays to detect reverse transcriptase and PI mutations [21,22].” “Integrase strand transfer inhibitor (INSTI) mutations were not routinely evaluated during the study period.” “While we observed a rapid transition to DTG-containing regimens, we were not able to perform INSTI DR on CHIV with VF on DTG.”",main_text,Methods (page 3) identify reverse-transcriptase and protease resistance testing. The limitations (page 13) confirm that integrase resistance testing was not performed for children failing dolutegravir.,strict
37896860,10,What method was used for sequencing?,Sanger sequencing,"“HIV DR testing was performed on plasma samples using Sanger sequencing with Applied Biosystems 3130xl Genetic Analyzers (ThermoFisher Scientific, Nairobi, Kenya) at the KEMRI-CDC HIV Research and Sanger 3730xl at the Kenya National HIV Reference Laboratories.” “These laboratories utilize validated, WHO-certified, optimized in-house assays to detect reverse transcriptase and PI mutations [21,22].”",main_text,"Sanger sequencing is explicitly specified in Methods, pages 2–3.",strict
37896860,11,What type of samples were sequenced?,Plasma,"“Whole blood was collected from study participants for POC VL testing and separated into plasma for testing using a GeneXpert system (Cepheid, Nairobi, Kenya) on site at study facilities or via daily transport to a facility less than 2 km away [20].” “HIV DR testing was performed on plasma samples using Sanger sequencing with Applied Biosystems 3130xl Genetic Analyzers (ThermoFisher Scientific, Nairobi, Kenya) at the KEMRI-CDC HIV Research and Sanger 3730xl at the Kenya National HIV Reference Laboratories.”",main_text,"Although whole blood was initially collected, the specimen explicitly used for sequencing was plasma (Methods, pages 2–3).",strict
37896860,12,Were any sequences obtained from individuals with virological failure on a treatment regimen?,Yes,“Children in the intervention group underwent DRT at episodes of VF detection.” “DRT was limited to patients approved by the regional HIV Technical Working Group and generally included those failing a PI-containing regimen or with persistent VF despite good adherence.”,main_text,Resistance sequencing targeted virological failure in children receiving ART. Table 1 (page 5) also documents their ART regimens at first DRT.,strict
37896860,13,Were the patients in the study in a clinical trial?,Yes,"“Children were individually randomized 1:1, stratified by site and age groups (ages 1–9 years and 10–14 years), to the control (standard-of-care) or intervention groups (point-of-care viral load testing every three months with DRT for those with VF (HIV RNA ≥ 1000 copies/mL)) and followed for 12 months.” “Participants in both groups underwent point-of-care (POC) viral load (VL) testing and targeted DRT, if indicated, at 12 months post-enrollment.”",main_text,"Participants were enrolled in the Opt4Kids randomized controlled trial, with explicit random allocation to intervention or standard care (Methods, page 2).",strict
37896860,14,Does the paper report HIV sequences from individuals who had previously received ARV drugs?,Yes,"“Children in the intervention group underwent DRT at episodes of VF detection.” “An additional three older participants were on an INSTI-containing regimen (specifically dolutegravir), and four were on an NNRTI (specifically efavirenz) without DR impacting the current regimen.”",main_text,Sequenced children were receiving ART when evaluated for virological failure. Table 1 reports a median four years on ART among the 106 children with DRT results.,strict
37896860,15,Which drug classes were received by individuals in the study before sample sequencing?,"NRTIs, NNRTIs, PIs, INSTIs","“ART regimen at 1st DRT” lists “NNRTI-based,” “PI-based,” and “INSTI-based,” with 46, 56, and 4 children, respectively, in the DRT group. “NRTI ART regimen at enrollment” lists “ABC+3TC,” “AZT+3TC,” and “TDF+3TC,” with 76, 20, and 10 children, respectively, in that group.",table,"Table 1 (page 5) directly documents exposure to all four classes among children with sequencing results, including NRTI backbones and NNRTI-, PI-, or INSTI-based regimens.",strict
37896860,16,Which drugs were received by individuals in the study before sample sequencing?,"Abacavir (ABC), lamivudine (3TC), zidovudine (AZT), tenofovir disoproxil fumarate (TDF), efavirenz (EFV), lopinavir, ritonavir, dolutegravir (DTG)","“First-line ART regimens in Kenya during the study period for children included lamivudine with either abacavir (preferred) or zidovudine (alternative) and lopinavir/ritonavir for those less than three years of age and lamivudine with either abacavir (preferred) or zidovudine (alternative) and efavirenz for those three years of age and older [24].” “An additional three older participants were on an INSTI-containing regimen (specifically dolutegravir), and four were on an NNRTI (specifically efavirenz) without DR impacting the current regimen.” “The low rates of PI resistance in children with VF show that despite the transition to PI-containing regimens for a significant proportion of children, PI medications (specifically lopinavir/ritonavir among our cohort) maintained a high barrier to resistance.”",main_text,"The text identifies efavirenz, dolutegravir, and lopinavir/ritonavir use in the cohort. Table 1 (page 5) additionally documents abacavir/lamivudine, zidovudine/lamivudine, and tenofovir/lamivudine at enrollment among sequenced children. Drugs appearing only in resistance predictions are excluded, as is raltegravir, which was recommended but unavailable.",strict
40779404,1,Does the paper report HIV sequences from patient samples?,Yes,"“Retrospective proviral DNA genotyping of PR/RT/IN using GenoSure Archive (Monogram Biosciences, CA), which uses NGS technology was performed on BL whole blood samples.” “Genotyping data were reported on a population sequencing level.”",main_text,"The Methods, page 337, explicitly describe retrospective sequencing of participants’ baseline clinical samples. This is not solely a compilation of publicly available sequences.",strict
40779404,2,Does the paper report in vitro drug susceptibility data?,No,"“In vitro studies of HIV-1 isolates with K65R have demonstrated reduced susceptibility to NRTIs including TFV (2–3-fold), FTC (8-fold), and 3TC (12-fold) while maintaining full susceptibility to zidovudine.” “The objective of this post hoc analysis was to determine the prevalence of preexisting K65R/N among study participants in these clinical studies and to evaluate the impact of preexisting NRTI resistance-associated mutation (RAM) K65R/N on virologic outcomes after receiving B/F/TAF.”",main_text,"The susceptibility values in the Introduction, page 336, summarize cited prior studies. This study reports genotyping and clinical virologic outcomes, not newly performed phenotypic susceptibility testing.",strict
40779404,3,Were sequences from the paper made publicly available?,No,“Gilead Sciences shares anonymized individual patient data on request or as required by law or regulation with qualified external researchers based on submitted curriculum vitae and reflecting nonconflict of interest.” “Data requests should be sent to datarequest@gilead.com.”,main_text,"The data-sharing statement on page 336 describes controlled access by request, not public sequence deposition. No sequence accession numbers or public repository submission statements appear in the supplied PDF.",strict
40779404,4,What were the GenBank accession numbers for sequenced HIV isolates?,Not reported,,not_found,"No GenBank or other sequence-repository accession numbers are provided in the supplied six-page article. The NCT identifiers identify clinical trials, not sequences; linked supplementary material is not included in the file.",strict
40779404,5,How many individuals had samples obtained for HIV sequencing?,2028,"“From the 2182 participants who received B/F/TAF, 2028 participants had BL genotypic RT data [1474 (n = 95), 1844 (n = 522), 1878 (n = 524), 4030 (n = 333), 4449 (n = 84), and 4580 (n = 470)], and of those, K65R/N was detected in 20/2028 (1.0%) of participants.” “Of the 20 participants with K65R/N, all had proviral DNA genotyping data available at BL and 7 had historical RNA genotype data.”",main_text,"Pages 337 and 339 identify 2028 participants with baseline genotypic data across six nonoverlapping trial groups. The 20 participants with K65R/N are a subset, not additional individuals.",strict
40779404,6,From which countries were the sequenced samples obtained?,Not reported,,not_found,"The supplied article identifies the six trials but does not give their sample-collection countries. Sponsor and laboratory addresses, regulatory jurisdictions, and countries mentioned in unrelated references do not establish collection locations.",strict
40779404,7,From what years were the sequenced samples obtained?,Not reported,,not_found,"Samples are identified as baseline samples, but collection dates and enrollment year ranges are not supplied. Publication dates and follow-up weeks do not establish collection years.",strict
40779404,8,Were samples cloned prior to sequencing?,Not applicable,"“Retrospective proviral DNA genotyping of PR/RT/IN using GenoSure Archive (Monogram Biosciences, CA), which uses NGS technology was performed on BL whole blood samples.” “There are some limitations to this study, including lack of single-genome sequencing data to verify whether the identified RAMs are on the same virus.”",main_text,"Although the article describes NGS genotyping and lacks single-genome sequencing, the required classification is Not applicable because the study does not report its own in vitro susceptibility testing.",strict
40779404,9,Which HIV genes were reported to have been sequenced?,"PR, RT, IN","“Historical RNA or proviral DNA genotyping reports for protease (PR), RT, and integrase (IN), from local laboratories or commercial sites were collected if available.” “Retrospective proviral DNA genotyping of PR/RT/IN using GenoSure Archive (Monogram Biosciences, CA), which uses NGS technology was performed on BL whole blood samples.”",main_text,"The genotyping Methods on page 337 explicitly identify protease, reverse transcriptase, and integrase. Table 1 on page 338 also reports resistance findings for these targets.",strict
40779404,10,What method was used for sequencing?,NGS,"“Retrospective proviral DNA genotyping of PR/RT/IN using GenoSure Archive (Monogram Biosciences, CA), which uses NGS technology was performed on BL whole blood samples.” “Genotyping data were reported on a population sequencing level.”",main_text,The Methods explicitly identify NGS technology. Reporting results at a population-sequencing level does not change the underlying sequencing method.,strict
40779404,11,What type of samples were sequenced?,"Whole blood, PBMC","“Retrospective proviral DNA genotyping of PR/RT/IN using GenoSure Archive (Monogram Biosciences, CA), which uses NGS technology was performed on BL whole blood samples.” “Of the 20 participants with K65R/N, all had proviral DNA genotyping data available at BL and 7 had historical RNA genotype data.”",main_text,"Whole blood is the explicitly stated specimen. PBMC is additionally included under the requested coding rule for proviral DNA, although isolated PBMC preparation is not described. The specimen underlying historical RNA reports is unspecified.",strict
40779404,12,Were any sequences obtained from individuals with virological failure on a treatment regimen?,Yes,"“All participants with preexisting K65R/N were VS at study start with median time on ART before study entry of 9.2 years (range 1.6–26.3 years).” “Before enrollment, participants had been treated with TFV (80.0%), INSTIs (50.0%), non-nucleoside RT inhibitors (NNRTI; 45.0%), and PR inhibitors (PI; 75.0%) (Table 1).”",main_text,"Yes under the specified rule that prior receipt of NRTIs, NNRTIs, PIs, or INSTIs with sequence generation qualifies. This should not be interpreted as documented failure at sampling: the participants were suppressed at baseline, and no on-study failure occurred in the K65R/N subgroup.",strict
40779404,13,Were the patients in the study in a clinical trial?,Yes,"“The trial designs were as follows: Studies 1844 and 4030 were double-blinded placebo controlled, Studies 1878 and 4580 were randomized open-label, and Studies 1474 and 4449 were single-arm open label.” “In Studies 1844, 1878, 4580, and 4030, participants receiving a comparator regimen switched to B/F/TAF at week 24 (4580) or in an open-label extension (OLE) phase after week 48 (1844, 1878, and 4030).”",main_text,"The Methods on page 337 explicitly describe randomized, blinded, controlled, and open-label trials. The present analysis is post hoc, but its participants were enrolled in clinical trials.",strict
40779404,14,Does the paper report HIV sequences from individuals who had previously received ARV drugs?,Yes,"“All participants with preexisting K65R/N were VS at study start with median time on ART before study entry of 9.2 years (range 1.6–26.3 years).” “Before enrollment, participants had been treated with TFV (80.0%), INSTIs (50.0%), non-nucleoside RT inhibitors (NNRTI; 45.0%), and PR inhibitors (PI; 75.0%) (Table 1).”",main_text,The sequenced participants were ART-experienced and already receiving suppressive treatment before baseline sample collection.,strict
40779404,15,Which drug classes were received by individuals in the study before sample sequencing?,"NRTIs, NNRTIs, PIs, INSTIs","“All participants with preexisting K65R/N were VS at study start with median time on ART before study entry of 9.2 years (range 1.6–26.3 years).” “Before enrollment, participants had been treated with TFV (80.0%), INSTIs (50.0%), non-nucleoside RT inhibitors (NNRTI; 45.0%), and PR inhibitors (PI; 75.0%) (Table 1).”",main_text,"Page 337 explicitly documents prior INSTI, NNRTI, and PI treatment. Tenofovir establishes prior NRTI exposure.",strict
40779404,16,Which drugs were received by individuals in the study before sample sequencing?,"Tenofovir (TFV; formulation unspecified), dolutegravir, abacavir, lamivudine","“Before enrollment, participants had been treated with TFV (80.0%), INSTIs (50.0%), non-nucleoside RT inhibitors (NNRTI; 45.0%), and PR inhibitors (PI; 75.0%) (Table 1).” “Switching to fixed-dose bictegravir, emtricitabine, and tenofovir alafenamide from dolutegravir plus abacavir and lamivudine in virologically suppressed adults with HIV-1: 48 week results of a randomised, double-blind, multicentre, active-controlled, phase 3, non-inferiority trial.”",main_text,"Page 337 explicitly documents prior tenofovir exposure without specifying its formulation. Reference 15 on page 341 identifies dolutegravir, abacavir, and lamivudine as the pre-switch regimen for included Study 1844. Detailed individual treatment histories are in a linked supplement not included in the PDF; the post-baseline B/F/TAF regimen is not counted as prior exposure.",strict
24227862,1,Does the paper report HIV sequences from patient samples?,No,"""DNA sequencing was performed to verify the absence of spurious mutations and the presence of any desired mutation in the RT coding sequences."" ""We infected CBMCs with recombinant HIV-1 clones that were normalized in terms of inoculum on the basis of p24 antigen (65).""",main_text,"The sequencing described concerns laboratory recombinant HIV-1 NL4.3 clones and their derivatives, not HIV obtained from infected individuals. The cord blood cells were experimental host cells, not sources of patient-derived HIV (Methods, page 2; Results, page 5).",strict
24227862,2,Does the paper report in vitro drug susceptibility data?,Yes,"""Phenotypic susceptibility analyses of RT inhibitors were performed with recombinant HIV-1NL4.3 clones in a TZM-bl cell-based in vitro assay, as described previously (37, 38, 61)."" ""The EC50 was calculated by using the GraphPad Prism program (GraphPad Software, San Diego, CA).""",main_text,"The Methods on page 3 explicitly describe phenotypic susceptibility testing. Tables 2 and 3 on page 6 report EC50 and IC50 values, respectively, with fold changes in susceptibility.",strict
24227862,3,Were sequences from the paper made publicly available?,No,,not_found,No public sequence-repository deposition statement or accession numbers are provided in the supplied article.,strict
24227862,4,What were the GenBank accession numbers for sequenced HIV isolates?,Not reported,,not_found,No GenBank or other sequence-repository accession numbers are reported. Plasmid names and bibliographic identifiers are not sequence accession numbers.,strict
24227862,5,How many individuals had samples obtained for HIV sequencing?,0,"""DNA sequencing was performed to verify the absence of spurious mutations and the presence of any desired mutation in the RT coding sequences."" ""We infected CBMCs with recombinant HIV-1 clones that were normalized in terms of inoculum on the basis of p24 antigen (65).""",main_text,"The study sequenced laboratory viral constructs or derivatives, not HIV from clinical samples. Therefore, the number of individuals contributing samples for clinical HIV sequencing is 0 (pages 2 and 5).",strict
24227862,6,From which countries were the sequenced samples obtained?,Not applicable,"""Cord blood mononuclear cells (CBMCs) were obtained through the Department of Obstetrics, Jewish General Hospital, Montreal, Canada."" ""We infected CBMCs with recombinant HIV-1 clones that were normalized in terms of inoculum on the basis of p24 antigen (65).""",main_text,"Canada is the source of experimental host cells, not patient-derived HIV sequences. Because no clinical HIV sequences were generated, the country field is not applicable (pages 2 and 5).",strict
24227862,7,From what years were the sequenced samples obtained?,Not applicable,"""DNA sequencing was performed to verify the absence of spurious mutations and the presence of any desired mutation in the RT coding sequences."" ""Genotyping was performed to verify the emergence of mutations (Table 1).""",main_text,"These statements concern laboratory constructs and experimental viral cultures, not dated clinical sample collections (pages 2 and 4). No patient-derived HIV sequences were reported.",strict
24227862,8,Were samples cloned prior to sequencing?,Not applicable,"""DNA sequencing was performed to verify the absence of spurious mutations and the presence of any desired mutation in the RT coding sequences."" ""We infected CBMCs with recombinant HIV-1 clones that were normalized in terms of inoculum on the basis of p24 antigen (65).""",main_text,"Although laboratory molecular clones were used, the question's applicability rule requires sequences from individuals with HIV. None were reported, so the answer is not applicable (pages 2 and 5).",strict
24227862,9,Which HIV genes were reported to have been sequenced?,RT,"""DNA sequencing was performed to verify the absence of spurious mutations and the presence of any desired mutation in the RT coding sequences."" ""Genotyping was performed to verify the emergence of mutations (Table 1).""",main_text,"RT coding sequences were explicitly sequenced in laboratory constructs, and Table 1 reports RT genotyping results from experimental cultures. These are not patient-derived sequences (pages 2 and 4).",strict
24227862,10,What method was used for sequencing?,Not reported,"""DNA sequencing was performed to verify the absence of spurious mutations and the presence of any desired mutation in the RT coding sequences."" ""Genotyping was performed to verify the emergence of mutations (Table 1).""",main_text,"The paper reports sequencing and genotyping but does not specify a sequencing instrument, sequencing chemistry, or Sanger versus NGS platform (pages 2 and 4). Its publication date does not meet the pre-2008 inference rule.",strict
24227862,11,What type of samples were sequenced?,Not applicable,"""Cord blood mononuclear cells (CBMCs) were obtained through the Department of Obstetrics, Jewish General Hospital, Montreal, Canada."" ""We infected CBMCs with recombinant HIV-1 clones that were normalized in terms of inoculum on the basis of p24 antigen (65).""",main_text,"The cord blood cells were used for experimental infection with recombinant viruses. They were not clinical specimens providing HIV sequences from infected individuals, so the clinical specimen field is not applicable (pages 2 and 5).",strict
24227862,12,Were any sequences obtained from individuals with virological failure on a treatment regimen?,Not applicable,"""DNA sequencing was performed to verify the absence of spurious mutations and the presence of any desired mutation in the RT coding sequences."" ""We infected CBMCs with recombinant HIV-1 clones that were normalized in terms of inoculum on the basis of p24 antigen (65).""",main_text,"The newly generated sequencing data came from laboratory constructs and cultures, not individuals with virological failure. Clinical failure discussed elsewhere refers to previous studies (pages 2, 5, and 8).",strict
24227862,13,Were the patients in the study in a clinical trial?,No,"""We infected CBMCs with recombinant HIV-1 clones that were normalized in terms of inoculum on the basis of p24 antigen (65)."" ""Quantification of virus production at various time points was carried out by measurement of p24 antigen.""",main_text,"This is a laboratory experimental study, not a study of enrolled clinical-trial patients (Results, page 5). ECHO, THRIVE, and DUET are discussed as previously published trials, not as sources of newly sequenced patient samples in this paper.",strict
24227862,14,Does the paper report HIV sequences from individuals who had previously received ARV drugs?,No,"""DNA sequencing was performed to verify the absence of spurious mutations and the presence of any desired mutation in the RT coding sequences."" ""We infected CBMCs with recombinant HIV-1 clones that were normalized in terms of inoculum on the basis of p24 antigen (65).""",main_text,"No HIV sequences were generated from individuals, regardless of prior ARV exposure. References to treatment-experienced patients concern background literature rather than this study's sequenced material (pages 2 and 5).",strict
24227862,15,Which drug classes were received by individuals in the study before sample sequencing?,None,"""Phenotypic susceptibility analyses of RT inhibitors were performed with recombinant HIV-1NL4.3 clones in a TZM-bl cell-based in vitro assay, as described previously (37, 38, 61)."" ""We infected CBMCs with recombinant HIV-1 clones that were normalized in terms of inoculum on the basis of p24 antigen (65).""",main_text,"Drug exposures in this study were laboratory experiments, not treatment histories of individuals contributing HIV sequences. Under the specified rule for studies without patient-derived HIV sequences, the answer is None (pages 3 and 5).",strict
24227862,16,Which drugs were received by individuals in the study before sample sequencing?,None,"""Phenotypic susceptibility analyses of RT inhibitors were performed with recombinant HIV-1NL4.3 clones in a TZM-bl cell-based in vitro assay, as described previously (37, 38, 61)."" ""We infected CBMCs with recombinant HIV-1 clones that were normalized in terms of inoculum on the basis of p24 antigen (65).""",main_text,No individuals supplied clinical HIV sequences. Drugs used experimentally or mentioned in discussions of previous clinical studies do not constitute treatment histories for this study's sequenced samples (pages 3 and 5).,strict
38072961,1,Does the paper report HIV sequences from patient samples?,Yes,"“However, he complained of a headache relapse in June 2022.” “Moreover, increased HIV replication was observed in both CNS and plasma, and further HIV drug resistance tests of CSF and plasma (Sanger sequencing in Dongguan Medical Laboratory of Micro-scale and Presicion) presented identical results of major protease inhibitor (PI)-related mutations, nonnucleoside reverse transcriptase inhibitor (NNRTI)-related mutations, and nucleoside reverse transcriptase inhibitor (NRTI)-related mutations (Table 1).”",main_text,The case presentation on page 3 explicitly reports Sanger sequencing for HIV resistance testing of clinical CSF and plasma samples.,strict
38072961,2,Does the paper report in vitro drug susceptibility data?,No,"“Thus, ART regimen was switched to zidovudine (sensitive), lamivudine (highly resistant), and dolutegravir (sensitive).” “The neurosymptomatic CSF HIV escape with drug resistance mutations requires ART adjustment according to genotypic drug resistance results from both CSF and plasma, because the discordance of resistance patterns in different biologic compartments has been reported [7, 8].”",main_text,"Pages 3–4 describe genotypic resistance results and treatment selection, not an in vitro phenotypic susceptibility assay. No IC50, EC50, susceptibility fold changes, or other quantitative in vitro susceptibility measurements are reported.",strict
38072961,3,Were sequences from the paper made publicly available?,No,“All data from this study are included in this article.”,main_text,The data availability statement on page 5 does not identify a public sequence repository. No sequence accession numbers or sequence-deposition statements appear elsewhere in the supplied article.,strict
38072961,4,What were the GenBank accession numbers for sequenced HIV isolates?,Not reported,“All data from this study are included in this article.”,main_text,"The data availability statement on page 5 provides no accession numbers, and none are reported in the article, tables, or figures.",strict
38072961,5,How many individuals had samples obtained for HIV sequencing?,1,"“A 27-year-old HIV-positive Chinese Manchu male complained of intermittent headache, nausea, and vomiting (non-projectile vomiting three times in total) for two weeks in January 2022.” “Moreover, increased HIV replication was observed in both CNS and plasma, and further HIV drug resistance tests of CSF and plasma (Sanger sequencing in Dongguan Medical Laboratory of Micro-scale and Presicion) presented identical results of major protease inhibitor (PI)-related mutations, nonnucleoside reverse transcriptase inhibitor (NNRTI)-related mutations, and nucleoside reverse transcriptase inhibitor (NRTI)-related mutations (Table 1).”",main_text,The case presentation on pages 2–3 concerns one individual. Both sequenced compartments came from that same patient.,strict
38072961,6,From which countries were the sequenced samples obtained?,China,"“A 27-year-old HIV-positive Chinese Manchu male complained of intermittent headache, nausea, and vomiting (non-projectile vomiting three times in total) for two weeks in January 2022.” “The study was approved by the ethical committee of The First Hospital of China Medical University.”",main_text,"The clinical case and ethics statement on pages 2 and 5, together with the treating department's affiliation in Shenyang, China on page 1, identify China as the clinical study setting.",strict
38072961,7,From what years were the sequenced samples obtained?,2022,"“However, he complained of a headache relapse in June 2022.” “Moreover, increased HIV replication was observed in both CNS and plasma, and further HIV drug resistance tests of CSF and plasma (Sanger sequencing in Dongguan Medical Laboratory of Micro-scale and Presicion) presented identical results of major protease inhibitor (PI)-related mutations, nonnucleoside reverse transcriptase inhibitor (NNRTI)-related mutations, and nucleoside reverse transcriptase inhibitor (NRTI)-related mutations (Table 1).”",main_text,"The sequencing followed the June 2022 relapse. Table 1 on page 3 places the resistance results at the June 23–July 1, 2022 visit, also consistent with Figure 2 on page 4.",strict
38072961,8,Were samples cloned prior to sequencing?,Not applicable,"“Moreover, increased HIV replication was observed in both CNS and plasma, and further HIV drug resistance tests of CSF and plasma (Sanger sequencing in Dongguan Medical Laboratory of Micro-scale and Presicion) presented identical results of major protease inhibitor (PI)-related mutations, nonnucleoside reverse transcriptase inhibitor (NNRTI)-related mutations, and nucleoside reverse transcriptase inhibitor (NRTI)-related mutations (Table 1).” “Thus, ART regimen was switched to zidovudine (sensitive), lamivudine (highly resistant), and dolutegravir (sensitive).”",main_text,"Although patient-derived HIV sequencing is reported on page 3, in vitro susceptibility data are not reported. Under the specified applicability rule, the answer is Not applicable.",strict
38072961,9,Which HIV genes were reported to have been sequenced?,"PR, RT","“Moreover, increased HIV replication was observed in both CNS and plasma, and further HIV drug resistance tests of CSF and plasma (Sanger sequencing in Dongguan Medical Laboratory of Micro-scale and Presicion) presented identical results of major protease inhibitor (PI)-related mutations, nonnucleoside reverse transcriptase inhibitor (NNRTI)-related mutations, and nucleoside reverse transcriptase inhibitor (NRTI)-related mutations (Table 1).” “The encephalitis owning to CSF drug-resistant HIV escape was considered.”",main_text,"Page 3 and Table 1 report PI-associated and NRTI/NNRTI-associated resistance mutations, establishing PR and RT as sequenced targets. Integrase sequencing is not stated; describing dolutegravir as sensitive does not establish that IN was sequenced.",strict
38072961,10,What method was used for sequencing?,Sanger sequencing,"“Moreover, increased HIV replication was observed in both CNS and plasma, and further HIV drug resistance tests of CSF and plasma (Sanger sequencing in Dongguan Medical Laboratory of Micro-scale and Presicion) presented identical results of major protease inhibitor (PI)-related mutations, nonnucleoside reverse transcriptase inhibitor (NNRTI)-related mutations, and nucleoside reverse transcriptase inhibitor (NRTI)-related mutations (Table 1).” “No other pathogens were confirmed by the next-generation sequencing in the CSF (using the MGISEQ-2000 platform in BGI PathoGenesis Pharmaceutical Technology, BGI-Shenzhen).”",main_text,"Page 3 explicitly identifies Sanger sequencing for HIV resistance testing. The NGS mentioned on page 2 was a separate investigation for other CSF pathogens, not the reported HIV resistance sequencing method.",strict
38072961,11,What type of samples were sequenced?,Plasma; cerebrospinal fluid (CSF),"“Moreover, increased HIV replication was observed in both CNS and plasma, and further HIV drug resistance tests of CSF and plasma (Sanger sequencing in Dongguan Medical Laboratory of Micro-scale and Presicion) presented identical results of major protease inhibitor (PI)-related mutations, nonnucleoside reverse transcriptase inhibitor (NNRTI)-related mutations, and nucleoside reverse transcriptase inhibitor (NRTI)-related mutations (Table 1).” “During the gradual tapering of prednisone, his headache relapsed, and booming viral loads were detected in both CSF (4580 copies/mL) and plasma (340 copies/mL) with consistent drug-resistant mutations.”",main_text,The abstract on page 1 and case presentation on page 3 identify plasma and cerebrospinal fluid as the tested compartments. Table 1 specifically labels resistance mutations in CSF RNA and plasma RNA.,strict
38072961,12,Were any sequences obtained from individuals with virological failure on a treatment regimen?,Yes,"“The local doctor shifted the ART regimen to tenofovir, lamivudine, lopinavir/ritonavir without a genotypic drug resistance test, and his plasma HIV viral load was well controlled thereafter.” “During the gradual tapering of prednisone, his headache relapsed, and booming viral loads were detected in both CSF (4580 copies/mL) and plasma (340 copies/mL) with consistent drug-resistant mutations.”",main_text,"The patient experienced CSF viral escape and plasma virological rebound while receiving ART. Sequencing was performed during that rebound in 2022, as documented on page 3 and in Table 1.",strict
38072961,13,Were the patients in the study in a clinical trial?,No,"“Here, we report a case of CSF HIV escape with recurrent subacute neurological symptoms and subsequent emergence of drug resistance, who experienced a complete clinical improvement after the combination therapy with corticosteroids and ART optimization.” “Consent to publish this case report was obtained from the patient himself.”",main_text,"The article is a single-patient clinical case report, as stated on pages 2 and 5. No randomization, trial phase, controlled intervention, or other evidence of clinical-trial participation is reported.",strict
38072961,14,Does the paper report HIV sequences from individuals who had previously received ARV drugs?,Yes,"“He initiated ART with tenofovir, lamivudine, and efavirenz, but treatment failure occurred one year later with plasma HIV RNA 2.19×10⁵ copies/mL and CD4+ T-cell count 14 cells/μL.” “The local doctor shifted the ART regimen to tenofovir, lamivudine, lopinavir/ritonavir without a genotypic drug resistance test, and his plasma HIV viral load was well controlled thereafter.”",main_text,Page 2 documents two ART regimens received before the HIV resistance sequencing reported in June–July 2022.,strict
38072961,15,Which drug classes were received by individuals in the study before sample sequencing?,"NRTIs, NNRTIs, PIs","“He initiated ART with tenofovir, lamivudine, and efavirenz, but treatment failure occurred one year later with plasma HIV RNA 2.19×10⁵ copies/mL and CD4+ T-cell count 14 cells/μL.” “The local doctor shifted the ART regimen to tenofovir, lamivudine, lopinavir/ritonavir without a genotypic drug resistance test, and his plasma HIV viral load was well controlled thereafter.”",main_text,"The pre-sequencing history on page 2 includes NRTIs (tenofovir and lamivudine), an NNRTI (efavirenz), and PIs (lopinavir/ritonavir). Dolutegravir was introduced after resistance testing, so INSTIs are not included.",strict
38072961,16,Which drugs were received by individuals in the study before sample sequencing?,"Tenofovir disoproxil fumarate (TDF), lamivudine (3TC), efavirenz (EFV), lopinavir, ritonavir","“He initiated ART with tenofovir, lamivudine, and efavirenz, but treatment failure occurred one year later with plasma HIV RNA 2.19×10⁵ copies/mL and CD4+ T-cell count 14 cells/μL.” “The local doctor shifted the ART regimen to tenofovir, lamivudine, lopinavir/ritonavir without a genotypic drug resistance test, and his plasma HIV viral load was well controlled thereafter.”",main_text,"Page 2 provides the initial and subsequent pre-sequencing regimens; Table 1 identifies tenofovir as tenofovir disoproxil fumarate. Table 1 and Figure 2 show that zidovudine and dolutegravir were introduced after resistance testing, so they are excluded.",strict
37574435,1,Does the paper report HIV sequences from patient samples?,Yes,"“In our cohort, 70 of 79 (88.6%) included PWH had available genotypic resistance data prior to the switch to BIC/FTC/TAF or DTG-based antiretroviral regimens; and 32 of them (45.7%) had documented archived RAMs to NRTIs or INSTIs.” “Out of these 16 PWH, five underwent genotypic resistance testing, and no emerging RAMs to NRTIs or INSTIs were detected.”",main_text,"The Results on page 5 report clinical genotypic resistance results, and Table 2 on page 6 provides individual patient mutation lists. These are data from the study's own clinical cohort, not merely sequences downloaded from public databases.",strict
37574435,2,Does the paper report in vitro drug susceptibility data?,No,"“For PWH who had available genotypic resistance reports, their archived RAMs to NRTIs or INSTIs before the switch was reviewed and the genotypic resistance scores (GSSs) were determined using the Stanford HIV Drug Resistance Database.” “Furthermore, the predicted GSS was not associated with virologic success after switch for both groups.”",main_text,"Pages 3 and 5 describe genotype-based predictions and clinical virologic outcomes, not experimental phenotypic susceptibility testing. No in vitro susceptibility measurements or assays are reported.",strict
37574435,3,Were sequences from the paper made publicly available?,No,,not_found,No sequence accession numbers or public sequence-deposition statement appear in the supplied eight-page article. The supplementary-data link on page 8 is not a sequence-repository deposition statement.,strict
37574435,4,What were the GenBank accession numbers for sequenced HIV isolates?,Not reported,,not_found,No GenBank or other sequence-repository accession numbers are provided in the supplied file.,strict
37574435,5,How many individuals had samples obtained for HIV sequencing?,70,"“In our cohort, 70 of 79 (88.6%) included PWH had available genotypic resistance data prior to the switch to BIC/FTC/TAF or DTG-based antiretroviral regimens; and 32 of them (45.7%) had documented archived RAMs to NRTIs or INSTIs.” “Out of these 16 PWH, five underwent genotypic resistance testing, and no emerging RAMs to NRTIs or INSTIs were detected.”",main_text,"Page 5 and Table 1 on page 4 identify 70 individuals with genotypic resistance results, comprising 36 in the BIC group and 34 in the DTG group. The five follow-up tests are not identified as belonging to additional, mutually exclusive individuals, so they are not added.",strict
37574435,6,From which countries were the sequenced samples obtained?,Taiwan,"“This was a single-center, retrospective cohort study conducted in the National Taiwan University Hospital (NTUH).” “In Taiwan, genotypic resistance testing is performed before initiation of first-line therapy for the purpose of surveillance or at the time of virologic failure on an as-needed basis at several designated hospitals and Taiwan Centers for Disease Control.”",main_text,"The study population received care in Taiwan, and its clinical resistance results were collected within that setting, as described on pages 2–3.",strict
37574435,7,From what years were the sequenced samples obtained?,Not reported,“PWH who were aged ≥20 years and received HIV care with at least 3 months of ART prescription between 1 January 2016 and 30 March 2022 were eligible for the study.” “We also collected the available reports of HIV genotypic resistance testing of included PWH.”,main_text,Pages 2–3 give a clinical eligibility period but do not date the specimens underlying the archived resistance reports. Figure 1 on page 4 additionally uses a 2019–2022 clinic-screening window; neither window establishes the collection years of the sequenced samples.,strict
37574435,8,Were samples cloned prior to sequencing?,Not applicable,"“We also collected the available reports of HIV genotypic resistance testing of included PWH.” “For PWH who had available genotypic resistance reports, their archived RAMs to NRTIs or INSTIs before the switch was reviewed and the genotypic resistance scores (GSSs) were determined using the Stanford HIV Drug Resistance Database.”",main_text,"The paper reports clinical genotypic results but no in vitro susceptibility data. Under the specified applicability rule, cloning is therefore not applicable.",strict
37574435,9,Which HIV genes were reported to have been sequenced?,"RT, IN","“Of these 32 PWH, 93.8% had NRTI-related RAMs and 78.1% were known to have HIV-1 harboring M184V/I mutation before switch.” “Out of these 16 PWH, five underwent genotypic resistance testing, and no emerging RAMs to NRTIs or INSTIs were detected.”",main_text,The resistance results on page 5 and the NRTI-related and INSTI-related mutation columns in Table 2 on page 6 establish RT and IN targets. PI treatment history alone does not establish PR sequencing.,strict
37574435,10,What method was used for sequencing?,Not reported,"“We also collected the available reports of HIV genotypic resistance testing of included PWH.” “In Taiwan, genotypic resistance testing is performed before initiation of first-line therapy for the purpose of surveillance or at the time of virologic failure on an as-needed basis at several designated hospitals and Taiwan Centers for Disease Control.”",main_text,"Page 3 describes collection of clinical genotyping reports without specifying sequencing chemistry, instruments, or a genotyping platform. The Cobas assay described nearby measures viral load and is not a sequencing method.",strict
37574435,11,What type of samples were sequenced?,Plasma,"“In Taiwan, genotypic resistance testing is performed before initiation of first-line therapy for the purpose of surveillance or at the time of virologic failure on an as-needed basis at several designated hospitals and Taiwan Centers for Disease Control.” “Moreover, our study included only treatment-experienced PWH with virologic failure and our findings might not be generalizable to treatment-naïve PWH or virally-suppressed PWH in consideration of choosing an alternative antiretroviral regimen.”",main_text,"The specimen used for genotyping is not explicitly stated. Plasma is inferred under the specified rule for samples obtained in the setting of virologic failure; no PBMC, whole-blood, or DBS sequencing is described.",strict
37574435,12,Were any sequences obtained from individuals with virological failure on a treatment regimen?,Yes,"“Moreover, our study included only treatment-experienced PWH with virologic failure and our findings might not be generalizable to treatment-naïve PWH or virally-suppressed PWH in consideration of choosing an alternative antiretroviral regimen.” “Out of these 16 PWH, five underwent genotypic resistance testing, and no emerging RAMs to NRTIs or INSTIs were detected.”",main_text,"The cohort consisted of treatment-experienced individuals with virologic failure, and page 5 explicitly reports genotyping among individuals who did not achieve suppression after switching treatment.",strict
37574435,13,Were the patients in the study in a clinical trial?,No,"“This was a single-center, retrospective cohort study conducted in the National Taiwan University Hospital (NTUH).” “Informed consent was waived due to the retrospective study design.”",main_text,"Pages 2 and 7 identify an observational retrospective cohort, not a randomized or interventional trial. Trials discussed elsewhere are external studies.",strict
37574435,14,Does the paper report HIV sequences from individuals who had previously received ARV drugs?,Yes,"“Moreover, our study included only treatment-experienced PWH with virologic failure and our findings might not be generalizable to treatment-naïve PWH or virally-suppressed PWH in consideration of choosing an alternative antiretroviral regimen.” “The preexisting RAMs to INSTIs before switch likely arose from previous exposure to first-generation INSTIs such as raltegravir and cobicistat-boosted elvitegravir.”",main_text,"Page 7 explicitly identifies prior treatment exposure, and Table 2 provides individual ART histories alongside clinical mutation results.",strict
37574435,15,Which drug classes were received by individuals in the study before sample sequencing?,"NRTIs, NNRTIs, PIs, INSTIs","“Most PWH (82.1%) in the DTG group switched from NNRTI-based ART to DTG-based regimens, while 75% of the PWH in the BIC group were receiving a first-generation INSTI-based ART before switch.” “The preexisting RAMs to INSTIs before switch likely arose from previous exposure to first-generation INSTIs such as raltegravir and cobicistat-boosted elvitegravir.”",main_text,"The treatment descriptions on pages 3 and 7, together with the previous ART histories in Table 2 on page 6, document NRTI, NNRTI, PI, and INSTI exposure. No capsid or entry inhibitor exposure is reported.",strict
37574435,16,Which drugs were received by individuals in the study before sample sequencing?,"Lamivudine (3TC), emtricitabine (FTC), abacavir (ABC), zidovudine (AZT), tenofovir disoproxil fumarate (TDF), tenofovir alafenamide (TAF), efavirenz (EFV), nevirapine (NVP), rilpivirine (RPV), atazanavir (ATV), darunavir (DRV), lopinavir (LPV), ritonavir (RTV), dolutegravir (DTG), elvitegravir (EVG), raltegravir (RAL)","“Abbreviations: 3TC, lamivudine; ABC, abacavir; ART, antiretroviral therapy; ATV, atazanavir; ATV/r, ritonavir-boosted atazanavir; AZT, zidovudine; DRV/c, cobicistat-boosted darunavir; DRV/r, ritonavir-boosted darunavir; DTG, dolutegravir; EFV, efavirenz; EVG/c, cobicistat-boosted elvitegravir; FTC, emtricitabine; INSTI, integrase strand-transfer inhibitor; LPV/r, ritonavir-boosted lopinavir; ND, not detected; NRTI, nucleoside reverse-transcriptase inhibitor; NVP, nevirapine; PVL, plasma HIV RNA load; RAL, raltegravir; RPV, rilpivirine; RTV, ritonavir; TAF, tenofovir alafenamide; TDF, tenofovir disoproxil fumarate; XTC, lamivudine or emtricitabine.”",table,"Table 2 on page 6 lists these drugs in previous ART histories and pre-switch regimens. Bictegravir is reported as switch treatment rather than previous ART; the paper does not identify which switch-treatment group supplied the five follow-up genotypes and elsewhere contradicts the statement that post-switch genotyping occurred, so bictegravir is not counted as established pre-sequencing exposure. Cobicistat is a pharmacokinetic booster rather than an ARV.",strict
36597160,1,Does the paper report HIV sequences from patient samples?,Yes,"""During the study period, genotypes were performed using Sanger sequencing."" ""Results of genotypic resistance at the time of virologic failure were available for six patients and not performed or not available for the seven remaining patients.""",main_text,"The Methods on page 2 identify Sanger sequencing, and the Results on page 3 report patient-derived resistance genotypes. Table 3 reports individual mutation results.",strict
36597160,2,Does the paper report in vitro drug susceptibility data?,No,"""During the study period, genotypes were performed using Sanger sequencing."" ""Among the six patients with available genotype, five had NRTI and INSTI RAMs.""",main_text,"The study reports genotypic resistance and clinical virological outcomes, not phenotypic susceptibility assays, inhibitory concentrations, or fold changes in susceptibility.",strict
36597160,3,Were sequences from the paper made publicly available?,No,"""Data will not be shared publicly."" ""Deidentified participant data would be made available with a data dictionary and shared under a Data Transfer Agreement.""",main_text,The data-availability statement on page 9 specifies nonpublic access. No public sequence repository deposition or accession numbers are reported.,strict
36597160,4,What were the GenBank accession numbers for sequenced HIV isolates?,Not reported,"""Data will not be shared publicly."" ""Data could be made available to any researcher interested.""",main_text,"No GenBank or other sequence-repository accession numbers appear in the supplied article, including its tables and data-availability statement.",strict
36597160,5,How many individuals had samples obtained for HIV sequencing?,154,"""For the 314 patients with virologic success, 143 had a genotype available at baseline in the electronic health record (EHR); for the 13 patients with virologic failure, genotypes were available for 9, either available in the EHR or retrospectively collected at the virology lab."" ""This patient continued E/C/F/TDF for an additional year but with persistent low levels viraemia. 18 months later, INSTI associated resistance was confirmed and the patient switched to PI/r""",table,"Table 4 documents 152 individuals with historical baseline genotypes. Table 3 adds patient 11, whose baseline genotype was unavailable but whose failure genotype was reported, and its footnote adds later resistance testing for patient 08, whose baseline and initial failure genotypes were unavailable/not done. Thus 154 distinct individuals have reported genotypic information across historical, study-period, and later follow-up testing; six had available genotypes at the study-period failure endpoint.",strict
36597160,6,From which countries were the sequenced samples obtained?,France,"""COREVIH IDF Est is a group of 27 clinical centers located in the Paris area, with approximately 11,000 HIV-infected patients on follow-up in 2014."" ""We conducted a retrospective multicenter observational cohort study within the COREVIH IDF Est clinical centers enrolling ART-experienced patients.""",main_text,The cohort received clinical care in the Paris-area COREVIH network in France. Participants' regions of origin do not indicate sample-collection countries.,strict
36597160,7,From what years were the sequenced samples obtained?,Not reported,"""Eligible patients were adult patients (≥18 years old) with controlled HIV-1 infection on any stable ART regimen (no limit on the previous number of regimens) who switched to E/C/F/TDF between February 2014 (date of approval of E/C/F/TDF in France) and August 2015."" ""At baseline (date of the switch), the following data were extracted: date of HIV infection, date of first ART, number of previous ART and type of regimen, nadir CD4 T cell count or CD4 T cell count at ART initiation, CD4 T cell count (within 6 months before the switch), the reason for switching to E/C/F/TDF, creatinine levels and estimated Glomerular filtration rate (eGFR) using MDRD, history of prior virologic failure and previous genotypes.""",main_text,"The 2014–2015 dates describe treatment switching, not specimen collection. Genotypes include historical tests and subsequent failure tests, but their actual collection years are not provided; the switching dates cannot establish the complete sequencing-sample year span.",strict
36597160,8,Were samples cloned prior to sequencing?,Not applicable,"""During the study period, genotypes were performed using Sanger sequencing."" ""Results of genotypic resistance at the time of virologic failure were available for six patients and not performed or not available for the seven remaining patients.""",main_text,"The paper does not report in vitro susceptibility data, so the specified applicability rule requires Not applicable regardless of the sequencing workflow.",strict
36597160,9,Which HIV genes were reported to have been sequenced?,"RT, IN","""Among the six patients with available genotype, five had NRTI and INSTI RAMs."" ""Out of these five patients, comparison with genotype prior to the switch was possible in four: all had NRTI RAMs and one had INSTI RAMs.""",main_text,"NRTI resistance results establish RT sequencing, and INSTI resistance results establish IN sequencing. Table 3 specifically reports these two targets; PR sequencing is not established by prior PI treatment alone.",strict
36597160,10,What method was used for sequencing?,Sanger sequencing,"""During the study period, genotypes were performed using Sanger sequencing."" ""In France, it is usually recommended to perform genotyping in case of confirmed virologic failure with HIV RNA≥200 copies/mL.""",main_text,The study procedures on page 2 explicitly identify Sanger sequencing.,strict
36597160,11,What type of samples were sequenced?,Plasma,"""Results of genotypic resistance at the time of virologic failure were available for six patients and not performed or not available for the seven remaining patients."" ""In France, it is usually recommended to perform genotyping in case of confirmed virologic failure with HIV RNA≥200 copies/mL.""",main_text,Plasma is inferred under the specified rule for genotyping at virological failure in a study monitoring plasma HIV-1 RNA. The extraction specimen is not explicitly stated. Historical genotypes available when patients were suppressed do not establish that PBMCs were sequenced.,strict
36597160,12,Were any sequences obtained from individuals with virological failure on a treatment regimen?,Yes,"""Thirteen (3.5%) patients experienced virologic failure: eight had an HIV RNA≥50 copies before W48 and five at week 48."" ""Results of genotypic resistance at the time of virologic failure were available for six patients and not performed or not available for the seven remaining patients.""",main_text,Six patients had available resistance genotypes at virological failure after switching to E/C/F/TDF.,strict
36597160,13,Were the patients in the study in a clinical trial?,No,"""We conducted a retrospective multicenter observational cohort study within the COREVIH IDF Est clinical centers enrolling ART-experienced patients."" ""Our study has therefore enrolled patients that are more representative of real-life practice.""",main_text,"The present study is explicitly a retrospective observational cohort, not an interventional trial. Its multicenter setting and comparisons with published randomized trials do not change that classification.",strict
36597160,14,Does the paper report HIV sequences from individuals who had previously received ARV drugs?,Yes,"""We conducted a retrospective multicenter observational cohort study within the COREVIH IDF Est clinical centers enrolling ART-experienced patients."" ""Results of genotypic resistance at the time of virologic failure were available for six patients and not performed or not available for the seven remaining patients.""",main_text,"The sequenced patients belonged to an ART-experienced cohort, and failure genotypes were obtained after treatment with E/C/F/TDF.",strict
36597160,15,Which drug classes were received by individuals in the study before sample sequencing?,"NRTIs, NNRTIs, PIs, INSTIs","""Before switching to E/C/F/TDF, a majority of patients received a combination of two NRTI and a third agent: ritonavir-boosted PI (PI/r) in 195/382 (51.0%), NNRTI in 84/382 (22.0%) and INSTI in 67/382 (17.5%) patients."" ""Other unconventional regimens were used in a small subset of patients: PI/r-based combinations in 16/382 (4.2%) or other combinations in 20/382 (5.2%) patients.""",main_text,"The reported treatment histories include NRTIs, NNRTIs, PIs, and INSTIs. E/C/F/TDF additionally establishes NRTI and INSTI exposure before the post-switch failure genotypes. Cohort-level treatment summaries are not individually linked to every historical genotype.",strict
36597160,16,Which drugs were received by individuals in the study before sample sequencing?,"Tenofovir disoproxil fumarate (TDF), emtricitabine (FTC), abacavir (ABC), lamivudine (3TC), efavirenz (EFV), rilpivirine (RPV), darunavir (DRV), atazanavir (ATV), lopinavir (LPV), fosamprenavir (FPV), ritonavir, raltegravir (RAL), dolutegravir (DTG), elvitegravir (EVG); cobicistat (pharmacokinetic enhancer)","""TDF/FTC/EFV n=43, TDF/FTC/RPV n=28, other NNRTI containing regimens n=13"" ""TDF/FTC+RAL n=59, ABC/3TC+RAL n=2, ABC+TDF+RAL n=1, TDF/FTC+DTG n=2 ABC/3TC+DTG n=2, ABC/3TC/DTG n=1"" ""TDF/FTC tenofovir/emtricitabine, EFV efavirenz, DRV/r darunavir boosted with ritonavir, ATV atazanavir, ATV/r atazanavir boosted with ritonavir, RAL raltegravir, FPV/r fosamprenavir boosted with ritonavir""",table,"Table 1 on page 4 identifies pre-switch drugs, including lopinavir in its PI-regimen footnote; Table 3 on pages 6–7 additionally identifies fosamprenavir. Elvitegravir, cobicistat, emtricitabine, and tenofovir disoproxil fumarate were received before post-switch failure sequencing. Cobicistat is included as a regimen component but is a pharmacokinetic enhancer, not an independently active ARV. The cohort-level drug list is not individually linked to all historical sequencing dates.",strict
37071019,1,Does the paper report HIV sequences from patient samples?,No,"""Proper site-directed mutagenesis was validated by Sanger sequencing."" ""The pNL4.3-INBG118R and pNL4.3-INBR263K plasmids have been described elsewhere (14).""",main_text,"The Virus production section (page 9) describes sequencing laboratory plasmids to validate mutations, not sequencing clinical samples. Patient-derived mutations discussed elsewhere are attributed to previous publications.",strict
37071019,2,Does the paper report in vitro drug susceptibility data?,Yes,"""Infectivity and resistance assays were performed as described via single-round infections of reporter TZM-bl cells (23)."" ""This compilation was used to calculate FCs in 50% inhibitory concentrations (IC50s) relative to the WT virus using GraphPad Prism.""",main_text,The Methods (pages 9–10) describe in vitro susceptibility testing of laboratory viruses. Table 1 (page 5) reports fold changes in susceptibility to dolutegravir and bictegravir.,strict
37071019,3,Were sequences from the paper made publicly available?,No,,not_found,"The supplied article contains no statement depositing newly generated HIV sequences or reads in GenBank, SRA, DDBJ, ENA, or another sequence repository. The PDB identifier on page 10 refers to a previously published structural template, not newly deposited HIV sequences.",strict
37071019,4,What were the GenBank accession numbers for sequenced HIV isolates?,Not reported,,not_found,No GenBank or other nucleotide-sequence accession numbers for study-generated HIV isolates are provided in the supplied article.,strict
37071019,5,How many individuals had samples obtained for HIV sequencing?,0,"""Proper site-directed mutagenesis was validated by Sanger sequencing."" ""The pNL4.3-INBG118R and pNL4.3-INBR263K plasmids have been described elsewhere (14).""",main_text,Sequencing in this study validated laboratory constructs (page 9). No individuals contributed clinical samples for new HIV sequencing; patients mentioned in the Introduction and Discussion belong to cited studies.,strict
37071019,6,From which countries were the sequenced samples obtained?,Not applicable,"""Proper site-directed mutagenesis was validated by Sanger sequencing."" ""The pNL4.3-INBG118R and pNL4.3-INBR263K plasmids have been described elsewhere (14).""",main_text,"The study sequenced laboratory constructs rather than patient samples (page 9), so clinical sample collection countries are not applicable. Author affiliations do not establish sample origins.",strict
37071019,7,From what years were the sequenced samples obtained?,Not applicable,"""Proper site-directed mutagenesis was validated by Sanger sequencing."" ""The pNL4.3-INBG118R and pNL4.3-INBR263K plasmids have been described elsewhere (14).""",main_text,"No patient samples were obtained for sequencing in this laboratory study (page 9). Consequently, clinical sample collection years are not applicable.",strict
37071019,8,Were samples cloned prior to sequencing?,Not applicable,"""Proper site-directed mutagenesis was validated by Sanger sequencing."" ""The pNL4.3-INBG118R and pNL4.3-INBR263K plasmids have been described elsewhere (14).""",main_text,"Although laboratory constructs were sequenced and susceptibility testing was performed, the study did not report new sequences from individuals with HIV. The question's clinical-sequence prerequisite is therefore not met.",strict
37071019,9,Which HIV genes were reported to have been sequenced?,IN,"""Proper site-directed mutagenesis was validated by Sanger sequencing."" ""The pNL4.3-INBG118R and pNL4.3-INBR263K plasmids have been described elsewhere (14).""",main_text,"The sequencing described in the integrase protein and virus production sections (pages 8–9) validated integrase constructs. IN is the reported target, but the sequences were laboratory-derived rather than patient-derived.",strict
37071019,10,What method was used for sequencing?,Sanger sequencing,"""Proper site-directed mutagenesis was validated by Sanger sequencing."" ""The pNL4.3-INBG118R and pNL4.3-INBR263K plasmids have been described elsewhere (14).""",main_text,The Virus production section (page 9) explicitly identifies Sanger sequencing as the method used to validate laboratory constructs.,strict
37071019,11,What type of samples were sequenced?,Not applicable,"""Proper site-directed mutagenesis was validated by Sanger sequencing."" ""The pNL4.3-INBG118R and pNL4.3-INBR263K plasmids have been described elsewhere (14).""",main_text,Only laboratory constructs were sequenced in this study (page 9). There were no newly sequenced clinical specimens.,strict
37071019,12,Were any sequences obtained from individuals with virological failure on a treatment regimen?,Not applicable,"""The same G118R plus R263K combination was found in one treatment-naive person and three highly treatment-experienced individuals who suffered treatment failure with DTG (17, 18)."" ""The latter study confirmed that G118R and R263K could coexist on single genomes together with E138K (18).""",main_text,"These statements in the Introduction (page 2) describe findings from previous studies, not new patient sequencing performed for this paper. This study generated no sequences from individuals with virological failure.",strict
37071019,13,Were the patients in the study in a clinical trial?,No,"""We used cell-free strand transfer and DNA binding assays and cell-based infectivity, replicative capacity, and resistance assays to characterize the G118R plus R263K combination of integrase mutations."" ""In contrast, three participants in the DAWNING clinical trial experienced virological failure with G118R plus R263K, and clonal analysis found the two mutations together in single HIV-1 genomes in two cases (18).""",main_text,"The current study is a laboratory investigation (Abstract, page 1). Clinical-trial participants discussed on page 7 belong to cited publications; this paper does not enroll or sequence trial participants.",strict
37071019,14,Does the paper report HIV sequences from individuals who had previously received ARV drugs?,No,"""The same G118R plus R263K combination was found in one treatment-naive person and three highly treatment-experienced individuals who suffered treatment failure with DTG (17, 18)."" ""The latter study confirmed that G118R and R263K could coexist on single genomes together with E138K (18).""",main_text,"ARV-experienced individuals are discussed only as findings from previous publications (page 2). The current study reports laboratory-construct sequencing, not new sequences from ARV-exposed individuals.",strict
37071019,15,Which drug classes were received by individuals in the study before sample sequencing?,None,"""Proper site-directed mutagenesis was validated by Sanger sequencing."" ""The pNL4.3-INBG118R and pNL4.3-INBR263K plasmids have been described elsewhere (14).""",main_text,No individuals contributed samples for HIV sequencing in this study (page 9). Drugs tested against laboratory viruses and treatment histories from cited studies do not constitute prior ARV exposure among study participants.,strict
37071019,16,Which drugs were received by individuals in the study before sample sequencing?,None,"""Proper site-directed mutagenesis was validated by Sanger sequencing."" ""The pNL4.3-INBG118R and pNL4.3-INBR263K plasmids have been described elsewhere (14).""",main_text,"The study sequenced laboratory constructs, not samples from individuals with HIV (page 9). Therefore, no patient-level pre-sequencing ARV drugs apply; in vitro assay drugs are excluded.",strict
40938996,1,Does the paper report HIV sequences from patient samples?,No,"“The full-length HIV-1 molecular clones pNL4-3 (87), pCH185 (88), and pCH077 (89) were used in this study.” “PBMCs were obtained from anonymous, deidentified blood donors enrolled in the NIH Department of Transfusion Medicine Blood Products Program (NIH CC-DTM).”",main_text,"The study sequenced viruses from experimental infections with previously established molecular clones, not HIV obtained directly from individuals with HIV. Donor PBMCs were laboratory target cells, not sources of patient-derived HIV sequences (Methods, pages 11–13).",strict
40938996,2,Does the paper report in vitro drug susceptibility data?,Yes,“IC50 values were calculated on the basis of the AUC of the replication kinetics.” “IC50 was defined as the amount of inhibitor required to reduce the AUC by 50%.”,main_text,The Methods explicitly describe quantitative in vitro susceptibility measurements (page 13). Figures 1 and 5 additionally report IC50 measurements and relative susceptibility for laboratory viruses.,strict
40938996,3,Were sequences from the paper made publicly available?,No,“All data needed to evaluate the conclusions in the paper are present in the paper and/or the Supplementary Materials.” “All plasmids will be made available upon request to the corresponding author (E.O.F.): efreed@mail.nih.gov.”,main_text,The data availability statement on page 16 does not identify a public sequence repository or provide a sequence-deposition statement. No accession numbers for newly generated sequences are reported in the supplied article.,strict
40938996,4,What were the GenBank accession numbers for sequenced HIV isolates?,Not reported,“All data needed to evaluate the conclusions in the paper are present in the paper and/or the Supplementary Materials.” “All plasmids will be made available upon request to the corresponding author (E.O.F.): efreed@mail.nih.gov.”,main_text,Neither the data availability statement (page 16) nor the other supplied pages provide GenBank or other sequence-repository accession numbers.,strict
40938996,5,How many individuals had samples obtained for HIV sequencing?,0,"“The full-length HIV-1 molecular clones pNL4-3 (87), pCH185 (88), and pCH077 (89) were used in this study.” “PBMCs were obtained from anonymous, deidentified blood donors enrolled in the NIH Department of Transfusion Medicine Blood Products Program (NIH CC-DTM).”",main_text,"No individuals with HIV contributed clinical samples for new HIV sequencing. Healthy donor cells used for experimental infection do not constitute patient-derived HIV samples; therefore, the specified count is zero.",strict
40938996,6,From which countries were the sequenced samples obtained?,Not applicable,"“The full-length HIV-1 molecular clones pNL4-3 (87), pCH185 (88), and pCH077 (89) were used in this study.” “PBMCs were obtained from anonymous, deidentified blood donors enrolled in the NIH Department of Transfusion Medicine Blood Products Program (NIH CC-DTM).”",main_text,The study does not report HIV sequences obtained directly from individuals with HIV. The location of the research laboratory or blood-donor program is not a clinical HIV sample-collection country for this question.,strict
40938996,7,From what years were the sequenced samples obtained?,Not applicable,"“The full-length HIV-1 molecular clones pNL4-3 (87), pCH185 (88), and pCH077 (89) were used in this study.” “PBMCs were obtained from anonymous, deidentified blood donors enrolled in the NIH Department of Transfusion Medicine Blood Products Program (NIH CC-DTM).”",main_text,There are no newly sequenced clinical HIV samples from individuals with HIV. Publication dates and experimental passage durations do not establish clinical sample-collection years.,strict
40938996,8,Were samples cloned prior to sequencing?,Not applicable,"“The full-length HIV-1 molecular clones pNL4-3 (87), pCH185 (88), and pCH077 (89) were used in this study.” “The PCR amplicon was purified and cloned into pCR-Blunt II-TOPO vector (Thermo Fisher Scientific) per the manufacturer’s instructions.”",main_text,"Cloning is described for laboratory sequencing experiments (pages 11–12), but no HIV sequences came directly from individuals with HIV. The question's applicability rule therefore requires Not applicable, despite the laboratory cloning and susceptibility testing.",strict
40938996,9,Which HIV genes were reported to have been sequenced?,"PR, RT, IN, CA, Env","“At the time points indicated by the arrows, genomic DNA was extracted from the drug-treated cultures, and the Gag-Pol and Env-Nef coding regions were sequenced.” “Mutations detected at frequencies greater than 25% in the bulk sequencing are shown.”",figure,"Figure 5's legend (page 9) identifies sequencing across Gag-Pol and Env-Nef. Among the requested targets, these regions encompass CA within Gag, PR/RT/IN within Pol, and Env. These were laboratory-derived sequences, not clinical sequences.",strict
40938996,10,What method was used for sequencing?,Sanger sequencing; NGS,"“The 2-LTR junction sequence was determined by Sanger sequencing (Poochon Scientific) using the M13 reverse primer.” “Linker-mediated PCR targeted amplification and indexing of both 5′LTR and 3′LTR HIV-human integration junctions, and the prepared library was sequenced by Illumina MiSeq with paired end reads (Illumina MS-102-2002).”",main_text,The Methods on page 12 explicitly report Sanger sequencing and Illumina MiSeq sequencing. Page 13 also reports Sanger or Oxford Nanopore sequencing of laboratory viral coding regions; MiSeq and Nanopore meet the specified NGS definition.,strict
40938996,11,What type of samples were sequenced?,Not applicable,"“The full-length HIV-1 molecular clones pNL4-3 (87), pCH185 (88), and pCH077 (89) were used in this study.” “PBMCs were obtained from anonymous, deidentified blood donors enrolled in the NIH Department of Transfusion Medicine Blood Products Program (NIH CC-DTM).”",main_text,"Sequencing involved experimentally infected cells rather than clinical samples from individuals with HIV. Under the question's rule, the use of donor PBMCs in laboratory experiments does not warrant a clinical specimen classification.",strict
40938996,12,Were any sequences obtained from individuals with virological failure on a treatment regimen?,Not applicable,"“The full-length HIV-1 molecular clones pNL4-3 (87), pCH185 (88), and pCH077 (89) were used in this study.” “This work, together with our previous studies, suggests that it may be necessary to analyze sequences outside IN for the cause of INSTI VF in PWH.”",main_text,"The article discusses potential clinical implications and cites previous clinical studies, but its own sequencing concerns laboratory viruses. It does not sequence samples from individuals experiencing virological failure.",strict
40938996,13,Were the patients in the study in a clinical trial?,No,"“The full-length HIV-1 molecular clones pNL4-3 (87), pCH185 (88), and pCH077 (89) were used in this study.” “PBMCs were obtained from anonymous, deidentified blood donors enrolled in the NIH Department of Transfusion Medicine Blood Products Program (NIH CC-DTM).”",main_text,"This is a laboratory investigation using molecular clones, cell lines, and donor cells. Blood-donor program enrollment is not clinical-trial participation, and no patient treatment trial is conducted in this study.",strict
40938996,14,Does the paper report HIV sequences from individuals who had previously received ARV drugs?,No,"“The full-length HIV-1 molecular clones pNL4-3 (87), pCH185 (88), and pCH077 (89) were used in this study.” “PBMCs were obtained from anonymous, deidentified blood donors enrolled in the NIH Department of Transfusion Medicine Blood Products Program (NIH CC-DTM).”",main_text,"The paper does not generate HIV sequences directly from individuals with HIV, whether ARV-experienced or ARV-naïve. Drug exposure in laboratory cultures does not constitute an individual's treatment history.",strict
40938996,15,Which drug classes were received by individuals in the study before sample sequencing?,None,"“The full-length HIV-1 molecular clones pNL4-3 (87), pCH185 (88), and pCH077 (89) were used in this study.” “PBMCs were obtained from anonymous, deidentified blood donors enrolled in the NIH Department of Transfusion Medicine Blood Products Program (NIH CC-DTM).”",main_text,"No clinical HIV sequences or corresponding patient ARV histories are reported. Per the specified rule, the answer is None; drug classes used experimentally are not prior treatments received by sequenced individuals.",strict
40938996,16,Which drugs were received by individuals in the study before sample sequencing?,None,"“The full-length HIV-1 molecular clones pNL4-3 (87), pCH185 (88), and pCH077 (89) were used in this study.” “PBMCs were obtained from anonymous, deidentified blood donors enrolled in the NIH Department of Transfusion Medicine Blood Products Program (NIH CC-DTM).”",main_text,"No HIV sequences were obtained directly from individuals with HIV, so there are no associated individual treatment histories to extract. Drugs used in laboratory assays are excluded from this patient-treatment question.",strict
31988104,1,Does the paper report HIV sequences from patient samples?,Yes,"“Recombinant mutant HIV-1 viruses were created either by site directed mutagenesis (SDM) of wild-type HIV-1 DNA, or by direct PCR of ART-experienced patient isolates (8).” “Patient-derived (PD) mutants were cloned from clinical plasma samples.”",main_text,"The Methods on page 9 describe patient-derived material, and Table 4 on page 7 reports mutant RT sequences for patient-derived isolates and confirms their clinical plasma origin. This meets the criterion for reporting mutation lists derived from clinical samples, although sequencing procedures are not explicitly described.",strict
31988104,2,Does the paper report in vitro drug susceptibility data?,Yes,"“Multicycle phenotypic EC50 assays with NRTIs and control compounds were performed on SDMs and patient-derived clinical isolates.” “We determined the resistance profiles of these recombinant viruses in vitro in standard phenotypic assays, and we compared the activity of TAF and TDF in a subset of mutants (n = 68) in viral breakthrough assays reflective of in vivo TFV-DP intracellular concentrations obtained upon dosing with TAF or TDF.”",main_text,The Results on page 3 explicitly report phenotypic EC50 testing. Tables 1–3 provide susceptibility fold changes for site-directed mutants and patient-derived isolates.,strict
31988104,3,Were sequences from the paper made publicly available?,No,"“The plasmid was derived from the infectious clone pLAI3.2 (GenBank accession number K03455), which was modified to contain an XmaI and an XbaI restriction site within the HIV RT portion of the pol gene to facilitate cloning, as previously published (25).” “Supplemental material is available online only.”",main_text,"The accession numbers on page 9 identify previously described laboratory backbones, not newly generated patient sequences. No public deposition statement for the study's patient-derived sequences appears in the supplied PDF; the supplementary file is referenced on page 10 but is not included.",strict
31988104,4,What were the GenBank accession numbers for sequenced HIV isolates?,Not reported,"“The viral plasmid pXXLAI used to generate the infectious viruses for the multicycle assay was a gift from John Mellors.” “The plasmid was derived from the infectious clone pLAI3.2 (GenBank accession number K03455), which was modified to contain an XmaI and an XbaI restriction site within the HIV RT portion of the pol gene to facilitate cloning, as previously published (25).”",main_text,The only accession numbers reported on page 9 are K03455 and AF324493 for laboratory backbones. Neither is an accession for a patient-derived isolate generated in this study.,strict
31988104,5,How many individuals had samples obtained for HIV sequencing?,14,“A total of 68 viruses with various levels of TAF/TDF resistance and various numbers of TAMs were used in the viral breakthrough experiments (54 SDMs and 14 patient-derived isolates).” “Patient-derived (PD) mutants were cloned from clinical plasma samples.”,main_text,"Page 6 identifies 14 patient-derived isolates, consistent with the counts in Table 3 on page 5. The number of contributing individuals is not explicitly given, so the specified one-isolate-per-individual assumption yields 14; laboratory mutants are excluded.",strict
31988104,6,From which countries were the sequenced samples obtained?,Not reported,"“Recombinant mutant HIV-1 viruses were created either by site directed mutagenesis (SDM) of wild-type HIV-1 DNA, or by direct PCR of ART-experienced patient isolates (8).” “Patient-derived (PD) mutants were cloned from clinical plasma samples.”",main_text,The patient-isolate description on page 9 and the clinical-sample footnote in Table 4 on page 7 do not identify collection countries. The authors' United States affiliation does not establish where patient samples were collected.,strict
31988104,7,From what years were the sequenced samples obtained?,Not reported,"“Recombinant mutant HIV-1 viruses were created either by site directed mutagenesis (SDM) of wild-type HIV-1 DNA, or by direct PCR of ART-experienced patient isolates (8).” “Patient-derived (PD) mutants were cloned from clinical plasma samples.”",main_text,Neither the patient-isolate Methods on page 9 nor Table 4 on page 7 gives sample-collection dates. Publication and conference-presentation dates cannot substitute for collection years.,strict
31988104,8,Were samples cloned prior to sequencing?,Yes,“Patient-derived (PD) mutants were cloned from clinical plasma samples.”,table,"Table 4, footnote c, on page 7 explicitly identifies the patient-derived mutants as cloned from clinical plasma, and the table reports their mutant RT sequences. Both clinical mutation data and in vitro susceptibility data are reported.",strict
31988104,9,Which HIV genes were reported to have been sequenced?,RT,“Mutant RT sequence” “Patient-derived (PD) mutants were cloned from clinical plasma samples.”,table,"Table 4 on page 7 labels the patient-derived mutation data as RT sequences. Protease and integrase are discussed as wild-type regions associated with control-drug susceptibility, not as additional patient-derived sequencing targets.",strict
31988104,10,What method was used for sequencing?,Not reported,"“Recombinant mutant HIV-1 viruses were created either by site directed mutagenesis (SDM) of wild-type HIV-1 DNA, or by direct PCR of ART-experienced patient isolates (8).” “Patient-derived (PD) mutants were cloned from clinical plasma samples.”",main_text,"Page 9 describes PCR and Table 4 on page 7 describes cloning, but neither identifies a sequencing platform or sequencing chemistry. Direct PCR amplification alone does not establish direct PCR sequencing or Sanger sequencing.",strict
31988104,11,What type of samples were sequenced?,Plasma,“Patient-derived (PD) mutants were cloned from clinical plasma samples.”,table,"Table 4, footnote c, on page 7 explicitly identifies clinical plasma as the source of the patient-derived mutants.",strict
31988104,12,Were any sequences obtained from individuals with virological failure on a treatment regimen?,Yes,"“Recombinant mutant HIV-1 viruses were created either by site directed mutagenesis (SDM) of wild-type HIV-1 DNA, or by direct PCR of ART-experienced patient isolates (8).” “Patient-derived (PD) mutants were cloned from clinical plasma samples.”",main_text,"The Methods on page 9 identify ART-experienced patients, and Table 4 on page 7 identifies plasma samples. Under the specified rule, plasma-derived sequences from ART-experienced individuals qualify as Yes, although individual virological-failure histories are not explicitly provided.",strict
31988104,13,Were the patients in the study in a clinical trial?,No,"“Here, we established the in vitro resistance profile of TAF and TDF in phenotypic assays using 110 viruses containing TAMs in the presence or absence of M184V.” “However, evidence suggesting that TAF may be active against NRTI-resistant HIV in the clinic have been obtained in two clinical studies investigating virologically suppressed patients with NRTI resistance (including TAMs).”",main_text,The present study is an in vitro investigation using patient-derived isolates and laboratory mutants. The clinical studies discussed on page 8 are cited external studies; the paper does not establish that the individuals contributing its 14 isolates participated in a clinical trial.,strict
31988104,14,Does the paper report HIV sequences from individuals who had previously received ARV drugs?,Yes,"“Recombinant mutant HIV-1 viruses were created either by site directed mutagenesis (SDM) of wild-type HIV-1 DNA, or by direct PCR of ART-experienced patient isolates (8).” “Patient-derived (PD) mutants were cloned from clinical plasma samples.”",main_text,The Methods on page 9 explicitly describe the patients contributing isolates as ART-experienced. Table 4 on page 7 reports the patient-derived RT mutation data.,strict
31988104,15,Which drug classes were received by individuals in the study before sample sequencing?,Not reported,"“Recombinant mutant HIV-1 viruses were created either by site directed mutagenesis (SDM) of wild-type HIV-1 DNA, or by direct PCR of ART-experienced patient isolates (8).” “Multicycle phenotypic EC50 assays with NRTIs and control compounds were performed on SDMs and patient-derived clinical isolates.”",main_text,"The source patients are described only as ART-experienced, without their treatment classes being specified. Classes tested in vitro and regimens from separately cited clinical studies cannot be treated as these patients' exposure histories.",strict
31988104,16,Which drugs were received by individuals in the study before sample sequencing?,Not reported,"“Recombinant mutant HIV-1 viruses were created either by site directed mutagenesis (SDM) of wild-type HIV-1 DNA, or by direct PCR of ART-experienced patient isolates (8).” “Multicycle phenotypic EC50 assays with NRTIs and control compounds were performed on SDMs and patient-derived clinical isolates.”",main_text,"No specific prior drugs are reported for the patients contributing the 14 isolates. Drugs used in laboratory susceptibility testing, background discussion, or external clinical studies do not establish treatment histories for these individuals.",strict
37593123,1,Does the paper report HIV sequences from patient samples?,No,"“These sequences were procured from both the National Center for AIDS/STD Control and Prevention, China CDC and the HIV sequence databases of the Los Alamos National Laboratory (https://www.hiv.lanl.gov/, retrieved December 30, 2022).” “Furthermore, GenBank annotations and corresponding published articles were scrutinized to isolate those fulfilling the set criteria: the documentation of an ART-naïve HIV-1-infected population; the sampling year; and the recruitment site.”",main_text,"The Methods (page 2) describe compiling existing sequences from China CDC and the Los Alamos database, not generating new sequences directly from clinical samples. Although the underlying sequences are patient-derived, no new clinical-sample sequencing or genotyping is reported in this paper.",strict
37593123,2,Does the paper report in vitro drug susceptibility data?,No,"“The Stanford HIV Drug Resistance Database (HIVdb) was leveraged to extrapolate susceptibility to 12 antiretroviral drugs, using the World Health Organization (WHO)’s 2014 HIVDR guidelines as a reference (8).” “The assessment of drug resistance was accomplished using Stanford University’s HIVDR Database’s online sequence analysis tool (https://hivdb.stanford.edu/hivdb/by-sequences/).”",main_text,"Susceptibility was predicted computationally from genotypes (Methods, page 2). No experimental phenotypic assay or in vitro susceptibility measurements are reported.",strict
37593123,3,Were sequences from the paper made publicly available?,No,"“These sequences were procured from both the National Center for AIDS/STD Control and Prevention, China CDC and the HIV sequence databases of the Los Alamos National Laboratory (https://www.hiv.lanl.gov/, retrieved December 30, 2022).” “Furthermore, GenBank annotations and corresponding published articles were scrutinized to isolate those fulfilling the set criteria: the documentation of an ART-naïve HIV-1-infected population; the sampling year; and the recruitment site.”",main_text,"The database references concern retrieval of existing sequences, not deposition of newly generated sequences. Neither the main article nor the included supplementary material provides a new sequence-deposition statement.",strict
37593123,4,What were the GenBank accession numbers for sequenced HIV isolates?,Not reported,"“Furthermore, GenBank annotations and corresponding published articles were scrutinized to isolate those fulfilling the set criteria: the documentation of an ART-naïve HIV-1-infected population; the sampling year; and the recruitment site.” “The reference sequence for the study was HXB2.”",main_text,"GenBank is mentioned as a source of annotations in the Methods (page 2), but no isolate accession numbers or accession ranges are provided anywhere in the supplied article or supplement. HXB2 is a reference-strain designation, not a reported accession for a study isolate.",strict
37593123,5,How many individuals had samples obtained for HIV sequencing?,0,"“These sequences were procured from both the National Center for AIDS/STD Control and Prevention, China CDC and the HIV sequence databases of the Los Alamos National Laboratory (https://www.hiv.lanl.gov/, retrieved December 30, 2022).” “The study population consisted of 57,902 ART-naïve HIV-infected individuals, which were categorized according to the development stages of the NFATP.”",main_text,"The final analysis includes existing sequences representing 57,902 individuals, also confirmed by Supplementary Figure S1 (page 11). However, new sample collection for sequencing is not reported; the specified rule assigns 0 to studies compiling existing sequence data.",strict
37593123,6,From which countries were the sequenced samples obtained?,Not applicable,"“The primary aim of this broad-scale study was to examine the alterations in HIV-1 subtypes/sub-subtypes and TDR among ART-naïve HIV-infected individuals in China spanning the period 2004 to 2022.” “A total of 57,902 HIV-1 pol gene region sequences that covered 31 PLADs made up the final dataset (Supplementary Figure S1, available in https://weekly.chinacdc.cn/).”",main_text,"The existing sequence dataset represents China. Nevertheless, because the paper does not report newly generated clinical-sample sequences, the Question 1 exclusion makes this answer Not applicable under the specified rules.",strict
37593123,7,From what years were the sequenced samples obtained?,Not applicable,"“A total of 67,739 sequences were extracted from the HIV-1 pol gene region (HXB2 (6) positions 2,253–3,312) of ART naïve HIV-infected individuals between the period of 2004 and 2022.” “The collected data from 2004 to 2022 was stratified into five distinct sampling periods that aligned with the NFATP developmental stages in China.”",main_text,"The archived sequence data span 2004–2022, as described in the Methods (page 2). Because no new clinical-sample sequencing is reported, the specified applicability rule requires Not applicable.",strict
37593123,8,Were samples cloned prior to sequencing?,Not applicable,"“These sequences were procured from both the National Center for AIDS/STD Control and Prevention, China CDC and the HIV sequence databases of the Los Alamos National Laboratory (https://www.hiv.lanl.gov/, retrieved December 30, 2022).” “The assessment of drug resistance was accomplished using Stanford University’s HIVDR Database’s online sequence analysis tool (https://hivdb.stanford.edu/hivdb/by-sequences/).”",main_text,"The study reports neither newly generated clinical-sample sequences nor in vitro susceptibility testing. Therefore, the cloning question is not applicable.",strict
37593123,9,Which HIV genes were reported to have been sequenced?,"PR, RT","“Individuals were included in the study based on the following criteria: age of 18 years and above, availability of the sampling year and provincial-level administrative division (PLAD), protease and at least the initial 238 amino acids of the reverse transcriptase (HXB2 positions 2,280–3,263) were available, and, if multiple sequences were available for a person, the earliest one was chosen.” “A total of 57,902 HIV-1 pol gene region sequences that covered 31 PLADs made up the final dataset (Supplementary Figure S1, available in https://weekly.chinacdc.cn/).”",main_text,"The existing sequences analyzed cover protease and reverse transcriptase, explicitly identified in the Methods (page 2). These are the specific targets within Pol; no new sequencing is described.",strict
37593123,10,What method was used for sequencing?,Not reported,"“These sequences were procured from both the National Center for AIDS/STD Control and Prevention, China CDC and the HIV sequence databases of the Los Alamos National Laboratory (https://www.hiv.lanl.gov/, retrieved December 30, 2022).” “HIV-Trace was utilized for sequence alignment, while the HIV-1 subtypes/sub-subtypes were determined via the construction of phylogenetic trees using the maximum-likelihood method of IQ-Tree v 2.0.6 (7).”",main_text,"The Methods describe sequence retrieval and computational analysis, but no sequencing platform, chemistry, or laboratory sequencing method. The article was published in 2023, so the pre-2008 inference does not apply.",strict
37593123,11,What type of samples were sequenced?,Not applicable,"“These sequences were procured from both the National Center for AIDS/STD Control and Prevention, China CDC and the HIV sequence databases of the Los Alamos National Laboratory (https://www.hiv.lanl.gov/, retrieved December 30, 2022).” “Data verification steps were undertaken; the records from China CDC were scrutinized to ensure participants were indeed ART-naïve and HIV-infected.”",main_text,"The article analyzes existing sequence records rather than reporting new sequencing of patient specimens. Therefore, the specified applicability rule requires Not applicable; the original specimen types are also not stated.",strict
37593123,12,Were any sequences obtained from individuals with virological failure on a treatment regimen?,Not applicable,"“Data verification steps were undertaken; the records from China CDC were scrutinized to ensure participants were indeed ART-naïve and HIV-infected.” “The study population consisted of 57,902 ART-naïve HIV-infected individuals, which were categorized according to the development stages of the NFATP.”",main_text,"No new clinical-sample sequences are reported, making this question Not applicable under the specified rule. Additionally, the analyzed sequence dataset was restricted to ART-naïve individuals, not patients failing treatment.",strict
37593123,13,Were the patients in the study in a clinical trial?,No,"“These sequences were procured from both the National Center for AIDS/STD Control and Prevention, China CDC and the HIV sequence databases of the Los Alamos National Laboratory (https://www.hiv.lanl.gov/, retrieved December 30, 2022).” “The collected data from 2004 to 2022 was stratified into five distinct sampling periods that aligned with the NFATP developmental stages in China.”",main_text,"This is a secondary observational analysis of surveillance and database sequences. No randomization, experimental treatment allocation, trial phase, or other evidence of clinical-trial participation is reported.",strict
37593123,14,Does the paper report HIV sequences from individuals who had previously received ARV drugs?,No,"“Data verification steps were undertaken; the records from China CDC were scrutinized to ensure participants were indeed ART-naïve and HIV-infected.” “The study population consisted of 57,902 ART-naïve HIV-infected individuals, which were categorized according to the development stages of the NFATP.”",main_text,"No new patient sequencing is reported, and the existing sequences analyzed were explicitly restricted to ART-naïve individuals. Prior ARV exposure is not reported for this population.",strict
37593123,15,Which drug classes were received by individuals in the study before sample sequencing?,None,"“Data verification steps were undertaken; the records from China CDC were scrutinized to ensure participants were indeed ART-naïve and HIV-infected.” “The Stanford HIV Drug Resistance Database (HIVdb) was leveraged to extrapolate susceptibility to 12 antiretroviral drugs, using the World Health Organization (WHO)’s 2014 HIVDR guidelines as a reference (8).”",main_text,"The population was ART-naïve. The NNRTI, NRTI, and PI categories in Table 3 (page 5) describe predicted transmitted resistance, not classes previously received by the analyzed individuals.",strict
37593123,16,Which drugs were received by individuals in the study before sample sequencing?,None,"“Data verification steps were undertaken; the records from China CDC were scrutinized to ensure participants were indeed ART-naïve and HIV-infected.” “The study population consisted of 57,902 ART-naïve HIV-infected individuals, which were categorized according to the development stages of the NFATP.”",main_text,"The analyzed individuals were ART-naïve. Drugs named in the resistance tables and discussion are susceptibility-prediction targets or background treatment recommendations, not documented prior treatments for these individuals.",strict
19104010,1,Does the paper report HIV sequences from patient samples?,No,"""For clonal sequencing of viral passages, total DNA was extracted from infected cells using the QIAamp DNA blood minikit (Qiagen, Valencia, CA)."" ""RT-6TAMs was derived from a highly treatment-experienced patient with additional NNRTI and PI resistance mutations.""",main_text,"The sequencing described in Methods (page 1196) concerns laboratory viral passages and engineered clones, not newly collected clinical specimens. Although Table 5, footnote c (page 1199), identifies a patient-derived comparator virus, the paper does not report new sequencing or genotypic testing of that patient's clinical sample; the comparator was reconstructed by homologous recombination.",strict
19104010,2,Does the paper report in vitro drug susceptibility data?,Yes,"""The antiviral activity of GS-9160 was evaluated in HIV-1-infected MT-2 and MT-4 cell lines as well as in primary human T lymphocytes (Table 2)."" ""The potency of GS-9160 was comparable in all three cell types, with an EC50 range of 0.7 to 2 nM, and the selectivity indices (SI; 50% cytotoxic concentration [CC50]/EC50) for GS-9160 were 2,000 in MT-2 cells and 2,600 in primary human T cells.""",main_text,"Results on page 1196 and Table 2 report quantitative cell-based antiviral susceptibility measurements. Tables 5, 6, and 8 additionally report phenotypic susceptibility comparisons.",strict
19104010,3,Were sequences from the paper made publicly available?,No,,not_found,No public sequence-repository deposition statement or accession numbers appear in the supplied article. The referenced online supplement is not included in the supplied PDF.,strict
19104010,4,What were the GenBank accession numbers for sequenced HIV isolates?,Not reported,,not_found,No GenBank or other sequence-repository accession numbers are provided in the supplied article.,strict
19104010,5,How many individuals had samples obtained for HIV sequencing?,0,"""For clonal sequencing of viral passages, total DNA was extracted from infected cells using the QIAamp DNA blood minikit (Qiagen, Valencia, CA)."" ""Mutation(s) was confirmed by sequencing.""",main_text,Methods on pages 1195–1196 describe sequencing laboratory-passaged viruses and engineered molecular clones. No individuals are reported as contributing clinical samples for new HIV sequencing; the patient-derived comparator mentioned in Table 5 does not establish clinical sequencing in this study.,strict
19104010,6,From which countries were the sequenced samples obtained?,Not applicable,"""HIV-1 strain IIIb was obtained from Advanced Biotechnologies Inc. (Columbia, MD)."" ""Human CD4-positive T lymphocytes (T cells) were isolated from human buffy coats obtained from healthy volunteers (Stanford Medical School Blood Center, Stanford, CA).""",main_text,"The locations in Methods (page 1195) identify laboratory reagent sources and healthy cell donors, not collection countries for clinical HIV sequencing specimens. No new patient-sample HIV sequencing is reported.",strict
19104010,7,From what years were the sequenced samples obtained?,Not applicable,"""For clonal sequencing of viral passages, total DNA was extracted from infected cells using the QIAamp DNA blood minikit (Qiagen, Valencia, CA)."" ""Mutation(s) was confirmed by sequencing.""",main_text,"The sequencing described on pages 1195–1196 concerns laboratory material, not clinical specimens collected from individuals with HIV.",strict
19104010,8,Were samples cloned prior to sequencing?,Not applicable,"""For clonal sequencing of viral passages, total DNA was extracted from infected cells using the QIAamp DNA blood minikit (Qiagen, Valencia, CA)."" ""Mutation(s) was confirmed by sequencing.""",main_text,"Laboratory viral clones were sequenced, but clinical HIV samples were not reported as sequenced. The question's applicability rule therefore requires Not applicable, notwithstanding the laboratory cloning.",strict
19104010,9,Which HIV genes were reported to have been sequenced?,"PR, RT, IN","""Mutation(s) was confirmed by sequencing."" ""GS-9160, like L-870,810 and GS-9137, retained activity against NRTI-, NNRTI-, and PI-resistant HIV-1 mutants.""",main_text,"IN is explicitly identified as the sequencing target in Methods, 'Clonal sequencing of viral DNA' (page 1196). PR and RT are also included under the prescribed rules because PI, NRTI, and NNRTI resistance was assessed (page 1198; Table 5). These are laboratory targets, not newly sequenced patient specimens.",strict
19104010,10,What method was used for sequencing?,Sanger sequencing,"""The IN gene from 24 individual plasmid clones was sequenced using the BigDye terminator v3.1 cycle sequencing kit (Applied Biosystems, Foster City, CA)."" ""Sequencing reactions were analyzed by the ABI Prism 3100 genetic analyzer (Applied Biosystems, Foster City, CA).""",main_text,"Methods on page 1196 specify BigDye terminator chemistry and an ABI Prism 3100 analyzer, identifying Sanger sequencing of laboratory viral clones.",strict
19104010,11,What type of samples were sequenced?,Not applicable,"""For clonal sequencing of viral passages, total DNA was extracted from infected cells using the QIAamp DNA blood minikit (Qiagen, Valencia, CA)."" ""Human CD4-positive T lymphocytes (T cells) were isolated from human buffy coats obtained from healthy volunteers (Stanford Medical School Blood Center, Stanford, CA).""",main_text,"Sequencing involved laboratory-infected cells, while primary human cells came from healthy donors for antiviral assays. Neither constitutes sequencing of clinical HIV specimens from infected individuals.",strict
19104010,12,Were any sequences obtained from individuals with virological failure on a treatment regimen?,Not applicable,"""For clonal sequencing of viral passages, total DNA was extracted from infected cells using the QIAamp DNA blood minikit (Qiagen, Valencia, CA)."" ""Mutation(s) was confirmed by sequencing.""",main_text,"The study's sequencing concerns laboratory viruses. Discussions of clinical treatment failure refer to prior publications, and the patient-derived comparator in Table 5 does not establish new sequencing of a clinical failure sample.",strict
19104010,13,Were the patients in the study in a clinical trial?,No,"""In this report, we describe the biological characterization of GS-9160, an antiviral inhibitor of the HIV-1 IN strand transfer reaction."" ""Because the pharmacokinetics of GS-9160 in healthy human volunteers revealed that once-daily dosing was unlikely, clinical development of this compound was discontinued.""",main_text,"The Discussion (page 1200) characterizes this as a preclinical investigation. Clinical trials involving people with HIV are cited as background, while the brief healthy-volunteer pharmacokinetic statement does not describe an enrolled HIV patient trial cohort for this study.",strict
19104010,14,Does the paper report HIV sequences from individuals who had previously received ARV drugs?,No,"""For clonal sequencing of viral passages, total DNA was extracted from infected cells using the QIAamp DNA blood minikit (Qiagen, Valencia, CA)."" ""RT-6TAMs was derived from a highly treatment-experienced patient with additional NNRTI and PI resistance mutations.""",main_text,"The Table 5 footnote identifies the historical patient origin of a comparator, but does not document new clinical-sample sequencing. Since the paper does not report new HIV sequences directly from individuals, the specified answer is No.",strict
19104010,15,Which drug classes were received by individuals in the study before sample sequencing?,None,"""In this report, we describe the biological characterization of GS-9160, an antiviral inhibitor of the HIV-1 IN strand transfer reaction."" ""GS-9160 remained active against various NRTI-, NNRTI-, and PI-resistant HIV-1 mutants and was synergistic with various clinically approved anti-HIV-1 drugs.""",main_text,"Drug classes described in this preclinical study concern laboratory susceptibility testing, not treatment histories linked to newly sequenced clinical specimens. Under the question's rule for papers without patient-sample sequencing, the answer is None.",strict
19104010,16,Which drugs were received by individuals in the study before sample sequencing?,None,"""In this report, we describe the biological characterization of GS-9160, an antiviral inhibitor of the HIV-1 IN strand transfer reaction."" ""GS-9160 remained active against various NRTI-, NNRTI-, and PI-resistant HIV-1 mutants and was synergistic with various clinically approved anti-HIV-1 drugs.""",main_text,"The paper names drugs tested experimentally and discusses treatments in earlier clinical publications, but does not provide treatment histories for individuals contributing newly sequenced clinical HIV samples. The no-patient-sequencing rule requires None.",strict
33855437,1,Does the paper report HIV sequences from patient samples?,Yes,"“We ascertained the overall prevalence of doravirine and rilpivirine mutations in treatment-naive subjects genotyped in Quebec genotyping programme (n = 5357).” “Patient-derived subtype B (n = 3) and non-B clinical isolates (n = 3), as well as the HIV NL4.3 recombinant clone were subjected to in vitro cell culture selections to ascertain emergent resistance to doravirine and rilpivirine.”",main_text,"The paper reports clinical genotyping results from treatment-naïve individuals in Quebec, in addition to experiments using patient-derived isolates. The clinical genotyping results qualify independently of the laboratory selection experiments (pages 2 and 4).",strict
33855437,2,Does the paper report in vitro drug susceptibility data?,Yes,"“A cell-based in vitro phenotypic assay monitored the impact of the progressive accumulation of select mutations on drug susceptibility to doravirine, rilpivirine, etravirine and efavirenz.” “The EC50 was calculated using GraphPad Prism software.” “The fold-resistance was compared with WT viruses.”",main_text,"The Methods on page 2 describe phenotypic susceptibility testing, and Table 3 on page 5 reports inhibitory concentrations and fold resistance.",strict
33855437,3,Were sequences from the paper made publicly available?,Yes,"“Isolates 14637, 14969, 5326 and 6343 (GenBank accession numbers MW484894, MW484895, MW484893, DQ380549, respectively) were derived from drug-naive individuals at Clinique Actuel obtained with ethics approval (Veritas) and informed consent.” “The 96USSN20 isolate (GenBank MW48492) and pNL4.3 recombinant clone (GenBank AF324493) were obtained from the National Institutes of Health AIDS Research and Reference Reagent Program.”",main_text,"The Methods on page 2 provide GenBank accessions for the study's patient-derived isolates, including MW-series records. They do not establish that all passage-derived sequences or the Quebec cohort sequences were deposited.",strict
33855437,4,What were the GenBank accession numbers for sequenced HIV isolates?,MW484894; MW484895; MW484893; DQ380549; AF492618; MW48492 (as printed; apparently incomplete),"“Isolates 14637, 14969, 5326 and 6343 (GenBank accession numbers MW484894, MW484895, MW484893, DQ380549, respectively) were derived from drug-naive individuals at Clinique Actuel obtained with ethics approval (Veritas) and informed consent.” “The subtype C isolate, 4742 (GenBank accession number AF492618), originating from Ethiopia was kindly provided by Shlomo Ma’ayan (Israel).” “The 96USSN20 isolate (GenBank MW48492) and pNL4.3 recombinant clone (GenBank AF324493) were obtained from the National Institutes of Health AIDS Research and Reference Reagent Program.”",main_text,These are the clinical-isolate accessions printed in the Methods on page 2. MW48492 is reproduced exactly despite its apparently incomplete format; DQ380549 and AF492618 concern previously available isolates. AF324493 is excluded because it identifies the laboratory reference clone.,strict
33855437,5,How many individuals had samples obtained for HIV sequencing?,5357,"“We ascertained the overall prevalence of doravirine and rilpivirine mutations in treatment-naive subjects genotyped in Quebec genotyping programme (n = 5357).” “Patient-derived subtype B (n = 3) and non-B clinical isolates (n = 3), as well as the HIV NL4.3 recombinant clone were subjected to in vitro cell culture selections to ascertain emergent resistance to doravirine and rilpivirine.”",main_text,"Page 4 explicitly identifies 5357 genotyped individuals. Six patient-derived isolates were also studied in culture, but their overlap with the clinical genotyping population is not specified, so they are not added as a demonstrably mutually exclusive patient group. The laboratory clone is not an individual.",strict
33855437,6,From which countries were the sequenced samples obtained?,Canada; Ethiopia,"“We ascertained the overall prevalence of doravirine and rilpivirine mutations in treatment-naive subjects genotyped in Quebec genotyping programme (n = 5357).” “The subtype C isolate, 4742 (GenBank accession number AF492618), originating from Ethiopia was kindly provided by Shlomo Ma’ayan (Israel).”",main_text,"The directly reported clinical genotyping population was in Quebec, Canada; the Clinique Actuel isolates were also from Montreal, Canada. Ethiopia is explicitly identified as the origin of another patient-derived isolate. The original collection country for 96USSN20 is not explicitly established in the study Methods; its repository location is not treated as a collection site.",strict
33855437,7,From what years were the sequenced samples obtained?,Not reported,"“We ascertained the overall prevalence of doravirine and rilpivirine mutations in treatment-naive subjects genotyped in Quebec genotyping programme (n = 5357).” “Isolates 14637, 14969, 5326 and 6343 (GenBank accession numbers MW484894, MW484895, MW484893, DQ380549, respectively) were derived from drug-naive individuals at Clinique Actuel obtained with ethics approval (Veritas) and informed consent.”",main_text,Neither the clinical cohort description on page 4 nor the isolate provenance on page 2 supplies collection years. Culture-passage weeks and the date of accessing the Stanford algorithm are not clinical collection dates.,strict
33855437,8,Were samples cloned prior to sequencing?,Not reported,"“Patient-derived subtype B (n = 3) and non-B clinical isolates (n = 3), as well as the HIV NL4.3 recombinant clone were subjected to in vitro cell culture selections to ascertain emergent resistance to doravirine and rilpivirine.” “We ascertained the overall prevalence of doravirine and rilpivirine mutations in treatment-naive subjects genotyped in Quebec genotyping programme (n = 5357).”",main_text,"The paper does not specify cloning, single-genome amplification, or direct population sequencing for patient-derived samples. Use of the separate NL4.3 reference clone does not demonstrate cloning of clinical specimens.",strict
33855437,9,Which HIV genes were reported to have been sequenced?,RT,"“We ascertained the overall prevalence of doravirine and rilpivirine mutations in treatment-naive subjects genotyped in Quebec genotyping programme (n = 5357).” “A cell-based in vitro phenotypic assay monitored the impact of the progressive accumulation of select mutations on drug susceptibility to doravirine, rilpivirine, etravirine and efavirenz.”",main_text,"The clinical resistance analysis and the genotypes in Tables 1–3 concern reverse-transcriptase inhibitor resistance. Under the specified inference rules, this establishes RT; no other sequenced gene target is reported.",strict
33855437,10,What method was used for sequencing?,Not reported,“We ascertained the overall prevalence of doravirine and rilpivirine mutations in treatment-naive subjects genotyped in Quebec genotyping programme (n = 5357).” “Virus sequences at select passages were assessed for resistance based on the Stanford HIV genotypic algorithm (https://hivdb.stanford.edu/hivseq/by-sequences/ accessed 12 January 2021) (Table 3).”,main_text,"The article reports genotyping and sequence interpretation but does not identify a sequencing platform, chemistry, or Sanger/NGS method. The Stanford algorithm is an interpretation tool, not a sequencing method.",strict
33855437,11,What type of samples were sequenced?,Viral culture supernatant (patient-derived isolates); original clinical specimen type not reported,"“Briefly, resistant viruses were amplified from stored cell culture supernatants at designated weeks (8, 13, 17, 24 or 30) following in vitro selection with doravirine or rilpivirine and re-genotyped.” “We ascertained the overall prevalence of doravirine and rilpivirine mutations in treatment-naive subjects genotyped in Quebec genotyping programme (n = 5357).”",main_text,"Page 2 identifies culture supernatants as the source of viruses used for laboratory re-genotyping. The original clinical specimen types for the isolates and the Quebec cohort are unspecified; cord blood mononuclear cells were culture cells, not established patient specimens.",strict
33855437,12,Were any sequences obtained from individuals with virological failure on a treatment regimen?,No,“We ascertained the overall prevalence of doravirine and rilpivirine mutations in treatment-naive subjects genotyped in Quebec genotyping programme (n = 5357).” “Isolate 4742 is a subtype C strain with a baseline natural polymorphism of E138A in a treatment-naive patient.”,main_text,"The clinical genotyping cohort was treatment-naïve, and the explicitly documented clinical-isolate donors were also untreated. No donor is reported to have virological failure; the treatment history of the 96USSN20 donor is unspecified. Laboratory drug exposure is not patient treatment failure.",strict
33855437,13,Were the patients in the study in a clinical trial?,No,"“In this study, we performed in vitro cell culture selections with clinical viral isolates to compare emergent resistance to doravirine versus rilpivirine alone and in combination with lamivudine or islatravir.” “We ascertained the overall prevalence of doravirine and rilpivirine mutations in treatment-naive subjects genotyped in Quebec genotyping programme (n = 5357).”",main_text,"This study combines laboratory experiments with clinical genotyping surveillance, not a patient treatment trial. The phase 3 trials discussed in the Introduction are cited background studies.",strict
33855437,14,Does the paper report HIV sequences from individuals who had previously received ARV drugs?,No,"“Isolates 14637, 14969, 5326 and 6343 (GenBank accession numbers MW484894, MW484895, MW484893, DQ380549, respectively) were derived from drug-naive individuals at Clinique Actuel obtained with ethics approval (Veritas) and informed consent.” “We ascertained the overall prevalence of doravirine and rilpivirine mutations in treatment-naive subjects genotyped in Quebec genotyping programme (n = 5357).”",main_text,"No sequenced individual is explicitly reported to have received ARVs. The additional Ethiopian isolate is described as treatment-naïve in Table 1. Baseline resistance in 96USSN20 does not establish prior treatment, and its donor's treatment history is not supplied.",strict
33855437,15,Which drug classes were received by individuals in the study before sample sequencing?,None,"“Isolates 14637, 14969, 5326 and 6343 (GenBank accession numbers MW484894, MW484895, MW484893, DQ380549, respectively) were derived from drug-naive individuals at Clinique Actuel obtained with ethics approval (Veritas) and informed consent.” “We ascertained the overall prevalence of doravirine and rilpivirine mutations in treatment-naive subjects genotyped in Quebec genotyping programme (n = 5357).”",main_text,"The paper does not establish prior ARV exposure among sequenced individuals, so the prescribed answer is None. Classes used in laboratory susceptibility or selection experiments are not patient treatment histories.",strict
33855437,16,Which drugs were received by individuals in the study before sample sequencing?,None,"“Isolates 14637, 14969, 5326 and 6343 (GenBank accession numbers MW484894, MW484895, MW484893, DQ380549, respectively) were derived from drug-naive individuals at Clinique Actuel obtained with ethics approval (Veritas) and informed consent.” “We ascertained the overall prevalence of doravirine and rilpivirine mutations in treatment-naive subjects genotyped in Quebec genotyping programme (n = 5357).”",main_text,No specific ARV is reported as having been received by a sequenced individual before sampling. Drugs used experimentally or discussed in background clinical trials must not be attributed to these individuals.,strict
38427738,1,Does the paper report HIV sequences from patient samples?,No,"“The full-length HIV-1 molecular clones pNL4-3 (47), pNL(AD8) (51), and CH185 (previously denoted K3016, a gift from C. Ochsenbauer and J. Kappes, University of Alabama) (50) were used in this study.” “It will therefore be necessary to perform labor-intensive phenotypic analysis of env genes derived from individuals failing INSTI-containing regimens.”",main_text,"The present study sequences established molecular clones and laboratory-derived variants, not newly collected clinical samples. Patient-derived sequencing discussed in the Introduction refers to previous work (references 7 and 45), while further patient-sample analysis is proposed in the Discussion (pages 15–16).",strict
38427738,2,Does the paper report in vitro drug susceptibility data?,Yes,“IC50 values were calculated on the basis of the AUC of the replication kinetics.” “IC50 was defined as the amount of inhibitor required to reduce the AUC by 50%.”,main_text,The Methods (page 17) explicitly describe quantitative in vitro susceptibility measurements. Figures 2–4 and 9 also report IC50 values or fold changes for laboratory viruses and mutants.,strict
38427738,3,Were sequences from the paper made publicly available?,No,“All data needed to evaluate the conclusions in the paper are present in the paper and/or the Supplementary Materials.” “All materials will be made available upon request.”,main_text,The data-availability statement (page 20) does not describe deposition in a public sequence repository. No accession numbers or sequence-deposition statement are reported in the supplied article.,strict
38427738,4,What were the GenBank accession numbers for sequenced HIV isolates?,Not reported,“All data needed to evaluate the conclusions in the paper are present in the paper and/or the Supplementary Materials.” “All materials will be made available upon request.”,main_text,"The data-availability statement (page 20) provides no GenBank or other sequence-repository accession numbers, and none are identified elsewhere in the supplied article.",strict
38427738,5,How many individuals had samples obtained for HIV sequencing?,0,"“The full-length HIV-1 molecular clones pNL4-3 (47), pNL(AD8) (51), and CH185 (previously denoted K3016, a gift from C. Ochsenbauer and J. Kappes, University of Alabama) (50) were used in this study.” “The NL4-3 strain used in the experiments described above is a laboratory-adapted, subtype B, CXCR4-tropic HIV-1 isolate.”",main_text,The experimental materials are established viral clones (pages 3 and 16). No individuals contributed new clinical samples for sequencing in this study; therefore the required count is zero.,strict
38427738,6,From which countries were the sequenced samples obtained?,Not applicable,"“The full-length HIV-1 molecular clones pNL4-3 (47), pNL(AD8) (51), and CH185 (previously denoted K3016, a gift from C. Ochsenbauer and J. Kappes, University of Alabama) (50) were used in this study.” “The NL4-3 strain used in the experiments described above is a laboratory-adapted, subtype B, CXCR4-tropic HIV-1 isolate.”",main_text,No new patient-derived HIV sequences are reported. Laboratory locations and institutions supplying clones are not clinical sample-collection countries.,strict
38427738,7,From what years were the sequenced samples obtained?,Not applicable,"“The full-length HIV-1 molecular clones pNL4-3 (47), pNL(AD8) (51), and CH185 (previously denoted K3016, a gift from C. Ochsenbauer and J. Kappes, University of Alabama) (50) were used in this study.” “The NL4-3 strain used in the experiments described above is a laboratory-adapted, subtype B, CXCR4-tropic HIV-1 isolate.”",main_text,The study does not report sequencing new clinical samples. Laboratory experiment durations and publication dates are not patient sample-collection years.,strict
38427738,8,Were samples cloned prior to sequencing?,Not applicable,"“The full-length HIV-1 molecular clones pNL4-3 (47), pNL(AD8) (51), and CH185 (previously denoted K3016, a gift from C. Ochsenbauer and J. Kappes, University of Alabama) (50) were used in this study.” “Constructed plasmids were verified by Sanger DNA sequencing (Psomagen).”",main_text,"Although molecular cloning and sequencing are described on page 16, Question 8 requires 'Not applicable' when no HIV sequences are reported from individuals with HIV.",strict
38427738,9,Which HIV genes were reported to have been sequenced?,"PR, RT, IN, CA, Env","“To identify the genetic changes in the viral genome responsible for DTG resistance, we extracted genomic DNA from the infected cells at a number of time points and performed sequencing analysis of gag, pol, env, and vpu.” “We did not identify any changes in gag, pol, env, or nef compared to the starting viruses.”",main_text,"The laboratory-virus sequencing covered gag, pol, and env (pages 2 and 4). Within the requested target vocabulary, pol encompasses PR, RT, and IN, and gag includes CA; the article explicitly reports analysis of RT, IN, and CA coding regions. These are laboratory-virus targets, not patient-sample targets.",strict
38427738,10,What method was used for sequencing?,Sanger sequencing,“Constructed plasmids were verified by Sanger DNA sequencing (Psomagen).” “Mutations detected at frequencies greater than 25% in the bulk sequencing are shown.”,main_text,"Sanger sequencing is explicitly identified in the Methods (page 16), and the Figure 1 legend (page 3) describes bulk sequencing. No NGS method is reported for this study; citations to sequencing methods in earlier papers do not establish NGS use here.",strict
38427738,11,What type of samples were sequenced?,Not applicable,"“The full-length HIV-1 molecular clones pNL4-3 (47), pNL(AD8) (51), and CH185 (previously denoted K3016, a gift from C. Ochsenbauer and J. Kappes, University of Alabama) (50) were used in this study.” “Constructed plasmids were verified by Sanger DNA sequencing (Psomagen).”",main_text,"The sequenced materials were laboratory-virus DNA and constructed plasmids, rather than specimens collected from individuals with HIV. The clinical sample-type question is therefore not applicable.",strict
38427738,12,Were any sequences obtained from individuals with virological failure on a treatment regimen?,Not applicable,"“A number of studies have reported INSTI failure in people living with HIV in the absence of drug resistance mutations in IN (7, 10, 11).” “However, systematic evaluation of Env and NC mutations in these individuals has not been conducted.”",main_text,"The Discussion (page 15) describes clinical findings from cited studies, not new clinical sequencing in this paper. Because the current study reports no sequences newly obtained from individuals with HIV, the required answer is 'Not applicable'.",strict
38427738,13,Were the patients in the study in a clinical trial?,No,"“The full-length HIV-1 molecular clones pNL4-3 (47), pNL(AD8) (51), and CH185 (previously denoted K3016, a gift from C. Ochsenbauer and J. Kappes, University of Alabama) (50) were used in this study.” “The NL4-3 strain used in the experiments described above is a laboratory-adapted, subtype B, CXCR4-tropic HIV-1 isolate.”",main_text,This is a laboratory experimental study without enrolled patients or treatment assignment. Clinical trials mentioned in the references are not trials conducted or newly analyzed in this paper.,strict
38427738,14,Does the paper report HIV sequences from individuals who had previously received ARV drugs?,No,"“The full-length HIV-1 molecular clones pNL4-3 (47), pNL(AD8) (51), and CH185 (previously denoted K3016, a gift from C. Ochsenbauer and J. Kappes, University of Alabama) (50) were used in this study.” “It will therefore be necessary to perform labor-intensive phenotypic analysis of env genes derived from individuals failing INSTI-containing regimens.”",main_text,No new patient-derived sequences are reported. Exposure of laboratory viruses to ARVs is not evidence of prior ARV treatment in sequenced individuals.,strict
38427738,15,Which drug classes were received by individuals in the study before sample sequencing?,None,"“The full-length HIV-1 molecular clones pNL4-3 (47), pNL(AD8) (51), and CH185 (previously denoted K3016, a gift from C. Ochsenbauer and J. Kappes, University of Alabama) (50) were used in this study.” “It will therefore be necessary to perform labor-intensive phenotypic analysis of env genes derived from individuals failing INSTI-containing regimens.”",main_text,The study has no individuals providing newly sequenced HIV samples. ARV classes discussed or tested in vitro are not patient treatment histories; the specified answer is therefore 'None'.,strict
38427738,16,Which drugs were received by individuals in the study before sample sequencing?,None,"“The full-length HIV-1 molecular clones pNL4-3 (47), pNL(AD8) (51), and CH185 (previously denoted K3016, a gift from C. Ochsenbauer and J. Kappes, University of Alabama) (50) were used in this study.” “It will therefore be necessary to perform labor-intensive phenotypic analysis of env genes derived from individuals failing INSTI-containing regimens.”",main_text,No new clinical HIV sequencing or corresponding patient drug histories are reported. Drugs used in laboratory experiments must not be classified as drugs received by study participants.,strict
