PMID,QID,question,Evidence,Rationale,AI Answer
18715920,1,Does the paper report HIV sequences from patient samples?,The paper does not mention patient samples or HIV sequences from patients.,The paper discusses the selection of viruses resistant to the integrase inhibitor elvitegravir (EVG) and the analysis of their genotypes and phenotypes. It does not mention patient samples or HIV sequences from patients.,No
18715920,2,Does the paper report in vitro drug susceptibility data?,"The paper reports the susceptibility of HIV-1 strains to various integrase inhibitors, including EVG, RAL, PACA, L-870,810, PICA, and L-731,988.",The paper discusses the results of in vitro experiments that tested the susceptibility of HIV-1 strains to various integrase inhibitors.,Yes
18715920,3,Were sequences from the paper made publicly available?,Not reported,The paper does not mention whether the sequences from the paper were made publicly available.,No
18715920,4,What were the GenBank accession numbers for sequenced HIV isolates?,Not reported,The paper does not provide GenBank accession numbers for sequenced HIV isolates.,No
18715920,5,How many individuals had samples obtained for HIV sequencing?,Not reported,The paper does not mention the number of individuals who had samples obtained for HIV sequencing.,0
18715920,6,From which countries were the sequenced samples obtained?,Not Found,The paper does not mention the countries from which the sequenced samples were obtained.,No
18715920,7,From what years were the sequenced samples obtained?,Not Found,The paper does not mention the years from which the sequenced samples were obtained.,No
18715920,8,Were samples cloned prior to sequencing?,Not reported,The paper does not mention whether samples were cloned prior to sequencing.,No
18715920,9,Which HIV genes were reported to have been sequenced?,The paper does not specifically mention which HIV genes were sequenced.,"The paper discusses the selection of viruses resistant to the integrase inhibitor elvitegravir (EVG) and the analysis of their genotypes and phenotypes, but it does not specifically mention which HIV genes were sequenced.",No
18715920,10,What method was used for sequencing?,Not reported,The paper does not mention the method used for sequencing.,No
18715920,11,What type of samples were sequenced?,Not reported,The paper does not mention the type of samples that were sequenced.,No
18715920,12,Were any sequences obtained from individuals with virological failure on a treatment regimen?,Not reported,The paper does not mention whether any sequences were obtained from individuals with virological failure on a treatment regimen.,No
18715920,13,Were the patients in the study in a clinical trial?,Not reported,The paper does not mention whether the patients in the study were in a clinical trial.,No
18715920,14,Does the paper report HIV sequences from individuals who had previously received ARV drugs?,Not reported,The paper does not mention whether the individuals who had previously received ARV drugs.,No
18715920,15,Which drug classes were received by individuals in the study before sample sequencing?,"INSTI (Integrase Inhibitor), including Raltegravir (RAL), Elvitegravir(EVG), Dolutagravir (DTG), Bictegravir (BIC), cabotagravir (CAB), Lenacapavir (LEN).",The paper discusses the selection of viruses resistant to the integrase inhibitor elvitegravir (EVG) and the analysis of their genotypes and phenotypes.,INSTI
18715920,16,Which drugs were received by individuals in the study before sample sequencing?,"Raltegravir (RAL), Elvitegravir(EVG), Dolutagravir (DTG), Bictegravir (BIC), cabotagravir (CAB), Lenacapavir (LEN).",The paper discusses the selection of viruses resistant to the integrase inhibitor elvitegravir (EVG) and the analysis of their genotypes and phenotypes.,"RAL, EVG, DTG, BIC, CAB, LEN"
19104010,1,Does the paper report HIV sequences from patient samples?,,,No
19104010,2,Does the paper report in vitro drug susceptibility data?,,,Yes
19104010,3,Were sequences from the paper made publicly available?,,,No
19104010,4,What were the GenBank accession numbers for sequenced HIV isolates?,,,No
19104010,5,How many individuals had samples obtained for HIV sequencing?,,,0
19104010,6,From which countries were the sequenced samples obtained?,,,No
19104010,7,From what years were the sequenced samples obtained?,,,No
19104010,8,Were samples cloned prior to sequencing?,,,No
19104010,9,Which HIV genes were reported to have been sequenced?,,,"Integrase, IN"
19104010,10,What method was used for sequencing?,,,No
19104010,11,What type of samples were sequenced?,,,No
19104010,12,Were any sequences obtained from individuals with virological failure on a treatment regimen?,,,No
19104010,13,Were the patients in the study in a clinical trial?,,,No
19104010,14,Does the paper report HIV sequences from individuals who had previously received ARV drugs?,,,Yes
19104010,15,Which drug classes were received by individuals in the study before sample sequencing?,,,INSTI
19104010,16,Which drugs were received by individuals in the study before sample sequencing?,,,"GS-9160, L-870,810, GS-9137, MK-0518"
21115794,1,Does the paper report HIV sequences from patient samples?,The paper does not mention obtaining HIV sequences from patient samples.,"The paper does not mention obtaining HIV sequences from patient samples, but rather focuses on the in vitro antiretroviral properties of S/GSK1349572, a next-generation HIV integrase inhibitor.",No
21115794,2,Does the paper report in vitro drug susceptibility data?,The paper reports in vitro antiretroviral activity of S/GSK1349572 against HIV-1 in PBMCs and various other cells.,"The paper presents data on the in vitro antiretroviral activity of S/GSK1349572, including its potency against HIV-1 in PBMCs and various other cells.",Yes
21115794,3,Were sequences from the paper made publicly available?,Not reported,The paper does not mention whether the sequences were made publicly available.,No
21115794,4,What were the GenBank accession numbers for sequenced HIV isolates?,Not reported,The paper does not provide GenBank accession numbers for sequenced HIV isolates.,No
21115794,5,How many individuals had samples obtained for HIV sequencing?,Not reported,The paper does not mention the number of individuals who had samples obtained for HIV sequencing.,0
21115794,6,From which countries were the sequenced samples obtained?,Not reported,The paper does not mention the countries from which the sequenced samples were obtained.,No
21115794,7,From what years were the sequenced samples obtained?,Not reported,The paper does not mention the years from which the sequenced samples were obtained.,No
21115794,8,Were samples cloned prior to sequencing?,Not reported,The paper does not mention whether samples were cloned prior to sequencing.,No
21115794,9,Which HIV genes were reported to have been sequenced?,The paper does not mention sequencing of specific HIV genes.,"The paper does not mention sequencing of specific HIV genes, but rather focuses on the in vitro antiretroviral properties of S/GSK1349572.",No
21115794,10,What method was used for sequencing?,Not reported,The paper does not mention the method used for sequencing.,No
21115794,11,What type of samples were sequenced?,Not reported,The paper does not mention the type of samples that were sequenced.,No
21115794,12,Were any sequences obtained from individuals with virological failure on a treatment regimen?,Not reported,The paper does not mention whether any sequences were obtained from individuals with virological failure on a treatment regimen.,No
21115794,13,Were the patients in the study in a clinical trial?,Not reported,The paper does not mention whether the patients in the study were in a clinical trial.,No
21115794,14,Does the paper report HIV sequences from individuals who had previously received ARV drugs?,Not reported,The paper does not mention whether the individuals had previously received ARV drugs.,No
21115794,15,Which drug classes were received by individuals in the study before sample sequencing?,"INSTI (Integrase Inhibitor), including Raltegravir (RAL), Elvitegravir(EVG), Dolutagravir (DTG), Bictegravir (BIC), cabotagravir (CAB), Lenacapavir (LEN).","The paper mentions the use of INSTI (Integrase Inhibitor) drugs, including Raltegravir (RAL) and Elvitegravir(EVG), in the study.",INSTI
21115794,16,Which drugs were received by individuals in the study before sample sequencing?,"Raltegravir (RAL), Elvitegravir(EVG)",The paper mentions the use of Raltegravir (RAL) and Elvitegravir(EVG) in the study.,"Raltegravir (RAL), Elvitegravir(EVG)"
23749954,1,Does the paper report HIV sequences from patient samples?,,,No
23749954,2,Does the paper report in vitro drug susceptibility data?,,,Yes
23749954,3,Were sequences from the paper made publicly available?,,,No
23749954,4,What were the GenBank accession numbers for sequenced HIV isolates?,,,No
23749954,5,How many individuals had samples obtained for HIV sequencing?,,,Not specified
23749954,6,From which countries were the sequenced samples obtained?,,,No
23749954,7,From what years were the sequenced samples obtained?,,,No
23749954,8,Were samples cloned prior to sequencing?,,,No
23749954,9,Which HIV genes were reported to have been sequenced?,,,Not specified
23749954,10,What method was used for sequencing?,,,No
23749954,11,What type of samples were sequenced?,,,No
23749954,12,Were any sequences obtained from individuals with virological failure on a treatment regimen?,,,No
23749954,13,Were the patients in the study in a clinical trial?,,,No
23749954,14,Does the paper report HIV sequences from individuals who had previously received ARV drugs?,,,No
23749954,15,Which drug classes were received by individuals in the study before sample sequencing?,,,NRTI
23749954,16,Which drugs were received by individuals in the study before sample sequencing?,,,"Tenofovir, didanosine, stavudine, apricitabine, and abacavir"
24227862,1,Does the paper report HIV sequences from patient samples?,,,No
24227862,2,Does the paper report in vitro drug susceptibility data?,,,Yes
24227862,3,Were sequences from the paper made publicly available?,,,No
24227862,4,What were the GenBank accession numbers for sequenced HIV isolates?,,,No
24227862,5,How many individuals had samples obtained for HIV sequencing?,,,0
24227862,6,From which countries were the sequenced samples obtained?,,,No
24227862,7,From what years were the sequenced samples obtained?,,,No
24227862,8,Were samples cloned prior to sequencing?,,,No
24227862,9,Which HIV genes were reported to have been sequenced?,,,"Reverse transcriptase, RT"
24227862,10,What method was used for sequencing?,,,No
24227862,11,What type of samples were sequenced?,,,PBMC
24227862,12,Were any sequences obtained from individuals with virological failure on a treatment regimen?,,,No
24227862,13,Were the patients in the study in a clinical trial?,,,No
24227862,14,Does the paper report HIV sequences from individuals who had previously received ARV drugs?,,,Yes
24227862,15,Which drug classes were received by individuals in the study before sample sequencing?,,,NNRTI
24227862,16,Which drugs were received by individuals in the study before sample sequencing?,,,"Nevirapine (NVP), Etravirine (ETR), Rilpivirine (RPV)"
25637519,1,Does the paper report HIV sequences from patient samples?,,,No
25637519,2,Does the paper report in vitro drug susceptibility data?,,,Yes
25637519,3,Were sequences from the paper made publicly available?,,,No
25637519,4,What were the GenBank accession numbers for sequenced HIV isolates?,,,No
25637519,5,How many individuals had samples obtained for HIV sequencing?,,,0
25637519,6,From which countries were the sequenced samples obtained?,,,China
25637519,7,From what years were the sequenced samples obtained?,,,No
25637519,8,Were samples cloned prior to sequencing?,,,Yes
25637519,9,Which HIV genes were reported to have been sequenced?,,,"Reverse transcriptase, RT"
25637519,10,What method was used for sequencing?,,,No
25637519,11,What type of samples were sequenced?,,,Other
25637519,12,Were any sequences obtained from individuals with virological failure on a treatment regimen?,,,Yes
25637519,13,Were the patients in the study in a clinical trial?,,,No
25637519,14,Does the paper report HIV sequences from individuals who had previously received ARV drugs?,,,Yes
25637519,15,Which drug classes were received by individuals in the study before sample sequencing?,,,"NRTI, NNRTI"
25637519,16,Which drugs were received by individuals in the study before sample sequencing?,,,"Abacavir (ABC), Zidovudine'(AZT), Zalcitabine (DDC), Didanosine (DDI), Lamivudine (3TC), Stavudine (D4T), Emtricitabine(FTC), Tenofovir (TFV), Nevirapine (NVP), Delavirdine (DLV), Efavirenz (EFV), Etravirine (ETR), Rilpivirine (RPV), Doravirine (DOR)"
26246578,1,Does the paper report HIV sequences from patient samples?,,,No
26246578,2,Does the paper report in vitro drug susceptibility data?,,,Yes
26246578,3,Were sequences from the paper made publicly available?,,,No
26246578,4,What were the GenBank accession numbers for sequenced HIV isolates?,,,No
26246578,5,How many individuals had samples obtained for HIV sequencing?,,,0
26246578,6,From which countries were the sequenced samples obtained?,,,No
26246578,7,From what years were the sequenced samples obtained?,,,No
26246578,8,Were samples cloned prior to sequencing?,,,No
26246578,9,Which HIV genes were reported to have been sequenced?,,,No
26246578,10,What method was used for sequencing?,,,No
26246578,11,What type of samples were sequenced?,,,No
26246578,12,Were any sequences obtained from individuals with virological failure on a treatment regimen?,,,No
26246578,13,Were the patients in the study in a clinical trial?,,,No
26246578,14,Does the paper report HIV sequences from individuals who had previously received ARV drugs?,,,No
26246578,15,Which drug classes were received by individuals in the study before sample sequencing?,,,INSTI
26246578,16,Which drugs were received by individuals in the study before sample sequencing?,,,"RAL, EVG, DTG"
26311878,1,Does the paper report HIV sequences from patient samples?,The paper does not mention patient samples or HIV sequences from patients.,"The paper discusses the effects of certain substitutions on viral infectivity, replicative capacity, and resistance to antiretroviral compounds, but it does not mention patient samples or HIV sequences from patients.",No
26311878,2,Does the paper report in vitro drug susceptibility data?,"The paper reports the results of resistance assays using TZM-bl cells to determine the effects of the T66I substitution combined with the R263K and/or the E138K secondary substitution on resistance to each of the drugs DTG, RAL, and EVG.","The paper discusses the effects of certain substitutions on viral infectivity, replicative capacity, and resistance to antiretroviral compounds, and it reports the results of in vitro drug susceptibility data.",Yes
26311878,3,Were sequences from the paper made publicly available?,Not Found,The paper does not mention whether sequences from the paper were made publicly available.,No
26311878,4,What were the GenBank accession numbers for sequenced HIV isolates?,Not reported,The paper does not mention GenBank accession numbers for sequenced HIV isolates.,No
26311878,5,How many individuals had samples obtained for HIV sequencing?,Not Found,The paper does not mention the number of individuals who had samples obtained for HIV sequencing.,0
26311878,6,From which countries were the sequenced samples obtained?,Not Found,The paper does not mention the countries from which the sequenced samples were obtained.,No
26311878,7,From what years were the sequenced samples obtained?,Not Found,The paper does not mention the years from which the sequenced samples were obtained.,No
26311878,8,Were samples cloned prior to sequencing?,Not Found,The paper does not mention whether samples were cloned prior to sequencing.,No
26311878,9,Which HIV genes were reported to have been sequenced?,"The paper does not specifically mention which HIV genes were sequenced, but it discusses the effects of certain substitutions on viral infectivity, replicative capacity, and resistance to antiretroviral compounds.",The paper does not provide information on which HIV genes were sequenced.,Integrase
26311878,10,What method was used for sequencing?,Not Found,The paper does not mention the method used for sequencing.,No
26311878,11,What type of samples were sequenced?,"The paper does not specifically mention the type of samples sequenced, but it discusses the use of TZM-bl cells and PM-1 cells in the experiments.",The paper does not provide information on the type of samples sequenced.,Other
26311878,12,Were any sequences obtained from individuals with virological failure on a treatment regimen?,"The paper discusses the effects of certain substitutions on viral infectivity, replicative capacity, and resistance to antiretroviral compounds, but it does not mention virological failure on a treatment regimen.",The paper does not provide information on virological failure on a treatment regimen.,No
26311878,13,Were the patients in the study in a clinical trial?,The paper does not mention a clinical trial.,The paper does not provide information on a clinical trial.,No
26311878,14,Does the paper report HIV sequences from individuals who had previously received ARV drugs?,"The paper discusses the effects of certain substitutions on viral infectivity, replicative capacity, and resistance to antiretroviral compounds, but it does not mention individuals who had previously received ARV drugs.",The paper does not provide information on individuals who had previously received ARV drugs.,No
26311878,15,Which drug classes were received by individuals in the study before sample sequencing?,"The paper discusses the effects of certain substitutions on viral infectivity, replicative capacity, and resistance to antiretroviral compounds, and it mentions the use of INSTIs, specifically RAL, EVG, and DTG.","The paper provides information on the use of INSTIs, specifically RAL, EVG, and DTG.",INSTI
26311878,16,Which drugs were received by individuals in the study before sample sequencing?,"The paper discusses the effects of certain substitutions on viral infectivity, replicative capacity, and resistance to antiretroviral compounds, and it mentions the use of RAL, EVG, and DTG.","The paper provides information on the use of RAL, EVG, and DTG.","RAL, EVG, DTG"
26559830,1,Does the paper report HIV sequences from patient samples?,The paper does not mention obtaining sequences from patient samples.,"The paper discusses the construction of HIV-2 molecular clones and the testing of their susceptibility to protease inhibitors, but it does not mention the use of patient samples.",No
26559830,2,Does the paper report in vitro drug susceptibility data?,The paper reports the results of in vitro drug susceptibility assays using a single-cycle assay.,The paper describes the methods used to test the susceptibility of wild-type and mutant HIV-2 strains to nine FDA-approved protease inhibitors.,Yes
26559830,3,Were sequences from the paper made publicly available?,Not reported,The paper does not provide information on the public availability of the sequences.,No
26559830,4,What were the GenBank accession numbers for sequenced HIV isolates?,Not reported,The paper does not provide GenBank accession numbers for sequenced HIV isolates.,No
26559830,5,How many individuals had samples obtained for HIV sequencing?,Not mentioned,The paper does not provide information on the number of individuals from whom samples were obtained.,0
26559830,6,From which countries were the sequenced samples obtained?,Not Found,The paper does not mention the countries from which the sequenced samples were obtained.,No
26559830,7,From what years were the sequenced samples obtained?,Not Found,The paper does not mention the years from which the sequenced samples were obtained.,No
26559830,8,Were samples cloned prior to sequencing?,Yes,"The paper mentions the construction of molecular clones, which involves cloning.",Yes
26559830,9,Which HIV genes were reported to have been sequenced?,The paper does not specifically mention which HIV genes were sequenced.,"The paper focuses on the protease gene and the construction of molecular clones, but it does not provide information on the sequencing of other HIV genes.",Protease
26559830,10,What method was used for sequencing?,Not mentioned,The paper does not provide information on the sequencing method used.,No
26559830,11,What type of samples were sequenced?,Not mentioned,The paper does not provide information on the type of samples sequenced.,No
26559830,12,Were any sequences obtained from individuals with virological failure on a treatment regimen?,Not mentioned,The paper does not provide information on the treatment history of the individuals from whom the sequences were obtained.,No
26559830,13,Were the patients in the study in a clinical trial?,No,The paper does not mention a clinical trial.,No
26559830,14,Does the paper report HIV sequences from individuals who had previously received ARV drugs?,Not mentioned,The paper does not provide information on the treatment history of the individuals from whom the sequences were obtained.,No
26559830,15,Which drug classes were received by individuals in the study before sample sequencing?,PI (Protease Inhibitor),The paper mentions the testing of the susceptibility of HIV-2 strains to protease inhibitors.,PI
26559830,16,Which drugs were received by individuals in the study before sample sequencing?,"Amprenavir (APV), Lopinavir (LPV), Atazanavir (ATV), Darunavir (DRV), Nelfinavir (NFV)",The paper mentions the testing of the susceptibility of HIV-2 strains to these protease inhibitors.,"Amprenavir (APV), Lopinavir (LPV), Atazanavir (ATV), Darunavir (DRV), Nelfinavir (NFV)"
27009474,1,Does the paper report HIV sequences from patient samples?,,,Yes
27009474,2,Does the paper report in vitro drug susceptibility data?,,,Yes
27009474,3,Were sequences from the paper made publicly available?,,,Yes
27009474,4,What were the GenBank accession numbers for sequenced HIV isolates?,,,KU761565
27009474,5,How many individuals had samples obtained for HIV sequencing?,,,1
27009474,6,From which countries were the sequenced samples obtained?,,,No
27009474,7,From what years were the sequenced samples obtained?,,,2014
27009474,8,Were samples cloned prior to sequencing?,,,Yes
27009474,9,Which HIV genes were reported to have been sequenced?,,,"Integrase, IN"
27009474,10,What method was used for sequencing?,,,No
27009474,11,What type of samples were sequenced?,,,Plasma
27009474,12,Were any sequences obtained from individuals with virological failure on a treatment regimen?,,,No
27009474,13,Were the patients in the study in a clinical trial?,,,No
27009474,14,Does the paper report HIV sequences from individuals who had previously received ARV drugs?,,,Yes
27009474,15,Which drug classes were received by individuals in the study before sample sequencing?,,,"INSTI, NRTI"
27009474,16,Which drugs were received by individuals in the study before sample sequencing?,,,"Tenofovir, Emtricitabine, Elvitegravir, Cobicistat"
27124362,1,Does the paper report HIV sequences from patient samples?,,,No
27124362,2,Does the paper report in vitro drug susceptibility data?,,,Yes
27124362,3,Were sequences from the paper made publicly available?,,,No
27124362,4,What were the GenBank accession numbers for sequenced HIV isolates?,,,No
27124362,5,How many individuals had samples obtained for HIV sequencing?,,,0
27124362,6,From which countries were the sequenced samples obtained?,,,No
27124362,7,From what years were the sequenced samples obtained?,,,No
27124362,8,Were samples cloned prior to sequencing?,,,No
27124362,9,Which HIV genes were reported to have been sequenced?,,,No
27124362,10,What method was used for sequencing?,,,No
27124362,11,What type of samples were sequenced?,,,No
27124362,12,Were any sequences obtained from individuals with virological failure on a treatment regimen?,,,No
27124362,13,Were the patients in the study in a clinical trial?,,,No
27124362,14,Does the paper report HIV sequences from individuals who had previously received ARV drugs?,,,No
27124362,15,Which drug classes were received by individuals in the study before sample sequencing?,,,NNRTI
27124362,16,Which drugs were received by individuals in the study before sample sequencing?,,,"RPV, DOR"
28559249,1,Does the paper report HIV sequences from patient samples?,,,No
28559249,2,Does the paper report in vitro drug susceptibility data?,,,Yes
28559249,3,Were sequences from the paper made publicly available?,,,No
28559249,4,What were the GenBank accession numbers for sequenced HIV isolates?,,,No
28559249,5,How many individuals had samples obtained for HIV sequencing?,,,0
28559249,6,From which countries were the sequenced samples obtained?,,,No
28559249,7,From what years were the sequenced samples obtained?,,,No
28559249,8,Were samples cloned prior to sequencing?,,,No
28559249,9,Which HIV genes were reported to have been sequenced?,,,No
28559249,10,What method was used for sequencing?,,,No
28559249,11,What type of samples were sequenced?,,,No
28559249,12,Were any sequences obtained from individuals with virological failure on a treatment regimen?,,,No
28559249,13,Were the patients in the study in a clinical trial?,,,No
28559249,14,Does the paper report HIV sequences from individuals who had previously received ARV drugs?,,,No
28559249,15,Which drug classes were received by individuals in the study before sample sequencing?,,,No
28559249,16,Which drugs were received by individuals in the study before sample sequencing?,,,No
29373677,1,Does the paper report HIV sequences from patient samples?,,,Yes
29373677,2,Does the paper report in vitro drug susceptibility data?,,,Yes
29373677,3,Were sequences from the paper made publicly available?,,,Yes
29373677,4,What were the GenBank accession numbers for sequenced HIV isolates?,,,No
29373677,5,How many individuals had samples obtained for HIV sequencing?,,,1
29373677,6,From which countries were the sequenced samples obtained?,,,No
29373677,7,From what years were the sequenced samples obtained?,,,No
29373677,8,Were samples cloned prior to sequencing?,,,No
29373677,9,Which HIV genes were reported to have been sequenced?,,,"Integrase, IN"
29373677,10,What method was used for sequencing?,,,No
29373677,11,What type of samples were sequenced?,,,PBMC
29373677,12,Were any sequences obtained from individuals with virological failure on a treatment regimen?,,,Yes
29373677,13,Were the patients in the study in a clinical trial?,,,No
29373677,14,Does the paper report HIV sequences from individuals who had previously received ARV drugs?,,,Yes
29373677,15,Which drug classes were received by individuals in the study before sample sequencing?,,,INSTI
29373677,16,Which drugs were received by individuals in the study before sample sequencing?,,,"Dolutegravir (DTG), Raltegravir (RAL)"
30053052,1,Does the paper report HIV sequences from patient samples?,"The paper mentions that ""Stored plasma samples from patients who were either therapy naive (n = 42) or had a virological treatment failure (n = 9) were randomly selected from the HIV cohort at Karolinska University Hospital, Stockholm, Sweden.""","The paper explicitly states that plasma samples were obtained from patients, indicating that HIV sequences were indeed reported from patient samples.",Yes
30053052,2,Does the paper report in vitro drug susceptibility data?,"The paper mentions that ""DSA was performed on three resistant viruses from treatment-failure patients, one G190A-containing strain from a treatment-naive individual, and seven NNRTI-resistant viruses obtained from the NIH AIDS Reagent Program.""","The paper explicitly states that drug susceptibility data was obtained through in vitro experiments, specifically through the drug susceptibility assay (DSA).",Yes
30053052,3,Were sequences from the paper made publicly available?,Not reported,The paper does not provide information on whether the sequences were made publicly available.,No
30053052,4,What were the GenBank accession numbers for sequenced HIV isolates?,Not reported,The paper does not provide GenBank accession numbers for the sequenced HIV isolates.,No
30053052,5,How many individuals had samples obtained for HIV sequencing?,"The paper mentions that ""Stored plasma samples from patients who were either therapy naive (n = 42) or had a virological treatment failure (n = 9) were randomly selected from the HIV cohort at Karolinska University Hospital, Stockholm, Sweden.""",The paper explicitly states that samples were obtained from 51 individuals (42 therapy-naive and 9 with virological treatment failure).,51
30053052,6,From which countries were the sequenced samples obtained?,"The paper mentions that ""Stored plasma samples from patients who were either therapy naive (n = 42) or had a virological treatment failure (n = 9) were randomly selected from the HIV cohort at Karolinska University Hospital, Stockholm, Sweden.""",The paper explicitly states that the samples were obtained from Sweden.,Sweden
30053052,7,From what years were the sequenced samples obtained?,Not reported,The paper does not provide information on the specific years when the samples were obtained.,No
30053052,8,Were samples cloned prior to sequencing?,"The paper mentions that ""The gag-pol fragment (HXB2: 0702-5798) was cloned into pNL43 plasmid following digestion with BssHII and SalI (New England Biolabs, USA) and ligation using T4 DNA ligase (New England Biolabs).""",The paper explicitly states that cloning was performed prior to sequencing.,Yes
30053052,9,Which HIV genes were reported to have been sequenced?,"The paper mentions that ""The gag-pol fragment (HXB2: 0702-5798) was cloned into pNL43 plasmid following digestion with BssHII and SalI (New England Biolabs, USA) and ligation using T4 DNA ligase (New England Biolabs).""","The paper explicitly states that the gag-pol fragment was cloned, which contains the Capsid gene.",Capsid
30053052,10,What method was used for sequencing?,Not reported,The paper does not provide information on the sequencing method used.,No
30053052,11,What type of samples were sequenced?,"The paper mentions that ""Stored plasma samples from patients who were either therapy naive (n = 42) or had a virological treatment failure (n = 9) were randomly selected from the HIV cohort at Karolinska University Hospital, Stockholm, Sweden.""",The paper explicitly states that plasma samples were sequenced.,Plasma
30053052,12,Were any sequences obtained from individuals with virological failure on a treatment regimen?,"The paper mentions that ""Stored plasma samples from patients who were either therapy naive (n = 42) or had a virological treatment failure (n = 9) were randomly selected from the HIV cohort at Karolinska University Hospital, Stockholm, Sweden.""",The paper explicitly states that sequences were obtained from individuals with virological failure on a treatment regimen.,Yes
30053052,13,Were the patients in the study in a clinical trial?,Not reported,The paper does not provide information on whether the patients were part of a clinical trial.,No
30053052,14,Does the paper report HIV sequences from individuals who had previously received ARV drugs?,"The paper mentions that ""Stored plasma samples from patients who were either therapy naive (n = 42) or had a virological treatment failure (n = 9) were randomly selected from the HIV cohort at Karolinska University Hospital, Stockholm, Sweden.""",The paper explicitly states that sequences were obtained from individuals who had previously received ARV drugs (those with virological treatment failure).,Yes
30053052,15,Which drug classes were received by individuals in the study before sample sequencing?,"The paper mentions that ""The following drugs were purchased from Selleckchem, USA: nevirapine, efavirenz, etravirine, rilpivirine and tenofovir alafenamide.""","The paper explicitly states that the individuals received NNRTIs (Nevirapine, Efavirenz, Etravirine, Rilpivirine) and NRTIs (Tenofovir alafenamide) before sample sequencing.","NNRTI, NRTI"
30053052,16,Which drugs were received by individuals in the study before sample sequencing?,"The paper mentions that ""The following drugs were purchased from Selleckchem, USA: nevirapine, efavirenz, etravirine, rilpivirine and tenofovir alafenamide.""","The paper explicitly states that the individuals received Nevirapine, Efavirenz, Etravirine, Rilpivirine, and Tenofovir alafenamide before sample sequencing.","Nevirapine, Efavirenz, Etravirine, Rilpivirine, Tenofovir alafenamide"
30803972,1,Does the paper report HIV sequences from patient samples?,,,No
30803972,2,Does the paper report in vitro drug susceptibility data?,,,Yes
30803972,3,Were sequences from the paper made publicly available?,,,No
30803972,4,What were the GenBank accession numbers for sequenced HIV isolates?,,,No
30803972,5,How many individuals had samples obtained for HIV sequencing?,,,0
30803972,6,From which countries were the sequenced samples obtained?,,,No
30803972,7,From what years were the sequenced samples obtained?,,,No
30803972,8,Were samples cloned prior to sequencing?,,,No
30803972,9,Which HIV genes were reported to have been sequenced?,,,No
30803972,10,What method was used for sequencing?,,,No
30803972,11,What type of samples were sequenced?,,,No
30803972,12,Were any sequences obtained from individuals with virological failure on a treatment regimen?,,,No
30803972,13,Were the patients in the study in a clinical trial?,,,No
30803972,14,Does the paper report HIV sequences from individuals who had previously received ARV drugs?,,,No
30803972,15,Which drug classes were received by individuals in the study before sample sequencing?,,,INSTI
30803972,16,Which drugs were received by individuals in the study before sample sequencing?,,,Bictegravir
31988104,1,Does the paper report HIV sequences from patient samples?,The paper does not explicitly mention the use of patient samples for HIV sequencing.,"The paper does not provide any information about the source of the HIV sequences, and it does not mention patient samples.",No
31988104,2,Does the paper report in vitro drug susceptibility data?,"The paper reports in vitro drug susceptibility data, including the results of multicycle phenotypic assays and viral breakthrough assays.","The paper presents data on the susceptibility of HIV-1 to various antiretroviral drugs, including TAF, TDF, and others, using in vitro assays.",Yes
31988104,3,Were sequences from the paper made publicly available?,Not reported,The paper does not provide any information about the public availability of the sequences.,No
31988104,4,What were the GenBank accession numbers for sequenced HIV isolates?,Not reported,The paper does not provide any GenBank accession numbers for sequenced HIV isolates.,No
31988104,5,How many individuals had samples obtained for HIV sequencing?,The paper does not explicitly mention the number of individuals who had samples obtained for HIV sequencing.,The paper does not provide any information about the number of individuals who had samples obtained for HIV sequencing.,0
31988104,6,From which countries were the sequenced samples obtained?,Not reported,The paper does not provide any information about the countries from which the sequenced samples were obtained.,No
31988104,7,From what years were the sequenced samples obtained?,Not reported,The paper does not provide any information about the years from which the sequenced samples were obtained.,No
31988104,8,Were samples cloned prior to sequencing?,The paper does not explicitly mention whether samples were cloned prior to sequencing.,The paper does not provide any information about cloning of samples prior to sequencing.,No
31988104,9,Which HIV genes were reported to have been sequenced?,The paper does not explicitly mention which HIV genes were sequenced.,The paper does not provide any information about the specific HIV genes that were sequenced.,No
31988104,10,What method was used for sequencing?,Not reported,The paper does not provide any information about the sequencing method used.,No
31988104,11,What type of samples were sequenced?,The paper does not explicitly mention the type of samples that were sequenced.,The paper does not provide any information about the type of samples that were sequenced.,No
31988104,12,Were any sequences obtained from individuals with virological failure on a treatment regimen?,The paper does not explicitly mention whether sequences were obtained from individuals with virological failure on a treatment regimen.,The paper does not provide any information about virological failure on a treatment regimen.,No
31988104,13,Were the patients in the study in a clinical trial?,The paper does not explicitly mention whether the patients were in a clinical trial.,The paper does not provide any information about a clinical trial.,No
31988104,14,Does the paper report HIV sequences from individuals who had previously received ARV drugs?,The paper does not explicitly mention whether the individuals had previously received ARV drugs.,The paper does not provide any information about previous ARV drug use.,No
31988104,15,Which drug classes were received by individuals in the study before sample sequencing?,"The paper mentions that the individuals received NRTI, NNRTI, PI, and INSTI drugs.",The paper provides information about the drug classes that were received by the individuals in the study.,"NRTI, NNRTI, PI, INSTI"
31988104,16,Which drugs were received by individuals in the study before sample sequencing?,"The paper mentions that the individuals received Abacavir (ABC), Zidovudine (AZT), Zalcitabine (DDC), Didanosine (DDI), Lamivudine (3TC), Stavudine (D4T), Emtricitabine (FTC), Tenofovir (TFV), Nevirapine (NVP), Delavirdine (DLV), Efavirenz (EFV), Etravirine (ETR), Rilpivirine (RPV), Doravirine (DOR), Amprenavir (APV), Lopinavir (LPV), Atazanavir (ATV), Derunavir (DRV), Raltegravir (RAL), Elvitegravir (EVG), Dolutagravir (DTG), Bictegravir (BIC), cabotagravir (CAB), Lenacapavir (LEN).",The paper provides information about the specific drugs that were received by the individuals in the study.,"Abacavir (ABC), Zidovudine (AZT), Zalcitabine (DDC), Didanosine (DDI), Lamivudine (3TC), Stavudine (D4T), Emtricitabine (FTC), Tenofovir (TFV), Nevirapine (NVP), Delavirdine (DLV), Efavirenz (EFV), Etravirine (ETR), Rilpivirine (RPV), Doravirine (DOR), Amprenavir (APV), Lopinavir (LPV), Atazanavir (ATV), Derunavir (DRV), Raltegravir (RAL), Elvitegravir (EVG), Dolutagravir (DTG), Bictegravir (BIC), cabotagravir (CAB), Lenacapavir (LEN)"
32601157,1,Does the paper report HIV sequences from patient samples?,,,No
32601157,2,Does the paper report in vitro drug susceptibility data?,,,Yes
32601157,3,Were sequences from the paper made publicly available?,,,No
32601157,4,What were the GenBank accession numbers for sequenced HIV isolates?,,,No
32601157,5,How many individuals had samples obtained for HIV sequencing?,,,0
32601157,6,From which countries were the sequenced samples obtained?,,,No
32601157,7,From what years were the sequenced samples obtained?,,,No
32601157,8,Were samples cloned prior to sequencing?,,,No
32601157,9,Which HIV genes were reported to have been sequenced?,,,No
32601157,10,What method was used for sequencing?,,,No
32601157,11,What type of samples were sequenced?,,,No
32601157,12,Were any sequences obtained from individuals with virological failure on a treatment regimen?,,,No
32601157,13,Were the patients in the study in a clinical trial?,,,No
32601157,14,Does the paper report HIV sequences from individuals who had previously received ARV drugs?,,,No
32601157,15,Which drug classes were received by individuals in the study before sample sequencing?,,,INSTI
32601157,16,Which drugs were received by individuals in the study before sample sequencing?,,,"Raltegravir (RAL), Elvitegravir(EVG), Dolutagravir (DTG), Bictegravir (BIC), cabotagravir (CAB), Lenacapavir (LEN)"
33855437,1,Does the paper report HIV sequences from patient samples?,,,Yes
33855437,2,Does the paper report in vitro drug susceptibility data?,,,Yes
33855437,3,Were sequences from the paper made publicly available?,,,Yes
33855437,4,What were the GenBank accession numbers for sequenced HIV isolates?,,,"MW484894, MW484895, MW484893, DQ380549, AF492618, MW48492, AF324493"
33855437,5,How many individuals had samples obtained for HIV sequencing?,,,6
33855437,6,From which countries were the sequenced samples obtained?,,,Ethiopia
33855437,7,From what years were the sequenced samples obtained?,,,No
33855437,8,Were samples cloned prior to sequencing?,,,No
33855437,9,Which HIV genes were reported to have been sequenced?,,,No
33855437,10,What method was used for sequencing?,,,No
33855437,11,What type of samples were sequenced?,,,PBMC
33855437,12,Were any sequences obtained from individuals with virological failure on a treatment regimen?,,,No
33855437,13,Were the patients in the study in a clinical trial?,,,No
33855437,14,Does the paper report HIV sequences from individuals who had previously received ARV drugs?,,,No
33855437,15,Which drug classes were received by individuals in the study before sample sequencing?,,,NNRTI
33855437,16,Which drugs were received by individuals in the study before sample sequencing?,,,"Doravirine, Rilpivirine"
34516245,1,Does the paper report HIV sequences from patient samples?,"The paper does not mention obtaining samples from patients, but rather uses lab-generated viruses.","The paper discusses the development of resistance to 4‚Ä≤-Ethynyl-2-Fluoro-2‚Ä≤-Deoxyadenosine (EFdA) in HIV-1, using lab-generated viruses.",No
34516245,2,Does the paper report in vitro drug susceptibility data?,The paper reports the results of in vitro experiments to determine the susceptibility of various HIV-1 mutants to EFdA.,"The paper discusses the development of resistance to EFdA in HIV-1, using in vitro experiments to determine the susceptibility of various mutants to the drug.",Yes
34516245,3,Were sequences from the paper made publicly available?,The paper does not mention making sequences publicly available.,The paper does not mention sequencing HIV isolates or making sequences publicly available.,No
34516245,4,What were the GenBank accession numbers for sequenced HIV isolates?,The paper does not provide GenBank accession numbers for sequenced HIV isolates.,The paper does not mention obtaining samples from patients or sequencing HIV isolates.,No
34516245,5,How many individuals had samples obtained for HIV sequencing?,The paper does not mention obtaining samples from individuals.,The paper does not mention sequencing HIV isolates or obtaining samples from individuals.,0
34516245,6,From which countries were the sequenced samples obtained?,The paper does not mention obtaining samples from specific countries.,The paper does not mention obtaining samples from patients or sequencing HIV isolates.,No
34516245,7,From what years were the sequenced samples obtained?,The paper does not mention obtaining samples from specific years.,The paper does not mention obtaining samples from patients or sequencing HIV isolates.,No
34516245,8,Were samples cloned prior to sequencing?,The paper does not mention cloning samples prior to sequencing.,The paper does not mention sequencing HIV isolates or cloning samples.,No
34516245,9,Which HIV genes were reported to have been sequenced?,"The paper does not mention sequencing specific HIV genes, but rather discusses the development of resistance to EFdA in HIV-1.","The paper discusses the development of resistance to EFdA in HIV-1, but does not mention sequencing specific HIV genes.","Reverse transcriptase, RT"
34516245,10,What method was used for sequencing?,The paper does not mention the specific sequencing method used.,The paper does not mention sequencing HIV isolates or using a specific sequencing method.,No
34516245,11,What type of samples were sequenced?,The paper does not mention the specific type of samples sequenced.,The paper does not mention sequencing HIV isolates or using specific sample types.,No
34516245,12,Were any sequences obtained from individuals with virological failure on a treatment regimen?,The paper does not mention obtaining sequences from individuals with virological failure on a treatment regimen.,The paper does not mention sequencing HIV isolates or obtaining sequences from individuals with virological failure.,No
34516245,13,Were the patients in the study in a clinical trial?,The paper does not mention a clinical trial.,"The paper discusses the development of resistance to EFdA in HIV-1, using lab-generated viruses.",No
34516245,14,Does the paper report HIV sequences from individuals who had previously received ARV drugs?,The paper does not mention obtaining sequences from individuals who had previously received ARV drugs.,The paper does not mention sequencing HIV isolates or obtaining sequences from individuals who had previously received ARV drugs.,No
34516245,15,Which drug classes were received by individuals in the study before sample sequencing?,The paper does not mention individuals receiving drug classes before sample sequencing.,The paper does not mention sequencing HIV isolates or obtaining samples from individuals.,NRTI
34516245,16,Which drugs were received by individuals in the study before sample sequencing?,The paper does not mention individuals receiving specific drugs before sample sequencing.,The paper does not mention sequencing HIV isolates or obtaining samples from individuals.,EFdA
35730213,1,Does the paper report HIV sequences from patient samples?,,,No
35730213,2,Does the paper report in vitro drug susceptibility data?,,,No
35730213,3,Were sequences from the paper made publicly available?,,,No
35730213,4,What were the GenBank accession numbers for sequenced HIV isolates?,,,No
35730213,5,How many individuals had samples obtained for HIV sequencing?,,,0
35730213,6,From which countries were the sequenced samples obtained?,,,No
35730213,7,From what years were the sequenced samples obtained?,,,No
35730213,8,Were samples cloned prior to sequencing?,,,No
35730213,9,Which HIV genes were reported to have been sequenced?,,,No
35730213,10,What method was used for sequencing?,,,No
35730213,11,What type of samples were sequenced?,,,No
35730213,12,Were any sequences obtained from individuals with virological failure on a treatment regimen?,,,No
35730213,13,Were the patients in the study in a clinical trial?,,,No
35730213,14,Does the paper report HIV sequences from individuals who had previously received ARV drugs?,,,No
35730213,15,Which drug classes were received by individuals in the study before sample sequencing?,,,"NNRTI, INSTI"
35730213,16,Which drugs were received by individuals in the study before sample sequencing?,,,"EFV, DTG"
35913500,1,Does the paper report HIV sequences from patient samples?,,,No
35913500,2,Does the paper report in vitro drug susceptibility data?,,,No
35913500,3,Were sequences from the paper made publicly available?,,,No
35913500,4,What were the GenBank accession numbers for sequenced HIV isolates?,,,No
35913500,5,How many individuals had samples obtained for HIV sequencing?,,,0
35913500,6,From which countries were the sequenced samples obtained?,,,No
35913500,7,From what years were the sequenced samples obtained?,,,No
35913500,8,Were samples cloned prior to sequencing?,,,No
35913500,9,Which HIV genes were reported to have been sequenced?,,,No
35913500,10,What method was used for sequencing?,,,No
35913500,11,What type of samples were sequenced?,,,No
35913500,12,Were any sequences obtained from individuals with virological failure on a treatment regimen?,,,No
35913500,13,Were the patients in the study in a clinical trial?,,,No
35913500,14,Does the paper report HIV sequences from individuals who had previously received ARV drugs?,,,No
35913500,15,Which drug classes were received by individuals in the study before sample sequencing?,,,INSTI
35913500,16,Which drugs were received by individuals in the study before sample sequencing?,,,CAB/RPV-LA
35945163,1,Does the paper report HIV sequences from patient samples?,,,No
35945163,2,Does the paper report in vitro drug susceptibility data?,,,No
35945163,3,Were sequences from the paper made publicly available?,,,No
35945163,4,What were the GenBank accession numbers for sequenced HIV isolates?,,,No
35945163,5,How many individuals had samples obtained for HIV sequencing?,,,0
35945163,6,From which countries were the sequenced samples obtained?,,,No
35945163,7,From what years were the sequenced samples obtained?,,,No
35945163,8,Were samples cloned prior to sequencing?,,,No
35945163,9,Which HIV genes were reported to have been sequenced?,,,No
35945163,10,What method was used for sequencing?,,,No
35945163,11,What type of samples were sequenced?,,,No
35945163,12,Were any sequences obtained from individuals with virological failure on a treatment regimen?,,,No
35945163,13,Were the patients in the study in a clinical trial?,,,No
35945163,14,Does the paper report HIV sequences from individuals who had previously received ARV drugs?,,,No
35945163,15,Which drug classes were received by individuals in the study before sample sequencing?,,,"INSTI, NNRTI"
35945163,16,Which drugs were received by individuals in the study before sample sequencing?,,,"Cabotegravir, Rilpivirine"
36415058,1,Does the paper report HIV sequences from patient samples?,,,No
36415058,2,Does the paper report in vitro drug susceptibility data?,,,No
36415058,3,Were sequences from the paper made publicly available?,,,No
36415058,4,What were the GenBank accession numbers for sequenced HIV isolates?,,,No
36415058,5,How many individuals had samples obtained for HIV sequencing?,,,0
36415058,6,From which countries were the sequenced samples obtained?,,,No
36415058,7,From what years were the sequenced samples obtained?,,,No
36415058,8,Were samples cloned prior to sequencing?,,,No
36415058,9,Which HIV genes were reported to have been sequenced?,,,No
36415058,10,What method was used for sequencing?,,,No
36415058,11,What type of samples were sequenced?,,,No
36415058,12,Were any sequences obtained from individuals with virological failure on a treatment regimen?,,,No
36415058,13,Were the patients in the study in a clinical trial?,,,No
36415058,14,Does the paper report HIV sequences from individuals who had previously received ARV drugs?,,,No
36415058,15,Which drug classes were received by individuals in the study before sample sequencing?,,,"INSTI, NNRTI, PI"
36415058,16,Which drugs were received by individuals in the study before sample sequencing?,,,"Cabotegravir, Rilpivirine"
36454248,1,Does the paper report HIV sequences from patient samples?,"The paper reports HIV sequences from patient samples, specifically from 76 HIV-infected children and adolescents in Panama.",The paper mentions that plasma samples were collected from 76 HIV-infected children and adolescents in Panama for HIV-1 DRM pol analysis.,Yes
36454248,2,Does the paper report in vitro drug susceptibility data?,The paper reports predicted ARV susceptibility by Stanford in the 67 HIV-1-infected children and adolescents from Panama with available pol sequence.,The paper mentions that the predicted ARV susceptibility to 25 ARVs by Stanford in the 67 HIV-1-infected children and adolescents from Panama with available pol sequence is shown in Figure 3.,Yes
36454248,3,Were sequences from the paper made publicly available?,The paper mentions that HIV-1 sequences were submitted to GenBank with the following accession numbers: OM201778 -- OM201846.,The paper mentions that HIV-1 sequences were submitted to GenBank with the following accession numbers: OM201778 -- OM201846.,Yes
36454248,4,What were the GenBank accession numbers for sequenced HIV isolates?,The GenBank accession numbers for sequenced HIV isolates were OM201778 -- OM201846.,The paper mentions that HIV-1 sequences were submitted to GenBank with the following accession numbers: OM201778 -- OM201846.,OM201778 -- OM201846
36454248,5,How many individuals had samples obtained for HIV sequencing?,The paper mentions that plasma samples were collected from 76 HIV-infected children and adolescents in Panama.,The paper mentions that plasma samples were collected from 76 HIV-infected children and adolescents in Panama.,76
36454248,6,From which countries were the sequenced samples obtained?,The sequenced samples were obtained from Panama.,The paper mentions that the study was conducted in Panama and that plasma samples were collected from 76 HIV-infected children and adolescents in Panama.,Panama
36454248,7,From what years were the sequenced samples obtained?,The sequenced samples were obtained from 2018 to 2019.,The paper mentions that the study was conducted during 2018--19.,2018-2019
36454248,8,Were samples cloned prior to sequencing?,The paper does not mention cloning prior to sequencing.,The paper does not mention cloning prior to sequencing.,No
36454248,9,Which HIV genes were reported to have been sequenced?,"The paper reports that the protease (PR), reverse transcriptase (RT), and integrase (IN) genes were sequenced.","The paper mentions that the HIV-1 pol region, including the complete HIV-1 PR (codons 1--99), partial RT (1--345), and IN (48--285), was sequenced for genotyping study of DRMs to PIs, NRTIs, NNRTIs, and integrase strand transfer inhibitors (INSTIs).","Protease, PR; Reverse transcriptase, RT; Integrase, IN"
36454248,10,What method was used for sequencing?,The paper does not specify the sequencing method used.,The paper does not mention the sequencing method used.,No
36454248,11,What type of samples were sequenced?,The paper mentions that plasma samples were sequenced.,The paper mentions that plasma samples were collected from 76 HIV-infected children and adolescents in Panama.,Plasma
36454248,12,Were any sequences obtained from individuals with virological failure on a treatment regimen?,"The paper mentions that all treated children/adolescents with pol sequence had received NRTIs, 45.2% non-NRTIs, 95.2% PIs, and only 11 (17.7%) INSTIs, and that despite the use of ART, all treated children/adolescents with pol sequence showed virological failure (VL > 50 copies/mL).","The paper mentions that all treated children/adolescents with pol sequence had received NRTIs, 45.2% non-NRTIs, 95.2% PIs, and only 11 (17.7%) INSTIs, and that despite the use of ART, all treated children/adolescents with pol sequence showed virological failure (VL > 50 copies/mL).",Yes
36454248,13,Were the patients in the study in a clinical trial?,The paper does not mention a clinical trial.,The paper does not mention a clinical trial.,No
36454248,14,Does the paper report HIV sequences from individuals who had previously received ARV drugs?,"The paper mentions that all treated children/adolescents with pol sequence had received NRTIs, 45.2% non-NRTIs, 95.2% PIs, and only 11 (17.7%) INSTIs.","The paper mentions that all treated children/adolescents with pol sequence had received NRTIs, 45.2% non-NRTIs, 95.2% PIs, and only 11 (17.7%) INSTIs.",Yes
36454248,15,Which drug classes were received by individuals in the study before sample sequencing?,"The paper mentions that all treated children/adolescents with pol sequence had received NRTIs, 45.2% non-NRTIs, 95.2% PIs, and only 11 (17.7%) INSTIs.","The paper mentions that all treated children/adolescents with pol sequence had received NRTIs, 45.2% non-NRTIs, 95.2% PIs, and only 11 (17.7%) INSTIs.","NRTI, PI, INSTI"
36454248,16,Which drugs were received by individuals in the study before sample sequencing?,"The paper mentions that all treated children/adolescents with pol sequence had received NRTIs, 45.2% non-NRTIs, 95.2% PIs, and only 11 (17.7%) INSTIs.","The paper mentions that all treated children/adolescents with pol sequence had received NRTIs, 45.2% non-NRTIs, 95.2% PIs, and only 11 (17.7%) INSTIs.","Lamivudine, Zidovudine, Lopinavir, Ritonavir, Raltegravir"
36519389,1,Does the paper report HIV sequences from patient samples?,,,No
36519389,2,Does the paper report in vitro drug susceptibility data?,,,No
36519389,3,Were sequences from the paper made publicly available?,,,No
36519389,4,What were the GenBank accession numbers for sequenced HIV isolates?,,,No
36519389,5,How many individuals had samples obtained for HIV sequencing?,,,0
36519389,6,From which countries were the sequenced samples obtained?,,,South Africa
36519389,7,From what years were the sequenced samples obtained?,,,2022
36519389,8,Were samples cloned prior to sequencing?,,,No
36519389,9,Which HIV genes were reported to have been sequenced?,,,No
36519389,10,What method was used for sequencing?,,,No
36519389,11,What type of samples were sequenced?,,,No
36519389,12,Were any sequences obtained from individuals with virological failure on a treatment regimen?,,,No
36519389,13,Were the patients in the study in a clinical trial?,,,Yes
36519389,14,Does the paper report HIV sequences from individuals who had previously received ARV drugs?,,,Yes
36519389,15,Which drug classes were received by individuals in the study before sample sequencing?,,,"INSTI, NRTI, NNRTI"
36519389,16,Which drugs were received by individuals in the study before sample sequencing?,,,"Dolutagravir (DTG), Emtricitabine (FTC), Tenofovir (TFV), Efavirenz (EFV)"
36571282,1,Does the paper report HIV sequences from patient samples?,,,Yes
36571282,2,Does the paper report in vitro drug susceptibility data?,,,No
36571282,3,Were sequences from the paper made publicly available?,,,No
36571282,4,What were the GenBank accession numbers for sequenced HIV isolates?,,,No
36571282,5,How many individuals had samples obtained for HIV sequencing?,,,2705
36571282,6,From which countries were the sequenced samples obtained?,,,"France, Greece, Italy, Portugal, Spain"
36571282,7,From what years were the sequenced samples obtained?,,,2018-2021
36571282,8,Were samples cloned prior to sequencing?,,,No
36571282,9,Which HIV genes were reported to have been sequenced?,,,"Integrase, Reverse transcriptase"
36571282,10,What method was used for sequencing?,,,"Sanger sequencing, Next-generation sequencing"
36571282,11,What type of samples were sequenced?,,,Plasma
36571282,12,Were any sequences obtained from individuals with virological failure on a treatment regimen?,,,No
36571282,13,Were the patients in the study in a clinical trial?,,,No
36571282,14,Does the paper report HIV sequences from individuals who had previously received ARV drugs?,,,Yes
36571282,15,Which drug classes were received by individuals in the study before sample sequencing?,,,"NRTI, NNRTI, PI, INSTI"
36571282,16,Which drugs were received by individuals in the study before sample sequencing?,,,"Abacavir, Zidovudine, Zalcitabine, Didanosine, Lamivudine, Stavudine, Emtricitabine, Tenofovir, Nevirapine, Delavirdine, Efavirenz, Etravirine, Rilpivirine, Doravirine, Amprenavir, Lopinavir, Atazanavir, Derunavir, Raltegravir, Elvitegravir, Dolutagravir, Bictegravir, Cabotegravir, Lenacapavir"
36597160,1,Does the paper report HIV sequences from patient samples?,,,No
36597160,2,Does the paper report in vitro drug susceptibility data?,,,No
36597160,3,Were sequences from the paper made publicly available?,,,No
36597160,4,What were the GenBank accession numbers for sequenced HIV isolates?,,,No
36597160,5,How many individuals had samples obtained for HIV sequencing?,,,0
36597160,6,From which countries were the sequenced samples obtained?,,,No
36597160,7,From what years were the sequenced samples obtained?,,,No
36597160,8,Were samples cloned prior to sequencing?,,,No
36597160,9,Which HIV genes were reported to have been sequenced?,,,No
36597160,10,What method was used for sequencing?,,,No
36597160,11,What type of samples were sequenced?,,,No
36597160,12,Were any sequences obtained from individuals with virological failure on a treatment regimen?,,,Yes
36597160,13,Were the patients in the study in a clinical trial?,,,No
36597160,14,Does the paper report HIV sequences from individuals who had previously received ARV drugs?,,,Yes
36597160,15,Which drug classes were received by individuals in the study before sample sequencing?,,,"NRTI, NNRTI, PI, INSTI"
36597160,16,Which drugs were received by individuals in the study before sample sequencing?,,,"Elvitegravir, cobicistat, emtricitabine, tenofovir disoproxil fumarate"
36645792,1,Does the paper report HIV sequences from patient samples?,,,No
36645792,2,Does the paper report in vitro drug susceptibility data?,,,No
36645792,3,Were sequences from the paper made publicly available?,,,No
36645792,4,What were the GenBank accession numbers for sequenced HIV isolates?,,,No
36645792,5,How many individuals had samples obtained for HIV sequencing?,,,0
36645792,6,From which countries were the sequenced samples obtained?,,,No
36645792,7,From what years were the sequenced samples obtained?,,,No
36645792,8,Were samples cloned prior to sequencing?,,,No
36645792,9,Which HIV genes were reported to have been sequenced?,,,No
36645792,10,What method was used for sequencing?,,,No
36645792,11,What type of samples were sequenced?,,,No
36645792,12,Were any sequences obtained from individuals with virological failure on a treatment regimen?,,,Yes
36645792,13,Were the patients in the study in a clinical trial?,,,Yes
36645792,14,Does the paper report HIV sequences from individuals who had previously received ARV drugs?,,,Yes
36645792,15,Which drug classes were received by individuals in the study before sample sequencing?,,,"NRTI, NNRTI, INSTI"
36645792,16,Which drugs were received by individuals in the study before sample sequencing?,,,"Tenofovir, lamivudine, dolutegravir, efavirenz"
36659824,1,Does the paper report HIV sequences from patient samples?,The paper does not mention sequencing patient samples or reporting HIV sequences.,"The paper does not mention sequencing patient samples or reporting HIV sequences, it only discusses the efficacy, safety, and feasibility of using BIC/FTC/TAF as a first-line regimen in a same-day initiation strategy.",No
36659824,2,Does the paper report in vitro drug susceptibility data?,The paper does not mention in vitro drug susceptibility data.,"The paper does not mention in vitro drug susceptibility data, it only discusses the efficacy, safety, and feasibility of using BIC/FTC/TAF as a first-line regimen in a same-day initiation strategy.",No
36659824,3,Were sequences from the paper made publicly available?,Not reported.,The paper does not mention if sequences from the paper were made publicly available.,No
36659824,4,What were the GenBank accession numbers for sequenced HIV isolates?,Not reported.,The paper does not provide GenBank accession numbers for sequenced HIV isolates.,No
36659824,5,How many individuals had samples obtained for HIV sequencing?,Not reported.,The paper does not mention how many individuals had samples obtained for HIV sequencing.,0
36659824,6,From which countries were the sequenced samples obtained?,Not reported.,The paper does not mention from which countries the sequenced samples were obtained.,No
36659824,7,From what years were the sequenced samples obtained?,Not reported.,The paper does not mention from what years the sequenced samples were obtained.,No
36659824,8,Were samples cloned prior to sequencing?,Not reported.,The paper does not mention if samples were cloned prior to sequencing.,No
36659824,9,Which HIV genes were reported to have been sequenced?,Not reported.,The paper does not mention which HIV genes were reported to have been sequenced.,No
36659824,10,What method was used for sequencing?,Not reported.,The paper does not mention what method was used for sequencing.,No
36659824,11,What type of samples were sequenced?,Not reported.,The paper does not mention what type of samples were sequenced.,No
36659824,12,Were any sequences obtained from individuals with virological failure on a treatment regimen?,Not reported.,The paper does not mention if any sequences were obtained from individuals with virological failure on a treatment regimen.,No
36659824,13,Were the patients in the study in a clinical trial?,"Yes, the study was a national, prospective, single-arm study assessing the efficacy, safety, and feasibility of BIC/FTC/TAF in a same-day initiation model.",The paper mentions that the study was a clinical trial.,Yes
36659824,14,Does the paper report HIV sequences from individuals who had previously received ARV drugs?,Not reported.,The paper does not mention if the individuals had previously received ARV drugs.,No
36659824,15,Which drug classes were received by individuals in the study before sample sequencing?,Not reported.,The paper does not mention which drug classes were received by individuals in the study before sample sequencing.,No
36659824,16,Which drugs were received by individuals in the study before sample sequencing?,Not reported.,The paper does not mention which drugs were received by individuals in the study before sample sequencing.,No
36660819,1,Does the paper report HIV sequences from patient samples?,Not reported.,The paper does not mention HIV sequences from patient samples.,No
36660819,2,Does the paper report in vitro drug susceptibility data?,Not reported.,The paper does not mention in vitro drug susceptibility data.,No
36660819,3,Were sequences from the paper made publicly available?,Not reported.,The paper does not mention if the sequences were made publicly available.,No
36660819,4,What were the GenBank accession numbers for sequenced HIV isolates?,Not reported.,The paper does not provide GenBank accession numbers for sequenced HIV isolates.,No
36660819,5,How many individuals had samples obtained for HIV sequencing?,Not reported.,The paper does not mention how many individuals had samples obtained for HIV sequencing.,0
36660819,6,From which countries were the sequenced samples obtained?,Not reported.,The paper does not mention from which countries the sequenced samples were obtained.,No
36660819,7,From what years were the sequenced samples obtained?,Not reported.,The paper does not mention from what years the sequenced samples were obtained.,No
36660819,8,Were samples cloned prior to sequencing?,Not reported.,The paper does not mention if samples were cloned prior to sequencing.,No
36660819,9,Which HIV genes were reported to have been sequenced?,Not reported.,The paper does not mention which HIV genes were reported to have been sequenced.,No
36660819,10,What method was used for sequencing?,Not reported.,The paper does not mention what method was used for sequencing.,No
36660819,11,What type of samples were sequenced?,Not reported.,The paper does not mention what type of samples were sequenced.,No
36660819,12,Were any sequences obtained from individuals with virological failure on a treatment regimen?,Not reported.,The paper does not mention if any sequences were obtained from individuals with virological failure on a treatment regimen.,No
36660819,13,Were the patients in the study in a clinical trial?,"Yes, the study was a phase 3b randomized, open-label, active-controlled, multicenter, parallel-group noninferiority study.",The paper mentions that the study was a clinical trial.,Yes
36660819,14,Does the paper report HIV sequences from individuals who had previously received ARV drugs?,Not reported.,The paper does not mention if the individuals had previously received ARV drugs.,No
36660819,15,Which drug classes were received by individuals in the study before sample sequencing?,"INSTI (Integrase Inhibitor), including cabotegravir (CAB), and NNRTI (Non-Nucleosid Reverse Transcriptase Inhibitor), including Rilpivirine (RPV).",The paper mentions that the individuals received cabotegravir (CAB) and rilpivirine (RPV) before sample sequencing.,"INSTI, NNRTI"
36660819,16,Which drugs were received by individuals in the study before sample sequencing?,Cabotegravir (CAB) and Rilpivirine (RPV).,The paper mentions that the individuals received cabotegravir (CAB) and rilpivirine (RPV) before sample sequencing.,"Cabotegravir (CAB), Rilpivirine (RPV)"
36694270,1,Does the paper report HIV sequences from patient samples?,,,Yes
36694270,2,Does the paper report in vitro drug susceptibility data?,,,No
36694270,3,Were sequences from the paper made publicly available?,,,No
36694270,4,What were the GenBank accession numbers for sequenced HIV isolates?,,,No
36694270,5,How many individuals had samples obtained for HIV sequencing?,,,62
36694270,6,From which countries were the sequenced samples obtained?,,,China
36694270,7,From what years were the sequenced samples obtained?,,,2019-2022
36694270,8,Were samples cloned prior to sequencing?,,,No
36694270,9,Which HIV genes were reported to have been sequenced?,,,"Protease, Reverse transcriptase, Integrase"
36694270,10,What method was used for sequencing?,,,Sanger sequencing
36694270,11,What type of samples were sequenced?,,,"CSF, Plasma"
36694270,12,Were any sequences obtained from individuals with virological failure on a treatment regimen?,,,No
36694270,13,Were the patients in the study in a clinical trial?,,,No
36694270,14,Does the paper report HIV sequences from individuals who had previously received ARV drugs?,,,Yes
36694270,15,Which drug classes were received by individuals in the study before sample sequencing?,,,"NRTI, NNRTI, PI"
36694270,16,Which drugs were received by individuals in the study before sample sequencing?,,,"3TC, TDF, EFV, LPV/r"
36706364,1,Does the paper report HIV sequences from patient samples?,,,No
36706364,2,Does the paper report in vitro drug susceptibility data?,,,No
36706364,3,Were sequences from the paper made publicly available?,,,No
36706364,4,What were the GenBank accession numbers for sequenced HIV isolates?,,,No
36706364,5,How many individuals had samples obtained for HIV sequencing?,,,62
36706364,6,From which countries were the sequenced samples obtained?,,,South Africa
36706364,7,From what years were the sequenced samples obtained?,,,2019-2020
36706364,8,Were samples cloned prior to sequencing?,,,No
36706364,9,Which HIV genes were reported to have been sequenced?,,,No
36706364,10,What method was used for sequencing?,,,No
36706364,11,What type of samples were sequenced?,,,No
36706364,12,Were any sequences obtained from individuals with virological failure on a treatment regimen?,,,Yes
36706364,13,Were the patients in the study in a clinical trial?,,,Yes
36706364,14,Does the paper report HIV sequences from individuals who had previously received ARV drugs?,,,Yes
36706364,15,Which drug classes were received by individuals in the study before sample sequencing?,,,"NRTI, NNRTI"
36706364,16,Which drugs were received by individuals in the study before sample sequencing?,,,"Tenofovir, lamivudine/emtricitabine, efavirenz, nevirapine"
36738248,1,Does the paper report HIV sequences from patient samples?,,,Yes
36738248,2,Does the paper report in vitro drug susceptibility data?,,,No
36738248,3,Were sequences from the paper made publicly available?,,,No
36738248,4,What were the GenBank accession numbers for sequenced HIV isolates?,,,No
36738248,5,How many individuals had samples obtained for HIV sequencing?,,,527
36738248,6,From which countries were the sequenced samples obtained?,,,Switzerland
36738248,7,From what years were the sequenced samples obtained?,,,2002-2021
36738248,8,Were samples cloned prior to sequencing?,,,No
36738248,9,Which HIV genes were reported to have been sequenced?,,,"Protease, PR; Reverse transcriptase, RT; Integrase, IN"
36738248,10,What method was used for sequencing?,,,Illumina sequencing
36738248,11,What type of samples were sequenced?,,,Plasma
36738248,12,Were any sequences obtained from individuals with virological failure on a treatment regimen?,,,Yes
36738248,13,Were the patients in the study in a clinical trial?,,,No
36738248,14,Does the paper report HIV sequences from individuals who had previously received ARV drugs?,,,Yes
36738248,15,Which drug classes were received by individuals in the study before sample sequencing?,,,"NRTI, NNRTI, PI, INSTI"
36738248,16,Which drugs were received by individuals in the study before sample sequencing?,,,"Amprenavir (APV), Lopinavir'(LPV), Atazanavir (ATV), Derunavir (DRV), Nelfinavir (NFV), Nevirapine (NVP), Delavirdine (DLV), Efavirenz (EFV), Etravirine (ETR), Rilpivirine (RPV), Doravirine (DOR), Raltegravir (RAL), Elvitegravir(EVG), Dolutagravir (DTG), Bictegravir (BIC), cabotagravir (CAB), Lenacapavir (LEN)"
36751650,1,Does the paper report HIV sequences from patient samples?,"The paper mentions that ""Pol sequences were sequenced to analyze PDR and construct a genetic network.""",The paper explicitly states that it analyzed HIV sequences from patient samples.,Yes
36751650,2,Does the paper report in vitro drug susceptibility data?,The paper does not mention in vitro drug susceptibility data.,The paper does not provide any information about in vitro drug susceptibility data.,No
36751650,3,Were sequences from the paper made publicly available?,The paper does not mention making sequences publicly available.,The paper does not provide information about making sequences publicly available.,No
36751650,4,What were the GenBank accession numbers for sequenced HIV isolates?,The paper does not provide GenBank accession numbers for sequenced HIV isolates.,The paper does not mention GenBank accession numbers for sequenced HIV isolates.,No
36751650,5,How many individuals had samples obtained for HIV sequencing?,"The paper mentions that ""A total of 1653 samples, including 716 MSM, 827 HES, 50 PWID, and 15 others, were successfully sequenced.""",The paper explicitly states that 1653 samples were successfully sequenced.,1653
36751650,6,From which countries were the sequenced samples obtained?,"The paper mentions that the study was conducted in Guangxi, China.","The paper explicitly states that the study was conducted in Guangxi, China.",China
36751650,7,From what years were the sequenced samples obtained?,The paper mentions that the study was conducted from 2016 to 2020.,The paper explicitly states that the study was conducted from 2016 to 2020.,2016-2020
36751650,8,Were samples cloned prior to sequencing?,The paper does not mention cloning prior to sequencing.,The paper does not provide information about cloning prior to sequencing.,No
36751650,9,Which HIV genes were reported to have been sequenced?,"The paper mentions that ""The target fragment of 1316 bp in the *pol* gene (HXB2: 2147--3462, encoding the protease and the first 299 residues of reverse transcriptase), which spans the reverse transcriptase and protease-encoding regions, was amplified using nested polymerase chain reaction (PCR).""","The paper explicitly states that it sequenced the pol gene, which includes protease and reverse transcriptase.","Protease, Reverse transcriptase"
36751650,10,What method was used for sequencing?,The paper does not explicitly state the sequencing method used.,The paper does not provide information about the sequencing method used.,No
36751650,11,What type of samples were sequenced?,"The paper mentions that ""Peripheral blood samples and epidemiological data were also collected.""",The paper explicitly states that peripheral blood samples were collected.,Plasma
36751650,12,Were any sequences obtained from individuals with virological failure on a treatment regimen?,The paper does not mention virological failure on a treatment regimen.,The paper does not provide information about virological failure on a treatment regimen.,No
36751650,13,Were the patients in the study in a clinical trial?,The paper does not mention a clinical trial.,The paper does not provide information about a clinical trial.,No
36751650,14,Does the paper report HIV sequences from individuals who had previously received ARV drugs?,The paper does not mention previous ARV drug use.,The paper does not provide information about previous ARV drug use.,No
36751650,15,Which drug classes were received by individuals in the study before sample sequencing?,"The paper mentions that ""The main PDR in MSM was NNRTIs (3.5%), followed by PIs (0.8%) and NRTIs (0.4%).""","The paper explicitly states that individuals received NNRTIs, PIs, and NRTIs before sample sequencing.","NNRTI, PI, NRTI"
36751650,16,Which drugs were received by individuals in the study before sample sequencing?,"The paper mentions that ""The resistance to PIs included fosamprenavir, nelfinavir, and tipranavir; abacavir, zidovudine, stavudine, emtricitabine, lamivudine (3TC), and tenofovir disoproxil fumarate (TDF) for NRTIs; doravirine (DOR), efavirenz (EFV), etravirine, nevirapine (NVP), and rilpivirine for NNRTIs; and bictegravir, dolutegravir, elvitegravir, and raltegravir for INSTIs.""",The paper explicitly states that individuals received these specific drugs before sample sequencing.,"Fosamprenavir, Nelfinavir, Tipranavir, Abacavir, Zidovudine, Stavudine, Emtricitabine, Lamivudine, Tenofovir disoproxil fumarate, Doravirine, Efavirenz, Etravirine, Nevirapine, Rilpivirine, Bictegravir, Dolutegravir, Elvitegravir, Raltegravir"
36779485,1,Does the paper report HIV sequences from patient samples?,,,Yes
36779485,2,Does the paper report in vitro drug susceptibility data?,,,No
36779485,3,Were sequences from the paper made publicly available?,,,No
36779485,4,What were the GenBank accession numbers for sequenced HIV isolates?,,,No
36779485,5,How many individuals had samples obtained for HIV sequencing?,,,1649
36779485,6,From which countries were the sequenced samples obtained?,,,South Africa
36779485,7,From what years were the sequenced samples obtained?,,,No
36779485,8,Were samples cloned prior to sequencing?,,,No
36779485,9,Which HIV genes were reported to have been sequenced?,,,"Protease, Reverse transcriptase, Integrase"
36779485,10,What method was used for sequencing?,,,No
36779485,11,What type of samples were sequenced?,,,Plasma
36779485,12,Were any sequences obtained from individuals with virological failure on a treatment regimen?,,,Yes
36779485,13,Were the patients in the study in a clinical trial?,,,No
36779485,14,Does the paper report HIV sequences from individuals who had previously received ARV drugs?,,,Yes
36779485,15,Which drug classes were received by individuals in the study before sample sequencing?,,,NNRTI
36779485,16,Which drugs were received by individuals in the study before sample sequencing?,,,Rilpivirine
36795586,1,Does the paper report HIV sequences from patient samples?,,,No
36795586,2,Does the paper report in vitro drug susceptibility data?,,,No
36795586,3,Were sequences from the paper made publicly available?,,,No
36795586,4,What were the GenBank accession numbers for sequenced HIV isolates?,,,No
36795586,5,How many individuals had samples obtained for HIV sequencing?,,,0
36795586,6,From which countries were the sequenced samples obtained?,,,"Botswana, Eswatini, Lesotho, Malawi, Tanzania, Uganda"
36795586,7,From what years were the sequenced samples obtained?,,,2017-2020
36795586,8,Were samples cloned prior to sequencing?,,,No
36795586,9,Which HIV genes were reported to have been sequenced?,,,No
36795586,10,What method was used for sequencing?,,,No
36795586,11,What type of samples were sequenced?,,,No
36795586,12,Were any sequences obtained from individuals with virological failure on a treatment regimen?,,,No
36795586,13,Were the patients in the study in a clinical trial?,,,No
36795586,14,Does the paper report HIV sequences from individuals who had previously received ARV drugs?,,,Yes
36795586,15,Which drug classes were received by individuals in the study before sample sequencing?,,,"INSTI (Integrase Inhibitor), including Dolutagravir (DTG)"
36795586,16,Which drugs were received by individuals in the study before sample sequencing?,,,Dolutagravir (DTG)
36851704,1,Does the paper report HIV sequences from patient samples?,,,Yes
36851704,2,Does the paper report in vitro drug susceptibility data?,,,No
36851704,3,Were sequences from the paper made publicly available?,,,No
36851704,4,What were the GenBank accession numbers for sequenced HIV isolates?,,,No
36851704,5,How many individuals had samples obtained for HIV sequencing?,,,206
36851704,6,From which countries were the sequenced samples obtained?,,,Uruguay
36851704,7,From what years were the sequenced samples obtained?,,,2018-2019
36851704,8,Were samples cloned prior to sequencing?,,,No
36851704,9,Which HIV genes were reported to have been sequenced?,,,"Protease, Reverse transcriptase, Integrase"
36851704,10,What method was used for sequencing?,,,Sanger sequencing
36851704,11,What type of samples were sequenced?,,,Plasma
36851704,12,Were any sequences obtained from individuals with virological failure on a treatment regimen?,,,No
36851704,13,Were the patients in the study in a clinical trial?,,,No
36851704,14,Does the paper report HIV sequences from individuals who had previously received ARV drugs?,,,Yes
36851704,15,Which drug classes were received by individuals in the study before sample sequencing?,,,"NRTI, NNRTI, PI, INSTI"
36851704,16,Which drugs were received by individuals in the study before sample sequencing?,,,"Abacavir, Zidovudine, Lamivudine, Emtricitabine, Tenofovir, Nevirapine, Efavirenz, Raltegravir, Elvitegravir, Dolutagravir"
36851760,1,Does the paper report HIV sequences from patient samples?,,,Yes
36851760,2,Does the paper report in vitro drug susceptibility data?,,,No
36851760,3,Were sequences from the paper made publicly available?,,,Yes
36851760,4,What were the GenBank accession numbers for sequenced HIV isolates?,,,OQ435656-OQ435729
36851760,5,How many individuals had samples obtained for HIV sequencing?,,,107
36851760,6,From which countries were the sequenced samples obtained?,,,"Benin, Mali"
36851760,7,From what years were the sequenced samples obtained?,,,"2015-2016, 2018-2020"
36851760,8,Were samples cloned prior to sequencing?,,,No
36851760,9,Which HIV genes were reported to have been sequenced?,,,Integrase
36851760,10,What method was used for sequencing?,,,Sanger sequencing
36851760,11,What type of samples were sequenced?,,,DBS
36851760,12,Were any sequences obtained from individuals with virological failure on a treatment regimen?,,,Yes
36851760,13,Were the patients in the study in a clinical trial?,,,No
36851760,14,Does the paper report HIV sequences from individuals who had previously received ARV drugs?,,,Yes
36851760,15,Which drug classes were received by individuals in the study before sample sequencing?,,,"NRTI, NNRTI, PI"
36851760,16,Which drugs were received by individuals in the study before sample sequencing?,,,"Abacavir, Zidovudine, Zalcitabine, Didanosine, Lamivudine, Stavudine, Emtricitabine, Tenofovir, Nevirapine, Delavirdine, Efavirenz, Etravirine, Rilpivirine, Doravirine, Amprenavir, Lopinavir, Atazanavir, Derunavir, Nelfinavir, Raltegravir, Elvitegravir, Dolutagravir, Bictegravir, cabotagravir, Lenacapavir"
36920025,1,Does the paper report HIV sequences from patient samples?,,,No
36920025,2,Does the paper report in vitro drug susceptibility data?,,,Yes
36920025,3,Were sequences from the paper made publicly available?,,,Yes
36920025,4,What were the GenBank accession numbers for sequenced HIV isolates?,,,No
36920025,5,How many individuals had samples obtained for HIV sequencing?,,,0
36920025,6,From which countries were the sequenced samples obtained?,,,No
36920025,7,From what years were the sequenced samples obtained?,,,No
36920025,8,Were samples cloned prior to sequencing?,,,No
36920025,9,Which HIV genes were reported to have been sequenced?,,,Protease
36920025,10,What method was used for sequencing?,,,Illumina sequencing
36920025,11,What type of samples were sequenced?,,,Plasma
36920025,12,Were any sequences obtained from individuals with virological failure on a treatment regimen?,,,No
36920025,13,Were the patients in the study in a clinical trial?,,,No
36920025,14,Does the paper report HIV sequences from individuals who had previously received ARV drugs?,,,No
36920025,15,Which drug classes were received by individuals in the study before sample sequencing?,,,No
36920025,16,Which drugs were received by individuals in the study before sample sequencing?,,,No
36931676,1,Does the paper report HIV sequences from patient samples?,,,No
36931676,2,Does the paper report in vitro drug susceptibility data?,,,No
36931676,3,Were sequences from the paper made publicly available?,,,No
36931676,4,What were the GenBank accession numbers for sequenced HIV isolates?,,,No
36931676,5,How many individuals had samples obtained for HIV sequencing?,,,0
36931676,6,From which countries were the sequenced samples obtained?,,,No
36931676,7,From what years were the sequenced samples obtained?,,,No
36931676,8,Were samples cloned prior to sequencing?,,,No
36931676,9,Which HIV genes were reported to have been sequenced?,,,No
36931676,10,What method was used for sequencing?,,,No
36931676,11,What type of samples were sequenced?,,,No
36931676,12,Were any sequences obtained from individuals with virological failure on a treatment regimen?,,,No
36931676,13,Were the patients in the study in a clinical trial?,,,No
36931676,14,Does the paper report HIV sequences from individuals who had previously received ARV drugs?,,,No
36931676,15,Which drug classes were received by individuals in the study before sample sequencing?,,,No
36931676,16,Which drugs were received by individuals in the study before sample sequencing?,,,No
36961945,1,Does the paper report HIV sequences from patient samples?,,,Yes
36961945,2,Does the paper report in vitro drug susceptibility data?,,,No
36961945,3,Were sequences from the paper made publicly available?,,,No
36961945,4,What were the GenBank accession numbers for sequenced HIV isolates?,,,No
36961945,5,How many individuals had samples obtained for HIV sequencing?,,,190
36961945,6,From which countries were the sequenced samples obtained?,,,No
36961945,7,From what years were the sequenced samples obtained?,,,2005-2020
36961945,8,Were samples cloned prior to sequencing?,,,No
36961945,9,Which HIV genes were reported to have been sequenced?,,,"Protease, PR; Reverse transcriptase, RT; Integrase, IN"
36961945,10,What method was used for sequencing?,,,Next-generation sequencing (NGS)
36961945,11,What type of samples were sequenced?,,,PBMC; Plasma
36961945,12,Were any sequences obtained from individuals with virological failure on a treatment regimen?,,,No
36961945,13,Were the patients in the study in a clinical trial?,,,No
36961945,14,Does the paper report HIV sequences from individuals who had previously received ARV drugs?,,,No
36961945,15,Which drug classes were received by individuals in the study before sample sequencing?,,,NRTI
36961945,16,Which drugs were received by individuals in the study before sample sequencing?,,,Lamivudine (3TC); Emtricitabine (FTC)
36967989,1,Does the paper report HIV sequences from patient samples?,"The paper does not explicitly mention patient samples, but it does mention the use of the Stanford HIV drug resistance database, which contains genotype-phenotype data for HIV-1 protease inhibitors.","The paper focuses on the development of a machine learning model for predicting drug resistance profiles using genotype-phenotype data from the Stanford HIV drug resistance database. While it does not explicitly mention patient samples, it is likely that the data used in the study were obtained from patient samples.",Yes
36967989,2,Does the paper report in vitro drug susceptibility data?,"The paper mentions the use of genotype-phenotype data for HIV-1 protease inhibitors, which includes in vitro drug susceptibility data.","The paper focuses on the development of a machine learning model for predicting drug resistance profiles using genotype-phenotype data, which includes in vitro drug susceptibility data.",Yes
36967989,3,Were sequences from the paper made publicly available?,The paper mentions that the data and necessary codes are available at Github and Zenodo.,The paper provides information on the availability of the data and codes used in the study.,Yes
36967989,4,What were the GenBank accession numbers for sequenced HIV isolates?,Not reported,The paper does not provide GenBank accession numbers for sequenced HIV isolates.,No
36967989,5,How many individuals had samples obtained for HIV sequencing?,Not Found,The paper does not provide information on the number of individuals who had samples obtained for HIV sequencing.,0
36967989,6,From which countries were the sequenced samples obtained?,Not Found,The paper does not provide information on the countries from which the sequenced samples were obtained.,No
36967989,7,From what years were the sequenced samples obtained?,Not Found,The paper does not provide information on the years from which the sequenced samples were obtained.,No
36967989,8,Were samples cloned prior to sequencing?,Not Found,The paper does not provide information on whether samples were cloned prior to sequencing.,No
36967989,9,Which HIV genes were reported to have been sequenced?,"The paper mentions the use of genotype-phenotype data for HIV-1 protease inhibitors, which includes data on the protease gene.","The paper focuses on the development of a machine learning model for predicting drug resistance profiles using genotype-phenotype data, which includes data on the protease gene.",Protease
36967989,10,What method was used for sequencing?,Not Found,The paper does not provide information on the sequencing method used.,No
36967989,11,What type of samples were sequenced?,Not Found,The paper does not provide information on the type of samples sequenced.,No
36967989,12,Were any sequences obtained from individuals with virological failure on a treatment regimen?,Not Found,The paper does not provide information on whether any sequences were obtained from individuals with virological failure on a treatment regimen.,No
36967989,13,Were the patients in the study in a clinical trial?,Not Found,The paper does not provide information on whether the patients in the study were in a clinical trial.,No
36967989,14,Does the paper report HIV sequences from individuals who had previously received ARV drugs?,Not Found,The paper does not provide information on whether the individuals in the study had previously received ARV drugs.,No
36967989,15,Which drug classes were received by individuals in the study before sample sequencing?,"The paper mentions the use of genotype-phenotype data for HIV-1 protease inhibitors, which includes data on the protease inhibitor class.","The paper focuses on the development of a machine learning model for predicting drug resistance profiles using genotype-phenotype data, which includes data on the protease inhibitor class.",PI
36967989,16,Which drugs were received by individuals in the study before sample sequencing?,"The paper mentions the use of genotype-phenotype data for HIV-1 protease inhibitors, which includes data on the protease inhibitors ATV, DRV, FPV, IDV, LPV, NFV, SQV, and TPV.","The paper focuses on the development of a machine learning model for predicting drug resistance profiles using genotype-phenotype data, which includes data on the protease inhibitors ATV, DRV, FPV, IDV, LPV, NFV, SQV, and TPV.","ATV, DRV, FPV, IDV, LPV, NFV, SQV, TPV"
36982978,1,Does the paper report HIV sequences from patient samples?,,,No
36982978,2,Does the paper report in vitro drug susceptibility data?,,,Yes
36982978,3,Were sequences from the paper made publicly available?,,,No
36982978,4,What were the GenBank accession numbers for sequenced HIV isolates?,,,No
36982978,5,How many individuals had samples obtained for HIV sequencing?,,,0
36982978,6,From which countries were the sequenced samples obtained?,,,No
36982978,7,From what years were the sequenced samples obtained?,,,No
36982978,8,Were samples cloned prior to sequencing?,,,No
36982978,9,Which HIV genes were reported to have been sequenced?,,,No
36982978,10,What method was used for sequencing?,,,No
36982978,11,What type of samples were sequenced?,,,No
36982978,12,Were any sequences obtained from individuals with virological failure on a treatment regimen?,,,No
36982978,13,Were the patients in the study in a clinical trial?,,,No
36982978,14,Does the paper report HIV sequences from individuals who had previously received ARV drugs?,,,No
36982978,15,Which drug classes were received by individuals in the study before sample sequencing?,,,"NRTI, PI, INSTI, CAI"
36982978,16,Which drugs were received by individuals in the study before sample sequencing?,,,"Abacavir (ABC), Zidovudine (AZT), Lamivudine (3TC), Raltegravir (RAL)"
37017009,1,Does the paper report HIV sequences from patient samples?,,,Yes
37017009,2,Does the paper report in vitro drug susceptibility data?,,,No
37017009,3,Were sequences from the paper made publicly available?,,,No
37017009,4,What were the GenBank accession numbers for sequenced HIV isolates?,,,No
37017009,5,How many individuals had samples obtained for HIV sequencing?,,,899
37017009,6,From which countries were the sequenced samples obtained?,,,South Africa
37017009,7,From what years were the sequenced samples obtained?,,,2017-2019
37017009,8,Were samples cloned prior to sequencing?,,,No
37017009,9,Which HIV genes were reported to have been sequenced?,,,"Protease, Reverse transcriptase"
37017009,10,What method was used for sequencing?,,,Next-generation sequencing
37017009,11,What type of samples were sequenced?,,,Whole Blood
37017009,12,Were any sequences obtained from individuals with virological failure on a treatment regimen?,,,Yes
37017009,13,Were the patients in the study in a clinical trial?,,,No
37017009,14,Does the paper report HIV sequences from individuals who had previously received ARV drugs?,,,Yes
37017009,15,Which drug classes were received by individuals in the study before sample sequencing?,,,"NRTI, NNRTI, PI"
37017009,16,Which drugs were received by individuals in the study before sample sequencing?,,,"Abacavir, Zidovudine, Lamivudine, Stavudine, Emtricitabine, Tenofovir, Nevirapine, Delavirdine, Efavirenz, Etravirine, Rilpivirine, Doravirine, Amprenavir, Lopinavir, Atazanavir, Derunavir, Raltegravir, Elvitegravir, Dolutagravir, Bictegravir, cabotagravir"
37029656,1,Does the paper report HIV sequences from patient samples?,,,Yes
37029656,2,Does the paper report in vitro drug susceptibility data?,,,No
37029656,3,Were sequences from the paper made publicly available?,,,No
37029656,4,What were the GenBank accession numbers for sequenced HIV isolates?,,,No
37029656,5,How many individuals had samples obtained for HIV sequencing?,,,1223
37029656,6,From which countries were the sequenced samples obtained?,,,Italy
37029656,7,From what years were the sequenced samples obtained?,,,2009-2019
37029656,8,Were samples cloned prior to sequencing?,,,No
37029656,9,Which HIV genes were reported to have been sequenced?,,,Not specified
37029656,10,What method was used for sequencing?,,,Sanger sequencing
37029656,11,What type of samples were sequenced?,,,No
37029656,12,Were any sequences obtained from individuals with virological failure on a treatment regimen?,,,No
37029656,13,Were the patients in the study in a clinical trial?,,,No
37029656,14,Does the paper report HIV sequences from individuals who had previously received ARV drugs?,,,No
37029656,15,Which drug classes were received by individuals in the study before sample sequencing?,,,INSTI
37029656,16,Which drugs were received by individuals in the study before sample sequencing?,,,Not mentioned
37039023,1,Does the paper report HIV sequences from patient samples?,,,Yes
37039023,2,Does the paper report in vitro drug susceptibility data?,,,No
37039023,3,Were sequences from the paper made publicly available?,,,Yes
37039023,4,What were the GenBank accession numbers for sequenced HIV isolates?,,,No
37039023,5,How many individuals had samples obtained for HIV sequencing?,,,86
37039023,6,From which countries were the sequenced samples obtained?,,,Brazil
37039023,7,From what years were the sequenced samples obtained?,,,2016-2018
37039023,8,Were samples cloned prior to sequencing?,,,No
37039023,9,Which HIV genes were reported to have been sequenced?,,,"Protease, PR; Reverse transcriptase, RT; Integrase, IN; Near full length genome"
37039023,10,What method was used for sequencing?,,,Illumina sequencing
37039023,11,What type of samples were sequenced?,,,PBMC
37039023,12,Were any sequences obtained from individuals with virological failure on a treatment regimen?,,,No
37039023,13,Were the patients in the study in a clinical trial?,,,No
37039023,14,Does the paper report HIV sequences from individuals who had previously received ARV drugs?,,,Yes
37039023,15,Which drug classes were received by individuals in the study before sample sequencing?,,,"NRTI, NNRTI, PI"
37039023,16,Which drugs were received by individuals in the study before sample sequencing?,,,"Tenofovir (TFV), Lamivudine (3TC), Efavirenz (EFV), Atazanavir (ATV), Raltegravir (RAL), Dolutagravir (DTG)"
37042390,1,Does the paper report HIV sequences from patient samples?,,,Yes
37042390,2,Does the paper report in vitro drug susceptibility data?,,,No
37042390,3,Were sequences from the paper made publicly available?,,,No
37042390,4,What were the GenBank accession numbers for sequenced HIV isolates?,,,No
37042390,5,How many individuals had samples obtained for HIV sequencing?,,,87
37042390,6,From which countries were the sequenced samples obtained?,,,India
37042390,7,From what years were the sequenced samples obtained?,,,2016-2019
37042390,8,Were samples cloned prior to sequencing?,,,No
37042390,9,Which HIV genes were reported to have been sequenced?,,,"Protease, PR; Reverse transcriptase, RT; Integrase, IN"
37042390,10,What method was used for sequencing?,,,Sanger sequencing
37042390,11,What type of samples were sequenced?,,,Whole Blood
37042390,12,Were any sequences obtained from individuals with virological failure on a treatment regimen?,,,Yes
37042390,13,Were the patients in the study in a clinical trial?,,,No
37042390,14,Does the paper report HIV sequences from individuals who had previously received ARV drugs?,,,Yes
37042390,15,Which drug classes were received by individuals in the study before sample sequencing?,,,"NRTI, NNRTI, PI, INSTI, CAI"
37042390,16,Which drugs were received by individuals in the study before sample sequencing?,,,"Raltegravir, Darunavir, Ritonavir"
37052343,1,Does the paper report HIV sequences from patient samples?,Not reported.,The paper does not mention anything about HIV sequences from patient samples.,No
37052343,2,Does the paper report in vitro drug susceptibility data?,Not reported.,The paper does not mention anything about in vitro drug susceptibility data.,No
37052343,3,Were sequences from the paper made publicly available?,Not reported.,The paper does not mention anything about whether the sequences were made publicly available.,No
37052343,4,What were the GenBank accession numbers for sequenced HIV isolates?,Not reported.,The paper does not provide any GenBank accession numbers for sequenced HIV isolates.,No
37052343,5,How many individuals had samples obtained for HIV sequencing?,Not reported.,The paper does not mention anything about the number of individuals who had samples obtained for HIV sequencing.,0
37052343,6,From which countries were the sequenced samples obtained?,Not reported.,The paper does not mention anything about the countries from which the sequenced samples were obtained.,No
37052343,7,From what years were the sequenced samples obtained?,Not reported.,The paper does not mention anything about the years from which the sequenced samples were obtained.,No
37052343,8,Were samples cloned prior to sequencing?,Not reported.,The paper does not mention anything about whether samples were cloned prior to sequencing.,No
37052343,9,Which HIV genes were reported to have been sequenced?,Not reported.,The paper does not mention anything about which HIV genes were reported to have been sequenced.,No
37052343,10,What method was used for sequencing?,Not reported.,The paper does not mention anything about the method used for sequencing.,No
37052343,11,What type of samples were sequenced?,Not reported.,The paper does not mention anything about the type of samples that were sequenced.,No
37052343,12,Were any sequences obtained from individuals with virological failure on a treatment regimen?,Not reported.,The paper does not mention anything about whether any sequences were obtained from individuals with virological failure on a treatment regimen.,No
37052343,13,Were the patients in the study in a clinical trial?,Not reported.,The paper does not mention anything about whether the patients in the study were in a clinical trial.,No
37052343,14,Does the paper report HIV sequences from individuals who had previously received ARV drugs?,Not reported.,The paper does not mention anything about whether the individuals had previously received ARV drugs.,No
37052343,15,Which drug classes were received by individuals in the study before sample sequencing?,"INSTI (Integrase Inhibitor), including Raltegravir (RAL), Elvitegravir(EVG), Dolutagravir (DTG), Bictegravir (BIC), cabotagravir (CAB), Lenacapavir (LEN).","The paper mentions that the individuals in the study received INSTI-based regimens, including Raltegravir, Elvitegravir, Dolutagravir, Bictegravir, cabotagravir, and Lenacapavir.",INSTI
37052343,16,Which drugs were received by individuals in the study before sample sequencing?,"Raltegravir (RAL), Elvitegravir(EVG), Dolutagravir (DTG), Bictegravir (BIC), cabotagravir (CAB), Lenacapavir (LEN).","The paper mentions that the individuals in the study received INSTI-based regimens, including Raltegravir, Elvitegravir, Dolutagravir, Bictegravir, cabotagravir, and Lenacapavir.","Raltegravir, Elvitegravir, Dolutagravir, Bictegravir, cabotagravir, Lenacapavir"
37071019,1,Does the paper report HIV sequences from patient samples?,The paper does not mention patient samples or HIV sequences from patients.,The paper discusses the characterization of the G118R plus R263K combination of integrase mutations in HIV-1 and its effects on viral replication and resistance to antiretroviral drugs. It does not mention patient samples or HIV sequences from patients.,No
37071019,2,Does the paper report in vitro drug susceptibility data?,The paper reports on the in vitro drug susceptibility of the G118R plus R263K combination of integrase mutations to dolutegravir (DTG) and bictegravir (BIC).,The paper discusses the results of in vitro experiments that tested the susceptibility of the G118R plus R263K combination of integrase mutations to DTG and BIC.,Yes
37071019,3,Were sequences from the paper made publicly available?,Not reported,The paper does not mention whether the sequences from the paper were made publicly available.,No
37071019,4,What were the GenBank accession numbers for sequenced HIV isolates?,Not reported,The paper does not mention GenBank accession numbers for sequenced HIV isolates.,No
37071019,5,How many individuals had samples obtained for HIV sequencing?,Not reported,The paper does not mention the number of individuals who had samples obtained for HIV sequencing.,0
37071019,6,From which countries were the sequenced samples obtained?,Not reported,The paper does not mention the countries from which the sequenced samples were obtained.,No
37071019,7,From what years were the sequenced samples obtained?,Not reported,The paper does not mention the years from which the sequenced samples were obtained.,No
37071019,8,Were samples cloned prior to sequencing?,Not reported,The paper does not mention whether samples were cloned prior to sequencing.,No
37071019,9,Which HIV genes were reported to have been sequenced?,The paper does not mention specific HIV genes that were sequenced.,"The paper discusses the characterization of the G118R plus R263K combination of integrase mutations in HIV-1, but it does not mention specific HIV genes that were sequenced.",No
37071019,10,What method was used for sequencing?,Not reported,The paper does not mention the method used for sequencing.,No
37071019,11,What type of samples were sequenced?,Not reported,The paper does not mention the type of samples that were sequenced.,No
37071019,12,Were any sequences obtained from individuals with virological failure on a treatment regimen?,Not reported,The paper does not mention whether any sequences were obtained from individuals with virological failure on a treatment regimen.,No
37071019,13,Were the patients in the study in a clinical trial?,Not reported,The paper does not mention whether the patients in the study were in a clinical trial.,No
37071019,14,Does the paper report HIV sequences from individuals who had previously received ARV drugs?,Not reported,The paper does not mention whether the individuals who had previously received ARV drugs.,No
37071019,15,Which drug classes were received by individuals in the study before sample sequencing?,"The paper mentions that the individuals in the study received integrase inhibitors, including dolutegravir (DTG) and bictegravir (BIC).",The paper discusses the characterization of the G118R plus R263K combination of integrase mutations and its effects on viral replication and resistance to DTG and BIC.,INSTI
37071019,16,Which drugs were received by individuals in the study before sample sequencing?,The paper mentions that the individuals in the study received dolutegravir (DTG) and bictegravir (BIC).,The paper discusses the characterization of the G118R plus R263K combination of integrase mutations and its effects on viral replication and resistance to DTG and BIC.,"DTG, BIC"
37085698,1,Does the paper report HIV sequences from patient samples?,"The paper reports on the sequencing of HIV-1 integrase strand transfer inhibitor resistance mutations among recently diagnosed ART-naive Ethiopians, indicating that HIV sequences from patient samples were analyzed.",The paper's focus on HIV-1 integrase strand transfer inhibitor resistance mutations suggests that HIV sequences from patient samples were indeed analyzed.,Yes
37085698,2,Does the paper report in vitro drug susceptibility data?,"The paper mentions the use of calibrated population resistance tool version 8.0 from Stanford HIV drug resistance database to assess drug resistance mutations, but it does not report in vitro drug susceptibility data.","The paper's focus is on the analysis of HIV-1 integrase strand transfer inhibitor resistance mutations, and it does not mention in vitro drug susceptibility data.",No
37085698,3,Were sequences from the paper made publicly available?,The paper mentions that all nucleotide sequences from this study have been deposited in the Genbank (ncbi) repository with accession numbers from MW560010 to MW560058.,"The paper provides information on the public availability of the sequences, which were deposited in the GenBank repository.",Yes
37085698,4,What were the GenBank accession numbers for sequenced HIV isolates?,The paper mentions that all nucleotide sequences from this study have been deposited in the Genbank (ncbi) repository with accession numbers from MW560010 to MW560058.,"The paper provides the GenBank accession numbers for the sequenced HIV isolates, which are MW560010 to MW560058.",MW560010 to MW560058
37085698,5,How many individuals had samples obtained for HIV sequencing?,The paper mentions that 49 study participants were involved in the study.,The paper provides information on the number of individuals who had samples obtained for HIV sequencing.,49
37085698,6,From which countries were the sequenced samples obtained?,The paper mentions that the study was conducted in Ethiopia.,"The paper's focus is on the analysis of HIV-1 integrase strand transfer inhibitor resistance mutations among recently diagnosed ART-naive Ethiopians, which suggests that the sequenced samples were obtained from Ethiopia.",Ethiopia
37085698,7,From what years were the sequenced samples obtained?,The paper mentions that the study was conducted from June to December 2018.,The paper provides the specific time period during which the sequenced samples were obtained.,2018
37085698,8,Were samples cloned prior to sequencing?,The paper does not mention cloning of samples prior to sequencing.,The paper does not provide information on cloning of samples prior to sequencing.,No
37085698,9,Which HIV genes were reported to have been sequenced?,The paper mentions that the IN region covering the first 263 codons of blood samples was amplified and sequenced.,"The paper's focus is on the analysis of HIV-1 integrase strand transfer inhibitor resistance mutations, which suggests that the IN gene was sequenced.","Integrase, IN"
37085698,10,What method was used for sequencing?,The paper does not explicitly mention the sequencing method used.,The paper does not provide information on the sequencing method used.,No
37085698,11,What type of samples were sequenced?,The paper mentions that blood samples were collected from study participants.,"The paper provides information on the type of samples sequenced, which were blood samples.",Plasma
37085698,12,Were any sequences obtained from individuals with virological failure on a treatment regimen?,The paper mentions that the study involved drug-naive HIV-1 infected individuals.,"The paper's focus is on the analysis of HIV-1 integrase strand transfer inhibitor resistance mutations among recently diagnosed ART-naive Ethiopians, which suggests that the sequences were not obtained from individuals with virological failure on a treatment regimen.",No
37085698,13,Were the patients in the study in a clinical trial?,The paper does not mention a clinical trial.,The paper does not provide information on a clinical trial.,No
37085698,14,Does the paper report HIV sequences from individuals who had previously received ARV drugs?,The paper mentions that the study involved drug-naive HIV-1 infected individuals.,"The paper's focus is on the analysis of HIV-1 integrase strand transfer inhibitor resistance mutations among recently diagnosed ART-naive Ethiopians, which suggests that the sequences were not obtained from individuals who had previously received ARV drugs.",No
37085698,15,Which drug classes were received by individuals in the study before sample sequencing?,The paper does not mention any drug classes received by individuals in the study before sample sequencing.,The paper does not provide information on drug classes received by individuals in the study before sample sequencing.,No
37085698,16,Which drugs were received by individuals in the study before sample sequencing?,The paper does not mention any specific drugs received by individuals in the study before sample sequencing.,The paper does not provide information on specific drugs received by individuals in the study before sample sequencing.,No
37104815,1,Does the paper report HIV sequences from patient samples?,,,No
37104815,2,Does the paper report in vitro drug susceptibility data?,,,No
37104815,3,Were sequences from the paper made publicly available?,,,No
37104815,4,What were the GenBank accession numbers for sequenced HIV isolates?,,,No
37104815,5,How many individuals had samples obtained for HIV sequencing?,,,121
37104815,6,From which countries were the sequenced samples obtained?,,,No
37104815,7,From what years were the sequenced samples obtained?,,,No
37104815,8,Were samples cloned prior to sequencing?,,,No
37104815,9,Which HIV genes were reported to have been sequenced?,,,"Reverse transcriptase, RT; Protease, PR; Integrase, IN"
37104815,10,What method was used for sequencing?,,,Illumina sequencing
37104815,11,What type of samples were sequenced?,,,Plasma; Semen
37104815,12,Were any sequences obtained from individuals with virological failure on a treatment regimen?,,,Yes
37104815,13,Were the patients in the study in a clinical trial?,,,Yes
37104815,14,Does the paper report HIV sequences from individuals who had previously received ARV drugs?,,,Yes
37104815,15,Which drug classes were received by individuals in the study before sample sequencing?,,,INSTI; NNRTI; PI
37104815,16,Which drugs were received by individuals in the study before sample sequencing?,,,Tenofovir/emtricitabine; Rilpivirine
37112971,1,Does the paper report HIV sequences from patient samples?,"The paper reports on the analysis of HIV-1 sequences from treatment-na√Øve patients in Russia, using data from the Russian national database.","The paper explicitly states that it analyzed sequences and linked demographic, clinical, and epidemiological data uploaded to the RuHIV database.",Yes
37112971,2,Does the paper report in vitro drug susceptibility data?,The paper does not report in vitro drug susceptibility data.,The paper does not mention any in vitro experiments or data on drug susceptibility.,No
37112971,3,Were sequences from the paper made publicly available?,The paper does not report that sequences from the paper were made publicly available.,The paper does not mention making sequences publicly available.,No
37112971,4,What were the GenBank accession numbers for sequenced HIV isolates?,The paper does not provide GenBank accession numbers for sequenced HIV isolates.,The paper does not mention GenBank accession numbers for sequenced HIV isolates.,No
37112971,5,How many individuals had samples obtained for HIV sequencing?,The paper reports that 4481 individuals had samples obtained for HIV sequencing.,The paper explicitly states that the study analyzed sequences from 4481 treatment-na√Øve HIV-infected patients.,4481
37112971,6,From which countries were the sequenced samples obtained?,The paper reports that the sequenced samples were obtained from Russia.,The paper explicitly states that the study analyzed sequences from treatment-na√Øve HIV-infected patients in Russia.,Russia
37112971,7,From what years were the sequenced samples obtained?,The paper reports that the sequenced samples were obtained from 2006 to 2022.,The paper explicitly states that the study analyzed sequences from treatment-na√Øve HIV-infected patients from 2006 to 2022.,2006-2022
37112971,8,Were samples cloned prior to sequencing?,The paper does not report cloning of samples prior to sequencing.,The paper does not mention cloning of samples prior to sequencing.,No
37112971,9,Which HIV genes were reported to have been sequenced?,"The paper reports that the protease (PR), reverse transcriptase (RT), and integrase (INT) genes were sequenced.","The paper explicitly states that the sequences covered the HIV-1 protease (PR), and part of the reverse transcriptase (RT) was available for all patients; additionally, sequences covering the HIV-1 integrase (INT) were available for 844 of them.","Protease, PR; Reverse transcriptase, RT; Integrase, IN"
37112971,10,What method was used for sequencing?,The paper reports that Sanger sequencing and next-generation sequencing (NGS) were used.,The paper explicitly states that commercial genotyping kits (the AmpliSens ^¬Æ^ HIV-Resist-Seq kit and the ViroSeq‚Ñ¢ HIV-1 Genotyping System kit) and in-house methods were used for RNA extraction from the blood plasma samples and Sanger-based or NGS-based sequencing of the HIV pol gene regions.,Sanger sequencing; Next-generation sequencing (NGS)
37112971,11,What type of samples were sequenced?,The paper reports that plasma samples were sequenced.,The paper explicitly states that RNA extraction was performed from the blood plasma samples.,Plasma
37112971,12,Were any sequences obtained from individuals with virological failure on a treatment regimen?,The paper does not report sequences obtained from individuals with virological failure on a treatment regimen.,The paper does not mention virological failure on a treatment regimen.,No
37112971,13,Were the patients in the study in a clinical trial?,The paper does not report that the patients were in a clinical trial.,The paper does not mention a clinical trial.,No
37112971,14,Does the paper report HIV sequences from individuals who had previously received ARV drugs?,The paper does not report HIV sequences from individuals who had previously received ARV drugs.,The paper explicitly states that the study analyzed sequences from treatment-na√Øve HIV-infected patients.,No
37112971,15,Which drug classes were received by individuals in the study before sample sequencing?,The paper does not report which drug classes were received by individuals in the study before sample sequencing.,The paper does not mention drug classes received by individuals in the study before sample sequencing.,No
37112971,16,Which drugs were received by individuals in the study before sample sequencing?,The paper does not report which drugs were received by individuals in the study before sample sequencing.,The paper does not mention drugs received by individuals in the study before sample sequencing.,No
37147875,1,Does the paper report HIV sequences from patient samples?,,,Yes
37147875,2,Does the paper report in vitro drug susceptibility data?,,,Yes
37147875,3,Were sequences from the paper made publicly available?,,,No
37147875,4,What were the GenBank accession numbers for sequenced HIV isolates?,,,No
37147875,5,How many individuals had samples obtained for HIV sequencing?,,,1
37147875,6,From which countries were the sequenced samples obtained?,,,France
37147875,7,From what years were the sequenced samples obtained?,,,2022
37147875,8,Were samples cloned prior to sequencing?,,,No
37147875,9,Which HIV genes were reported to have been sequenced?,,,"Reverse transcriptase, RT; Protease, PR; Integrase, IN"
37147875,10,What method was used for sequencing?,,,Sanger sequencing; Next-generation sequencing
37147875,11,What type of samples were sequenced?,,,Plasma
37147875,12,Were any sequences obtained from individuals with virological failure on a treatment regimen?,,,Yes
37147875,13,Were the patients in the study in a clinical trial?,,,No
37147875,14,Does the paper report HIV sequences from individuals who had previously received ARV drugs?,,,Yes
37147875,15,Which drug classes were received by individuals in the study before sample sequencing?,,,INSTI; NRTI
37147875,16,Which drugs were received by individuals in the study before sample sequencing?,,,Dolutegravir (DTG); Emtricitabine (FTC); Tenofovir disoproxil fumarate (TDF)
37272233,1,Does the paper report HIV sequences from patient samples?,,,No
37272233,2,Does the paper report in vitro drug susceptibility data?,,,No
37272233,3,Were sequences from the paper made publicly available?,,,No
37272233,4,What were the GenBank accession numbers for sequenced HIV isolates?,,,No
37272233,5,How many individuals had samples obtained for HIV sequencing?,,,0
37272233,6,From which countries were the sequenced samples obtained?,,,No
37272233,7,From what years were the sequenced samples obtained?,,,No
37272233,8,Were samples cloned prior to sequencing?,,,No
37272233,9,Which HIV genes were reported to have been sequenced?,,,No
37272233,10,What method was used for sequencing?,,,No
37272233,11,What type of samples were sequenced?,,,No
37272233,12,Were any sequences obtained from individuals with virological failure on a treatment regimen?,,,No
37272233,13,Were the patients in the study in a clinical trial?,,,No
37272233,14,Does the paper report HIV sequences from individuals who had previously received ARV drugs?,,,No
37272233,15,Which drug classes were received by individuals in the study before sample sequencing?,,,"NRTI, NNRTI, PI, INSTI"
37272233,16,Which drugs were received by individuals in the study before sample sequencing?,,,"Abacavir (ABC), Zidovudine'(AZT), Zalcitabine (DDC), Didanosine (DDI), Lamivudine (3TC), Stavudine (D4T), Emtricitabine(FTC), Tenofovir (TFV), Nevirapine (NVP), Delavirdine (DLV), Efavirenz (EFV), Etravirine (ETR), Rilpivirine (RPV), Doravirine (DOR), Amprenavir (APV), Lopinavir'(LPV), Atazanavir (ATV), Derunavir (DRV), Nelfinavir (NFV), Raltegravir (RAL), Elvitegravir(EVG), Dolutagravir (DTG), Bictegravir (BIC), cabotagravir (CAB), Lenacapavir (LEN), GS-CA1, Lenacapavir (GS-6207)"
37279764,1,Does the paper report HIV sequences from patient samples?,,,Yes
37279764,2,Does the paper report in vitro drug susceptibility data?,,,No
37279764,3,Were sequences from the paper made publicly available?,,,Yes
37279764,4,What were the GenBank accession numbers for sequenced HIV isolates?,,,"MW947591�MW957968, OP058117�OP058658"
37279764,5,How many individuals had samples obtained for HIV sequencing?,,,12320
37279764,6,From which countries were the sequenced samples obtained?,,,China
37279764,7,From what years were the sequenced samples obtained?,,,2011-2019
37279764,8,Were samples cloned prior to sequencing?,,,No
37279764,9,Which HIV genes were reported to have been sequenced?,,,"Protease, Reverse transcriptase, Integrase"
37279764,10,What method was used for sequencing?,,,No
37279764,11,What type of samples were sequenced?,,,Plasma
37279764,12,Were any sequences obtained from individuals with virological failure on a treatment regimen?,,,No
37279764,13,Were the patients in the study in a clinical trial?,,,No
37279764,14,Does the paper report HIV sequences from individuals who had previously received ARV drugs?,,,No
37279764,15,Which drug classes were received by individuals in the study before sample sequencing?,,,No
37279764,16,Which drugs were received by individuals in the study before sample sequencing?,,,No
37327289,1,Does the paper report HIV sequences from patient samples?,"The paper mentions that ""The *pol* gene was amplified and genotyped using Sanger sequencing"" and that ""The *pol* sequences have been archived in the DDBJ Nucleotide Database [LC723952-LC724015].""",The paper explicitly states that HIV sequences were obtained from patient samples and were made publicly available through the DDBJ Nucleotide Database.,Yes
37327289,2,Does the paper report in vitro drug susceptibility data?,The paper does not mention in vitro drug susceptibility data.,"The paper focuses on the analysis of HIV sequences and the prevalence of drug resistance mutations, but does not report any in vitro drug susceptibility data.",No
37327289,3,Were sequences from the paper made publicly available?,"The paper mentions that ""The *pol* sequences have been archived in the DDBJ Nucleotide Database [LC723952-LC724015].""",The paper explicitly states that the sequences were made publicly available through the DDBJ Nucleotide Database.,Yes
37327289,4,What were the GenBank accession numbers for sequenced HIV isolates?,"The paper mentions that ""The *pol* sequences have been archived in the DDBJ Nucleotide Database [LC723952-LC724015].""","The paper provides the accession numbers for the sequenced HIV isolates, which are archived in the DDBJ Nucleotide Database.",LC723952-LC724015
37327289,5,How many individuals had samples obtained for HIV sequencing?,"The paper mentions that ""We used 64 HIV-seropositive plasma samples collected from FSWs.""",The paper explicitly states that 64 individuals had samples obtained for HIV sequencing.,64
37327289,6,From which countries were the sequenced samples obtained?,"The paper mentions that the study was conducted in Nairobi, Kenya.","The paper explicitly states that the study was conducted in Nairobi, Kenya, which implies that the sequenced samples were obtained from Kenya.",Kenya
37327289,7,From what years were the sequenced samples obtained?,The paper mentions that the study was conducted between November 2020 and April 2021.,"The paper explicitly states that the study was conducted between November 2020 and April 2021, which implies that the sequenced samples were obtained during this time period.",2020-2021
37327289,8,Were samples cloned prior to sequencing?,The paper does not mention cloning prior to sequencing.,"The paper does not provide any information about cloning prior to sequencing, so it is unclear whether cloning was performed.",No
37327289,9,Which HIV genes were reported to have been sequenced?,"The paper mentions that ""The *pol* gene was amplified and genotyped using Sanger sequencing.""","The paper explicitly states that the *pol* gene was sequenced, which includes the protease, reverse transcriptase, and integrase genes.","Protease, Reverse transcriptase, Integrase"
37327289,10,What method was used for sequencing?,"The paper mentions that ""The *pol* gene was amplified and genotyped using Sanger sequencing.""",The paper explicitly states that Sanger sequencing was used for sequencing.,Sanger sequencing
37327289,11,What type of samples were sequenced?,"The paper mentions that ""HIV-1 RNA extraction from plasma samples was carried out using the Invitrogen PureLink RNA Mini Kit.""",The paper explicitly states that plasma samples were used for sequencing.,Plasma
37327289,12,Were any sequences obtained from individuals with virological failure on a treatment regimen?,"The paper mentions that the study included ""treatment-naive FSWs.""","The paper explicitly states that the study included treatment-naive individuals, which implies that the sequences were not obtained from individuals with virological failure on a treatment regimen.",No
37327289,13,Were the patients in the study in a clinical trial?,The paper does not mention a clinical trial.,"The paper does not provide any information about a clinical trial, so it is unclear whether the patients were part of a clinical trial.",No
37327289,14,Does the paper report HIV sequences from individuals who had previously received ARV drugs?,"The paper mentions that the study included ""treatment-naive FSWs.""","The paper explicitly states that the study included treatment-naive individuals, which implies that the sequences were not obtained from individuals who had previously received ARV drugs.",No
37327289,15,Which drug classes were received by individuals in the study before sample sequencing?,The paper does not mention any drug classes received by individuals before sample sequencing.,The paper does not provide any information about drug classes received by individuals before sample sequencing.,No
37327289,16,Which drugs were received by individuals in the study before sample sequencing?,The paper does not mention any specific drugs received by individuals before sample sequencing.,The paper does not provide any information about specific drugs received by individuals before sample sequencing.,No
37340869,1,Does the paper report HIV sequences from patient samples?,,,No
37340869,2,Does the paper report in vitro drug susceptibility data?,,,No
37340869,3,Were sequences from the paper made publicly available?,,,No
37340869,4,What were the GenBank accession numbers for sequenced HIV isolates?,,,No
37340869,5,How many individuals had samples obtained for HIV sequencing?,,,0
37340869,6,From which countries were the sequenced samples obtained?,,,No
37340869,7,From what years were the sequenced samples obtained?,,,No
37340869,8,Were samples cloned prior to sequencing?,,,No
37340869,9,Which HIV genes were reported to have been sequenced?,,,No
37340869,10,What method was used for sequencing?,,,No
37340869,11,What type of samples were sequenced?,,,No
37340869,12,Were any sequences obtained from individuals with virological failure on a treatment regimen?,,,No
37340869,13,Were the patients in the study in a clinical trial?,,,Yes
37340869,14,Does the paper report HIV sequences from individuals who had previously received ARV drugs?,,,No
37340869,15,Which drug classes were received by individuals in the study before sample sequencing?,,,"INSTI, NNRTI"
37340869,16,Which drugs were received by individuals in the study before sample sequencing?,,,"Cabotegravir, Rilpivirine"
37358226,1,Does the paper report HIV sequences from patient samples?,,,No
37358226,2,Does the paper report in vitro drug susceptibility data?,,,No
37358226,3,Were sequences from the paper made publicly available?,,,No
37358226,4,What were the GenBank accession numbers for sequenced HIV isolates?,,,No
37358226,5,How many individuals had samples obtained for HIV sequencing?,,,0
37358226,6,From which countries were the sequenced samples obtained?,,,Lesotho
37358226,7,From what years were the sequenced samples obtained?,,,No
37358226,8,Were samples cloned prior to sequencing?,,,No
37358226,9,Which HIV genes were reported to have been sequenced?,,,No
37358226,10,What method was used for sequencing?,,,No
37358226,11,What type of samples were sequenced?,,,No
37358226,12,Were any sequences obtained from individuals with virological failure on a treatment regimen?,,,No
37358226,13,Were the patients in the study in a clinical trial?,,,No
37358226,14,Does the paper report HIV sequences from individuals who had previously received ARV drugs?,,,Yes
37358226,15,Which drug classes were received by individuals in the study before sample sequencing?,,,"NRTI, NNRTI, INSTI"
37358226,16,Which drugs were received by individuals in the study before sample sequencing?,,,"Abacavir (ABC), Zidovudine'(AZT), Lamivudine (3TC), Tenofovir (TFV), Nevirapine (NVP), Efavirenz (EFV), Dolutagravir (DTG)"
37376649,1,Does the paper report HIV sequences from patient samples?,,,No
37376649,2,Does the paper report in vitro drug susceptibility data?,,,No
37376649,3,Were sequences from the paper made publicly available?,,,Yes
37376649,4,What were the GenBank accession numbers for sequenced HIV isolates?,,,No
37376649,5,How many individuals had samples obtained for HIV sequencing?,,,734
37376649,6,From which countries were the sequenced samples obtained?,,,No
37376649,7,From what years were the sequenced samples obtained?,,,No
37376649,8,Were samples cloned prior to sequencing?,,,No
37376649,9,Which HIV genes were reported to have been sequenced?,,,"Reverse transcriptase, RT; Protease, PR; Integrase, IN"
37376649,10,What method was used for sequencing?,,,Next-generation sequencing (NGS)
37376649,11,What type of samples were sequenced?,,,Whole Blood
37376649,12,Were any sequences obtained from individuals with virological failure on a treatment regimen?,,,No
37376649,13,Were the patients in the study in a clinical trial?,,,Yes
37376649,14,Does the paper report HIV sequences from individuals who had previously received ARV drugs?,,,No
37376649,15,Which drug classes were received by individuals in the study before sample sequencing?,,,INSTI
37376649,16,Which drugs were received by individuals in the study before sample sequencing?,,,"Raltegravir (RAL), Elvitegravir(EVG), Dolutagravir (DTG), Bictegravir (BIC), cabotagravir (CAB), Lenacapavir (LEN)"
37381002,1,Does the paper report HIV sequences from patient samples?,,,Yes
37381002,2,Does the paper report in vitro drug susceptibility data?,,,No
37381002,3,Were sequences from the paper made publicly available?,,,No
37381002,4,What were the GenBank accession numbers for sequenced HIV isolates?,,,No
37381002,5,How many individuals had samples obtained for HIV sequencing?,,,398
37381002,6,From which countries were the sequenced samples obtained?,,,China
37381002,7,From what years were the sequenced samples obtained?,,,2017-2020
37381002,8,Were samples cloned prior to sequencing?,,,No
37381002,9,Which HIV genes were reported to have been sequenced?,,,"Protease, PR; Reverse transcriptase, RT"
37381002,10,What method was used for sequencing?,,,Next-generation sequencing (NGS)
37381002,11,What type of samples were sequenced?,,,Plasma
37381002,12,Were any sequences obtained from individuals with virological failure on a treatment regimen?,,,Yes
37381002,13,Were the patients in the study in a clinical trial?,,,No
37381002,14,Does the paper report HIV sequences from individuals who had previously received ARV drugs?,,,Yes
37381002,15,Which drug classes were received by individuals in the study before sample sequencing?,,,"NRTI, NNRTI, PI"
37381002,16,Which drugs were received by individuals in the study before sample sequencing?,,,"ABC, AZT, EFV"
37439411,1,Does the paper report HIV sequences from patient samples?,,,Yes
37439411,2,Does the paper report in vitro drug susceptibility data?,,,No
37439411,3,Were sequences from the paper made publicly available?,,,No
37439411,4,What were the GenBank accession numbers for sequenced HIV isolates?,,,No
37439411,5,How many individuals had samples obtained for HIV sequencing?,,,5982 na�ve individuals and 9387 treatment-experienced individuals
37439411,6,From which countries were the sequenced samples obtained?,,,Italy
37439411,7,From what years were the sequenced samples obtained?,,,2000-2020
37439411,8,Were samples cloned prior to sequencing?,,,No
37439411,9,Which HIV genes were reported to have been sequenced?,,,"Protease, Reverse transcriptase"
37439411,10,What method was used for sequencing?,,,No
37439411,11,What type of samples were sequenced?,,,Plasma
37439411,12,Were any sequences obtained from individuals with virological failure on a treatment regimen?,,,Yes
37439411,13,Were the patients in the study in a clinical trial?,,,No
37439411,14,Does the paper report HIV sequences from individuals who had previously received ARV drugs?,,,Yes
37439411,15,Which drug classes were received by individuals in the study before sample sequencing?,,,NNRTI
37439411,16,Which drugs were received by individuals in the study before sample sequencing?,,,"Nevirapine (NVP), Delavirdine (DLV), Efavirenz (EFV), Etravirine (ETR), Rilpivirine (RPV), and Doravirine (DOR)"
37495103,1,Does the paper report HIV sequences from patient samples?,,,Yes
37495103,2,Does the paper report in vitro drug susceptibility data?,,,No
37495103,3,Were sequences from the paper made publicly available?,,,No
37495103,4,What were the GenBank accession numbers for sequenced HIV isolates?,,,No
37495103,5,How many individuals had samples obtained for HIV sequencing?,,,271
37495103,6,From which countries were the sequenced samples obtained?,,,Russia
37495103,7,From what years were the sequenced samples obtained?,,,2018-2022
37495103,8,Were samples cloned prior to sequencing?,,,No
37495103,9,Which HIV genes were reported to have been sequenced?,,,"Protease, PR; Reverse transcriptase, RT; Integrase, IN"
37495103,10,What method was used for sequencing?,,,No
37495103,11,What type of samples were sequenced?,,,Plasma
37495103,12,Were any sequences obtained from individuals with virological failure on a treatment regimen?,,,Yes
37495103,13,Were the patients in the study in a clinical trial?,,,No
37495103,14,Does the paper report HIV sequences from individuals who had previously received ARV drugs?,,,Yes
37495103,15,Which drug classes were received by individuals in the study before sample sequencing?,,,"NRTI, NNRTI, PI, INSTI"
37495103,16,Which drugs were received by individuals in the study before sample sequencing?,,,"Abacavir (ABC), Zidovudine (AZT), Lamivudine (3TC), Tenofovir (TFV), Nevirapine (NVP), Efavirenz (EFV), Lopinavir (LPV), Dolutegravir (DTG)"
37498738,1,Does the paper report HIV sequences from patient samples?,"The paper reports on the analysis of HIV-1 reservoir in well-characterized participants from a randomized clinical trial, and it includes the sequencing of HIV-1 proviral polymerase chain reaction and next-generation sequencing.","The paper focuses on the characterization of the HIV-1 reservoir in early-treated individuals with HIV, and it includes the analysis of HIV-1 sequences from patient samples.",Yes
37498738,2,Does the paper report in vitro drug susceptibility data?,The paper does not mention in vitro drug susceptibility data.,"The paper focuses on the analysis of HIV-1 reservoir in early-treated individuals with HIV, and it does not include in vitro drug susceptibility data.",No
37498738,3,Were sequences from the paper made publicly available?,The paper does not mention the public availability of sequences.,The paper does not provide information on the public availability of sequences.,No
37498738,4,What were the GenBank accession numbers for sequenced HIV isolates?,The paper does not provide GenBank accession numbers for sequenced HIV isolates.,The paper does not mention GenBank accession numbers for sequenced HIV isolates.,No
37498738,5,How many individuals had samples obtained for HIV sequencing?,The paper reports on the analysis of HIV-1 reservoir in 43 early-treated individuals with HIV.,"The paper focuses on the analysis of HIV-1 reservoir in early-treated individuals with HIV, and it includes the sequencing of HIV-1 proviral polymerase chain reaction.",43
37498738,6,From which countries were the sequenced samples obtained?,The paper does not mention the countries from which the sequenced samples were obtained.,The paper does not provide information on the countries from which the sequenced samples were obtained.,No
37498738,7,From what years were the sequenced samples obtained?,The paper does not mention the years from which the sequenced samples were obtained.,The paper does not provide information on the years from which the sequenced samples were obtained.,No
37498738,8,Were samples cloned prior to sequencing?,The paper does not mention cloning of samples prior to sequencing.,The paper does not provide information on cloning of samples prior to sequencing.,No
37498738,9,Which HIV genes were reported to have been sequenced?,"The paper reports on the sequencing of near full-length HIV-1 proviral polymerase chain reaction, which includes the gag, pol, and env genes.","The paper focuses on the analysis of HIV-1 reservoir in early-treated individuals with HIV, and it includes the sequencing of near full-length HIV-1 proviral polymerase chain reaction.","Protease, PR; Reverse transcriptase, RT; Integrase, IN; Envelope"
37498738,10,What method was used for sequencing?,The paper reports on the use of next-generation sequencing (NGS) for the analysis of HIV-1 proviral polymerase chain reaction.,"The paper focuses on the analysis of HIV-1 reservoir in early-treated individuals with HIV, and it includes the use of NGS for the sequencing of HIV-1 proviral polymerase chain reaction.",Next-generation sequencing (NGS)
37498738,11,What type of samples were sequenced?,The paper reports on the sequencing of peripheral blood mononuclear cells (PBMCs).,"The paper focuses on the analysis of HIV-1 reservoir in early-treated individuals with HIV, and it includes the sequencing of PBMCs.",PBMC
37498738,12,Were any sequences obtained from individuals with virological failure on a treatment regimen?,The paper does not mention sequences obtained from individuals with virological failure on a treatment regimen.,The paper does not provide information on sequences obtained from individuals with virological failure on a treatment regimen.,No
37498738,13,Were the patients in the study in a clinical trial?,The paper reports on a randomized clinical trial comparing a switch to dolutegravir monotherapy with continuation of combination antiretroviral therapy (cART) in early-treated individuals with HIV.,"The paper focuses on the analysis of HIV-1 reservoir in early-treated individuals with HIV, and it includes a clinical trial.",Yes
37498738,14,Does the paper report HIV sequences from individuals who had previously received ARV drugs?,The paper reports on the analysis of HIV-1 reservoir in early-treated individuals with HIV who had previously received combination antiretroviral therapy (cART).,"The paper focuses on the analysis of HIV-1 reservoir in early-treated individuals with HIV, and it includes the sequencing of HIV-1 proviral polymerase chain reaction.",Yes
37498738,15,Which drug classes were received by individuals in the study before sample sequencing?,The paper reports on the use of combination antiretroviral therapy (cART) and dolutegravir monotherapy in the study.,"The paper focuses on the analysis of HIV-1 reservoir in early-treated individuals with HIV, and it includes the use of cART and dolutegravir monotherapy.","NRTI, NNRTI, PI, INST"
37498738,16,Which drugs were received by individuals in the study before sample sequencing?,The paper reports on the use of dolutegravir monotherapy in the study.,"The paper focuses on the analysis of HIV-1 reservoir in early-treated individuals with HIV, and it includes the use of dolutegravir monotherapy.",Dolutegravir (DTG)
37515095,1,Does the paper report HIV sequences from patient samples?,,,Yes
37515095,2,Does the paper report in vitro drug susceptibility data?,,,No
37515095,3,Were sequences from the paper made publicly available?,,,No
37515095,4,What were the GenBank accession numbers for sequenced HIV isolates?,,,No
37515095,5,How many individuals had samples obtained for HIV sequencing?,,,0
37515095,6,From which countries were the sequenced samples obtained?,,,Kazakhstan
37515095,7,From what years were the sequenced samples obtained?,,,2017-2020
37515095,8,Were samples cloned prior to sequencing?,,,No
37515095,9,Which HIV genes were reported to have been sequenced?,,,"Reverse transcriptase, RT"
37515095,10,What method was used for sequencing?,,,Sanger sequencing
37515095,11,What type of samples were sequenced?,,,Plasma
37515095,12,Were any sequences obtained from individuals with virological failure on a treatment regimen?,,,Yes
37515095,13,Were the patients in the study in a clinical trial?,,,968
37515095,14,Does the paper report HIV sequences from individuals who had previously received ARV drugs?,,,Yes
37515095,15,Which drug classes were received by individuals in the study before sample sequencing?,,,"NRTI, NNRTI"
37515095,16,Which drugs were received by individuals in the study before sample sequencing?,,,"Abacavir (ABC), Zidovudine'(AZT), Zalcitabine (DDC), Didanosine (DDI), Lamivudine (3TC), Stavudine (D4T), Emtricitabine(FTC), Tenofovir (TFV), Nevirapine (NVP), Delavirdine (DLV), Efavirenz (EFV), Etravirine (ETR), Rilpivirine (RPV), Doravirine (DOR)"
37515146,1,Does the paper report HIV sequences from patient samples?,,,Yes
37515146,2,Does the paper report in vitro drug susceptibility data?,,,No
37515146,3,Were sequences from the paper made publicly available?,,,Yes
37515146,4,What were the GenBank accession numbers for sequenced HIV isolates?,,,"MK702015-MK702057, MK867695-MK867757, and MK995397-MK995457"
37515146,5,How many individuals had samples obtained for HIV sequencing?,,,379
37515146,6,From which countries were the sequenced samples obtained?,,,Cameroon
37515146,7,From what years were the sequenced samples obtained?,,,2014-2019
37515146,8,Were samples cloned prior to sequencing?,,,No
37515146,9,Which HIV genes were reported to have been sequenced?,,,"Protease, Reverse transcriptase"
37515146,10,What method was used for sequencing?,,,No
37515146,11,What type of samples were sequenced?,,,Plasma
37515146,12,Were any sequences obtained from individuals with virological failure on a treatment regimen?,,,No
37515146,13,Were the patients in the study in a clinical trial?,,,No
37515146,14,Does the paper report HIV sequences from individuals who had previously received ARV drugs?,,,No
37515146,15,Which drug classes were received by individuals in the study before sample sequencing?,,,No
37515146,16,Which drugs were received by individuals in the study before sample sequencing?,,,No
37520425,1,Does the paper report HIV sequences from patient samples?,,,Yes
37520425,2,Does the paper report in vitro drug susceptibility data?,,,No
37520425,3,Were sequences from the paper made publicly available?,,,Yes
37520425,4,What were the GenBank accession numbers for sequenced HIV isolates?,,,OQ627458-OQ627474
37520425,5,How many individuals had samples obtained for HIV sequencing?,,,30
37520425,6,From which countries were the sequenced samples obtained?,,,Tanzania
37520425,7,From what years were the sequenced samples obtained?,,,No
37520425,8,Were samples cloned prior to sequencing?,,,No
37520425,9,Which HIV genes were reported to have been sequenced?,,,"Reverse transcriptase, Protease, INSTI"
37520425,10,What method was used for sequencing?,,,Sanger sequencing
37520425,11,What type of samples were sequenced?,,,Plasma
37520425,12,Were any sequences obtained from individuals with virological failure on a treatment regimen?,,,Yes
37520425,13,Were the patients in the study in a clinical trial?,,,No
37520425,14,Does the paper report HIV sequences from individuals who had previously received ARV drugs?,,,Yes
37520425,15,Which drug classes were received by individuals in the study before sample sequencing?,,,INSTI
37520425,16,Which drugs were received by individuals in the study before sample sequencing?,,,Dolutegravir (DTG)
37537871,1,Does the paper report HIV sequences from patient samples?,,,Yes
37537871,2,Does the paper report in vitro drug susceptibility data?,,,No
37537871,3,Were sequences from the paper made publicly available?,,,Yes
37537871,4,What were the GenBank accession numbers for sequenced HIV isolates?,,,No
37537871,5,How many individuals had samples obtained for HIV sequencing?,,,77
37537871,6,From which countries were the sequenced samples obtained?,,,Hong Kong
37537871,7,From what years were the sequenced samples obtained?,,,2002-2014
37537871,8,Were samples cloned prior to sequencing?,,,No
37537871,9,Which HIV genes were reported to have been sequenced?,,,"Protease, Reverse transcriptase, Integrase"
37537871,10,What method was used for sequencing?,,,Oxford Nanopore sequencing
37537871,11,What type of samples were sequenced?,,,Plasma
37537871,12,Were any sequences obtained from individuals with virological failure on a treatment regimen?,,,No
37537871,13,Were the patients in the study in a clinical trial?,,,No
37537871,14,Does the paper report HIV sequences from individuals who had previously received ARV drugs?,,,No
37537871,15,Which drug classes were received by individuals in the study before sample sequencing?,,,No
37537871,16,Which drugs were received by individuals in the study before sample sequencing?,,,No
37540331,1,Does the paper report HIV sequences from patient samples?,,,No
37540331,2,Does the paper report in vitro drug susceptibility data?,,,No
37540331,3,Were sequences from the paper made publicly available?,,,Yes
37540331,4,What were the GenBank accession numbers for sequenced HIV isolates?,,,No
37540331,5,How many individuals had samples obtained for HIV sequencing?,,,0
37540331,6,From which countries were the sequenced samples obtained?,,,No
37540331,7,From what years were the sequenced samples obtained?,,,No
37540331,8,Were samples cloned prior to sequencing?,,,No
37540331,9,Which HIV genes were reported to have been sequenced?,,,No
37540331,10,What method was used for sequencing?,,,No
37540331,11,What type of samples were sequenced?,,,No
37540331,12,Were any sequences obtained from individuals with virological failure on a treatment regimen?,,,No
37540331,13,Were the patients in the study in a clinical trial?,,,Yes
37540331,14,Does the paper report HIV sequences from individuals who had previously received ARV drugs?,,,No
37540331,15,Which drug classes were received by individuals in the study before sample sequencing?,,,"NRTI, NNRTI"
37540331,16,Which drugs were received by individuals in the study before sample sequencing?,,,"NRTI, NNRTI"
37541705,1,Does the paper report HIV sequences from patient samples?,,,No
37541705,2,Does the paper report in vitro drug susceptibility data?,,,No
37541705,3,Were sequences from the paper made publicly available?,,,No
37541705,4,What were the GenBank accession numbers for sequenced HIV isolates?,,,No
37541705,5,How many individuals had samples obtained for HIV sequencing?,,,0
37541705,6,From which countries were the sequenced samples obtained?,,,No
37541705,7,From what years were the sequenced samples obtained?,,,No
37541705,8,Were samples cloned prior to sequencing?,,,No
37541705,9,Which HIV genes were reported to have been sequenced?,,,No
37541705,10,What method was used for sequencing?,,,No
37541705,11,What type of samples were sequenced?,,,No
37541705,12,Were any sequences obtained from individuals with virological failure on a treatment regimen?,,,No
37541705,13,Were the patients in the study in a clinical trial?,,,Yes
37541705,14,Does the paper report HIV sequences from individuals who had previously received ARV drugs?,,,No
37541705,15,Which drug classes were received by individuals in the study before sample sequencing?,,,"NRTI, NNRTI, PI, INSTI"
37541705,16,Which drugs were received by individuals in the study before sample sequencing?,,,"Dolutegravir, Abacavir, Lamivudine"
37546367,1,Does the paper report HIV sequences from patient samples?,,,Yes
37546367,2,Does the paper report in vitro drug susceptibility data?,,,No
37546367,3,Were sequences from the paper made publicly available?,,,Yes
37546367,4,What were the GenBank accession numbers for sequenced HIV isolates?,,,OQ886077 - OQ888150
37546367,5,How many individuals had samples obtained for HIV sequencing?,,,2074
37546367,6,From which countries were the sequenced samples obtained?,,,China
37546367,7,From what years were the sequenced samples obtained?,,,2011-2022
37546367,8,Were samples cloned prior to sequencing?,,,No
37546367,9,Which HIV genes were reported to have been sequenced?,,,"Protease, Reverse transcriptase, Integrase"
37546367,10,What method was used for sequencing?,,,Sanger sequencing
37546367,11,What type of samples were sequenced?,,,Plasma
37546367,12,Were any sequences obtained from individuals with virological failure on a treatment regimen?,,,No
37546367,13,Were the patients in the study in a clinical trial?,,,No
37546367,14,Does the paper report HIV sequences from individuals who had previously received ARV drugs?,,,Yes
37546367,15,Which drug classes were received by individuals in the study before sample sequencing?,,,"NRTI, NNRTI, PI"
37546367,16,Which drugs were received by individuals in the study before sample sequencing?,,,"ABC, AZT, 3TC, FTC, EFV"
37554471,1,Does the paper report HIV sequences from patient samples?,,,No
37554471,2,Does the paper report in vitro drug susceptibility data?,,,No
37554471,3,Were sequences from the paper made publicly available?,,,No
37554471,4,What were the GenBank accession numbers for sequenced HIV isolates?,,,No
37554471,5,How many individuals had samples obtained for HIV sequencing?,,,0
37554471,6,From which countries were the sequenced samples obtained?,,,No
37554471,7,From what years were the sequenced samples obtained?,,,No
37554471,8,Were samples cloned prior to sequencing?,,,No
37554471,9,Which HIV genes were reported to have been sequenced?,,,No
37554471,10,What method was used for sequencing?,,,No
37554471,11,What type of samples were sequenced?,,,No
37554471,12,Were any sequences obtained from individuals with virological failure on a treatment regimen?,,,No
37554471,13,Were the patients in the study in a clinical trial?,,,Yes
37554471,14,Does the paper report HIV sequences from individuals who had previously received ARV drugs?,,,Yes
37554471,15,Which drug classes were received by individuals in the study before sample sequencing?,,,"NRTI, NNRTI, PI"
37554471,16,Which drugs were received by individuals in the study before sample sequencing?,,,"Etravirine, Dolutegravir, Darunavir, Ritonavir"
37573167,1,Does the paper report HIV sequences from patient samples?,,,Yes
37573167,2,Does the paper report in vitro drug susceptibility data?,,,No
37573167,3,Were sequences from the paper made publicly available?,,,No
37573167,4,What were the GenBank accession numbers for sequenced HIV isolates?,,,No
37573167,5,How many individuals had samples obtained for HIV sequencing?,,,1126
37573167,6,From which countries were the sequenced samples obtained?,,,No
37573167,7,From what years were the sequenced samples obtained?,,,2010-2021
37573167,8,Were samples cloned prior to sequencing?,,,No
37573167,9,Which HIV genes were reported to have been sequenced?,,,"Protease, PR; Reverse transcriptase, RT; Integrase, IN"
37573167,10,What method was used for sequencing?,,,Sanger sequencing
37573167,11,What type of samples were sequenced?,,,PBMC
37573167,12,Were any sequences obtained from individuals with virological failure on a treatment regimen?,,,No
37573167,13,Were the patients in the study in a clinical trial?,,,No
37573167,14,Does the paper report HIV sequences from individuals who had previously received ARV drugs?,,,Yes
37573167,15,Which drug classes were received by individuals in the study before sample sequencing?,,,"NRTI, NNRTI, PI, INSTI"
37573167,16,Which drugs were received by individuals in the study before sample sequencing?,,,No
37574435,1,Does the paper report HIV sequences from patient samples?,,,No
37574435,2,Does the paper report in vitro drug susceptibility data?,,,No
37574435,3,Were sequences from the paper made publicly available?,,,No
37574435,4,What were the GenBank accession numbers for sequenced HIV isolates?,,,No
37574435,5,How many individuals had samples obtained for HIV sequencing?,,,0
37574435,6,From which countries were the sequenced samples obtained?,,,No
37574435,7,From what years were the sequenced samples obtained?,,,No
37574435,8,Were samples cloned prior to sequencing?,,,No
37574435,9,Which HIV genes were reported to have been sequenced?,,,No
37574435,10,What method was used for sequencing?,,,No
37574435,11,What type of samples were sequenced?,,,No
37574435,12,Were any sequences obtained from individuals with virological failure on a treatment regimen?,,,No
37574435,13,Were the patients in the study in a clinical trial?,,,No
37574435,14,Does the paper report HIV sequences from individuals who had previously received ARV drugs?,,,No
37574435,15,Which drug classes were received by individuals in the study before sample sequencing?,,,"NRTI, NNRTI, PI, INSTI"
37574435,16,Which drugs were received by individuals in the study before sample sequencing?,,,"Abacavir (ABC), Zidovudine'(AZT), Zalcitabine (DDC), Didanosine (DDI), Lamivudine (3TC), Stavudine (D4T), Emtricitabine(FTC), Tenofovir (TFV), Nevirapine (NVP), Delavirdine (DLV), Efavirenz (EFV), Etravirine (ETR), Rilpivirine (RPV), Doravirine (DOR), Amprenavir (APV), Lopinavir'(LPV), Atazanavir (ATV), Derunavir (DRV), Nelfinavir (NFV), Raltegravir (RAL), Elvitegravir(EVG), Dolutagravir (DTG), Bictegravir (BIC), cabotagravir (CAB), Lenacapavir (LEN)"
37585352,1,Does the paper report HIV sequences from patient samples?,,,Yes
37585352,2,Does the paper report in vitro drug susceptibility data?,,,No
37585352,3,Were sequences from the paper made publicly available?,,,Yes
37585352,4,What were the GenBank accession numbers for sequenced HIV isolates?,,,No
37585352,5,How many individuals had samples obtained for HIV sequencing?,,,5805
37585352,6,From which countries were the sequenced samples obtained?,,,Botswana
37585352,7,From what years were the sequenced samples obtained?,,,2013-2018
37585352,8,Were samples cloned prior to sequencing?,,,No
37585352,9,Which HIV genes were reported to have been sequenced?,,,"Reverse transcriptase, RT; Integrase, IN"
37585352,10,What method was used for sequencing?,,,Illumina sequencing
37585352,11,What type of samples were sequenced?,,,PBMC
37585352,12,Were any sequences obtained from individuals with virological failure on a treatment regimen?,,,No
37585352,13,Were the patients in the study in a clinical trial?,,,No
37585352,14,Does the paper report HIV sequences from individuals who had previously received ARV drugs?,,,Yes
37585352,15,Which drug classes were received by individuals in the study before sample sequencing?,,,"NNRTI, NRTI"
37585352,16,Which drugs were received by individuals in the study before sample sequencing?,,,"Nevirapine (NVP), Efavirenz (EFV), Lamivudine (3TC), Zidovudine (AZT), Emtricitabine (FTC), Tenofovir (TFV)"
37593123,1,Does the paper report HIV sequences from patient samples?,,,Yes
37593123,2,Does the paper report in vitro drug susceptibility data?,,,No
37593123,3,Were sequences from the paper made publicly available?,,,No
37593123,4,What were the GenBank accession numbers for sequenced HIV isolates?,,,No
37593123,5,How many individuals had samples obtained for HIV sequencing?,,,57902
37593123,6,From which countries were the sequenced samples obtained?,,,China
37593123,7,From what years were the sequenced samples obtained?,,,2004-2022
37593123,8,Were samples cloned prior to sequencing?,,,No
37593123,9,Which HIV genes were reported to have been sequenced?,,,"Protease, PR; Reverse transcriptase, RT; Integrase, IN"
37593123,10,What method was used for sequencing?,,,No
37593123,11,What type of samples were sequenced?,,,No
37593123,12,Were any sequences obtained from individuals with virological failure on a treatment regimen?,,,No
37593123,13,Were the patients in the study in a clinical trial?,,,No
37593123,14,Does the paper report HIV sequences from individuals who had previously received ARV drugs?,,,No
37593123,15,Which drug classes were received by individuals in the study before sample sequencing?,,,No
37593123,16,Which drugs were received by individuals in the study before sample sequencing?,,,No
37626789,1,Does the paper report HIV sequences from patient samples?,,,No
37626789,2,Does the paper report in vitro drug susceptibility data?,,,No
37626789,3,Were sequences from the paper made publicly available?,,,No
37626789,4,What were the GenBank accession numbers for sequenced HIV isolates?,,,No
37626789,5,How many individuals had samples obtained for HIV sequencing?,,,551
37626789,6,From which countries were the sequenced samples obtained?,,,Ethiopia
37626789,7,From what years were the sequenced samples obtained?,,,2017-2019
37626789,8,Were samples cloned prior to sequencing?,,,No
37626789,9,Which HIV genes were reported to have been sequenced?,,,"Reverse transcriptase, RT; Protease, PR; Integrase, IN"
37626789,10,What method was used for sequencing?,,,Sanger sequencing
37626789,11,What type of samples were sequenced?,,,Whole Blood
37626789,12,Were any sequences obtained from individuals with virological failure on a treatment regimen?,,,Yes
37626789,13,Were the patients in the study in a clinical trial?,,,No
37626789,14,Does the paper report HIV sequences from individuals who had previously received ARV drugs?,,,No
37626789,15,Which drug classes were received by individuals in the study before sample sequencing?,,,"NRTI, NNRTI"
37626789,16,Which drugs were received by individuals in the study before sample sequencing?,,,"Zidovudine (AZT), Lamivudine (3TC), Nevirapine (NVP), Stavudine (D4T), Efavirenz (EFV)"
37632026,1,Does the paper report HIV sequences from patient samples?,"The paper mentions that ""Sequences generated for the purpose of this study were submitted to Genbank under the following accession numbers: MK580543-MK580618 ; JF273935-JF273965 ; JQ796152-JQ796169, MK867721-MK867755 ; and OQ985493-OQ985958.""","The paper explicitly states that sequences were generated and submitted to GenBank, indicating that HIV sequences from patient samples were indeed reported.",Yes
37632026,2,Does the paper report in vitro drug susceptibility data?,"The paper mentions that ""We considered effective drugs as those having a susceptibility score of <30 according to the Stanford HIVDR database.""","The paper does not explicitly state that it reports in vitro drug susceptibility data, but it does mention using a database to determine drug susceptibility, which suggests that it may be related to in vitro data.",No
37632026,3,Were sequences from the paper made publicly available?,"The paper mentions that ""Sequences generated for the purpose of this study were submitted to Genbank...""","The paper explicitly states that sequences were submitted to GenBank, indicating that they were made publicly available.",Yes
37632026,4,What were the GenBank accession numbers for sequenced HIV isolates?,"The paper mentions that ""Sequences generated for the purpose of this study were submitted to Genbank under the following accession numbers: MK580543-MK580618 ; JF273935-JF273965 ; JQ796152-JQ796169, MK867721-MK867755 ; and OQ985493-OQ985958.""",The paper explicitly states the GenBank accession numbers for the sequenced HIV isolates.,"MK580543-MK580618 ; JF273935-JF273965 ; JQ796152-JQ796169, MK867721-MK867755 ; and OQ985493-OQ985958"
37632026,5,How many individuals had samples obtained for HIV sequencing?,"The paper mentions that ""We retained a total of 759 participants...""",The paper explicitly states the number of individuals who had samples obtained for HIV sequencing.,759
37632026,6,From which countries were the sequenced samples obtained?,"The paper mentions that ""Our study was carried out at CIRCB, Yaound√©, Cameroon...""",The paper explicitly states that the study was carried out in Cameroon.,Cameroon
37632026,7,From what years were the sequenced samples obtained?,"The paper mentions that ""We carried out a laboratory-based cross-sectional and analytical study from November 2011 to August 2019...""",The paper explicitly states the time period during which the study was carried out.,2011-2019
37632026,8,Were samples cloned prior to sequencing?,The paper does not explicitly state whether samples were cloned prior to sequencing.,The paper does not provide information on whether samples were cloned prior to sequencing.,No
37632026,9,Which HIV genes were reported to have been sequenced?,"The paper mentions that ""HIV-1 pol-gene (protease and reverse-transcriptase regions) was then amplified (~1600 base pairs).""",The paper explicitly states that the protease and reverse-transcriptase regions of the HIV-1 pol-gene were sequenced.,"Protease, Reverse transcriptase"
37632026,10,What method was used for sequencing?,The paper does not explicitly state the sequencing method used.,The paper does not provide information on the sequencing method used.,No
37632026,11,What type of samples were sequenced?,"The paper mentions that ""10 mL of blood was drawn from treatment-failing patients...""",The paper explicitly states that blood samples were used.,Plasma
37632026,12,Were any sequences obtained from individuals with virological failure on a treatment regimen?,"The paper mentions that ""We included all participants aged ‚â• 15 years, failing virologically...""",The paper explicitly states that sequences were obtained from individuals with virological failure on a treatment regimen.,Yes
37632026,13,Were the patients in the study in a clinical trial?,The paper does not explicitly state whether the patients were in a clinical trial.,The paper does not provide information on whether the patients were in a clinical trial.,No
37632026,14,Does the paper report HIV sequences from individuals who had previously received ARV drugs?,"The paper mentions that ""We included all participants aged ‚â• 15 years, failing virologically...""",The paper explicitly states that sequences were obtained from individuals who had previously received ARV drugs.,Yes
37632026,15,Which drug classes were received by individuals in the study before sample sequencing?,"The paper mentions that ""NRTI, NNRTI, PI, and INSTI"" were considered.",The paper explicitly states the drug classes that were considered.,"NRTI, NNRTI, PI, INSTI"
37632026,16,Which drugs were received by individuals in the study before sample sequencing?,"The paper mentions that ""TDF, AZT, ABC, EFV, ATV, LPV, and DRV"" were considered.",The paper explicitly states the drugs that were considered.,"TDF, AZT, ABC, EFV, ATV, LPV, DRV"
37632071,1,Does the paper report HIV sequences from patient samples?,,,No
37632071,2,Does the paper report in vitro drug susceptibility data?,,,No
37632071,3,Were sequences from the paper made publicly available?,,,No
37632071,4,What were the GenBank accession numbers for sequenced HIV isolates?,,,No
37632071,5,How many individuals had samples obtained for HIV sequencing?,,,0
37632071,6,From which countries were the sequenced samples obtained?,,,No
37632071,7,From what years were the sequenced samples obtained?,,,No
37632071,8,Were samples cloned prior to sequencing?,,,No
37632071,9,Which HIV genes were reported to have been sequenced?,,,No
37632071,10,What method was used for sequencing?,,,No
37632071,11,What type of samples were sequenced?,,,No
37632071,12,Were any sequences obtained from individuals with virological failure on a treatment regimen?,,,No
37632071,13,Were the patients in the study in a clinical trial?,,,No
37632071,14,Does the paper report HIV sequences from individuals who had previously received ARV drugs?,,,No
37632071,15,Which drug classes were received by individuals in the study before sample sequencing?,,,No
37632071,16,Which drugs were received by individuals in the study before sample sequencing?,,,No
37649807,1,Does the paper report HIV sequences from patient samples?,,,No
37649807,2,Does the paper report in vitro drug susceptibility data?,,,No
37649807,3,Were sequences from the paper made publicly available?,,,No
37649807,4,What were the GenBank accession numbers for sequenced HIV isolates?,,,No
37649807,5,How many individuals had samples obtained for HIV sequencing?,,,0
37649807,6,From which countries were the sequenced samples obtained?,,,Kenya
37649807,7,From what years were the sequenced samples obtained?,,,2015-2021
37649807,8,Were samples cloned prior to sequencing?,,,No
37649807,9,Which HIV genes were reported to have been sequenced?,,,No
37649807,10,What method was used for sequencing?,,,No
37649807,11,What type of samples were sequenced?,,,Plasma
37649807,12,Were any sequences obtained from individuals with virological failure on a treatment regimen?,,,Yes
37649807,13,Were the patients in the study in a clinical trial?,,,No
37649807,14,Does the paper report HIV sequences from individuals who had previously received ARV drugs?,,,Yes
37649807,15,Which drug classes were received by individuals in the study before sample sequencing?,,,"INSTI, NRTI, NNRTI, PI"
37649807,16,Which drugs were received by individuals in the study before sample sequencing?,,,"Dolutegravir (DTG), Tenofovir (TFV), Lamivudine (3TC), Emtricitabine (FTC)"
37662576,1,Does the paper report HIV sequences from patient samples?,,,No
37662576,2,Does the paper report in vitro drug susceptibility data?,,,No
37662576,3,Were sequences from the paper made publicly available?,,,No
37662576,4,What were the GenBank accession numbers for sequenced HIV isolates?,,,No
37662576,5,How many individuals had samples obtained for HIV sequencing?,,,0
37662576,6,From which countries were the sequenced samples obtained?,,,No
37662576,7,From what years were the sequenced samples obtained?,,,No
37662576,8,Were samples cloned prior to sequencing?,,,No
37662576,9,Which HIV genes were reported to have been sequenced?,,,Protease
37662576,10,What method was used for sequencing?,,,No
37662576,11,What type of samples were sequenced?,,,No
37662576,12,Were any sequences obtained from individuals with virological failure on a treatment regimen?,,,No
37662576,13,Were the patients in the study in a clinical trial?,,,No
37662576,14,Does the paper report HIV sequences from individuals who had previously received ARV drugs?,,,No
37662576,15,Which drug classes were received by individuals in the study before sample sequencing?,,,PI
37662576,16,Which drugs were received by individuals in the study before sample sequencing?,,,"Darunavir, Lopinavir"
37674678,1,Does the paper report HIV sequences from patient samples?,,,Yes
37674678,2,Does the paper report in vitro drug susceptibility data?,,,No
37674678,3,Were sequences from the paper made publicly available?,,,Yes
37674678,4,What were the GenBank accession numbers for sequenced HIV isolates?,,,No
37674678,5,How many individuals had samples obtained for HIV sequencing?,,,1161
37674678,6,From which countries were the sequenced samples obtained?,,,China
37674678,7,From what years were the sequenced samples obtained?,,,2019-2021
37674678,8,Were samples cloned prior to sequencing?,,,No
37674678,9,Which HIV genes were reported to have been sequenced?,,,"Reverse transcriptase, RT; Protease, PR"
37674678,10,What method was used for sequencing?,,,No
37674678,11,What type of samples were sequenced?,,,Plasma
37674678,12,Were any sequences obtained from individuals with virological failure on a treatment regimen?,,,No
37674678,13,Were the patients in the study in a clinical trial?,,,No
37674678,14,Does the paper report HIV sequences from individuals who had previously received ARV drugs?,,,No
37674678,15,Which drug classes were received by individuals in the study before sample sequencing?,,,"NRTI, NNRTI, PI"
37674678,16,Which drugs were received by individuals in the study before sample sequencing?,,,"Abacavir (ABC), Zidovudine'(AZT), Zalcitabine (DDC), Didanosine (DDI), Lamivudine (3TC), Stavudine (D4T), Emtricitabine(FTC), Tenofovir (TFV), Nevirapine (NVP), Delavirdine (DLV), Efavirenz (EFV), Etravirine (ETR), Rilpivirine (RPV), Doravirine (DOR), Amprenavir (APV), Lopinavir'(LPV), Atazanavir (ATV), Derunavir (DRV), Nelfinavir (NFV)"
37701387,1,Does the paper report HIV sequences from patient samples?,,,No
37701387,2,Does the paper report in vitro drug susceptibility data?,,,No
37701387,3,Were sequences from the paper made publicly available?,,,No
37701387,4,What were the GenBank accession numbers for sequenced HIV isolates?,,,No
37701387,5,How many individuals had samples obtained for HIV sequencing?,,,0
37701387,6,From which countries were the sequenced samples obtained?,,,No
37701387,7,From what years were the sequenced samples obtained?,,,No
37701387,8,Were samples cloned prior to sequencing?,,,No
37701387,9,Which HIV genes were reported to have been sequenced?,,,No
37701387,10,What method was used for sequencing?,,,No
37701387,11,What type of samples were sequenced?,,,No
37701387,12,Were any sequences obtained from individuals with virological failure on a treatment regimen?,,,No
37701387,13,Were the patients in the study in a clinical trial?,,,Yes
37701387,14,Does the paper report HIV sequences from individuals who had previously received ARV drugs?,,,No
37701387,15,Which drug classes were received by individuals in the study before sample sequencing?,,,"INSTI, PI"
37701387,16,Which drugs were received by individuals in the study before sample sequencing?,,,"Bictegravir (BIC), Emtricitabine (FTC), Tenofovir (TFV), Darunavir (DRV)"
37716367,1,Does the paper report HIV sequences from patient samples?,,,No
37716367,2,Does the paper report in vitro drug susceptibility data?,,,No
37716367,3,Were sequences from the paper made publicly available?,,,No
37716367,4,What were the GenBank accession numbers for sequenced HIV isolates?,,,No
37716367,5,How many individuals had samples obtained for HIV sequencing?,,,0
37716367,6,From which countries were the sequenced samples obtained?,,,No
37716367,7,From what years were the sequenced samples obtained?,,,No
37716367,8,Were samples cloned prior to sequencing?,,,No
37716367,9,Which HIV genes were reported to have been sequenced?,,,No
37716367,10,What method was used for sequencing?,,,No
37716367,11,What type of samples were sequenced?,,,No
37716367,12,Were any sequences obtained from individuals with virological failure on a treatment regimen?,,,No
37716367,13,Were the patients in the study in a clinical trial?,,,No
37716367,14,Does the paper report HIV sequences from individuals who had previously received ARV drugs?,,,No
37716367,15,Which drug classes were received by individuals in the study before sample sequencing?,,,No
37716367,16,Which drugs were received by individuals in the study before sample sequencing?,,,No
37755428,1,Does the paper report HIV sequences from patient samples?,,,Yes
37755428,2,Does the paper report in vitro drug susceptibility data?,,,No
37755428,3,Were sequences from the paper made publicly available?,,,No
37755428,4,What were the GenBank accession numbers for sequenced HIV isolates?,,,No
37755428,5,How many individuals had samples obtained for HIV sequencing?,,,143
37755428,6,From which countries were the sequenced samples obtained?,,,Haiti
37755428,7,From what years were the sequenced samples obtained?,,,2020-2021
37755428,8,Were samples cloned prior to sequencing?,,,No
37755428,9,Which HIV genes were reported to have been sequenced?,,,"Protease, PR; Reverse transcriptase, RT; Integrase, IN"
37755428,10,What method was used for sequencing?,,,Sanger sequencing
37755428,11,What type of samples were sequenced?,,,DBS
37755428,12,Were any sequences obtained from individuals with virological failure on a treatment regimen?,,,No
37755428,13,Were the patients in the study in a clinical trial?,,,No
37755428,14,Does the paper report HIV sequences from individuals who had previously received ARV drugs?,,,Yes
37755428,15,Which drug classes were received by individuals in the study before sample sequencing?,,,"NRTI, INSTI"
37755428,16,Which drugs were received by individuals in the study before sample sequencing?,,,"Tenofovir, Lamivudine, Dolutegravir"
37775947,1,Does the paper report HIV sequences from patient samples?,,,No
37775947,2,Does the paper report in vitro drug susceptibility data?,,,No
37775947,3,Were sequences from the paper made publicly available?,,,No
37775947,4,What were the GenBank accession numbers for sequenced HIV isolates?,,,No
37775947,5,How many individuals had samples obtained for HIV sequencing?,,,1380
37775947,6,From which countries were the sequenced samples obtained?,,,"South America, Africa, USA"
37775947,7,From what years were the sequenced samples obtained?,,,2009-2013
37775947,8,Were samples cloned prior to sequencing?,,,No
37775947,9,Which HIV genes were reported to have been sequenced?,,,"Protease, PR; Reverse transcriptase, RT; Integrase, IN"
37775947,10,What method was used for sequencing?,,,Next-generation sequencing (NGS)
37775947,11,What type of samples were sequenced?,,,Plasma
37775947,12,Were any sequences obtained from individuals with virological failure on a treatment regimen?,,,No
37775947,13,Were the patients in the study in a clinical trial?,,,Yes
37775947,14,Does the paper report HIV sequences from individuals who had previously received ARV drugs?,,,No
37775947,15,Which drug classes were received by individuals in the study before sample sequencing?,,,"NRTI, NNRTI, PI, INSTI"
37775947,16,Which drugs were received by individuals in the study before sample sequencing?,,,"Efavirenz, Tenofovir, Emtricitabine"
37817087,1,Does the paper report HIV sequences from patient samples?,,,Yes
37817087,2,Does the paper report in vitro drug susceptibility data?,,,No
37817087,3,Were sequences from the paper made publicly available?,,,Yes
37817087,4,What were the GenBank accession numbers for sequenced HIV isolates?,,,No
37817087,5,How many individuals had samples obtained for HIV sequencing?,,,4559
37817087,6,From which countries were the sequenced samples obtained?,,,Germany
37817087,7,From what years were the sequenced samples obtained?,,,2017-2020
37817087,8,Were samples cloned prior to sequencing?,,,No
37817087,9,Which HIV genes were reported to have been sequenced?,,,"Protease, PR; Reverse transcriptase, RT; Integrase, IN"
37817087,10,What method was used for sequencing?,,,Illumina sequencing
37817087,11,What type of samples were sequenced?,,,Plasma; Serum
37817087,12,Were any sequences obtained from individuals with virological failure on a treatment regimen?,,,No
37817087,13,Were the patients in the study in a clinical trial?,,,No
37817087,14,Does the paper report HIV sequences from individuals who had previously received ARV drugs?,,,No
37817087,15,Which drug classes were received by individuals in the study before sample sequencing?,,,"NRTI, NNRTI, PI, INST"
37817087,16,Which drugs were received by individuals in the study before sample sequencing?,,,"Abacavir (ABC), Zidovudine'(AZT), Zalcitabine (DDC), Didanosine (DDI), Lamivudine (3TC), Stavudine (D4T), Emtricitabine(FTC), Tenofovir (TFV), Nevirapine (NVP), Delavirdine (DLV), Efavirenz (EFV), Etravirine (ETR), Rilpivirine (RPV), Doravirine (DOR), Amprenavir (APV), Lopinavir'(LPV), Atazanavir (ATV), Derunavir (DRV), Raltegravir (RAL), Elvitegravir(EVG), Dolutagravir (DTG), Bictegravir (BIC), cabotagravir (CAB), Lenacapavir (LEN)"
37823653,1,Does the paper report HIV sequences from patient samples?,,,Yes
37823653,2,Does the paper report in vitro drug susceptibility data?,,,No
37823653,3,Were sequences from the paper made publicly available?,,,No
37823653,4,What were the GenBank accession numbers for sequenced HIV isolates?,,,No
37823653,5,How many individuals had samples obtained for HIV sequencing?,,,6078
37823653,6,From which countries were the sequenced samples obtained?,,,Botswana
37823653,7,From what years were the sequenced samples obtained?,,,2013-2018
37823653,8,Were samples cloned prior to sequencing?,,,No
37823653,9,Which HIV genes were reported to have been sequenced?,,,Envelope
37823653,10,What method was used for sequencing?,,,Illumina sequencing
37823653,11,What type of samples were sequenced?,,,PBMC
37823653,12,Were any sequences obtained from individuals with virological failure on a treatment regimen?,,,Yes
37823653,13,Were the patients in the study in a clinical trial?,,,No
37823653,14,Does the paper report HIV sequences from individuals who had previously received ARV drugs?,,,Yes
37823653,15,Which drug classes were received by individuals in the study before sample sequencing?,,,"NNRTI, PI"
37823653,16,Which drugs were received by individuals in the study before sample sequencing?,,,"Efavirenz, Nevirapine"
37872202,1,Does the paper report HIV sequences from patient samples?,,,No
37872202,2,Does the paper report in vitro drug susceptibility data?,,,Yes
37872202,3,Were sequences from the paper made publicly available?,,,Yes
37872202,4,What were the GenBank accession numbers for sequenced HIV isolates?,,,No
37872202,5,How many individuals had samples obtained for HIV sequencing?,,,0
37872202,6,From which countries were the sequenced samples obtained?,,,No
37872202,7,From what years were the sequenced samples obtained?,,,No
37872202,8,Were samples cloned prior to sequencing?,,,No
37872202,9,Which HIV genes were reported to have been sequenced?,,,No
37872202,10,What method was used for sequencing?,,,No
37872202,11,What type of samples were sequenced?,,,No
37872202,12,Were any sequences obtained from individuals with virological failure on a treatment regimen?,,,No
37872202,13,Were the patients in the study in a clinical trial?,,,No
37872202,14,Does the paper report HIV sequences from individuals who had previously received ARV drugs?,,,No
37872202,15,Which drug classes were received by individuals in the study before sample sequencing?,,,No
37872202,16,Which drugs were received by individuals in the study before sample sequencing?,,,No
37878637,1,Does the paper report HIV sequences from patient samples?,The paper mentions that sequencing of protease and reverse transcriptase regions was performed for participants experiencing virological failure.,"The paper explicitly states that sequencing was performed on patient samples, indicating that the answer is affirmative.",Yes
37878637,2,Does the paper report in vitro drug susceptibility data?,The paper does not mention in vitro drug susceptibility data.,"The paper focuses on the genetic diversity of HIV-1 and its effect on immuno-virological outcomes among adolescents failing antiretroviral therapy, but does not report in vitro drug susceptibility data.",No
37878637,3,Were sequences from the paper made publicly available?,The paper mentions that the data underlying the results presented in the study are available from figshare.,"The paper explicitly states that the data are available from figshare, indicating that the answer is affirmative.",Yes
37878637,4,What were the GenBank accession numbers for sequenced HIV isolates?,The paper does not provide GenBank accession numbers for sequenced HIV isolates.,"The paper does not mention GenBank accession numbers, and therefore, the answer is ""Not reported"".",No
37878637,5,How many individuals had samples obtained for HIV sequencing?,The paper mentions that 141 participants had sequence data available.,"The paper explicitly states that 141 participants had sequence data available, indicating that this number of individuals had samples obtained for HIV sequencing.",141
37878637,6,From which countries were the sequenced samples obtained?,The paper mentions that the study was conducted in Cameroon.,"The paper explicitly states that the study was conducted in Cameroon, indicating that the sequenced samples were obtained from this country.",Cameroon
37878637,7,From what years were the sequenced samples obtained?,The paper mentions that the study was conducted from 2018-2020.,"The paper explicitly states that the study was conducted from 2018-2020, indicating that the sequenced samples were obtained during this time period.",2018-2020
37878637,8,Were samples cloned prior to sequencing?,The paper does not mention cloning of samples prior to sequencing.,"The paper does not provide information on cloning of samples prior to sequencing, and therefore, the answer is ""No"".",No
37878637,9,Which HIV genes were reported to have been sequenced?,The paper mentions that sequencing of protease and reverse transcriptase regions was performed.,"The paper explicitly states that sequencing was performed on protease and reverse transcriptase regions, indicating that these genes were reported to have been sequenced.","Protease, Reverse transcriptase"
37878637,10,What method was used for sequencing?,The paper does not explicitly state the sequencing method used.,"The paper does not provide information on the sequencing method used, and therefore, the answer is ""Unknown"".",No
37878637,11,What type of samples were sequenced?,The paper mentions that whole blood samples were collected from each participant.,"The paper explicitly states that whole blood samples were collected, indicating that this type of sample was sequenced.",Whole Blood
37878637,12,Were any sequences obtained from individuals with virological failure on a treatment regimen?,The paper mentions that sequencing was performed for participants experiencing virological failure.,"The paper explicitly states that sequencing was performed for participants experiencing virological failure, indicating that the answer is affirmative.",Yes
37878637,13,Were the patients in the study in a clinical trial?,The paper does not mention a clinical trial.,"The paper does not provide information on a clinical trial, and therefore, the answer is ""No"".",No
37878637,14,Does the paper report HIV sequences from individuals who had previously received ARV drugs?,The paper mentions that participants were receiving antiretroviral therapy.,"The paper explicitly states that participants were receiving antiretroviral therapy, indicating that the answer is affirmative.",Yes
37878637,15,Which drug classes were received by individuals in the study before sample sequencing?,The paper mentions that participants were receiving reverse transcriptase inhibitor-based first-line regimens.,"The paper explicitly states that participants were receiving reverse transcriptase inhibitor-based first-line regimens, indicating that this drug class was received by individuals in the study before sample sequencing.","NRTI, NNRTI"
37878637,16,Which drugs were received by individuals in the study before sample sequencing?,The paper mentions that participants were receiving TDF + 3TC + EFV-based regimens.,"The paper explicitly states that participants were receiving TDF + 3TC + EFV-based regimens, indicating that these drugs were received by individuals in the study before sample sequencing.","Tenofovir (TFV), Lamivudine (3TC), Efavirenz (EFV)"
37880705,1,Does the paper report HIV sequences from patient samples?,,,Yes
37880705,2,Does the paper report in vitro drug susceptibility data?,,,No
37880705,3,Were sequences from the paper made publicly available?,,,No
37880705,4,What were the GenBank accession numbers for sequenced HIV isolates?,,,No
37880705,5,How many individuals had samples obtained for HIV sequencing?,,,1070
37880705,6,From which countries were the sequenced samples obtained?,,,Ethiopia
37880705,7,From what years were the sequenced samples obtained?,,,2003-2018
37880705,8,Were samples cloned prior to sequencing?,,,No
37880705,9,Which HIV genes were reported to have been sequenced?,,,"Protease, PR; Reverse transcriptase, RT"
37880705,10,What method was used for sequencing?,,,No
37880705,11,What type of samples were sequenced?,,,No
37880705,12,Were any sequences obtained from individuals with virological failure on a treatment regimen?,,,No
37880705,13,Were the patients in the study in a clinical trial?,,,No
37880705,14,Does the paper report HIV sequences from individuals who had previously received ARV drugs?,,,No
37880705,15,Which drug classes were received by individuals in the study before sample sequencing?,,,No
37880705,16,Which drugs were received by individuals in the study before sample sequencing?,,,No
37896785,1,Does the paper report HIV sequences from patient samples?,,,Yes
37896785,2,Does the paper report in vitro drug susceptibility data?,,,No
37896785,3,Were sequences from the paper made publicly available?,,,Yes
37896785,4,What were the GenBank accession numbers for sequenced HIV isolates?,,,OQ215322-OQ215382
37896785,5,How many individuals had samples obtained for HIV sequencing?,,,61
37896785,6,From which countries were the sequenced samples obtained?,,,Vietnam
37896785,7,From what years were the sequenced samples obtained?,,,2021
37896785,8,Were samples cloned prior to sequencing?,,,No
37896785,9,Which HIV genes were reported to have been sequenced?,,,"Protease, PR; Reverse transcriptase, RT"
37896785,10,What method was used for sequencing?,,,No
37896785,11,What type of samples were sequenced?,,,Plasma
37896785,12,Were any sequences obtained from individuals with virological failure on a treatment regimen?,,,Yes
37896785,13,Were the patients in the study in a clinical trial?,,,No
37896785,14,Does the paper report HIV sequences from individuals who had previously received ARV drugs?,,,Yes
37896785,15,Which drug classes were received by individuals in the study before sample sequencing?,,,"NRTI, NNRTI, PI"
37896785,16,Which drugs were received by individuals in the study before sample sequencing?,,,No
37896860,1,Does the paper report HIV sequences from patient samples?,,,No
37896860,2,Does the paper report in vitro drug susceptibility data?,,,No
37896860,3,Were sequences from the paper made publicly available?,,,No
37896860,4,What were the GenBank accession numbers for sequenced HIV isolates?,,,No
37896860,5,How many individuals had samples obtained for HIV sequencing?,,,704
37896860,6,From which countries were the sequenced samples obtained?,,,Kenya
37896860,7,From what years were the sequenced samples obtained?,,,2019-2020
37896860,8,Were samples cloned prior to sequencing?,,,No
37896860,9,Which HIV genes were reported to have been sequenced?,,,No
37896860,10,What method was used for sequencing?,,,Sanger sequencing
37896860,11,What type of samples were sequenced?,,,Whole Blood
37896860,12,Were any sequences obtained from individuals with virological failure on a treatment regimen?,,,Yes
37896860,13,Were the patients in the study in a clinical trial?,,,Yes
37896860,14,Does the paper report HIV sequences from individuals who had previously received ARV drugs?,,,Yes
37896860,15,Which drug classes were received by individuals in the study before sample sequencing?,,,"NRTI, NNRTI, PI"
37896860,16,Which drugs were received by individuals in the study before sample sequencing?,,,"Abacavir, Zidovudine, Lamivudine, Nevirapine, Efavirenz, Lopinavir"
37910452,1,Does the paper report HIV sequences from patient samples?,,,No
37910452,2,Does the paper report in vitro drug susceptibility data?,,,No
37910452,3,Were sequences from the paper made publicly available?,,,Yes
37910452,4,What were the GenBank accession numbers for sequenced HIV isolates?,,,No
37910452,5,How many individuals had samples obtained for HIV sequencing?,,,0
37910452,6,From which countries were the sequenced samples obtained?,,,Ghana
37910452,7,From what years were the sequenced samples obtained?,,,2013-2022
37910452,8,Were samples cloned prior to sequencing?,,,No
37910452,9,Which HIV genes were reported to have been sequenced?,,,No
37910452,10,What method was used for sequencing?,,,No
37910452,11,What type of samples were sequenced?,,,No
37910452,12,Were any sequences obtained from individuals with virological failure on a treatment regimen?,,,No
37910452,13,Were the patients in the study in a clinical trial?,,,No
37910452,14,Does the paper report HIV sequences from individuals who had previously received ARV drugs?,,,No
37910452,15,Which drug classes were received by individuals in the study before sample sequencing?,,,No
37910452,16,Which drugs were received by individuals in the study before sample sequencing?,,,No
37914679,1,Does the paper report HIV sequences from patient samples?,,,Yes
37914679,2,Does the paper report in vitro drug susceptibility data?,,,No
37914679,3,Were sequences from the paper made publicly available?,,,No
37914679,4,What were the GenBank accession numbers for sequenced HIV isolates?,,,No
37914679,5,How many individuals had samples obtained for HIV sequencing?,,,76
37914679,6,From which countries were the sequenced samples obtained?,,,Not specified
37914679,7,From what years were the sequenced samples obtained?,,,2018-2020
37914679,8,Were samples cloned prior to sequencing?,,,No
37914679,9,Which HIV genes were reported to have been sequenced?,,,Not specified
37914679,10,What method was used for sequencing?,,,Illumina sequencing
37914679,11,What type of samples were sequenced?,,,Plasma
37914679,12,Were any sequences obtained from individuals with virological failure on a treatment regimen?,,,Yes
37914679,13,Were the patients in the study in a clinical trial?,,,No
37914679,14,Does the paper report HIV sequences from individuals who had previously received ARV drugs?,,,Yes
37914679,15,Which drug classes were received by individuals in the study before sample sequencing?,,,NNRTI
37914679,16,Which drugs were received by individuals in the study before sample sequencing?,,,Not specified
37920909,1,Does the paper report HIV sequences from patient samples?,,,Yes
37920909,2,Does the paper report in vitro drug susceptibility data?,,,Yes
37920909,3,Were sequences from the paper made publicly available?,,,No
37920909,4,What were the GenBank accession numbers for sequenced HIV isolates?,,,No
37920909,5,How many individuals had samples obtained for HIV sequencing?,,,629
37920909,6,From which countries were the sequenced samples obtained?,,,China
37920909,7,From what years were the sequenced samples obtained?,,,2020-2023
37920909,8,Were samples cloned prior to sequencing?,,,No
37920909,9,Which HIV genes were reported to have been sequenced?,,,"Integrase, IN"
37920909,10,What method was used for sequencing?,,,Sanger sequencing
37920909,11,What type of samples were sequenced?,,,Plasma
37920909,12,Were any sequences obtained from individuals with virological failure on a treatment regimen?,,,No
37920909,13,Were the patients in the study in a clinical trial?,,,No
37920909,14,Does the paper report HIV sequences from individuals who had previously received ARV drugs?,,,No
37920909,15,Which drug classes were received by individuals in the study before sample sequencing?,,,INSTI
37920909,16,Which drugs were received by individuals in the study before sample sequencing?,,,"RAL, EVG, DTG, BIC"
37938856,1,Does the paper report HIV sequences from patient samples?,Not reported.,The paper does not mention HIV sequences from patient samples.,No
37938856,2,Does the paper report in vitro drug susceptibility data?,Not reported.,The paper does not mention in vitro drug susceptibility data.,No
37938856,3,Were sequences from the paper made publicly available?,Not reported.,The paper does not mention whether sequences from the paper were made publicly available.,No
37938856,4,What were the GenBank accession numbers for sequenced HIV isolates?,Not reported.,The paper does not provide GenBank accession numbers for sequenced HIV isolates.,No
37938856,5,How many individuals had samples obtained for HIV sequencing?,Not reported.,The paper does not mention how many individuals had samples obtained for HIV sequencing.,0
37938856,6,From which countries were the sequenced samples obtained?,Not reported.,The paper does not mention from which countries the sequenced samples were obtained.,No
37938856,7,From what years were the sequenced samples obtained?,Not reported.,The paper does not mention from what years the sequenced samples were obtained.,No
37938856,8,Were samples cloned prior to sequencing?,Not reported.,The paper does not mention whether samples were cloned prior to sequencing.,No
37938856,9,Which HIV genes were reported to have been sequenced?,Not reported.,The paper does not mention which HIV genes were reported to have been sequenced.,No
37938856,10,What method was used for sequencing?,Sanger sequencing.,The paper mentions that HIV DRM testing was performed at the two accredited centralized laboratories in Kenya using Sanger sequencing.,Sanger sequencing
37938856,11,What type of samples were sequenced?,Not reported.,The paper does not mention what type of samples were sequenced.,No
37938856,12,Were any sequences obtained from individuals with virological failure on a treatment regimen?,Not reported.,The paper does not mention whether any sequences were obtained from individuals with virological failure on a treatment regimen.,No
37938856,13,Were the patients in the study in a clinical trial?,Not reported.,The paper does not mention whether the patients in the study were in a clinical trial.,No
37938856,14,Does the paper report HIV sequences from individuals who had previously received ARV drugs?,Not reported.,The paper does not mention whether the individuals had previously received ARV drugs.,No
37938856,15,Which drug classes were received by individuals in the study before sample sequencing?,"NRTI, NNRTI, PI, INSTI.","The paper mentions that first-line ART regimens among adults during the study period included combinations of two nucleos(t)ide reverse transcriptase inhibitors (NRTIs) lamivudine and tenofovir with either (1) NNRTI efavirenz or (2) integrase inhibitors (INSTIs) dolutegravir, and protease inhibitors (PIs)-containing ART.","NRTI, NNRTI, PI, INSTI"
37938856,16,Which drugs were received by individuals in the study before sample sequencing?,"Lamivudine, tenofovir, efavirenz, dolutegravir.",The paper mentions that first-line ART regimens among adults during the study period included combinations of two nucleos(t)ide reverse transcriptase inhibitors (NRTIs) lamivudine and tenofovir with either (1) NNRTI efavirenz or (2) integrase inhibitors (INSTIs) dolutegravir.,"Lamivudine, tenofovir, efavirenz, dolutegravir"
37941373,1,Does the paper report HIV sequences from patient samples?,,,Yes
37941373,2,Does the paper report in vitro drug susceptibility data?,,,No
37941373,3,Were sequences from the paper made publicly available?,,,No
37941373,4,What were the GenBank accession numbers for sequenced HIV isolates?,,,No
37941373,5,How many individuals had samples obtained for HIV sequencing?,,,1032
37941373,6,From which countries were the sequenced samples obtained?,,,China
37941373,7,From what years were the sequenced samples obtained?,,,2019-2022
37941373,8,Were samples cloned prior to sequencing?,,,No
37941373,9,Which HIV genes were reported to have been sequenced?,,,"Integrase, IN"
37941373,10,What method was used for sequencing?,,,No
37941373,11,What type of samples were sequenced?,,,Plasma
37941373,12,Were any sequences obtained from individuals with virological failure on a treatment regimen?,,,No
37941373,13,Were the patients in the study in a clinical trial?,,,No
37941373,14,Does the paper report HIV sequences from individuals who had previously received ARV drugs?,,,Yes
37941373,15,Which drug classes were received by individuals in the study before sample sequencing?,,,"INSTI, NRTI, NNRTI"
37941373,16,Which drugs were received by individuals in the study before sample sequencing?,,,"Dolutegravir, Rilpivirine, Lamivudine, Tenofovir, Crizaline, Efavirenz"
37946329,1,Does the paper report HIV sequences from patient samples?,,,Yes
37946329,2,Does the paper report in vitro drug susceptibility data?,,,No
37946329,3,Were sequences from the paper made publicly available?,,,No
37946329,4,What were the GenBank accession numbers for sequenced HIV isolates?,,,No
37946329,5,How many individuals had samples obtained for HIV sequencing?,,,921
37946329,6,From which countries were the sequenced samples obtained?,,,China
37946329,7,From what years were the sequenced samples obtained?,,,2018-2022
37946329,8,Were samples cloned prior to sequencing?,,,No
37946329,9,Which HIV genes were reported to have been sequenced?,,,"Protease, PR; Reverse transcriptase, RT; Integrase, IN"
37946329,10,What method was used for sequencing?,,,No
37946329,11,What type of samples were sequenced?,,,Plasma
37946329,12,Were any sequences obtained from individuals with virological failure on a treatment regimen?,,,Yes
37946329,13,Were the patients in the study in a clinical trial?,,,No
37946329,14,Does the paper report HIV sequences from individuals who had previously received ARV drugs?,,,Yes
37946329,15,Which drug classes were received by individuals in the study before sample sequencing?,,,"NRTI, NNRTI, PI, INSTI"
37946329,16,Which drugs were received by individuals in the study before sample sequencing?,,,"Abacavir (ABC), Nevirapine (NVP), Efavirenz (EFV), Raltegravir (RAL)"
37957382,1,Does the paper report HIV sequences from patient samples?,,,Yes
37957382,2,Does the paper report in vitro drug susceptibility data?,,,No
37957382,3,Were sequences from the paper made publicly available?,,,Yes
37957382,4,What were the GenBank accession numbers for sequenced HIV isolates?,,,No
37957382,5,How many individuals had samples obtained for HIV sequencing?,,,8
37957382,6,From which countries were the sequenced samples obtained?,,,No
37957382,7,From what years were the sequenced samples obtained?,,,No
37957382,8,Were samples cloned prior to sequencing?,,,No
37957382,9,Which HIV genes were reported to have been sequenced?,,,"Protease, Reverse transcriptase, Integrase"
37957382,10,What method was used for sequencing?,,,Illumina sequencing
37957382,11,What type of samples were sequenced?,,,Plasma
37957382,12,Were any sequences obtained from individuals with virological failure on a treatment regimen?,,,No
37957382,13,Were the patients in the study in a clinical trial?,,,No
37957382,14,Does the paper report HIV sequences from individuals who had previously received ARV drugs?,,,Yes
37957382,15,Which drug classes were received by individuals in the study before sample sequencing?,,,"NRTI, NNRTI, PI, INSTI"
37957382,16,Which drugs were received by individuals in the study before sample sequencing?,,,"Abacavir (ABC), Zidovudine'(AZT), Zalcitabine (DDC), Didanosine (DDI), Lamivudine (3TC), Stavudine (D4T), Emtricitabine(FTC), Tenofovir (TFV), Nevirapine (NVP), Delavirdine (DLV), Efavirenz (EFV), Etravirine (ETR), Rilpivirine (RPV), Doravirine (DOR), Amprenavir (APV), Lopinavir'(LPV), Atazanavir (ATV), Derunavir (DRV), Raltegravir (RAL), Elvitegravir(EVG), Dolutagravir (DTG), Bictegravir (BIC), cabotagravir (CAB), Lenacapavir (LEN)"
37966701,1,Does the paper report HIV sequences from patient samples?,,,No
37966701,2,Does the paper report in vitro drug susceptibility data?,,,No
37966701,3,Were sequences from the paper made publicly available?,,,No
37966701,4,What were the GenBank accession numbers for sequenced HIV isolates?,,,No
37966701,5,How many individuals had samples obtained for HIV sequencing?,,,0
37966701,6,From which countries were the sequenced samples obtained?,,,No
37966701,7,From what years were the sequenced samples obtained?,,,No
37966701,8,Were samples cloned prior to sequencing?,,,No
37966701,9,Which HIV genes were reported to have been sequenced?,,,No
37966701,10,What method was used for sequencing?,,,No
37966701,11,What type of samples were sequenced?,,,No
37966701,12,Were any sequences obtained from individuals with virological failure on a treatment regimen?,,,No
37966701,13,Were the patients in the study in a clinical trial?,,,No
37966701,14,Does the paper report HIV sequences from individuals who had previously received ARV drugs?,,,No
37966701,15,Which drug classes were received by individuals in the study before sample sequencing?,,,INSTI
37966701,16,Which drugs were received by individuals in the study before sample sequencing?,,,"Cabotegravir, Rilpivirine"
37973713,1,Does the paper report HIV sequences from patient samples?,,,No
37973713,2,Does the paper report in vitro drug susceptibility data?,,,No
37973713,3,Were sequences from the paper made publicly available?,,,No
37973713,4,What were the GenBank accession numbers for sequenced HIV isolates?,,,No
37973713,5,How many individuals had samples obtained for HIV sequencing?,,,117
37973713,6,From which countries were the sequenced samples obtained?,,,"Ukraine, Poland"
37973713,7,From what years were the sequenced samples obtained?,,,2020-2022
37973713,8,Were samples cloned prior to sequencing?,,,No
37973713,9,Which HIV genes were reported to have been sequenced?,,,"Protease, PR; Reverse transcriptase, RT"
37973713,10,What method was used for sequencing?,,,Sanger sequencing
37973713,11,What type of samples were sequenced?,,,Plasma
37973713,12,Were any sequences obtained from individuals with virological failure on a treatment regimen?,,,No
37973713,13,Were the patients in the study in a clinical trial?,,,Yes
37973713,14,Does the paper report HIV sequences from individuals who had previously received ARV drugs?,,,No
37973713,15,Which drug classes were received by individuals in the study before sample sequencing?,,,"NRTI, NNRTI, PI"
37973713,16,Which drugs were received by individuals in the study before sample sequencing?,,,No
37976080,1,Does the paper report HIV sequences from patient samples?,,,Yes
37976080,2,Does the paper report in vitro drug susceptibility data?,,,Yes
37976080,3,Were sequences from the paper made publicly available?,,,No
37976080,4,What were the GenBank accession numbers for sequenced HIV isolates?,,,No
37976080,5,How many individuals had samples obtained for HIV sequencing?,,,2568
37976080,6,From which countries were the sequenced samples obtained?,,,China
37976080,7,From what years were the sequenced samples obtained?,,,2022
37976080,8,Were samples cloned prior to sequencing?,,,No
37976080,9,Which HIV genes were reported to have been sequenced?,,,"Protease, Reverse transcriptase"
37976080,10,What method was used for sequencing?,,,Sanger sequencing
37976080,11,What type of samples were sequenced?,,,Plasma
37976080,12,Were any sequences obtained from individuals with virological failure on a treatment regimen?,,,No
37976080,13,Were the patients in the study in a clinical trial?,,,No
37976080,14,Does the paper report HIV sequences from individuals who had previously received ARV drugs?,,,Yes
37976080,15,Which drug classes were received by individuals in the study before sample sequencing?,,,"NRTI, NNRTI, PI"
37976080,16,Which drugs were received by individuals in the study before sample sequencing?,,,"Abacavir, Zidovudine, Lamivudine, and others"
37976185,1,Does the paper report HIV sequences from patient samples?,,,No
37976185,2,Does the paper report in vitro drug susceptibility data?,,,No
37976185,3,Were sequences from the paper made publicly available?,,,No
37976185,4,What were the GenBank accession numbers for sequenced HIV isolates?,,,No
37976185,5,How many individuals had samples obtained for HIV sequencing?,,,4246
37976185,6,From which countries were the sequenced samples obtained?,,,United States
37976185,7,From what years were the sequenced samples obtained?,,,2015-2022
37976185,8,Were samples cloned prior to sequencing?,,,No
37976185,9,Which HIV genes were reported to have been sequenced?,,,Not specified
37976185,10,What method was used for sequencing?,,,No
37976185,11,What type of samples were sequenced?,,,Plasma
37976185,12,Were any sequences obtained from individuals with virological failure on a treatment regimen?,,,No
37976185,13,Were the patients in the study in a clinical trial?,,,No
37976185,14,Does the paper report HIV sequences from individuals who had previously received ARV drugs?,,,No
37976185,15,Which drug classes were received by individuals in the study before sample sequencing?,,,NRTI
37976185,16,Which drugs were received by individuals in the study before sample sequencing?,,,"Emtricitabine (FTC), Tenofovir (TFV)"
37993493,1,Does the paper report HIV sequences from patient samples?,,,Yes
37993493,2,Does the paper report in vitro drug susceptibility data?,,,No
37993493,3,Were sequences from the paper made publicly available?,,,No
37993493,4,What were the GenBank accession numbers for sequenced HIV isolates?,,,No
37993493,5,How many individuals had samples obtained for HIV sequencing?,,,600
37993493,6,From which countries were the sequenced samples obtained?,,,Tanzania
37993493,7,From what years were the sequenced samples obtained?,,,2023
37993493,8,Were samples cloned prior to sequencing?,,,No
37993493,9,Which HIV genes were reported to have been sequenced?,,,"Protease, Reverse transcriptase, Integrase"
37993493,10,What method was used for sequencing?,,,Sanger sequencing
37993493,11,What type of samples were sequenced?,,,Plasma
37993493,12,Were any sequences obtained from individuals with virological failure on a treatment regimen?,,,Yes
37993493,13,Were the patients in the study in a clinical trial?,,,No
37993493,14,Does the paper report HIV sequences from individuals who had previously received ARV drugs?,,,Yes
37993493,15,Which drug classes were received by individuals in the study before sample sequencing?,,,"NRTI, NNRTI, INSTI"
37993493,16,Which drugs were received by individuals in the study before sample sequencing?,,,"Tenofovir (TFV), Lamivudine (3TC), Dolutegravir (DTG)"
38005921,1,Does the paper report HIV sequences from patient samples?,,,No
38005921,2,Does the paper report in vitro drug susceptibility data?,,,Yes
38005921,3,Were sequences from the paper made publicly available?,,,Yes
38005921,4,What were the GenBank accession numbers for sequenced HIV isolates?,,,No
38005921,5,How many individuals had samples obtained for HIV sequencing?,,,0
38005921,6,From which countries were the sequenced samples obtained?,,,No
38005921,7,From what years were the sequenced samples obtained?,,,No
38005921,8,Were samples cloned prior to sequencing?,,,No
38005921,9,Which HIV genes were reported to have been sequenced?,,,"Reverse transcriptase, RT; Protease, PR"
38005921,10,What method was used for sequencing?,,,No
38005921,11,What type of samples were sequenced?,,,No
38005921,12,Were any sequences obtained from individuals with virological failure on a treatment regimen?,,,No
38005921,13,Were the patients in the study in a clinical trial?,,,No
38005921,14,Does the paper report HIV sequences from individuals who had previously received ARV drugs?,,,No
38005921,15,Which drug classes were received by individuals in the study before sample sequencing?,,,No
38005921,16,Which drugs were received by individuals in the study before sample sequencing?,,,No
38020274,1,Does the paper report HIV sequences from patient samples?,"The paper does not explicitly state that it reports HIV sequences from patient samples, but it does mention that genotypic resistance testing was carried out at each time point among participants with plasma viral load (PVL) ‚â•1,000 RNA copies/ml.",The paper focuses on the effect of HIV-1 mutational profiling on immuno-virological response and acquired drug resistance among adolescents perinatally infected with HIV in Cameroon.,No
38020274,2,Does the paper report in vitro drug susceptibility data?,The paper does not report in vitro drug susceptibility data.,"The paper focuses on the clinical and immunological responses of adolescents perinatally infected with HIV in Cameroon, and does not include in vitro experiments.",No
38020274,3,Were sequences from the paper made publicly available?,The paper does not mention making sequences publicly available.,The paper focuses on the clinical and immunological responses of adolescents perinatally infected with HIV in Cameroon.,No
38020274,4,What were the GenBank accession numbers for sequenced HIV isolates?,Not reported,The paper does not provide GenBank accession numbers for sequenced HIV isolates.,No
38020274,5,How many individuals had samples obtained for HIV sequencing?,The paper mentions that 311 adolescents perinatally infected with HIV were included in the study.,The paper focuses on the effect of HIV-1 mutational profiling on immuno-virological response and acquired drug resistance among adolescents perinatally infected with HIV in Cameroon.,311
38020274,6,From which countries were the sequenced samples obtained?,The paper mentions that the study was conducted in Cameroon.,The paper focuses on the effect of HIV-1 mutational profiling on immuno-virological response and acquired drug resistance among adolescents perinatally infected with HIV in Cameroon.,Cameroon
38020274,7,From what years were the sequenced samples obtained?,The paper mentions that the study was conducted from 2018-2020.,The paper focuses on the effect of HIV-1 mutational profiling on immuno-virological response and acquired drug resistance among adolescents perinatally infected with HIV in Cameroon.,2018-2020
38020274,8,Were samples cloned prior to sequencing?,The paper does not mention cloning of samples prior to sequencing.,"The paper focuses on the clinical and immunological responses of adolescents perinatally infected with HIV in Cameroon, and does not include details on the sequencing method.",No
38020274,9,Which HIV genes were reported to have been sequenced?,"The paper mentions that genotypic resistance testing was carried out at each time point among participants with plasma viral load (PVL) ‚â•1,000 RNA copies/ml, but it does not specify which HIV genes were sequenced.",The paper focuses on the effect of HIV-1 mutational profiling on immuno-virological response and acquired drug resistance among adolescents perinatally infected with HIV in Cameroon.,"Protease, PR; Reverse transcriptase, RT"
38020274,10,What method was used for sequencing?,The paper does not specify the method used for sequencing.,"The paper focuses on the clinical and immunological responses of adolescents perinatally infected with HIV in Cameroon, and does not include details on the sequencing method.",No
38020274,11,What type of samples were sequenced?,"The paper mentions that plasma viral load (PVL) was measured, but it does not specify the type of samples sequenced.",The paper focuses on the clinical and immunological responses of adolescents perinatally infected with HIV in Cameroon.,Plasma
38020274,12,Were any sequences obtained from individuals with virological failure on a treatment regimen?,"The paper mentions that genotypic resistance testing was carried out at each time point among participants with plasma viral load (PVL) ‚â•1,000 RNA copies/ml.",The paper focuses on the effect of HIV-1 mutational profiling on immuno-virological response and acquired drug resistance among adolescents perinatally infected with HIV in Cameroon.,Yes
38020274,13,Were the patients in the study in a clinical trial?,The paper does not mention a clinical trial.,The paper focuses on the clinical and immunological responses of adolescents perinatally infected with HIV in Cameroon.,No
38020274,14,Does the paper report HIV sequences from individuals who had previously received ARV drugs?,The paper mentions that the participants were receiving antiretroviral therapy (ART) at the time of the study.,The paper focuses on the effect of HIV-1 mutational profiling on immuno-virological response and acquired drug resistance among adolescents perinatally infected with HIV in Cameroon.,Yes
38020274,15,Which drug classes were received by individuals in the study before sample sequencing?,The paper mentions that the participants were receiving reverse transcriptase inhibitor-based (RTI-based) first-line ART regimens.,The paper focuses on the effect of HIV-1 mutational profiling on immuno-virological response and acquired drug resistance among adolescents perinatally infected with HIV in Cameroon.,"NRTI, NNRTI"
38020274,16,Which drugs were received by individuals in the study before sample sequencing?,"The paper mentions that the participants were receiving reverse transcriptase inhibitor-based (RTI-based) first-line ART regimens, but it does not specify the exact drugs.",The paper focuses on the effect of HIV-1 mutational profiling on immuno-virological response and acquired drug resistance among adolescents perinatally infected with HIV in Cameroon.,Not specified
38022124,1,Does the paper report HIV sequences from patient samples?,,,No
38022124,2,Does the paper report in vitro drug susceptibility data?,,,No
38022124,3,Were sequences from the paper made publicly available?,,,No
38022124,4,What were the GenBank accession numbers for sequenced HIV isolates?,,,No
38022124,5,How many individuals had samples obtained for HIV sequencing?,,,0
38022124,6,From which countries were the sequenced samples obtained?,,,No
38022124,7,From what years were the sequenced samples obtained?,,,No
38022124,8,Were samples cloned prior to sequencing?,,,No
38022124,9,Which HIV genes were reported to have been sequenced?,,,No
38022124,10,What method was used for sequencing?,,,No
38022124,11,What type of samples were sequenced?,,,No
38022124,12,Were any sequences obtained from individuals with virological failure on a treatment regimen?,,,No
38022124,13,Were the patients in the study in a clinical trial?,,,No
38022124,14,Does the paper report HIV sequences from individuals who had previously received ARV drugs?,,,No
38022124,15,Which drug classes were received by individuals in the study before sample sequencing?,,,INSTI
38022124,16,Which drugs were received by individuals in the study before sample sequencing?,,,"Bictegravir (BIC), Emtricitabine (FTC), Tenofovir (TAF)"
38031075,1,Does the paper report HIV sequences from patient samples?,,,No
38031075,2,Does the paper report in vitro drug susceptibility data?,,,No
38031075,3,Were sequences from the paper made publicly available?,,,No
38031075,4,What were the GenBank accession numbers for sequenced HIV isolates?,,,No
38031075,5,How many individuals had samples obtained for HIV sequencing?,,,2253
38031075,6,From which countries were the sequenced samples obtained?,,,Sierra Leone
38031075,7,From what years were the sequenced samples obtained?,,,2022-2023
38031075,8,Were samples cloned prior to sequencing?,,,No
38031075,9,Which HIV genes were reported to have been sequenced?,,,No
38031075,10,What method was used for sequencing?,,,No
38031075,11,What type of samples were sequenced?,,,Plasma
38031075,12,Were any sequences obtained from individuals with virological failure on a treatment regimen?,,,No
38031075,13,Were the patients in the study in a clinical trial?,,,No
38031075,14,Does the paper report HIV sequences from individuals who had previously received ARV drugs?,,,Yes
38031075,15,Which drug classes were received by individuals in the study before sample sequencing?,,,"NRTI, NNRTI, INSTI"
38031075,16,Which drugs were received by individuals in the study before sample sequencing?,,,"Tenofovir, Lamivudine, Dolutegravir, Efavirenz"
38033131,1,Does the paper report HIV sequences from patient samples?,,,No
38033131,2,Does the paper report in vitro drug susceptibility data?,,,No
38033131,3,Were sequences from the paper made publicly available?,,,No
38033131,4,What were the GenBank accession numbers for sequenced HIV isolates?,,,No
38033131,5,How many individuals had samples obtained for HIV sequencing?,,,0
38033131,6,From which countries were the sequenced samples obtained?,,,No
38033131,7,From what years were the sequenced samples obtained?,,,No
38033131,8,Were samples cloned prior to sequencing?,,,No
38033131,9,Which HIV genes were reported to have been sequenced?,,,No
38033131,10,What method was used for sequencing?,,,No
38033131,11,What type of samples were sequenced?,,,No
38033131,12,Were any sequences obtained from individuals with virological failure on a treatment regimen?,,,No
38033131,13,Were the patients in the study in a clinical trial?,,,No
38033131,14,Does the paper report HIV sequences from individuals who had previously received ARV drugs?,,,No
38033131,15,Which drug classes were received by individuals in the study before sample sequencing?,,,No
38033131,16,Which drugs were received by individuals in the study before sample sequencing?,,,No
38058846,1,Does the paper report HIV sequences from patient samples?,,,No
38058846,2,Does the paper report in vitro drug susceptibility data?,,,No
38058846,3,Were sequences from the paper made publicly available?,,,No
38058846,4,What were the GenBank accession numbers for sequenced HIV isolates?,,,No
38058846,5,How many individuals had samples obtained for HIV sequencing?,,,0
38058846,6,From which countries were the sequenced samples obtained?,,,South Africa
38058846,7,From what years were the sequenced samples obtained?,,,No
38058846,8,Were samples cloned prior to sequencing?,,,No
38058846,9,Which HIV genes were reported to have been sequenced?,,,No
38058846,10,What method was used for sequencing?,,,No
38058846,11,What type of samples were sequenced?,,,No
38058846,12,Were any sequences obtained from individuals with virological failure on a treatment regimen?,,,Yes
38058846,13,Were the patients in the study in a clinical trial?,,,No
38058846,14,Does the paper report HIV sequences from individuals who had previously received ARV drugs?,,,Yes
38058846,15,Which drug classes were received by individuals in the study before sample sequencing?,,,INSTI
38058846,16,Which drugs were received by individuals in the study before sample sequencing?,,,Dolutegravir (DTG)
38072961,1,Does the paper report HIV sequences from patient samples?,,,No
38072961,2,Does the paper report in vitro drug susceptibility data?,,,No
38072961,3,Were sequences from the paper made publicly available?,,,No
38072961,4,What were the GenBank accession numbers for sequenced HIV isolates?,,,No
38072961,5,How many individuals had samples obtained for HIV sequencing?,,,1
38072961,6,From which countries were the sequenced samples obtained?,,,No
38072961,7,From what years were the sequenced samples obtained?,,,No
38072961,8,Were samples cloned prior to sequencing?,,,No
38072961,9,Which HIV genes were reported to have been sequenced?,,,Not specified
38072961,10,What method was used for sequencing?,,,No
38072961,11,What type of samples were sequenced?,,,"CSF, Plasma"
38072961,12,Were any sequences obtained from individuals with virological failure on a treatment regimen?,,,Yes
38072961,13,Were the patients in the study in a clinical trial?,,,No
38072961,14,Does the paper report HIV sequences from individuals who had previously received ARV drugs?,,,Yes
38072961,15,Which drug classes were received by individuals in the study before sample sequencing?,,,"NRTI, PI, INSTI"
38072961,16,Which drugs were received by individuals in the study before sample sequencing?,,,"Tenofovir, Lamivudine, Lopinavir/Ritonavir, Zidovudine, Dolutegravir"
38090027,1,Does the paper report HIV sequences from patient samples?,,,No
38090027,2,Does the paper report in vitro drug susceptibility data?,,,No
38090027,3,Were sequences from the paper made publicly available?,,,No
38090027,4,What were the GenBank accession numbers for sequenced HIV isolates?,,,No
38090027,5,How many individuals had samples obtained for HIV sequencing?,,,0
38090027,6,From which countries were the sequenced samples obtained?,,,No
38090027,7,From what years were the sequenced samples obtained?,,,No
38090027,8,Were samples cloned prior to sequencing?,,,No
38090027,9,Which HIV genes were reported to have been sequenced?,,,No
38090027,10,What method was used for sequencing?,,,No
38090027,11,What type of samples were sequenced?,,,No
38090027,12,Were any sequences obtained from individuals with virological failure on a treatment regimen?,,,No
38090027,13,Were the patients in the study in a clinical trial?,,,No
38090027,14,Does the paper report HIV sequences from individuals who had previously received ARV drugs?,,,No
38090027,15,Which drug classes were received by individuals in the study before sample sequencing?,,,INSTI
38090027,16,Which drugs were received by individuals in the study before sample sequencing?,,,"Bictegravir (BIC), Emtricitabine (FTC), Tenofovir (TFV)"
38140553,1,Does the paper report HIV sequences from patient samples?,,,Yes
38140553,2,Does the paper report in vitro drug susceptibility data?,,,No
38140553,3,Were sequences from the paper made publicly available?,,,Yes
38140553,4,What were the GenBank accession numbers for sequenced HIV isolates?,,,No
38140553,5,How many individuals had samples obtained for HIV sequencing?,,,3178
38140553,6,From which countries were the sequenced samples obtained?,,,Russia
38140553,7,From what years were the sequenced samples obtained?,,,2011-2020
38140553,8,Were samples cloned prior to sequencing?,,,No
38140553,9,Which HIV genes were reported to have been sequenced?,,,"Protease, PR; Reverse transcriptase, RT"
38140553,10,What method was used for sequencing?,,,Sanger sequencing
38140553,11,What type of samples were sequenced?,,,Plasma; PBMC; DBS; Whole Blood
38140553,12,Were any sequences obtained from individuals with virological failure on a treatment regimen?,,,No
38140553,13,Were the patients in the study in a clinical trial?,,,No
38140553,14,Does the paper report HIV sequences from individuals who had previously received ARV drugs?,,,Yes
38140553,15,Which drug classes were received by individuals in the study before sample sequencing?,,,"NRTI, NNRTI, PI"
38140553,16,Which drugs were received by individuals in the study before sample sequencing?,,,"Abacavir (ABC), Zidovudine'(AZT), Zalcitabine (DDC), Didanosine (DDI), Lamivudine (3TC), Stavudine (D4T), Emtricitabine(FTC), Tenofovir (TFV), Nevirapine (NVP), Delavirdine (DLV), Efavirenz (EFV), Etravirine (ETR), Rilpivirine (RPV), Doravirine (DOR), Amprenavir (APV), Lopinavir'(LPV), Atazanavir (ATV), Derunavir (DRV), Nelfinavir (NFV), Raltegravir (RAL), Elvitegravir(EVG), Dolutagravir (DTG), Bictegravir (BIC), cabotagravir (CAB), Lenacapavir (LEN), GS-CA1, Lenacapavir (GS-6207)"
38140649,1,Does the paper report HIV sequences from patient samples?,,,Yes
38140649,2,Does the paper report in vitro drug susceptibility data?,,,No
38140649,3,Were sequences from the paper made publicly available?,,,Yes
38140649,4,What were the GenBank accession numbers for sequenced HIV isolates?,,,OR605755-OR606279 and OR613869-OR613875
38140649,5,How many individuals had samples obtained for HIV sequencing?,,,270
38140649,6,From which countries were the sequenced samples obtained?,,,Croatia
38140649,7,From what years were the sequenced samples obtained?,,,2019-2022
38140649,8,Were samples cloned prior to sequencing?,,,No
38140649,9,Which HIV genes were reported to have been sequenced?,,,"Protease, Reverse transcriptase, Integrase"
38140649,10,What method was used for sequencing?,,,Sanger sequencing; Next-generation sequencing (NGS)
38140649,11,What type of samples were sequenced?,,,Plasma
38140649,12,Were any sequences obtained from individuals with virological failure on a treatment regimen?,,,No
38140649,13,Were the patients in the study in a clinical trial?,,,No
38140649,14,Does the paper report HIV sequences from individuals who had previously received ARV drugs?,,,No
38140649,15,Which drug classes were received by individuals in the study before sample sequencing?,,,"NRTI, NNRTI, PI, INSTI"
38140649,16,Which drugs were received by individuals in the study before sample sequencing?,,,"Abacavir (ABC), Zidovudine (AZT), Zalcitabine (DDC), Didanosine (DDI), Lamivudine (3TC), Stavudine (D4T), Emtricitabine (FTC), Tenofovir (TFV), Nevirapine (NVP), Delavirdine (DLV), Efavirenz (EFV), Etravirine (ETR), Rilpivirine (RPV), Doravirine (DOR), Amprenavir (APV), Lopinavir (LPV), Atazanavir (ATV), Derunavir (DRV), Nelfinavir (NFV), Raltegravir (RAL), Elvitegravir (EVG), Dolutagravir (DTG), Bictegravir (BIC), Cabotagravir (CAB), Lenacapavir (LEN), GS-CA1, Lenacapavir (GS-6207)"
38140667,1,Does the paper report HIV sequences from patient samples?,The paper does not explicitly mention the use of patient samples for HIV sequencing.,The paper does not provide information on the use of patient samples for HIV sequencing.,No
38140667,2,Does the paper report in vitro drug susceptibility data?,The paper does not mention in vitro drug susceptibility data.,The paper does not provide information on in vitro drug susceptibility data.,No
38140667,3,Were sequences from the paper made publicly available?,The paper does not mention whether sequences were made publicly available.,The paper does not provide information on whether sequences were made publicly available.,No
38140667,4,What were the GenBank accession numbers for sequenced HIV isolates?,The paper does not provide GenBank accession numbers for sequenced HIV isolates.,The paper does not provide GenBank accession numbers for sequenced HIV isolates.,No
38140667,5,How many individuals had samples obtained for HIV sequencing?,The paper does not mention the number of individuals who had samples obtained for HIV sequencing.,The paper does not provide information on the number of individuals who had samples obtained for HIV sequencing.,0
38140667,6,From which countries were the sequenced samples obtained?,The paper does not mention the countries from which the sequenced samples were obtained.,The paper does not provide information on the countries from which the sequenced samples were obtained.,No
38140667,7,From what years were the sequenced samples obtained?,The paper does not mention the years from which the sequenced samples were obtained.,The paper does not provide information on the years from which the sequenced samples were obtained.,No
38140667,8,Were samples cloned prior to sequencing?,The paper does not mention whether samples were cloned prior to sequencing.,The paper does not provide information on whether samples were cloned prior to sequencing.,No
38140667,9,Which HIV genes were reported to have been sequenced?,The paper does not explicitly mention which HIV genes were sequenced.,The paper does not provide information on which HIV genes were sequenced.,No
38140667,10,What method was used for sequencing?,The paper does not mention the method used for sequencing.,The paper does not provide information on the method used for sequencing.,No
38140667,11,What type of samples were sequenced?,The paper does not mention the type of samples that were sequenced.,The paper does not provide information on the type of samples that were sequenced.,No
38140667,12,Were any sequences obtained from individuals with virological failure on a treatment regimen?,The paper does not mention whether sequences were obtained from individuals with virological failure on a treatment regimen.,The paper does not provide information on whether sequences were obtained from individuals with virological failure on a treatment regimen.,No
38140667,13,Were the patients in the study in a clinical trial?,The paper does not mention whether the patients were in a clinical trial.,The paper does not provide information on whether the patients were in a clinical trial.,No
38140667,14,Does the paper report HIV sequences from individuals who had previously received ARV drugs?,The paper does not mention whether HIV sequences were from individuals who had previously received ARV drugs.,The paper does not provide information on whether HIV sequences were from individuals who had previously received ARV drugs.,No
38140667,15,Which drug classes were received by individuals in the study before sample sequencing?,"The paper mentions that individuals received INSTI, NRTI, and NNRTI drugs before sample sequencing.",The paper provides information on the drug classes received by individuals in the study before sample sequencing.,"INSTI, NRTI, NNRTI"
38140667,16,Which drugs were received by individuals in the study before sample sequencing?,"The paper mentions that individuals received DTG, 3TC, and RPV drugs before sample sequencing.",The paper provides information on the drugs received by individuals in the study before sample sequencing.,"DTG, 3TC, RPV"
38142692,1,Does the paper report HIV sequences from patient samples?,,,No
38142692,2,Does the paper report in vitro drug susceptibility data?,,,No
38142692,3,Were sequences from the paper made publicly available?,,,No
38142692,4,What were the GenBank accession numbers for sequenced HIV isolates?,,,No
38142692,5,How many individuals had samples obtained for HIV sequencing?,,,0
38142692,6,From which countries were the sequenced samples obtained?,,,No
38142692,7,From what years were the sequenced samples obtained?,,,No
38142692,8,Were samples cloned prior to sequencing?,,,No
38142692,9,Which HIV genes were reported to have been sequenced?,,,No
38142692,10,What method was used for sequencing?,,,No
38142692,11,What type of samples were sequenced?,,,No
38142692,12,Were any sequences obtained from individuals with virological failure on a treatment regimen?,,,No
38142692,13,Were the patients in the study in a clinical trial?,,,No
38142692,14,Does the paper report HIV sequences from individuals who had previously received ARV drugs?,,,No
38142692,15,Which drug classes were received by individuals in the study before sample sequencing?,,,No
38142692,16,Which drugs were received by individuals in the study before sample sequencing?,,,No
38152686,1,Does the paper report HIV sequences from patient samples?,,,Yes
38152686,2,Does the paper report in vitro drug susceptibility data?,,,No
38152686,3,Were sequences from the paper made publicly available?,,,No
38152686,4,What were the GenBank accession numbers for sequenced HIV isolates?,,,No
38152686,5,How many individuals had samples obtained for HIV sequencing?,,,1
38152686,6,From which countries were the sequenced samples obtained?,,,No
38152686,7,From what years were the sequenced samples obtained?,,,No
38152686,8,Were samples cloned prior to sequencing?,,,No
38152686,9,Which HIV genes were reported to have been sequenced?,,,"Integrase, Reverse transcriptase"
38152686,10,What method was used for sequencing?,,,No
38152686,11,What type of samples were sequenced?,,,Plasma
38152686,12,Were any sequences obtained from individuals with virological failure on a treatment regimen?,,,Yes
38152686,13,Were the patients in the study in a clinical trial?,,,No
38152686,14,Does the paper report HIV sequences from individuals who had previously received ARV drugs?,,,Yes
38152686,15,Which drug classes were received by individuals in the study before sample sequencing?,,,"INSTI, NRTI"
38152686,16,Which drugs were received by individuals in the study before sample sequencing?,,,"Dolutegravir (DTG), Tenofovir (TDF), Lamivudine (3TC)"
38314093,1,Does the paper report HIV sequences from patient samples?,The paper does not explicitly mention the reporting of HIV sequences from patient samples.,"The paper focuses on the clinical, epidemiological, and drug resistance insights into HIV-positive patients in Meizhou, China, but it does not mention the reporting of HIV sequences from patient samples.",No
38314093,2,Does the paper report in vitro drug susceptibility data?,The paper does not explicitly mention the reporting of in vitro drug susceptibility data.,"The paper focuses on the clinical, epidemiological, and drug resistance insights into HIV-positive patients in Meizhou, China, but it does not mention the reporting of in vitro drug susceptibility data.",No
38314093,3,Were sequences from the paper made publicly available?,The paper does not explicitly mention whether the sequences were made publicly available.,"The paper focuses on the clinical, epidemiological, and drug resistance insights into HIV-positive patients in Meizhou, China, but it does not mention whether the sequences were made publicly available.",No
38314093,4,What were the GenBank accession numbers for sequenced HIV isolates?,Not reported.,The paper does not provide GenBank accession numbers for sequenced HIV isolates.,No
38314093,5,How many individuals had samples obtained for HIV sequencing?,The paper mentions that 195 HIV-positive samples were used for the study.,"The paper focuses on the clinical, epidemiological, and drug resistance insights into HIV-positive patients in Meizhou, China.",195
38314093,6,From which countries were the sequenced samples obtained?,"The paper mentions that the study was conducted in Meizhou, China.","The paper focuses on the clinical, epidemiological, and drug resistance insights into HIV-positive patients in Meizhou, China.",China
38314093,7,From what years were the sequenced samples obtained?,The paper mentions that the study was conducted from May 2008 to December 2019.,"The paper focuses on the clinical, epidemiological, and drug resistance insights into HIV-positive patients in Meizhou, China.",2008-2019
38314093,8,Were samples cloned prior to sequencing?,The paper does not explicitly mention whether samples were cloned prior to sequencing.,"The paper focuses on the clinical, epidemiological, and drug resistance insights into HIV-positive patients in Meizhou, China, but it does not mention whether samples were cloned prior to sequencing.",No
38314093,9,Which HIV genes were reported to have been sequenced?,The paper does not explicitly mention which HIV genes were reported to have been sequenced.,"The paper focuses on the clinical, epidemiological, and drug resistance insights into HIV-positive patients in Meizhou, China, but it does not mention which HIV genes were reported to have been sequenced.",No
38314093,10,What method was used for sequencing?,The paper does not explicitly mention the method used for sequencing.,"The paper focuses on the clinical, epidemiological, and drug resistance insights into HIV-positive patients in Meizhou, China, but it does not mention the method used for sequencing.",No
38314093,11,What type of samples were sequenced?,The paper mentions that serum samples were used for the study.,"The paper focuses on the clinical, epidemiological, and drug resistance insights into HIV-positive patients in Meizhou, China.",Serum
38314093,12,Were any sequences obtained from individuals with virological failure on a treatment regimen?,The paper does not explicitly mention whether any sequences were obtained from individuals with virological failure on a treatment regimen.,"The paper focuses on the clinical, epidemiological, and drug resistance insights into HIV-positive patients in Meizhou, China, but it does not mention whether any sequences were obtained from individuals with virological failure on a treatment regimen.",No
38314093,13,Were the patients in the study in a clinical trial?,The paper does not explicitly mention whether the patients were in a clinical trial.,"The paper focuses on the clinical, epidemiological, and drug resistance insights into HIV-positive patients in Meizhou, China, but it does not mention whether the patients were in a clinical trial.",No
38314093,14,Does the paper report HIV sequences from individuals who had previously received ARV drugs?,The paper does not explicitly mention whether the individuals had previously received ARV drugs.,"The paper focuses on the clinical, epidemiological, and drug resistance insights into HIV-positive patients in Meizhou, China, but it does not mention whether the individuals had previously received ARV drugs.",No
38314093,15,Which drug classes were received by individuals in the study before sample sequencing?,The paper mentions that the individuals received NRTIs and NNRTIs before sample sequencing.,"The paper focuses on the clinical, epidemiological, and drug resistance insights into HIV-positive patients in Meizhou, China.","NRTIs, NNRTIs"
38314093,16,Which drugs were received by individuals in the study before sample sequencing?,"The paper mentions that the individuals received AZT, 3TC, EFV, and NVP before sample sequencing.","The paper focuses on the clinical, epidemiological, and drug resistance insights into HIV-positive patients in Meizhou, China.","AZT, 3TC, EFV, NVP"
38427738,1,Does the paper report HIV sequences from patient samples?,,,No
38427738,2,Does the paper report in vitro drug susceptibility data?,,,Yes
38427738,3,Were sequences from the paper made publicly available?,,,No
38427738,4,What were the GenBank accession numbers for sequenced HIV isolates?,,,No
38427738,5,How many individuals had samples obtained for HIV sequencing?,,,0
38427738,6,From which countries were the sequenced samples obtained?,,,No
38427738,7,From what years were the sequenced samples obtained?,,,No
38427738,8,Were samples cloned prior to sequencing?,,,No
38427738,9,Which HIV genes were reported to have been sequenced?,,,Envelope; Full genome; Near full length genome
38427738,10,What method was used for sequencing?,,,Sanger sequencing
38427738,11,What type of samples were sequenced?,,,Plasma
38427738,12,Were any sequences obtained from individuals with virological failure on a treatment regimen?,,,No
38427738,13,Were the patients in the study in a clinical trial?,,,No
38427738,14,Does the paper report HIV sequences from individuals who had previously received ARV drugs?,,,No
38427738,15,Which drug classes were received by individuals in the study before sample sequencing?,,,INSTI
38427738,16,Which drugs were received by individuals in the study before sample sequencing?,,,INSTI
38864613,1,Does the paper report HIV sequences from patient samples?,"The paper does not mention patient samples, but rather discusses the results of in vitro experiments using lab-grown viruses.",The paper focuses on the antiviral activity and resistance patterns of the combination of islatravir (ISL) and lenacapavir (LEN) against HIV-1 in vitro.,No
38864613,2,Does the paper report in vitro drug susceptibility data?,The paper reports the results of in vitro experiments evaluating the antiviral activity and resistance patterns of the combination of ISL and LEN against HIV-1.,"The paper presents data on the susceptibility of HIV-1 to ISL and LEN, both individually and in combination, in vitro.",Yes
38864613,3,Were sequences from the paper made publicly available?,The paper mentions that sequences from resistance selection experiments have been deposited in GenBank under accession numbers PP827803 -- PP828572.,The paper provides information on the public availability of sequences from the study.,Yes
38864613,4,What were the GenBank accession numbers for sequenced HIV isolates?,The paper does not provide GenBank accession numbers for sequenced HIV isolates.,"The paper does not mention sequencing of HIV isolates from patient samples, but rather discusses the results of in vitro experiments using lab-grown viruses.",No
38864613,5,How many individuals had samples obtained for HIV sequencing?,The paper does not mention the number of individuals with samples obtained for HIV sequencing.,"The paper does not mention sequencing of HIV isolates from patient samples, but rather discusses the results of in vitro experiments using lab-grown viruses.",0
38864613,6,From which countries were the sequenced samples obtained?,The paper does not mention the country of origin of the sequenced samples.,"The paper does not mention sequencing of HIV isolates from patient samples, but rather discusses the results of in vitro experiments using lab-grown viruses.",No
38864613,7,From what years were the sequenced samples obtained?,The paper does not mention the year of sample collection.,"The paper does not mention sequencing of HIV isolates from patient samples, but rather discusses the results of in vitro experiments using lab-grown viruses.",No
38864613,8,Were samples cloned prior to sequencing?,The paper does not mention cloning of samples prior to sequencing.,"The paper does not mention sequencing of HIV isolates from patient samples, but rather discusses the results of in vitro experiments using lab-grown viruses.",No
38864613,9,Which HIV genes were reported to have been sequenced?,The paper does not mention sequencing of specific HIV genes.,"The paper focuses on the antiviral activity and resistance patterns of the combination of ISL and LEN against HIV-1 in vitro, without mentioning sequencing of specific HIV genes.",No
38864613,10,What method was used for sequencing?,The paper does not mention the sequencing method used.,"The paper does not mention sequencing of HIV isolates from patient samples, but rather discusses the results of in vitro experiments using lab-grown viruses.",No
38864613,11,What type of samples were sequenced?,The paper does not mention the type of samples sequenced.,"The paper does not mention sequencing of HIV isolates from patient samples, but rather discusses the results of in vitro experiments using lab-grown viruses.",No
38864613,12,Were any sequences obtained from individuals with virological failure on a treatment regimen?,The paper does not mention virological failure or treatment regimens.,"The paper focuses on the antiviral activity and resistance patterns of the combination of ISL and LEN against HIV-1 in vitro, without mentioning patient samples or treatment outcomes.",No
38864613,13,Were the patients in the study in a clinical trial?,The paper does not mention a clinical trial.,"The paper focuses on the antiviral activity and resistance patterns of the combination of ISL and LEN against HIV-1 in vitro, without mentioning patient samples or clinical trials.",No
38864613,14,Does the paper report HIV sequences from individuals who had previously received ARV drugs?,The paper does not mention individuals who had previously received ARV drugs.,"The paper focuses on the antiviral activity and resistance patterns of the combination of ISL and LEN against HIV-1 in vitro, without mentioning patient samples or treatment histories.",No
38864613,15,Which drug classes were received by individuals in the study before sample sequencing?,The paper does not mention drug classes received by individuals before sample sequencing.,"The paper does not mention sequencing of HIV isolates from patient samples, but rather discusses the results of in vitro experiments using lab-grown viruses.",No
38864613,16,Which drugs were received by individuals in the study before sample sequencing?,The paper does not mention specific drugs received by individuals before sample sequencing.,"The paper does not mention sequencing of HIV isolates from patient samples, but rather discusses the results of in vitro experiments using lab-grown viruses.",No