PMID,QID,question,Evidence,Rationale,AI Answer
18715920,1,Does the paper report HIV sequences from patient samples?,"The paper reports the selection of viruses resistant to the integrase inhibitor elvitegravir (EVG) using a novel resistance selection protocol. The study used a human T-lymphoblastoid cell line MT4 and HIV-1 molecular clone pHXB2D. The IN-encoding region of the *pol* gene of the viruses, selected at different passages, was sequenced.","The paper does not report HIV sequences from patient samples, but rather from a laboratory setting where viruses were selected and sequenced in vitro.",No
18715920,2,Does the paper report in vitro drug susceptibility data?,"The paper reports the selection of viruses resistant to the integrase inhibitor elvitegravir (EVG) using a novel resistance selection protocol. The study used a human T-lymphoblastoid cell line MT4 and HIV-1 molecular clone pHXB2D. The IN-encoding region of the *pol* gene of the viruses, selected at different passages, was sequenced.","The paper reports in vitro drug susceptibility data, as the study used a laboratory setting to select and sequence viruses resistant to EVG.",Yes
18715920,3,Were sequences from the paper made publicly available?,Not reported,The paper does not report sequences being made publicly available.,No
18715920,4,What were the GenBank accession numbers for sequenced HIV isolates?,Not reported,The paper does not report GenBank accession numbers for sequenced HIV isolates.,No
18715920,5,How many individuals had samples obtained for HIV sequencing?,Not reported,The paper does not report the number of individuals with samples obtained for HIV sequencing.,0
18715920,6,From which countries were the sequenced samples obtained?,Not reported,The paper does not report the countries from which the sequenced samples were obtained.,No
18715920,7,From what years were the sequenced samples obtained?,Not reported,The paper does not report the years from which the sequenced samples were obtained.,No
18715920,8,Were samples cloned prior to sequencing?,The study used a QuikChange site-directed mutagenesis kit and high-performance liquid chromatography-purified primers.,"The paper reports the use of site-directed mutagenesis, which involves cloning.",Yes
18715920,9,Which HIV genes were reported to have been sequenced?,"The IN-encoding region of the *pol* gene of the viruses, selected at different passages, was sequenced.",The paper reports the sequencing of the IN gene.,Integrase (IN)
18715920,10,What method was used for sequencing?,The study used a QuikChange site-directed mutagenesis kit and high-performance liquid chromatography-purified primers.,The paper reports the use of site-directed mutagenesis and PCR for sequencing.,Sanger sequencing
18715920,11,What type of samples were sequenced?,The study used a human T-lymphoblastoid cell line MT4 and HIV-1 molecular clone pHXB2D.,The paper reports the sequencing of laboratory-derived samples.,No
18715920,12,Were any sequences obtained from individuals with virological failure on a treatment regimen?,Not reported,The paper does not report sequences from individuals with virological failure on a treatment regimen.,No
18715920,13,Were the patients in the study in a clinical trial?,The study used a laboratory setting to select and sequence viruses resistant to EVG.,The paper does not report the patients being in a clinical trial.,No
18715920,14,Does the paper report HIV sequences from individuals who had previously received ARV drugs?,The study used a laboratory setting to select and sequence viruses resistant to EVG.,The paper does not report sequences from individuals who had previously received ARV drugs.,No
18715920,15,Which drug classes were received by individuals in the study before sample sequencing?,The study used a laboratory setting to select and sequence viruses resistant to EVG.,The paper does not report the drug classes received by individuals in the study before sample sequencing.,No
18715920,16,Which drugs were received by individuals in the study before sample sequencing?,The study used a laboratory setting to select and sequence viruses resistant to EVG.,The paper does not report the drugs received by individuals in the study before sample sequencing.,No
19104010,1,Does the paper report HIV sequences from patient samples?,"The paper does not report HIV sequences from patient samples. Instead, it describes the biological characterization of GS-9160, an antiviral inhibitor of the HIV-1 IN strand transfer reaction.","The paper focuses on the development and characterization of GS-9160, a novel antiviral compound, rather than reporting HIV sequences from patient samples.",No
19104010,2,Does the paper report in vitro drug susceptibility data?,The paper reports in vitro drug susceptibility data for GS-9160 and other antiviral compounds.,"The paper describes the antiviral activity of GS-9160 and other compounds against HIV-1, including their EC50 values and synergy/antagonism volumes.",Yes
19104010,3,Were sequences from the paper made publicly available?,Not reported,The paper does not provide information on the public availability of the sequences.,No
19104010,4,What were the GenBank accession numbers for sequenced HIV isolates?,Not reported,The paper does not provide GenBank accession numbers for sequenced HIV isolates.,No
19104010,5,How many individuals had samples obtained for HIV sequencing?,Not reported,The paper does not provide information on the number of individuals with samples obtained for HIV sequencing.,0
19104010,6,From which countries were the sequenced samples obtained?,Not reported,The paper does not provide information on the countries from which the sequenced samples were obtained.,No
19104010,7,From what years were the sequenced samples obtained?,Not reported,The paper does not provide information on the years from which the sequenced samples were obtained.,No
19104010,8,Were samples cloned prior to sequencing?,The paper describes the clonal sequencing of viral passages selected with GS-9160.,The paper reports the clonal sequencing of the IN gene from viral passages selected with GS-9160.,Yes
19104010,9,Which HIV genes were reported to have been sequenced?,The paper reports the sequencing of the IN gene.,The paper describes the clonal sequencing of the IN gene from viral passages selected with GS-9160.,Integrase (IN)
19104010,10,What method was used for sequencing?,The paper does not specify the sequencing method used.,The paper does not provide information on the sequencing method used.,No
19104010,11,What type of samples were sequenced?,The paper reports the sequencing of viral DNA.,The paper describes the clonal sequencing of the IN gene from viral passages selected with GS-9160.,Viral DNA
19104010,12,Were any sequences obtained from individuals with virological failure on a treatment regimen?,Not reported,The paper does not provide information on the sequences obtained from individuals with virological failure on a treatment regimen.,No
19104010,13,Were the patients in the study in a clinical trial?,Not reported,The paper does not provide information on the clinical trial status of the patients.,No
19104010,14,Does the paper report HIV sequences from individuals who had previously received ARV drugs?,Not reported,The paper does not provide information on the sequences obtained from individuals who had previously received ARV drugs.,No
19104010,15,Which drug classes were received by individuals in the study before sample sequencing?,"The paper reports the treatment of cells with various antiviral compounds, including NRTIs, NNRTIs, and PIs.","The paper describes the antiviral activity of GS-9160 and other compounds against HIV-1, including their EC50 values and synergy/antagonism volumes.","NRTI, NNRTI, PI"
19104010,16,Which drugs were received by individuals in the study before sample sequencing?,"The paper reports the treatment of cells with various antiviral compounds, including NRTIs, NNRTIs, and PIs.","The paper describes the antiviral activity of GS-9160 and other compounds against HIV-1, including their EC50 values and synergy/antagonism volumes.","NRTI (Nucleoside Reverse Transcriptase Inhibitor), including Abacavir (ABC), Zidovudine'(AZT), Zalcitabine (DDC), Didanosine (DDI), Lamivudine (3TC), Stavudine (D4T), Emtricitabine(FTC), Tenofovir (TFV); NNRTI (Non-Nucleosid Reverse Transcriptase Inhibitor), including Nevirapine (NVP), Delavirdine (DLV), Efavirenz (EFV), Etravirine (ETR), Rilpivirine (RPV), Doravirine (DOR); PI (Protease Inhibitor), including Amprenavir (APV), Lopinavir'(LPV), Atazanavir (ATV), Derunavir (DRV)"
21115794,1,Does the paper report HIV sequences from patient samples?,Not reported.,"The paper does not mention sequencing patient samples, but rather discusses the properties of a new integrase inhibitor, S/GSK1349572.",No
21115794,2,Does the paper report in vitro drug susceptibility data?,"The paper reports in vitro drug susceptibility data for S/GSK1349572 against various HIV strains, including those resistant to other classes of anti-HIV agents.","The paper presents data on the antiviral activity of S/GSK1349572 against HIV-1 in PBMCs, MT-4 cells, and the PHIV assay, as well as its activity against clinically relevant IN mutant viruses.",Yes
21115794,3,Were sequences from the paper made publicly available?,Not reported.,The paper does not mention making sequences publicly available.,No
21115794,4,What were the GenBank accession numbers for sequenced HIV isolates?,Not reported.,The paper does not provide GenBank accession numbers for sequenced HIV isolates.,No
21115794,5,How many individuals had samples obtained for HIV sequencing?,Not reported.,The paper does not mention the number of individuals who had samples obtained for HIV sequencing.,0
21115794,6,From which countries were the sequenced samples obtained?,Not reported.,The paper does not mention the countries from which the sequenced samples were obtained.,No
21115794,7,From what years were the sequenced samples obtained?,Not reported.,The paper does not mention the years from which the sequenced samples were obtained.,No
21115794,8,Were samples cloned prior to sequencing?,Not reported.,The paper does not mention cloning samples prior to sequencing.,No
21115794,9,Which HIV genes were reported to have been sequenced?,Not reported.,The paper does not mention sequencing any HIV genes.,No
21115794,10,What method was used for sequencing?,Not reported.,The paper does not mention the sequencing method used.,No
21115794,11,What type of samples were sequenced?,Not reported.,The paper does not mention the type of samples that were sequenced.,No
21115794,12,Were any sequences obtained from individuals with virological failure on a treatment regimen?,Not reported.,The paper does not mention obtaining sequences from individuals with virological failure on a treatment regimen.,No
21115794,13,Were the patients in the study in a clinical trial?,Not reported.,The paper does not mention the patients being in a clinical trial.,No
21115794,14,Does the paper report HIV sequences from individuals who had previously received ARV drugs?,Not reported.,The paper does not mention sequencing individuals who had previously received ARV drugs.,No
21115794,15,Which drug classes were received by individuals in the study before sample sequencing?,Not reported.,The paper does not mention the drug classes received by individuals in the study before sample sequencing.,No
21115794,16,Which drugs were received by individuals in the study before sample sequencing?,Not reported.,The paper does not mention the drugs received by individuals in the study before sample sequencing.,No
23749954,1,Does the paper report HIV sequences from patient samples?,"The paper does not report HIV sequences from patient samples. Instead, it discusses the results of cell culture drug selections with various drugs in MT2 cells.","The paper focuses on the mechanisms of HIV drug resistance and the impact of silent nucleotide polymorphisms on the selection of resistance mutations. The results are based on in vitro experiments with cloned viruses, not patient samples.",No
23749954,2,Does the paper report in vitro drug susceptibility data?,"The paper reports the results of cell culture drug selections with various drugs in MT2 cells, which provide in vitro drug susceptibility data.","The paper presents the outcomes of drug selections with different antiretroviral drugs, including tenofovir, didanosine, stavudine, apricitabine, and abacavir, which demonstrate the susceptibility of HIV-1 to these drugs in vitro.",Yes
23749954,3,Were sequences from the paper made publicly available?,Not reported,The paper does not mention the public availability of the sequences.,No
23749954,4,What were the GenBank accession numbers for sequenced HIV isolates?,Not reported,The paper does not provide GenBank accession numbers for sequenced HIV isolates.,No
23749954,5,How many individuals had samples obtained for HIV sequencing?,Not reported,The paper does not provide information about the number of individuals with samples obtained for HIV sequencing.,0
23749954,6,From which countries were the sequenced samples obtained?,Not reported,The paper does not provide information about the countries from which the sequenced samples were obtained.,No
23749954,7,From what years were the sequenced samples obtained?,Not reported,The paper does not provide information about the years from which the sequenced samples were obtained.,No
23749954,8,Were samples cloned prior to sequencing?,The paper describes the generation of HIV-1 NL4-3 clones containing single nucleotide mutations at positions 64 and 65 to create viruses behaving as if they were subtype C.,"The cloning of viruses prior to sequencing is a crucial step in the study, as it allows researchers to investigate the impact of silent nucleotide polymorphisms on the selection of resistance mutations.",Yes
23749954,9,Which HIV genes were reported to have been sequenced?,Not reported,The paper does not mention the sequencing of specific HIV genes.,No
23749954,10,What method was used for sequencing?,Not reported,The paper does not mention the sequencing method used.,No
23749954,11,What type of samples were sequenced?,Not reported,The paper does not provide information about the type of samples sequenced.,No
23749954,12,Were any sequences obtained from individuals with virological failure on a treatment regimen?,Not reported,The paper does not mention the sequencing of samples from individuals with virological failure on a treatment regimen.,No
23749954,13,Were the patients in the study in a clinical trial?,Not reported,The paper does not provide information about the study design or whether the patients were part of a clinical trial.,No
23749954,14,Does the paper report HIV sequences from individuals who had previously received ARV drugs?,The paper discusses the impact of silent nucleotide polymorphisms on the selection of resistance mutations in the context of antiretroviral therapy.,"The study investigates the effects of antiretroviral drugs on the selection of resistance mutations in cloned viruses, which suggests that the sequences were obtained from individuals who had previously received ARV drugs.",Yes
23749954,15,Which drug classes were received by individuals in the study before sample sequencing?,"The paper mentions the use of N(t)RTIs, including tenofovir, didanosine, stavudine, apricitabine, and abacavir, which are NRTI drugs.","The study focuses on the effects of NRTI drugs on the selection of resistance mutations, indicating that the individuals in the study received NRTI drugs before sample sequencing.",NRTI
23749954,16,Which drugs were received by individuals in the study before sample sequencing?,"The paper mentions the use of tenofovir, didanosine, stavudine, apricitabine, and abacavir, which are NRTI drugs.","The study focuses on the effects of these NRTI drugs on the selection of resistance mutations, indicating that the individuals in the study received these drugs before sample sequencing.","Tenofovir, Didanosine, Stavudine, Apricitabine, Abacavir"
24227862,1,Does the paper report HIV sequences from patient samples?,"The paper does not report HIV sequences from patient samples. Instead, it reports the results of experiments using recombinant HIV-1 clones and cord blood mononuclear cells (CBMCs) under drug selection pressure.",The paper focuses on the mechanisms of HIV drug resistance and the effects of specific mutations on viral replication capacity and drug susceptibility. It does not involve the analysis of patient samples.,No
24227862,2,Does the paper report in vitro drug susceptibility data?,"The paper reports the results of experiments using recombinant HIV-1 clones and cord blood mononuclear cells (CBMCs) under drug selection pressure, which provide in vitro drug susceptibility data.","The paper presents the effects of specific mutations on viral replication capacity and drug susceptibility, which is a key aspect of in vitro drug susceptibility data.",Yes
24227862,3,Were sequences from the paper made publicly available?,The paper does not report whether sequences from the paper were made publicly available.,"The paper focuses on the mechanisms of HIV drug resistance and the effects of specific mutations on viral replication capacity and drug susceptibility, rather than the public availability of the sequences.",No
24227862,4,What were the GenBank accession numbers for sequenced HIV isolates?,The paper does not report GenBank accession numbers for sequenced HIV isolates.,"The paper focuses on the mechanisms of HIV drug resistance and the effects of specific mutations on viral replication capacity and drug susceptibility, rather than the sequencing of HIV isolates.",No
24227862,5,How many individuals had samples obtained for HIV sequencing?,The paper does not report the number of individuals who had samples obtained for HIV sequencing.,"The paper focuses on the mechanisms of HIV drug resistance and the effects of specific mutations on viral replication capacity and drug susceptibility, rather than the number of individuals sequenced.",0
24227862,6,From which countries were the sequenced samples obtained?,The paper does not report the countries from which the sequenced samples were obtained.,"The paper focuses on the mechanisms of HIV drug resistance and the effects of specific mutations on viral replication capacity and drug susceptibility, rather than the geographical origin of the samples.",No
24227862,7,From what years were the sequenced samples obtained?,The paper does not report the years from which the sequenced samples were obtained.,"The paper focuses on the mechanisms of HIV drug resistance and the effects of specific mutations on viral replication capacity and drug susceptibility, rather than the temporal origin of the samples.",No
24227862,8,Were samples cloned prior to sequencing?,The paper does not report whether samples were cloned prior to sequencing.,"The paper focuses on the mechanisms of HIV drug resistance and the effects of specific mutations on viral replication capacity and drug susceptibility, rather than the sequencing method used.",No
24227862,9,Which HIV genes were reported to have been sequenced?,The paper does not report the sequencing of HIV genes.,"The paper focuses on the mechanisms of HIV drug resistance and the effects of specific mutations on viral replication capacity and drug susceptibility, rather than the sequencing of HIV genes.",No
24227862,10,What method was used for sequencing?,The paper does not report the sequencing method used.,"The paper focuses on the mechanisms of HIV drug resistance and the effects of specific mutations on viral replication capacity and drug susceptibility, rather than the sequencing method used.",No
24227862,11,What type of samples were sequenced?,The paper does not report the type of samples sequenced.,"The paper focuses on the mechanisms of HIV drug resistance and the effects of specific mutations on viral replication capacity and drug susceptibility, rather than the type of samples sequenced.",No
24227862,12,Were any sequences obtained from individuals with virological failure on a treatment regimen?,The paper does not report the sequencing of samples from individuals with virological failure on a treatment regimen.,"The paper focuses on the mechanisms of HIV drug resistance and the effects of specific mutations on viral replication capacity and drug susceptibility, rather than the sequencing of samples from individuals with virological failure.",No
24227862,13,Were the patients in the study in a clinical trial?,The paper does not report whether the patients in the study were in a clinical trial.,"The paper focuses on the mechanisms of HIV drug resistance and the effects of specific mutations on viral replication capacity and drug susceptibility, rather than the clinical trial status of the patients.",No
24227862,14,Does the paper report HIV sequences from individuals who had previously received ARV drugs?,The paper does not report HIV sequences from individuals who had previously received ARV drugs.,"The paper focuses on the mechanisms of HIV drug resistance and the effects of specific mutations on viral replication capacity and drug susceptibility, rather than the sequencing of samples from individuals who had previously received ARV drugs.",No
24227862,15,Which drug classes were received by individuals in the study before sample sequencing?,The paper reports that the individuals in the study received NNRTI drugs before sample sequencing.,"The paper presents the effects of specific mutations on viral replication capacity and drug susceptibility, which is a key aspect of the study.",NNRTI
24227862,16,Which drugs were received by individuals in the study before sample sequencing?,The paper reports that the individuals in the study received Etravirine (ETR) and Rilpivirine (RPV) before sample sequencing.,"The paper presents the effects of specific mutations on viral replication capacity and drug susceptibility, which is a key aspect of the study.","Etravirine (ETR), Rilpivirine (RPV)"
25637519,1,Does the paper report HIV sequences from patient samples?,"The paper reports the characterization of a novel NNRTI-associated mutation, D404N, in the connection subdomain in the RT of HIV-1 subtype CRF08_BC. This is important because it is very possible for the mutation D404N to emerge in subtype CRF08_BC because it has been found in patients infected with HIV-1 subtype C and the connection subdomains of these two subtypes are very similar.","The paper does not explicitly state that it reports HIV sequences from patient samples, but it does mention that the mutation D404N has been found in patients infected with HIV-1 subtype C.",No
25637519,2,Does the paper report in vitro drug susceptibility data?,"The paper reports the results of drug susceptibility assays to further confirm the influence of double (D404N/H221Y, Y181C/D404N and Y181C/H221Y) and triple (Y181C/D404N/H221Y) mutations.","The paper provides detailed information on the methods used to assess drug susceptibility, including the use of a single-cycle cell-culture-based assay.",Yes
25637519,3,Were sequences from the paper made publicly available?,Not reported,The paper does not provide information on whether sequences from the study were made publicly available.,No
25637519,4,What were the GenBank accession numbers for sequenced HIV isolates?,Not reported,The paper does not provide GenBank accession numbers for sequenced HIV isolates.,No
25637519,5,How many individuals had samples obtained for HIV sequencing?,Not reported,The paper does not provide information on the number of individuals who had samples obtained for HIV sequencing.,0
25637519,6,From which countries were the sequenced samples obtained?,Not Found,The paper does not provide information on the countries from which the sequenced samples were obtained.,No
25637519,7,From what years were the sequenced samples obtained?,Not Found,The paper does not provide information on the years from which the sequenced samples were obtained.,No
25637519,8,Were samples cloned prior to sequencing?,Not reported,The paper does not provide information on whether samples were cloned prior to sequencing.,No
25637519,9,Which HIV genes were reported to have been sequenced?,"The Gag gene contains Capsid gene. The pol gene contains protease, reverse transcriptase, and integrase.","The paper does not explicitly state which HIV genes were sequenced, but it does mention that the Gag and pol genes were analyzed.",Pol gene
25637519,10,What method was used for sequencing?,Not reported,The paper does not provide information on the sequencing method used.,No
25637519,11,What type of samples were sequenced?,Not reported,The paper does not provide information on the type of samples that were sequenced.,No
25637519,12,Were any sequences obtained from individuals with virological failure on a treatment regimen?,Not reported,The paper does not provide information on whether sequences were obtained from individuals with virological failure on a treatment regimen.,No
25637519,13,Were the patients in the study in a clinical trial?,Not reported,The paper does not provide information on whether the patients in the study were in a clinical trial.,No
25637519,14,Does the paper report HIV sequences from individuals who had previously received ARV drugs?,Not reported,The paper does not provide information on whether HIV sequences were obtained from individuals who had previously received ARV drugs.,No
25637519,15,Which drug classes were received by individuals in the study before sample sequencing?,"NRTI, NNRTI, PI, INSTI","The paper mentions that individuals in the study received NRTI, NNRTI, PI, and INSTI drugs before sample sequencing.","NRTI, NNRTI, PI, INSTI"
25637519,16,Which drugs were received by individuals in the study before sample sequencing?,"NRTI (Abacavir, Zidovudine, Zalcitabine, Didanosine, Lamivudine, Stavudine, Emtricitabine, Tenofovir); NNRTI (Nevirapine, Delavirdine, Efavirenz, Etravirine, Rilpivirine, Doravirine); PI (Amprenavir, Lopinavir, Atazanavir, Derunavir); INSTI (Raltegravir, Elvitegravir, Dolutegravir, Bictegravir, cabotegravir, Lenacapavir)",The paper mentions that individuals in the study received various ARV drugs before sample sequencing.,"NRTI (Abacavir, Zidovudine, Zalcitabine, Didanosine, Lamivudine, Stavudine, Emtricitabine, Tenofovir); NNRTI (Nevirapine, Delavirdine, Efavirenz, Etravirine, Rilpivirine, Doravirine); PI (Amprenavir, Lopinavir, Atazanavir, Derunavir); INSTI (Raltegravir, Elvitegravir, Dolutegravir, Bictegravir, cabotegravir, Lenacapavir)"
26246578,1,Does the paper report HIV sequences from patient samples?,This study aimed to uncover whether accessory mutations that appear after N155H in response to raltegravir/elvitegravir were compatible with N155H and R263K.,"The paper does not report HIV sequences from patient samples. Instead, it focuses on the effects of accessory mutations within integrase (IN) on each of integrase function, HIV-1 infectivity, and levels of drug resistance.",No
26246578,2,Does the paper report in vitro drug susceptibility data?,"HIV susceptibilities to DTG, RAL, and EVG were measured by the infection of 30,000 TZM-bl cells using 100,000 RT units per well of each virus in the presence of 1:10 serial dilutions of drugs.","The paper reports in vitro drug susceptibility data, specifically the effects of accessory mutations on the susceptibility of HIV-1 to dolutegravir (DTG), raltegravir (RAL), and elvitegravir (EVG).",Yes
26246578,3,Were sequences from the paper made publicly available?,Not reported,The paper does not provide information about whether the sequences were made publicly available.,No
26246578,4,What were the GenBank accession numbers for sequenced HIV isolates?,Not reported,The paper does not provide GenBank accession numbers for sequenced HIV isolates.,No
26246578,5,How many individuals had samples obtained for HIV sequencing?,Not reported,The paper does not provide information about the number of individuals who had samples obtained for HIV sequencing.,0
26246578,6,From which countries were the sequenced samples obtained?,Not Found,The paper does not provide information about the countries from which the sequenced samples were obtained.,No
26246578,7,From what years were the sequenced samples obtained?,Not Found,The paper does not provide information about the years from which the sequenced samples were obtained.,No
26246578,8,Were samples cloned prior to sequencing?,Not reported,The paper does not provide information about whether samples were cloned prior to sequencing.,No
26246578,9,Which HIV genes were reported to have been sequenced?,"The study investigated the effects of adding common INSTI secondary mutations to an N155H/R263K background that we had previously characterized as a relatively fit, DTG-resistant virus.","The paper focuses on the effects of accessory mutations within integrase (IN) on each of integrase function, HIV-1 infectivity, and levels of drug resistance, but it does not report the sequencing of specific HIV genes.",Integrase (IN)
26246578,10,What method was used for sequencing?,Not reported,The paper does not provide information about the sequencing method used.,No
26246578,11,What type of samples were sequenced?,Not reported,The paper does not provide information about the type of samples that were sequenced.,No
26246578,12,Were any sequences obtained from individuals with virological failure on a treatment regimen?,Not reported,The paper does not provide information about whether sequences were obtained from individuals with virological failure on a treatment regimen.,No
26246578,13,Were the patients in the study in a clinical trial?,Not reported,The paper does not provide information about whether the patients in the study were in a clinical trial.,No
26246578,14,Does the paper report HIV sequences from individuals who had previously received ARV drugs?,Not reported,The paper does not provide information about whether the sequences were obtained from individuals who had previously received ARV drugs.,No
26246578,15,Which drug classes were received by individuals in the study before sample sequencing?,Not reported,The paper does not provide information about the drug classes received by individuals in the study before sample sequencing.,No
26246578,16,Which drugs were received by individuals in the study before sample sequencing?,Not reported,The paper does not provide information about the drugs received by individuals in the study before sample sequencing.,No
26311878,1,Does the paper report HIV sequences from patient samples?,"The paper does not report HIV sequences from patient samples. Instead, it reports the effects of the T66I, E138K, and R263K substitutions, alone and in combination, on viral replicative capacity and resistance to integrase inhibitors.","The paper focuses on the effects of specific mutations on viral replication and resistance to antiretroviral drugs, rather than reporting actual patient samples.",No
26311878,2,Does the paper report in vitro drug susceptibility data?,"The paper reports in vitro drug susceptibility data, including the effects of the T66I, E138K, and R263K substitutions on resistance to integrase inhibitors such as DTG, RAL, and EVG.",The paper describes experiments where viruses containing specific mutations were tested for their susceptibility to different antiretroviral drugs.,Yes
26311878,3,Were sequences from the paper made publicly available?,Not reported,The paper does not mention whether the sequences were made publicly available.,No
26311878,4,What were the GenBank accession numbers for sequenced HIV isolates?,Not reported,The paper does not provide GenBank accession numbers for sequenced HIV isolates.,No
26311878,5,How many individuals had samples obtained for HIV sequencing?,Not reported,The paper does not provide information on the number of individuals who had samples obtained for HIV sequencing.,0
26311878,6,From which countries were the sequenced samples obtained?,Not reported,The paper does not mention the countries from which the sequenced samples were obtained.,No
26311878,7,From what years were the sequenced samples obtained?,,,No
26311878,8,Were samples cloned prior to sequencing?,Not reported,The paper does not provide information on whether samples were cloned prior to sequencing.,No
26311878,9,Which HIV genes were reported to have been sequenced?,Not reported,The paper does not report the sequencing of specific HIV genes.,No
26311878,10,What method was used for sequencing?,Not reported,The paper does not mention the sequencing method used.,No
26311878,11,What type of samples were sequenced?,Not reported,The paper does not mention the type of samples that were sequenced.,No
26311878,12,Were any sequences obtained from individuals with virological failure on a treatment regimen?,Not reported,The paper does not provide information on whether sequences were obtained from individuals with virological failure on a treatment regimen.,No
26311878,13,Were the patients in the study in a clinical trial?,Not reported,The paper does not mention whether the patients in the study were in a clinical trial.,No
26311878,14,Does the paper report HIV sequences from individuals who had previously received ARV drugs?,Not reported,The paper does not provide information on whether the sequences were obtained from individuals who had previously received ARV drugs.,No
26311878,15,Which drug classes were received by individuals in the study before sample sequencing?,Not reported,The paper does not mention the drug classes received by individuals in the study before sample sequencing.,No
26311878,16,Which drugs were received by individuals in the study before sample sequencing?,Not reported,The paper does not provide information on the drugs received by individuals in the study before sample sequencing.,No
26559830,1,Does the paper report HIV sequences from patient samples?,"The paper does not report HIV sequences from patient samples. Instead, it reports the construction of HIV-2 molecular clones encoding protease substitutions corresponding to the amino acids found in wild-type HIV-1.",The paper focuses on understanding the mechanisms of intrinsic protease inhibitor resistance in HIV-2 by comparing the protease sequences of HIV-2 and HIV-1.,No
26559830,2,Does the paper report in vitro drug susceptibility data?,The paper reports in vitro drug susceptibility data for HIV-2 molecular clones encoding protease substitutions corresponding to the amino acids found in wild-type HIV-1.,The paper uses a single-cycle assay to compare the sensitivities of wild-type and mutant HIV-2 molecular clones to each of nine FDA-approved protease inhibitors.,Yes
26559830,3,Were sequences from the paper made publicly available?,The paper reports the construction of HIV-2 molecular clones encoding protease substitutions corresponding to the amino acids found in wild-type HIV-1.,The paper does not report the public availability of sequences.,No
26559830,4,What were the GenBank accession numbers for sequenced HIV isolates?,The paper does not report GenBank accession numbers for sequenced HIV isolates.,"The paper focuses on constructing HIV-2 molecular clones encoding protease substitutions corresponding to the amino acids found in wild-type HIV-1, rather than reporting existing sequences.",No
26559830,5,How many individuals had samples obtained for HIV sequencing?,The paper reports the construction of HIV-2 molecular clones encoding protease substitutions corresponding to the amino acids found in wild-type HIV-1.,The paper does not report the number of individuals with samples obtained for HIV sequencing.,0
26559830,6,From which countries were the sequenced samples obtained?,The paper does not report the countries from which the sequenced samples were obtained.,"The paper focuses on constructing HIV-2 molecular clones encoding protease substitutions corresponding to the amino acids found in wild-type HIV-1, rather than reporting existing sequences.",No
26559830,7,From what years were the sequenced samples obtained?,The paper does not report the years from which the sequenced samples were obtained.,"The paper focuses on constructing HIV-2 molecular clones encoding protease substitutions corresponding to the amino acids found in wild-type HIV-1, rather than reporting existing sequences.",No
26559830,8,Were samples cloned prior to sequencing?,The paper reports the construction of HIV-2 molecular clones encoding protease substitutions corresponding to the amino acids found in wild-type HIV-1.,The paper focuses on understanding the mechanisms of intrinsic protease inhibitor resistance in HIV-2 by comparing the protease sequences of HIV-2 and HIV-1.,Yes
26559830,9,Which HIV genes were reported to have been sequenced?,The paper reports the sequencing of the protease gene of HIV-2 molecular clones encoding protease substitutions corresponding to the amino acids found in wild-type HIV-1.,The paper focuses on understanding the mechanisms of intrinsic protease inhibitor resistance in HIV-2 by comparing the protease sequences of HIV-2 and HIV-1.,Protease
26559830,10,What method was used for sequencing?,The paper reports the use of site-directed mutagenesis to construct HIV-2 molecular clones encoding protease substitutions corresponding to the amino acids found in wild-type HIV-1.,The paper does not report the use of sequencing methods such as Sanger or next-generation sequencing.,No
26559830,11,What type of samples were sequenced?,The paper reports the use of HIV-2 molecular clones encoding protease substitutions corresponding to the amino acids found in wild-type HIV-1.,The paper does not report the use of patient samples.,Molecular clones
26559830,12,Were any sequences obtained from individuals with virological failure on a treatment regimen?,The paper does not report the use of sequences obtained from individuals with virological failure on a treatment regimen.,The paper focuses on constructing HIV-2 molecular clones encoding protease substitutions corresponding to the amino acids found in wild-type HIV-1.,No
26559830,13,Were the patients in the study in a clinical trial?,The paper does not report the use of patients in a clinical trial.,The paper focuses on constructing HIV-2 molecular clones encoding protease substitutions corresponding to the amino acids found in wild-type HIV-1.,No
26559830,14,Does the paper report HIV sequences from individuals who had previously received ARV drugs?,The paper reports the construction of HIV-2 molecular clones encoding protease substitutions corresponding to the amino acids found in wild-type HIV-1.,The paper does not report the use of sequences obtained from individuals who had previously received ARV drugs.,No
26559830,15,Which drug classes were received by individuals in the study before sample sequencing?,The paper reports the use of protease inhibitors in the study.,The paper does not report the use of other drug classes.,PI
26559830,16,Which drugs were received by individuals in the study before sample sequencing?,The paper reports the use of protease inhibitors in the study.,The paper does not report the use of other drugs.,PI
27009474,1,Does the paper report HIV sequences from patient samples?,"A 50-year-old hispanic homosexual man underwent HIV-1 seroconversion in August 2014. His CD4 count at the time of diagnosis was 405 cells/mm3 and his plasma HIV-1 RNA level was 3,980 copies/ml.",The paper reports the sequence of a clinical clone from a patient sample.,Yes
27009474,2,Does the paper report in vitro drug susceptibility data?,Q148N ¬± G140S was associated with 2.4- to 4.5-fold reduced susceptibility to elvitegravir but not to raltegravir or dolutegravir (Table 1).,The paper reports the results of in vitro drug susceptibility testing using the PhenoSense assay.,Yes
27009474,3,Were sequences from the paper made publicly available?,Yes,The paper reports that the sequence of the clinical clone has been submitted to the GenBank.,Yes
27009474,4,What were the GenBank accession numbers for sequenced HIV isolates?,The sequence of the clinical clone has been submitted to the GenBank under the accession number KU761565.,The paper reports the GenBank accession number for one sequenced HIV isolate.,KU761565
27009474,5,How many individuals had samples obtained for HIV sequencing?,Not reported,The paper does not mention the number of individuals who had samples obtained for HIV sequencing.,0
27009474,6,From which countries were the sequenced samples obtained?,Not reported,The paper does not mention the countries from which the sequenced samples were obtained.,No
27009474,7,From what years were the sequenced samples obtained?,8/1/14 00:00,The paper reports the year in which the sequenced samples were obtained.,2014
27009474,8,Were samples cloned prior to sequencing?,Not reported,The paper does not mention whether the samples were cloned prior to sequencing.,No
27009474,9,Which HIV genes were reported to have been sequenced?,Not reported,The paper does not mention the specific HIV genes that were sequenced.,No
27009474,10,What method was used for sequencing?,Not reported,The paper does not mention the sequencing method used.,No
27009474,11,What type of samples were sequenced?,Plasma,The paper reports that the sequenced samples were plasma.,Plasma
27009474,12,Were any sequences obtained from individuals with virological failure on a treatment regimen?,Not reported,The paper does not mention whether any sequences were obtained from individuals with virological failure on a treatment regimen.,No
27009474,13,Were the patients in the study in a clinical trial?,Not reported,The paper does not mention whether the patients were in a clinical trial.,No
27009474,14,Does the paper report HIV sequences from individuals who had previously received ARV drugs?,Yes,The paper reports that the patient had previously received antiretroviral drugs.,Yes
27009474,15,Which drug classes were received by individuals in the study before sample sequencing?,"INSTI (Integrase Inhibitor), including Raltegravir (RAL), Elvitegravir(EVG), Dolutagravir (DTG), Bictegravir (BIC), cabotagravir (CAB), Lenacapavir (LEN)",The paper reports that the patient had received INSTI drugs before sample sequencing.,INSTI
27009474,16,Which drugs were received by individuals in the study before sample sequencing?,"Raltegravir (RAL), Elvitegravir(EVG), Dolutagravir (DTG), Bictegravir (BIC), cabotagravir (CAB), Lenacapavir (LEN)",The paper reports that the patient had received the listed drugs before sample sequencing.,"Raltegravir (RAL), Elvitegravir(EVG), Dolutagravir (DTG), Bictegravir (BIC), cabotagravir (CAB), Lenacapavir (LEN)"
27124362,1,Does the paper report HIV sequences from patient samples?,"The paper does not report HIV sequences from patient samples. Instead, it discusses the antiviral activities of RPV and DOR against known NNRTI-resistant HIV-1 mutants.","The paper focuses on the in vitro antiviral activities of RPV and DOR against various NNRTI-resistant mutants, but it does not mention sequencing patient samples.",No
27124362,2,Does the paper report in vitro drug susceptibility data?,The paper reports in vitro drug susceptibility data for RPV and DOR against various NNRTI-resistant mutants.,"The paper presents the IC50 values of RPV and DOR against WT HIV-1 and several NNRTI-resistant mutants, indicating the in vitro drug susceptibility data.",Yes
27124362,3,Were sequences from the paper made publicly available?,Not reported,The paper does not mention making sequences publicly available.,No
27124362,4,What were the GenBank accession numbers for sequenced HIV isolates?,Not reported,The paper does not provide GenBank accession numbers for sequenced HIV isolates.,No
27124362,5,How many individuals had samples obtained for HIV sequencing?,Not reported,The paper does not mention the number of individuals with samples obtained for HIV sequencing.,0
27124362,6,From which countries were the sequenced samples obtained?,Not Found,The paper does not mention the countries from which the sequenced samples were obtained.,No
27124362,7,From what years were the sequenced samples obtained?,Not Found,The paper does not mention the years from which the sequenced samples were obtained.,No
27124362,8,Were samples cloned prior to sequencing?,Not reported,The paper does not mention cloning samples prior to sequencing.,No
27124362,9,Which HIV genes were reported to have been sequenced?,Not reported,The paper does not mention sequencing specific HIV genes.,No
27124362,10,What method was used for sequencing?,Not reported,The paper does not mention the sequencing method used.,No
27124362,11,What type of samples were sequenced?,Not reported,The paper does not mention the type of samples sequenced.,No
27124362,12,Were any sequences obtained from individuals with virological failure on a treatment regimen?,Not reported,The paper does not mention sequences from individuals with virological failure on a treatment regimen.,No
27124362,13,Were the patients in the study in a clinical trial?,Not reported,The paper does not mention the patients being in a clinical trial.,No
27124362,14,Does the paper report HIV sequences from individuals who had previously received ARV drugs?,Not reported,The paper does not mention sequences from individuals who had previously received ARV drugs.,No
27124362,15,Which drug classes were received by individuals in the study before sample sequencing?,Not reported,The paper does not mention the drug classes received by individuals before sample sequencing.,No
27124362,16,Which drugs were received by individuals in the study before sample sequencing?,Not reported,The paper does not mention the drugs received by individuals before sample sequencing.,No
28559249,1,Does the paper report HIV sequences from patient samples?,"The paper does not report HIV sequences from patient samples. Instead, it discusses the antiviral activity of MK-8591 against HIV-2 isolates and drug-resistant HIV-2 mutants in culture.","The paper focuses on the in vitro activity of MK-8591 against HIV-2 isolates and drug-resistant mutants, rather than reporting on patient samples.",No
28559249,2,Does the paper report in vitro drug susceptibility data?,"The paper reports in vitro drug susceptibility data for MK-8591 against HIV-2 isolates and drug-resistant mutants. The data show that MK-8591 is highly active against group A and B isolates of HIV-2, with 50% effective concentrations (EC ~50~) in the low nanomolar range.","The paper presents the results of in vitro drug susceptibility assays, which demonstrate the potency of MK-8591 against HIV-2 isolates and drug-resistant mutants.",Yes
28559249,3,Were sequences from the paper made publicly available?,Not reported,The paper does not provide information on whether the sequences were made publicly available.,No
28559249,4,What were the GenBank accession numbers for sequenced HIV isolates?,Not reported,The paper does not provide GenBank accession numbers for sequenced HIV isolates.,No
28559249,5,How many individuals had samples obtained for HIV sequencing?,Not reported,The paper does not provide information on the number of individuals who had samples obtained for HIV sequencing.,0
28559249,6,From which countries were the sequenced samples obtained?,Not reported,The paper does not provide information on the countries from which the sequenced samples were obtained.,No
28559249,7,From what years were the sequenced samples obtained?,Not reported,The paper does not provide information on the years from which the sequenced samples were obtained.,No
28559249,8,Were samples cloned prior to sequencing?,Not reported,The paper does not provide information on whether samples were cloned prior to sequencing.,No
28559249,9,Which HIV genes were reported to have been sequenced?,Not reported,The paper does not report on the sequencing of specific HIV genes.,No
28559249,10,What method was used for sequencing?,Not reported,The paper does not provide information on the sequencing method used.,No
28559249,11,What type of samples were sequenced?,Not reported,The paper does not provide information on the type of samples that were sequenced.,No
28559249,12,Were any sequences obtained from individuals with virological failure on a treatment regimen?,Not reported,The paper does not provide information on whether sequences were obtained from individuals with virological failure on a treatment regimen.,No
28559249,13,Were the patients in the study in a clinical trial?,Not reported,The paper does not provide information on whether the patients in the study were in a clinical trial.,No
28559249,14,Does the paper report HIV sequences from individuals who had previously received ARV drugs?,Not reported,The paper does not provide information on whether the sequences were obtained from individuals who had previously received ARV drugs.,No
28559249,15,Which drug classes were received by individuals in the study before sample sequencing?,Not reported,The paper does not provide information on the drug classes received by individuals in the study before sample sequencing.,No
28559249,16,Which drugs were received by individuals in the study before sample sequencing?,Not reported,The paper does not provide information on the drugs received by individuals in the study before sample sequencing.,No
29373677,1,Does the paper report HIV sequences from patient samples?,"The patient infected with a B subtype HIV-1 strain received an antiretroviral treatment including INSTIs from 2008 to 2015, a period during which CD4 counts had increased from 350 to 940 cells/mm ^3^. The patient was first treated with raltegravir in combination with tenofovir/emtricitabine (Truvada) for 6‚Äâyears until 2014, during which time the viral load remained undetectable (plasma HIV RNA \<20 copies/mL).","The paper reports the case of a patient treated with dolutegravir monotherapy, and the patient's HIV-1 strain was sequenced.",Yes
29373677,2,Does the paper report in vitro drug susceptibility data?,"We first investigated the replicative properties of mutant viruses. The p24 ^gag^ production of these mutants was similar to the WT showing that none of these mutations impaired the late steps of viral replication (Figure 1 a, left panel and black columns). The above-mentioned mutations could affect the 3‚Ä≤-processing and/or the strand-transfer reaction mediated by IN. Our cell-free reaction results demonstrate that the 3‚Ä≤-processing efficiency for all mutants was similar but significantly lower compared with the WT (an average of 50% of the WT, Figure 1 a middle panel and black columns).",The paper reports in vitro drug susceptibility data by investigating the replicative properties of mutant viruses and their 3‚Ä≤-processing efficiency.,Yes
29373677,3,Were sequences from the paper made publicly available?,Not reported,The paper does not provide information about whether the sequences were made publicly available.,No
29373677,4,What were the GenBank accession numbers for sequenced HIV isolates?,Not reported,The paper does not provide GenBank accession numbers for sequenced HIV isolates.,No
29373677,5,How many individuals had samples obtained for HIV sequencing?,"The patient infected with a B subtype HIV-1 strain received an antiretroviral treatment including INSTIs from 2008 to 2015, a period during which CD4 counts had increased from 350 to 940 cells/mm ^3^. The patient was first treated with raltegravir in combination with tenofovir/emtricitabine (Truvada) for 6‚Äâyears until 2014, during which time the viral load remained undetectable (plasma HIV RNA \<20 copies/mL).",The paper reports the sequencing of the HIV-1 strain from one patient.,1
29373677,6,From which countries were the sequenced samples obtained?,Not reported,The paper does not provide information about the countries from which the sequenced samples were obtained.,No
29373677,7,From what years were the sequenced samples obtained?,The patient infected with a B subtype HIV-1 strain received an antiretroviral treatment including INSTIs from 2008 to 2015.,"The paper reports the sequencing of the HIV-1 strain from the patient, which was obtained between 2008 and 2015.",2008-2015
29373677,8,Were samples cloned prior to sequencing?,Not reported,The paper does not provide information about whether the samples were cloned prior to sequencing.,No
29373677,9,Which HIV genes were reported to have been sequenced?,"The patient infected with a B subtype HIV-1 strain received an antiretroviral treatment including INSTIs from 2008 to 2015, a period during which CD4 counts had increased from 350 to 940 cells/mm ^3^. The patient was first treated with raltegravir in combination with tenofovir/emtricitabine (Truvada) for 6‚Äâyears until 2014, during which time the viral load remained undetectable (plasma HIV RNA \<20 copies/mL).","The paper reports the sequencing of the HIV-1 strain from the patient, which includes the integrase gene.","Integrase, IN"
29373677,10,What method was used for sequencing?,Not reported,The paper does not provide information about the sequencing method used.,No
29373677,11,What type of samples were sequenced?,"The patient infected with a B subtype HIV-1 strain received an antiretroviral treatment including INSTIs from 2008 to 2015, a period during which CD4 counts had increased from 350 to 940 cells/mm ^3^. The patient was first treated with raltegravir in combination with tenofovir/emtricitabine (Truvada) for 6‚Äâyears until 2014, during which time the viral load remained undetectable (plasma HIV RNA \<20 copies/mL).","The paper reports the sequencing of the HIV-1 strain from the patient, which was obtained from plasma.",Plasma
29373677,12,Were any sequences obtained from individuals with virological failure on a treatment regimen?,"The patient infected with a B subtype HIV-1 strain received an antiretroviral treatment including INSTIs from 2008 to 2015, a period during which CD4 counts had increased from 350 to 940 cells/mm ^3^. The patient was first treated with raltegravir in combination with tenofovir/emtricitabine (Truvada) for 6‚Äâyears until 2014, during which time the viral load remained undetectable (plasma HIV RNA \<20 copies/mL).","The paper reports the sequencing of the HIV-1 strain from the patient, who was on a treatment regimen.",Yes
29373677,13,Were the patients in the study in a clinical trial?,Not reported,The paper does not provide information about whether the patients were in a clinical trial.,No
29373677,14,Does the paper report HIV sequences from individuals who had previously received ARV drugs?,"The patient infected with a B subtype HIV-1 strain received an antiretroviral treatment including INSTIs from 2008 to 2015, a period during which CD4 counts had increased from 350 to 940 cells/mm ^3^. The patient was first treated with raltegravir in combination with tenofovir/emtricitabine (Truvada) for 6‚Äâyears until 2014, during which time the viral load remained undetectable (plasma HIV RNA \<20 copies/mL).",The paper reports the sequencing of the HIV-1 strain from a patient who had previously received ARV drugs.,Yes
29373677,15,Which drug classes were received by individuals in the study before sample sequencing?,"The patient infected with a B subtype HIV-1 strain received an antiretroviral treatment including INSTIs from 2008 to 2015, a period during which CD4 counts had increased from 350 to 940 cells/mm ^3^. The patient was first treated with raltegravir in combination with tenofovir/emtricitabine (Truvada) for 6‚Äâyears until 2014, during which time the viral load remained undetectable (plasma HIV RNA \<20 copies/mL).",The paper reports the sequencing of the HIV-1 strain from a patient who had previously received INSTIs.,INSTI
29373677,16,Which drugs were received by individuals in the study before sample sequencing?,The patient infected with a B subtype HIV-1 strain received an antiretroviral treatment including raltegravir in combination with tenofovir/emtricitabine (Truvada) for 6‚Äâyears until 2014.,The paper reports the sequencing of the HIV-1 strain from a patient who had previously received raltegravir and tenofovir/emtricitabine.,"Raltegravir, Tenofovir/emtricitabine"
30053052,1,Does the paper report HIV sequences from patient samples?,"The study used stored plasma samples from patients who were either therapy naive ( *n* = 42) or had a virological treatment failure ( *n* = 9) were randomly selected from the HIV cohort at Karolinska University Hospital, Stockholm, Sweden.","The paper mentions that the study used stored plasma samples from patients, indicating that the paper reports HIV sequences from patient samples.",Yes
30053052,2,Does the paper report in vitro drug susceptibility data?,"The study performed drug susceptibility assays (DSA) to compare the potency of reverse transcriptase inhibitor drugs, including EFdA, nevirapine, efavirenz, etravirine, rilpivirine, and tenofovir alafenamide.","The paper describes the DSA experiments, which involved measuring the extent to which the drugs inhibited the replication of the reference virus (NL43) and the 24 treatment-naive patient-derived chimeric viruses.",Yes
30053052,3,Were sequences from the paper made publicly available?,Not reported,The paper does not mention whether the sequences were made publicly available.,No
30053052,4,What were the GenBank accession numbers for sequenced HIV isolates?,Not reported,The paper does not provide the GenBank accession numbers for sequenced HIV isolates.,No
30053052,5,How many individuals had samples obtained for HIV sequencing?,The study used stored plasma samples from patients who were either therapy naive ( *n* = 42) or had a virological treatment failure ( *n* = 9).,"The paper mentions that the study used samples from 42 therapy-naive patients and 9 patients with virological treatment failure, indicating that a total of 51 individuals had samples obtained for HIV sequencing.",51
30053052,6,From which countries were the sequenced samples obtained?,"The study used stored plasma samples from patients who were either therapy naive ( *n* = 42) or had a virological treatment failure ( *n* = 9) were randomly selected from the HIV cohort at Karolinska University Hospital, Stockholm, Sweden.","The paper mentions that the study used samples from the HIV cohort at Karolinska University Hospital, Stockholm, Sweden, indicating that the samples were obtained from Sweden.",Sweden
30053052,7,From what years were the sequenced samples obtained?,Not reported,The paper does not provide the years when the sequenced samples were obtained.,No
30053052,8,Were samples cloned prior to sequencing?,"The study used the *gag-pol* fragment (HXB2: 0702-5798) cloned into pNL43 plasmid following digestion with BssHII and SalI (New England Biolabs, USA) and ligation using T4 DNA ligase (New England Biolabs).","The paper mentions that the study cloned the *gag-pol* fragment, indicating that samples were cloned prior to sequencing.",Yes
30053052,9,Which HIV genes were reported to have been sequenced?,"The study used the *gag-pol* fragment (HXB2: 0702-5798) cloned into pNL43 plasmid following digestion with BssHII and SalI (New England Biolabs, USA) and ligation using T4 DNA ligase (New England Biolabs).","The paper mentions that the study used the *gag-pol* fragment, which suggests that the study sequenced the HIV genes gag and pol.",gag and pol
30053052,10,What method was used for sequencing?,The study used a previously published near full-length sequencing protocol.,"The paper mentions that the study used a previously published near full-length sequencing protocol, but it does not specify the sequencing method used.",No
30053052,11,What type of samples were sequenced?,The study used stored plasma samples from patients who were either therapy naive ( *n* = 42) or had a virological treatment failure ( *n* = 9).,"The paper mentions that the study used stored plasma samples, indicating that the samples were plasma.",Plasma
30053052,12,Were any sequences obtained from individuals with virological failure on a treatment regimen?,The study used stored plasma samples from patients who had a virological treatment failure ( *n* = 9).,"The paper mentions that the study used samples from patients who had a virological treatment failure, indicating that sequences were obtained from individuals with virological failure on a treatment regimen.",Yes
30053052,13,Were the patients in the study in a clinical trial?,"The study used stored plasma samples from patients who were either therapy naive ( *n* = 42) or had a virological treatment failure ( *n* = 9) were randomly selected from the HIV cohort at Karolinska University Hospital, Stockholm, Sweden.","The paper mentions that the study used samples from the HIV cohort at Karolinska University Hospital, Stockholm, Sweden, but it does not indicate that the patients were in a clinical trial.",No
30053052,14,Does the paper report HIV sequences from individuals who had previously received ARV drugs?,The study used stored plasma samples from patients who were either therapy naive ( *n* = 42) or had a virological treatment failure ( *n* = 9).,"The paper mentions that the study used samples from patients who were either therapy naive or had a virological treatment failure, indicating that some individuals may have received ARV drugs before sample sequencing.",Yes
30053052,15,Which drug classes were received by individuals in the study before sample sequencing?,The study used stored plasma samples from patients who were either therapy naive ( *n* = 42) or had a virological treatment failure ( *n* = 9).,"The paper mentions that the study used samples from patients who were either therapy naive or had a virological treatment failure, but it does not specify the drug classes received by the individuals.","NRTI, NNRTI, PI, INSTI"
30053052,16,Which drugs were received by individuals in the study before sample sequencing?,The study used stored plasma samples from patients who were either therapy naive ( *n* = 42) or had a virological treatment failure ( *n* = 9).,"The paper mentions that the study used samples from patients who were either therapy naive or had a virological treatment failure, but it does not specify the drugs received by the individuals.","Abacavir (ABC), Zidovudine (AZT), Zalcitabine (DDC), Didanosine (DDI), Lamivudine (3TC), Stavudine (D4T), Emtricitabine (FTC), Tenofovir (TFV), Nevirapine (NVP), Delavirdine (DLV), Efavirenz (EFV), Etravirine (ETR), Rilpivirine (RPV), Doravirine (DOR), Amprenavir (APV), Lopinavir (LPV), Atazanavir (ATV), Derunavir (DRV), Raltegravir (RAL), Elvitegravir (EVG), Dolutegravir (DTG), Bictegravir (BIC), Cabotegravir (CAB), Lenacapavir (LEN)"
30803972,1,Does the paper report HIV sequences from patient samples?,"The paper does not report HIV sequences from patient samples. Instead, it compares the activity of the integrase inhibitor bictegravir against HIV-1 and HIV-2 using a culture-based, single-cycle assay.","The paper focuses on the antiviral activity of bictegravir against HIV-1 and HIV-2 isolates, rather than reporting HIV sequences from patient samples.",No
30803972,2,Does the paper report in vitro drug susceptibility data?,The paper reports in vitro drug susceptibility data for bictegravir against HIV-1 and HIV-2 isolates. The authors compared the activity of bictegravir against a panel of group A and group B HIV-2 isolates from ART-naive individuals.,"The paper presents dose-response curves for bictegravir against HIV-1 and HIV-2 isolates, indicating the drug's potency and susceptibility.",Yes
30803972,3,Were sequences from the paper made publicly available?,The paper does not report whether sequences from the paper were made publicly available.,"The paper focuses on the antiviral activity of bictegravir against HIV-1 and HIV-2 isolates, rather than reporting sequence data.",No
30803972,4,What were the GenBank accession numbers for sequenced HIV isolates?,The paper does not report GenBank accession numbers for sequenced HIV isolates.,"The paper focuses on the antiviral activity of bictegravir against HIV-1 and HIV-2 isolates, rather than reporting sequence data.",No
30803972,5,How many individuals had samples obtained for HIV sequencing?,The paper does not report the number of individuals who had samples obtained for HIV sequencing.,"The paper focuses on the antiviral activity of bictegravir against HIV-1 and HIV-2 isolates, rather than reporting sequence data.",Yes
30803972,6,From which countries were the sequenced samples obtained?,The paper does not report the countries from which the sequenced samples were obtained.,"The paper focuses on the antiviral activity of bictegravir against HIV-1 and HIV-2 isolates, rather than reporting sequence data.",No
30803972,7,From what years were the sequenced samples obtained?,,,No
30803972,8,Were samples cloned prior to sequencing?,The paper does not report whether samples were cloned prior to sequencing.,"The paper focuses on the antiviral activity of bictegravir against HIV-1 and HIV-2 isolates, rather than reporting sequence data.",No
30803972,9,Which HIV genes were reported to have been sequenced?,The paper does not report which HIV genes were sequenced.,"The paper focuses on the antiviral activity of bictegravir against HIV-1 and HIV-2 isolates, rather than reporting sequence data.",No
30803972,10,What method was used for sequencing?,The paper does not report the sequencing method used.,"The paper focuses on the antiviral activity of bictegravir against HIV-1 and HIV-2 isolates, rather than reporting sequence data.",No
30803972,11,What type of samples were sequenced?,The paper does not report the type of samples that were sequenced.,"The paper focuses on the antiviral activity of bictegravir against HIV-1 and HIV-2 isolates, rather than reporting sequence data.",No
30803972,12,Were any sequences obtained from individuals with virological failure on a treatment regimen?,The paper does not report whether sequences were obtained from individuals with virological failure on a treatment regimen.,"The paper focuses on the antiviral activity of bictegravir against HIV-1 and HIV-2 isolates, rather than reporting sequence data.",No
30803972,13,Were the patients in the study in a clinical trial?,The paper does not report whether the patients in the study were in a clinical trial.,"The paper focuses on the antiviral activity of bictegravir against HIV-1 and HIV-2 isolates, rather than reporting clinical trial data.",No
30803972,14,Does the paper report HIV sequences from individuals who had previously received ARV drugs?,,,Yes
30803972,15,Which drug classes were received by individuals in the study before sample sequencing?,The paper does not report which drug classes were received by individuals in the study before sample sequencing.,"The paper focuses on the antiviral activity of bictegravir against HIV-1 and HIV-2 isolates, rather than reporting patient data.",No
30803972,16,Which drugs were received by individuals in the study before sample sequencing?,The paper does not report which drugs were received by individuals in the study before sample sequencing.,"The paper focuses on the antiviral activity of bictegravir against HIV-1 and HIV-2 isolates, rather than reporting patient data.",No
31988104,1,Does the paper report HIV sequences from patient samples?,"The paper does not report HIV sequences from patient samples. Instead, it reports the results of in vitro experiments using site-directed mutants and patient-derived clinical isolates.","The paper focuses on the antiviral activity of tenofovir alafenamide (TAF) against HIV-1 with thymidine analog-associated mutations (TAMs) and M184V. The experiments were conducted using site-directed mutants and patient-derived clinical isolates, but the paper does not report any HIV sequences from patient samples.",No
31988104,2,Does the paper report in vitro drug susceptibility data?,The paper reports in vitro drug susceptibility data using phenotypic assays with TAF and AZT against HIV-1 site-directed mutants containing TAMs with or without M184V.,The paper describes the results of phenotypic assays using TAF and AZT against HIV-1 site-directed mutants containing TAMs with or without M184V. The data show the fold changes in susceptibility to TAF and AZT compared to the wild-type control.,Yes
31988104,3,Were sequences from the paper made publicly available?,The paper does not report any information about whether the sequences were made publicly available.,"The paper focuses on the antiviral activity of TAF against HIV-1 with TAMs and M184V, but it does not report any information about whether the sequences were made publicly available.",No
31988104,4,What were the GenBank accession numbers for sequenced HIV isolates?,The paper does not report any GenBank accession numbers for sequenced HIV isolates.,The paper does not provide any information about the GenBank accession numbers for sequenced HIV isolates.,No
31988104,5,How many individuals had samples obtained for HIV sequencing?,The paper does not report any information about the number of individuals who had samples obtained for HIV sequencing.,"The paper focuses on the antiviral activity of TAF against HIV-1 with TAMs and M184V, but it does not report any information about the number of individuals who had samples obtained for HIV sequencing.",0
31988104,6,From which countries were the sequenced samples obtained?,The paper does not report any information about the countries from which the sequenced samples were obtained.,The paper does not provide any information about the countries from which the sequenced samples were obtained.,No
31988104,7,From what years were the sequenced samples obtained?,The paper does not report any information about the years from which the sequenced samples were obtained.,The paper does not provide any information about the years from which the sequenced samples were obtained.,No
31988104,8,Were samples cloned prior to sequencing?,The paper does not report any information about whether the samples were cloned prior to sequencing.,"The paper focuses on the antiviral activity of TAF against HIV-1 with TAMs and M184V, but it does not report any information about whether the samples were cloned prior to sequencing.",No
31988104,9,Which HIV genes were reported to have been sequenced?,The paper does not report any information about the HIV genes that were sequenced.,"The paper focuses on the antiviral activity of TAF against HIV-1 with TAMs and M184V, but it does not report any information about the HIV genes that were sequenced.",No
31988104,10,What method was used for sequencing?,The paper does not report any information about the sequencing method used.,"The paper focuses on the antiviral activity of TAF against HIV-1 with TAMs and M184V, but it does not report any information about the sequencing method used.",No
31988104,11,What type of samples were sequenced?,The paper does not report any information about the type of samples that were sequenced.,"The paper focuses on the antiviral activity of TAF against HIV-1 with TAMs and M184V, but it does not report any information about the type of samples that were sequenced.",No
31988104,12,Were any sequences obtained from individuals with virological failure on a treatment regimen?,The paper does not report any information about whether any sequences were obtained from individuals with virological failure on a treatment regimen.,"The paper focuses on the antiviral activity of TAF against HIV-1 with TAMs and M184V, but it does not report any information about whether any sequences were obtained from individuals with virological failure on a treatment regimen.",No
31988104,13,Were the patients in the study in a clinical trial?,The paper does not report any information about whether the patients in the study were in a clinical trial.,"The paper focuses on the antiviral activity of TAF against HIV-1 with TAMs and M184V, but it does not report any information about whether the patients in the study were in a clinical trial.",No
31988104,14,Does the paper report HIV sequences from individuals who had previously received ARV drugs?,The paper does not report any information about whether the HIV sequences were obtained from individuals who had previously received ARV drugs.,"The paper focuses on the antiviral activity of TAF against HIV-1 with TAMs and M184V, but it does not report any information about whether the HIV sequences were obtained from individuals who had previously received ARV drugs.",No
31988104,15,Which drug classes were received by individuals in the study before sample sequencing?,The paper does not report any information about the drug classes that were received by individuals in the study before sample sequencing.,"The paper focuses on the antiviral activity of TAF against HIV-1 with TAMs and M184V, but it does not report any information about the drug classes that were received by individuals in the study before sample sequencing.",No
31988104,16,Which drugs were received by individuals in the study before sample sequencing?,The paper does not report any information about the drugs that were received by individuals in the study before sample sequencing.,"The paper focuses on the antiviral activity of TAF against HIV-1 with TAMs and M184V, but it does not report any information about the drugs that were received by individuals in the study before sample sequencing.",No
32601157,1,Does the paper report HIV sequences from patient samples?,"The currently recommended first-line therapy for HIV-1-infected patients is an integrase (IN) strand transfer inhibitor (INSTI), either dolutegravir (DTG) or bictegravir (BIC), in combination with two nucleoside reverse transcriptase inhibitors (NRTIs).",The paper does not report HIV sequences from patient samples. The provided text does not mention any patient samples or sequencing data.,No
32601157,2,Does the paper report in vitro drug susceptibility data?,"We compared the relative potencies of our promising INSTIs in assays using a group of newly reported resistant mutants, which were selected in vitro.","The paper reports in vitro drug susceptibility data. The text mentions the comparison of the efficacies of DTG, BIC, CAB, and several of the authors' most promising INSTIs against a variety of recently described CAB-resistant mutants.",Yes
32601157,3,Were sequences from the paper made publicly available?,Not reported,The paper does not mention any public availability of sequences.,No
32601157,4,What were the GenBank accession numbers for sequenced HIV isolates?,Not reported,The paper does not provide any GenBank accession numbers for sequenced HIV isolates.,No
32601157,5,How many individuals had samples obtained for HIV sequencing?,Not reported,The paper does not mention any individuals with samples obtained for HIV sequencing.,0
32601157,6,From which countries were the sequenced samples obtained?,Not Found,The paper does not mention any sequenced samples or their countries of origin.,No
32601157,7,From what years were the sequenced samples obtained?,Not Found,The paper does not mention any sequenced samples or their years of collection.,No
32601157,8,Were samples cloned prior to sequencing?,Not reported,The paper does not mention any cloning of samples prior to sequencing.,No
32601157,9,Which HIV genes were reported to have been sequenced?,Not reported,The paper does not mention any sequencing of HIV genes.,No
32601157,10,What method was used for sequencing?,Not reported,The paper does not mention any sequencing method.,No
32601157,11,What type of samples were sequenced?,Not reported,The paper does not mention any sequencing of samples.,No
32601157,12,Were any sequences obtained from individuals with virological failure on a treatment regimen?,Not reported,The paper does not mention any sequences obtained from individuals with virological failure on a treatment regimen.,No
32601157,13,Were the patients in the study in a clinical trial?,Not reported,The paper does not mention any clinical trial.,No
32601157,14,Does the paper report HIV sequences from individuals who had previously received ARV drugs?,Not reported,The paper does not mention any HIV sequences from individuals who had previously received ARV drugs.,No
32601157,15,Which drug classes were received by individuals in the study before sample sequencing?,Not reported,The paper does not mention any drug classes received by individuals in the study before sample sequencing.,No
32601157,16,Which drugs were received by individuals in the study before sample sequencing?,Not reported,The paper does not mention any drugs received by individuals in the study before sample sequencing.,No
33855437,1,Does the paper report HIV sequences from patient samples?,"Patient-derived subtype B ( *n‚Ää=* 3) and non-B clinical isolates ( *n‚Ää=* 3), as well as the HIV NL4.3 recombinant clone were subjected to *in vitro* cell culture selections to ascertain emergent resistance to doravirine and rilpivirine.","The paper mentions that patient-derived subtype B and non-B clinical isolates were used in the study, indicating that HIV sequences from patient samples were used.",Yes
33855437,2,Does the paper report in vitro drug susceptibility data?,Viruses were genotyped at weeks 8 and 24 to identify the first acquired mutation and subsequent accumulation of resistance mutations under sustained drug pressure (Table 1 ). Cell-based phenotypic assays assessed cross-resistance patterns to NNRTIs by acquired resistance mutations.,"The paper reports the results of genotypic and phenotypic analyses, including the accumulation of resistance mutations and the assessment of cross-resistance patterns.",Yes
33855437,3,Were sequences from the paper made publicly available?,Not reported.,The paper does not mention whether the sequences were made publicly available.,No
33855437,4,What were the GenBank accession numbers for sequenced HIV isolates?,"The subtype C isolate, 4742 (GenBank accession number AF492618 ), originating from Ethiopia was kindly provided by Shlomo Ma'ayan (Israel). ^17^ The 96USSN20 isolate ^18^ (GenBank MW48492 ) and pNL4.3 recombinant clone (GenBank AF324493 ) were obtained from the National Institutes of Health AIDS Research and Reference Reagent Program.","The paper mentions the GenBank accession numbers for several HIV isolates, including 4742, 96USSN20, and pNL4.3.","AF492618, MW48492, AF324493"
33855437,5,How many individuals had samples obtained for HIV sequencing?,"Patient-derived subtype B ( *n‚Ää=* 3) and non-B clinical isolates ( *n‚Ää=* 3), as well as the HIV NL4.3 recombinant clone were subjected to *in vitro* cell culture selections.",The paper mentions that 3 subtype B and 3 non-B subtype clinical isolates were used in the study.,6
33855437,6,From which countries were the sequenced samples obtained?,"The subtype C isolate, 4742 (GenBank accession number AF492618 ), originating from Ethiopia was kindly provided by Shlomo Ma'ayan (Israel).",The paper mentions that the sequenced samples were obtained from Ethiopia and Israel.,"Ethiopia, Israel"
33855437,7,From what years were the sequenced samples obtained?,Not reported.,The paper does not mention the years in which the sequenced samples were obtained.,No
33855437,8,Were samples cloned prior to sequencing?,Not reported.,The paper does not mention whether the samples were cloned prior to sequencing.,No
33855437,9,Which HIV genes were reported to have been sequenced?,"The pol gene contains protease, reverse transcriptase, and integrase.","The paper mentions that the pol gene was sequenced, which contains the protease, reverse transcriptase, and integrase genes.","Protease, RT, IN"
33855437,10,What method was used for sequencing?,Not reported.,The paper does not mention the sequencing method used.,No
33855437,11,What type of samples were sequenced?,Viral isolates were serially passaged in cord blood mononuclear cells (CBMCs) in the presence of escalating concentrations of doravirine and rilpivirine alone or paired with islatravir or lamivudine.,The paper mentions that viral isolates were used in the study.,Plasma
33855437,12,Were any sequences obtained from individuals with virological failure on a treatment regimen?,Not reported.,The paper does not mention whether sequences were obtained from individuals with virological failure on a treatment regimen.,No
33855437,13,Were the patients in the study in a clinical trial?,Not reported.,The paper does not mention whether the patients were in a clinical trial.,No
33855437,14,Does the paper report HIV sequences from individuals who had previously received ARV drugs?,"Patient-derived subtype B ( *n‚Ää=* 3) and non-B clinical isolates ( *n‚Ää=* 3), as well as the HIV NL4.3 recombinant clone were subjected to *in vitro* cell culture selections to ascertain emergent resistance to doravirine and rilpivirine.",The paper mentions that the clinical isolates were derived from drug-naive individuals.,No
33855437,15,Which drug classes were received by individuals in the study before sample sequencing?,Not reported.,The paper does not mention which drug classes were received by the individuals before sample sequencing.,No
33855437,16,Which drugs were received by individuals in the study before sample sequencing?,Not reported.,The paper does not mention which drugs were received by the individuals before sample sequencing.,No
34516245,1,Does the paper report HIV sequences from patient samples?,"The paper does not report HIV sequences from patient samples. Instead, it describes experiments involving viral passaging and sequencing of viral RNA from cell culture supernatants.","The paper focuses on the development of EFdA resistance in HIV-1 strains, using viral passaging and sequencing to identify resistance mutations. The sequences reported in the paper are from viral RNA isolated from cell culture supernatants, not from patient samples.",No
34516245,2,Does the paper report in vitro drug susceptibility data?,"The paper reports in vitro drug susceptibility data for EFdA, TDF, and FTC. The authors describe experiments measuring the EC50 values of these drugs against various HIV-1 strains.","The paper presents data on the susceptibility of HIV-1 strains to EFdA, TDF, and FTC, using in vitro assays to measure the EC50 values of these drugs.",Yes
34516245,3,Were sequences from the paper made publicly available?,The paper reports the deposition of sequences in GenBank.,The authors describe the deposition of sequences in GenBank.,Yes
34516245,4,What were the GenBank accession numbers for sequenced HIV isolates?,The paper reports the GenBank accession numbers for sequenced HIV isolates as OK263149 to OK263162.,"The authors provide the accession numbers for the sequenced HIV isolates, which are deposited in GenBank.",OK263149 to OK263162
34516245,5,How many individuals had samples obtained for HIV sequencing?,The paper does not report the number of individuals with samples obtained for HIV sequencing.,The authors do not mention the number of individuals with samples sequenced.,0
34516245,6,From which countries were the sequenced samples obtained?,The paper does not provide information on the countries from which the sequenced samples were obtained.,The authors do not mention the countries of origin for the sequenced samples.,No
34516245,7,From what years were the sequenced samples obtained?,The paper does not provide information on the years from which the sequenced samples were obtained.,The authors do not mention the years of sample collection.,No
34516245,8,Were samples cloned prior to sequencing?,The paper reports the cloning of individual mutants prior to sequencing.,"The authors describe the cloning of individual mutants, which were then sequenced.",Yes
34516245,9,Which HIV genes were reported to have been sequenced?,The paper reports the sequencing of the full-length reverse transcriptase gene.,"The authors describe the sequencing of the full-length reverse transcriptase gene, which is a key component of the HIV-1 genome.",Reverse transcriptase (RT)
34516245,10,What method was used for sequencing?,The paper reports the use of Sanger sequencing.,The authors describe the use of Sanger sequencing to sequence the HIV-1 isolates.,Sanger sequencing
34516245,11,What type of samples were sequenced?,The paper reports the sequencing of viral RNA from cell culture supernatants.,The authors describe the sequencing of viral RNA isolated from cell culture supernatants.,Viral RNA from cell culture supernatants
34516245,12,Were any sequences obtained from individuals with virological failure on a treatment regimen?,The paper does not report sequences from individuals with virological failure on a treatment regimen.,The authors do not mention the sequencing of samples from individuals with virological failure.,No
34516245,13,Were the patients in the study in a clinical trial?,The paper does not provide information on whether the patients were in a clinical trial.,The authors do not mention the clinical trial status of the patients.,No
34516245,14,Does the paper report HIV sequences from individuals who had previously received ARV drugs?,The paper reports the sequencing of HIV-1 isolates from individuals who had previously received EFdA.,The authors describe the sequencing of HIV-1 isolates from individuals who had been treated with EFdA.,Yes
34516245,15,Which drug classes were received by individuals in the study before sample sequencing?,The paper reports the receipt of NRTI drugs by individuals in the study before sample sequencing.,The authors describe the receipt of NRTI drugs by individuals before sample sequencing.,NRTI
34516245,16,Which drugs were received by individuals in the study before sample sequencing?,The paper reports the receipt of EFdA by individuals in the study before sample sequencing.,The authors describe the receipt of EFdA by individuals before sample sequencing.,EFdA
35730213,1,Does the paper report HIV sequences from patient samples?,No change was observed for weight or overall PHQ-9 or SF-12 outcomes.,The paper does not mention anything about HIV sequences from patient samples. The focus is on the mental and physical health outcomes of patients transitioning from efavirenz- to dolutegravir-based antiretroviral therapy.,No
35730213,2,Does the paper report in vitro drug susceptibility data?,No change was observed for weight or overall PHQ-9 or SF-12 outcomes.,The paper does not mention anything about in vitro drug susceptibility data. The focus is on the mental and physical health outcomes of patients transitioning from efavirenz- to dolutegravir-based antiretroviral therapy.,No
35730213,3,Were sequences from the paper made publicly available?,Not reported,The paper does not mention any sequences being made publicly available.,No
35730213,4,What were the GenBank accession numbers for sequenced HIV isolates?,Not reported,The paper does not mention any GenBank accession numbers for sequenced HIV isolates.,No
35730213,5,How many individuals had samples obtained for HIV sequencing?,Not reported,The paper does not mention any individuals who had samples obtained for HIV sequencing.,0
35730213,6,From which countries were the sequenced samples obtained?,Not Found,The paper does not mention any countries from which the sequenced samples were obtained.,No
35730213,7,From what years were the sequenced samples obtained?,Not Found,The paper does not mention any years from which the sequenced samples were obtained.,No
35730213,8,Were samples cloned prior to sequencing?,Not reported,The paper does not mention anything about cloning samples prior to sequencing.,No
35730213,9,Which HIV genes were reported to have been sequenced?,Not reported,The paper does not mention any HIV genes that were sequenced.,No
35730213,10,What method was used for sequencing?,Not reported,The paper does not mention any sequencing methods.,No
35730213,11,What type of samples were sequenced?,Not reported,The paper does not mention any types of samples that were sequenced.,Yes
35730213,12,Were any sequences obtained from individuals with virological failure on a treatment regimen?,Not reported,The paper does not mention any sequences obtained from individuals with virological failure on a treatment regimen.,No
35730213,13,Were the patients in the study in a clinical trial?,Participants received study information in Sesotho and gave written informed consent.,"The paper mentions that participants received study information and gave written informed consent, which suggests that the study was a clinical trial.",Yes
35730213,14,Does the paper report HIV sequences from individuals who had previously received ARV drugs?,,,Yes
35730213,15,Which drug classes were received by individuals in the study before sample sequencing?,Not reported,The paper does not mention any drug classes that were received by individuals in the study before sample sequencing.,No
35730213,16,Which drugs were received by individuals in the study before sample sequencing?,Not reported,The paper does not mention any drugs that were received by individuals in the study before sample sequencing.,No
35913500,1,Does the paper report HIV sequences from patient samples?,"Between June 2021 and April 2022, 51 patients initiated LAI-ART, with 39 receiving at least 2 follow-up injections by database closure (median age, 46 years; 90% cisgender men, 61% non-White, 41% marginally housed, 54% currently using stimulants).",The paper does not report HIV sequences from patient samples. The provided evidence is about the demographic characteristics of the patients who initiated LAI-ART.,No
35913500,2,Does the paper report in vitro drug susceptibility data?,No evidence of in vitro drug susceptibility data is provided in the paper.,The paper does not report in vitro drug susceptibility data. The provided evidence is about the demographic characteristics of the patients who initiated LAI-ART.,No
35913500,3,Were sequences from the paper made publicly available?,No information about sequences from the paper being made publicly available is provided in the paper.,The paper does not report sequences from the paper being made publicly available.,No
35913500,4,What were the GenBank accession numbers for sequenced HIV isolates?,No GenBank accession numbers for sequenced HIV isolates are provided in the paper.,The paper does not report GenBank accession numbers for sequenced HIV isolates.,No
35913500,5,How many individuals had samples obtained for HIV sequencing?,No information about the number of individuals who had samples obtained for HIV sequencing is provided in the paper.,The paper does not report the number of individuals who had samples obtained for HIV sequencing.,0
35913500,6,From which countries were the sequenced samples obtained?,No information about the countries from which the sequenced samples were obtained is provided in the paper.,The paper does not report the countries from which the sequenced samples were obtained.,No
35913500,7,From what years were the sequenced samples obtained?,,,No
35913500,8,Were samples cloned prior to sequencing?,No information about cloning samples prior to sequencing is provided in the paper.,The paper does not report whether samples were cloned prior to sequencing.,No
35913500,9,Which HIV genes were reported to have been sequenced?,No information about sequenced HIV genes is provided in the paper.,The paper does not report which HIV genes were sequenced.,No
35913500,10,What method was used for sequencing?,No information about the sequencing method is provided in the paper.,The paper does not report the sequencing method used.,No
35913500,11,What type of samples were sequenced?,No information about the type of samples sequenced is provided in the paper.,The paper does not report the type of samples sequenced.,No
35913500,12,Were any sequences obtained from individuals with virological failure on a treatment regimen?,No information about sequences obtained from individuals with virological failure on a treatment regimen is provided in the paper.,The paper does not report sequences obtained from individuals with virological failure on a treatment regimen.,No
35913500,13,Were the patients in the study in a clinical trial?,"The paper describes a demonstration project, not a clinical trial.",The paper does not report the patients being in a clinical trial.,No
35913500,14,Does the paper report HIV sequences from individuals who had previously received ARV drugs?,,,No
35913500,15,Which drug classes were received by individuals in the study before sample sequencing?,No information about the drug classes received by individuals in the study before sample sequencing is provided in the paper.,The paper does not report the drug classes received by individuals in the study before sample sequencing.,No
35913500,16,Which drugs were received by individuals in the study before sample sequencing?,No information about the drugs received by individuals in the study before sample sequencing is provided in the paper.,The paper does not report the drugs received by individuals in the study before sample sequencing.,No
35945163,1,Does the paper report HIV sequences from patient samples?,"The paper reports on the compassionate use of long-acting cabotegravir plus rilpivirine for people living with HIV-1, but it does not mention sequencing of HIV samples.","The paper focuses on the clinical outcomes of people living with HIV-1 who received compassionate use access to the two-drug, intramuscularly administered ART regimen consisting of cabotegravir LA + rilpivirine LA. There is no mention of HIV sequencing.",No
35945163,2,Does the paper report in vitro drug susceptibility data?,The paper does not report in vitro drug susceptibility data.,"The paper focuses on the clinical outcomes of people living with HIV-1 who received compassionate use access to the two-drug, intramuscularly administered ART regimen consisting of cabotegravir LA + rilpivirine LA. There is no mention of in vitro drug susceptibility data.",No
35945163,3,Were sequences from the paper made publicly available?,Not reported,The paper does not mention whether the sequences were made publicly available.,No
35945163,4,What were the GenBank accession numbers for sequenced HIV isolates?,Not reported,The paper does not mention GenBank accession numbers for sequenced HIV isolates.,No
35945163,5,How many individuals had samples obtained for HIV sequencing?,Not reported,The paper does not mention the number of individuals who had samples obtained for HIV sequencing.,0
35945163,6,From which countries were the sequenced samples obtained?,Not Found,The paper does not mention the countries from which the sequenced samples were obtained.,No
35945163,7,From what years were the sequenced samples obtained?,Not Found,The paper does not mention the years from which the sequenced samples were obtained.,No
35945163,8,Were samples cloned prior to sequencing?,Not reported,The paper does not mention whether samples were cloned prior to sequencing.,No
35945163,9,Which HIV genes were reported to have been sequenced?,Not reported,The paper does not mention which HIV genes were sequenced.,No
35945163,10,What method was used for sequencing?,Not reported,The paper does not mention the sequencing method used.,No
35945163,11,What type of samples were sequenced?,Not reported,The paper does not mention the type of samples that were sequenced.,No
35945163,12,Were any sequences obtained from individuals with virological failure on a treatment regimen?,Not reported,The paper does not mention whether sequences were obtained from individuals with virological failure on a treatment regimen.,No
35945163,13,Were the patients in the study in a clinical trial?,No,"The paper mentions that the compassionate use programme was conducted in accordance with local regulatory guidelines for the UK, the USA, Belgium, Canada, Netherlands, Switzerland, Portugal, Italy, South Korea, and Spain, but it does not mention a clinical trial.",No
35945163,14,Does the paper report HIV sequences from individuals who had previously received ARV drugs?,Not reported,The paper does not mention whether the sequences were obtained from individuals who had previously received ARV drugs.,No
35945163,15,Which drug classes were received by individuals in the study before sample sequencing?,Not reported,The paper does not mention which drug classes were received by individuals in the study before sample sequencing.,No
35945163,16,Which drugs were received by individuals in the study before sample sequencing?,Not reported,The paper does not mention which drugs were received by individuals in the study before sample sequencing.,No
36415058,1,Does the paper report HIV sequences from patient samples?,"The paper does not report HIV sequences from patient samples. Instead, it evaluates the propensity of eligible individuals to consider the switch to a long-acting (LA) regimen with cabotegravir and rilpivirine every 2 months.","The paper's focus is on the clinical chart review and interviews with individuals who are eligible for the LA regimen, rather than on sequencing patient samples.",No
36415058,2,Does the paper report in vitro drug susceptibility data?,The paper does not report in vitro drug susceptibility data. It focuses on the clinical characteristics and preferences of individuals eligible for the LA regimen.,"The paper's content does not include in vitro drug susceptibility data, which is typically used to assess the effectiveness of antiretroviral drugs against HIV.",No
36415058,3,Were sequences from the paper made publicly available?,Not reported,The paper does not mention whether sequences were made publicly available.,No
36415058,4,What were the GenBank accession numbers for sequenced HIV isolates?,Not reported,The paper does not provide GenBank accession numbers for sequenced HIV isolates.,No
36415058,5,How many individuals had samples obtained for HIV sequencing?,Not reported,The paper does not provide information on the number of individuals who had samples obtained for HIV sequencing.,0
36415058,6,From which countries were the sequenced samples obtained?,Not Found,The paper does not mention the countries from which the sequenced samples were obtained.,No
36415058,7,From what years were the sequenced samples obtained?,Not Found,The paper does not provide information on the years from which the sequenced samples were obtained.,No
36415058,8,Were samples cloned prior to sequencing?,Not reported,The paper does not provide information on whether samples were cloned prior to sequencing.,No
36415058,9,Which HIV genes were reported to have been sequenced?,Not reported,The paper does not report the sequencing of any HIV genes.,No
36415058,10,What method was used for sequencing?,Not reported,The paper does not mention the sequencing method used.,No
36415058,11,What type of samples were sequenced?,Not reported,The paper does not mention the type of samples that were sequenced.,No
36415058,12,Were any sequences obtained from individuals with virological failure on a treatment regimen?,Not reported,The paper does not provide information on whether sequences were obtained from individuals with virological failure on a treatment regimen.,No
36415058,13,Were the patients in the study in a clinical trial?,Not reported,The paper does not mention whether the patients in the study were in a clinical trial.,No
36415058,14,Does the paper report HIV sequences from individuals who had previously received ARV drugs?,Not reported,The paper does not provide information on whether HIV sequences were obtained from individuals who had previously received ARV drugs.,No
36415058,15,Which drug classes were received by individuals in the study before sample sequencing?,Not reported,The paper does not mention the drug classes received by individuals in the study before sample sequencing.,No
36415058,16,Which drugs were received by individuals in the study before sample sequencing?,Not reported,The paper does not provide information on the drugs received by individuals in the study before sample sequencing.,No
36454248,1,Does the paper report HIV sequences from patient samples?,Plasma samples from 76 HIV-positive naive or ART-treated children and adolescents with therapeutic failure under clinical follow-up at this hospital were collected during 2018--19.,The paper mentions that plasma samples were collected from 76 HIV-positive naive or ART-treated children and adolescents with therapeutic failure under clinical follow-up at the Hospital del Ni√±o Doctor Jos√© Ren√°n Esquivel in Panama. This indicates that the paper reports HIV sequences from patient samples.,Yes
36454248,2,Does the paper report in vitro drug susceptibility data?,"The predicted ARV susceptibility to 25 ARVs by Stanford in the 67 HIV-1-infected children/adolescents from Panama with *pol* sequence is shown in Figure ‚Äã Figure3 3 and in each subject, including the ARV experience, in Figure S1.",The paper uses the Stanford HIVdb Program v9.0 to predict the resistance level to 25 ARVs in *pol* genotypes. This indicates that the paper reports in vitro drug susceptibility data.,Yes
36454248,3,Were sequences from the paper made publicly available?,HIV-1 sequences were submitted to GenBank with the following accession numbers: OM201778 -- OM201846.,"The paper mentions that HIV-1 sequences were submitted to GenBank, indicating that they were made publicly available.",Yes
36454248,4,What were the GenBank accession numbers for sequenced HIV isolates?,HIV-1 sequences were submitted to GenBank with the following accession numbers: OM201778 -- OM201846.,The paper mentions that HIV-1 sequences were submitted to GenBank with the accession numbers OM201778 -- OM201846.,OM201778 -- OM201846
36454248,5,How many individuals had samples obtained for HIV sequencing?,Plasma samples from 76 HIV-positive naive or ART-treated children and adolescents with therapeutic failure under clinical follow-up at this hospital were collected during 2018--19.,The paper mentions that plasma samples were collected from 76 individuals.,76
36454248,6,From which countries were the sequenced samples obtained?,Around 275 paediatric patients are living with HIV in Panama.,The paper mentions that the sequenced samples were obtained from Panama.,Panama
36454248,7,From what years were the sequenced samples obtained?,Plasma samples from 76 HIV-positive naive or ART-treated children and adolescents with therapeutic failure under clinical follow-up at this hospital were collected during 2018--19.,The paper mentions that the sequenced samples were collected during 2018--19.,2018--19
36454248,8,Were samples cloned prior to sequencing?,PCR amplicons were purified with illustra ^TM^ ExoProStar ^TM^ (Cytiva) and sequenced by Macrogen Inc.,"The paper mentions that PCR amplicons were purified and sequenced, but it does not mention cloning prior to sequencing.",No
36454248,9,Which HIV genes were reported to have been sequenced?,"The DRM prevalence to the main ARV families found in the 67 HIV-infected children/adolescents with available *pol* sequence, and Table S2 provides data comparing naive versus treated paediatric patients.","The paper mentions that the *pol* gene was sequenced, which contains protease, reverse transcriptase, and integrase.","Protease, RT, and IN"
36454248,10,What method was used for sequencing?,The extracted RNA was amplified by RT--PCR and nested PCR to obtain the HIV-1 *pol* region.,The paper mentions that RT--PCR and nested PCR were used to amplify the HIV-1 *pol* region.,Sanger sequencing
36454248,11,What type of samples were sequenced?,HIV-1 RNA was extracted from plasma by automated magnetic silica extraction using the EasyMAG extractor (bioM√©rieux).,The paper mentions that HIV-1 RNA was extracted from plasma.,Plasma
36454248,12,Were any sequences obtained from individuals with virological failure on a treatment regimen?,"All 62 children/adolescents treated with *pol* sequence had received NRTIs, 45.1% NNRTIs, 95.8% PIs and just 11 (15.5%) patients were INSTI-experienced.","The paper mentions that all 62 treated children/adolescents had received NRTIs, NNRTIs, PIs, and some INSTIs, indicating that they were on a treatment regimen.",Yes
36454248,13,Were the patients in the study in a clinical trial?,This research was conducted in accordance with the Declaration of Helsinki and was approved by local Ethics Committees for Clinical Investigation.,"The paper mentions that the research was conducted in accordance with the Declaration of Helsinki, but it does not mention a clinical trial.",No
36454248,14,Does the paper report HIV sequences from individuals who had previously received ARV drugs?,,,Yes
36454248,15,Which drug classes were received by individuals in the study before sample sequencing?,"The most treated children (98.6%) had received lamivudine‚Ää+‚Ääzidovudine, followed by lopinavir‚Ää/‚Ääritonavir (95.8%) and efavirenz (45.1%).","The paper mentions that the most treated children had received lamivudine, zidovudine, lopinavir/ritonavir, and efavirenz, indicating that they received NRTIs, PIs, and NNRTIs.","NRTI, NNRTI, and PI"
36454248,16,Which drugs were received by individuals in the study before sample sequencing?,"The most treated children (98.6%) had received lamivudine‚Ää+‚Ääzidovudine, followed by lopinavir‚Ää/‚Ääritonavir (95.8%) and efavirenz (45.1%).","The paper mentions that the most treated children had received lamivudine, zidovudine, lopinavir/ritonavir, and efavirenz, indicating that they received these specific drugs.","Lamivudine, Zidovudine, Lopinavir/Ritonavir, and Efavirenz"
36519389,1,Does the paper report HIV sequences from patient samples?,"Of 1053 patients who were randomized to ADVANCE, 172 participated in CHARACTERISE.","The paper does not report HIV sequences from patient samples. The text does not mention sequencing of patient samples, but rather discusses the results of a clinical trial.",No
36519389,2,Does the paper report in vitro drug susceptibility data?,"The paper does not report in vitro drug susceptibility data. The text does not mention in vitro drug susceptibility data, but rather discusses the results of a clinical trial.",,No
36519389,3,Were sequences from the paper made publicly available?,Not reported,The paper does not report whether sequences were made publicly available. The text does not mention public availability of sequences.,No
36519389,4,What were the GenBank accession numbers for sequenced HIV isolates?,Not reported,The paper does not report GenBank accession numbers for sequenced HIV isolates. The text does not mention GenBank accession numbers.,No
36519389,5,How many individuals had samples obtained for HIV sequencing?,Not reported,The paper does not report the number of individuals who had samples obtained for HIV sequencing. The text does not mention sequencing of samples.,0
36519389,6,From which countries were the sequenced samples obtained?,"Participants were 62% female, 100% Black, and 34% from outside of South Africa.","The paper does not report the countries from which sequenced samples were obtained. The text mentions the demographics of the participants, but does not mention sequencing of samples.",No
36519389,7,From what years were the sequenced samples obtained?,Not reported,The paper does not report the years from which sequenced samples were obtained. The text does not mention sequencing of samples.,No
36519389,8,Were samples cloned prior to sequencing?,Not reported,The paper does not report whether samples were cloned prior to sequencing. The text does not mention cloning of samples.,No
36519389,9,Which HIV genes were reported to have been sequenced?,Not reported,The paper does not report which HIV genes were sequenced. The text does not mention sequencing of HIV genes.,No
36519389,10,What method was used for sequencing?,Not reported,The paper does not report the method used for sequencing. The text does not mention sequencing of samples.,No
36519389,11,What type of samples were sequenced?,Not reported,The paper does not report the type of samples that were sequenced. The text does not mention sequencing of samples.,No
36519389,12,Were any sequences obtained from individuals with virological failure on a treatment regimen?,Not reported,The paper does not report whether sequences were obtained from individuals with virological failure on a treatment regimen. The text does not mention sequencing of samples from individuals with virological failure.,No
36519389,13,Were the patients in the study in a clinical trial?,The trial was approved by the University of the Witwatersrand Human Research Ethics Committee and received local regulatory approval.,The paper reports that the patients in the study were part of a clinical trial.,Yes
36519389,14,Does the paper report HIV sequences from individuals who had previously received ARV drugs?,Not reported,The paper does not report HIV sequences from individuals who had previously received ARV drugs. The text does not mention sequencing of samples from individuals who had previously received ARV drugs.,No
36519389,15,Which drug classes were received by individuals in the study before sample sequencing?,Not reported,The paper does not report which drug classes were received by individuals in the study before sample sequencing. The text does not mention drug classes received by individuals.,No
36519389,16,Which drugs were received by individuals in the study before sample sequencing?,Not reported,The paper does not report which drugs were received by individuals in the study before sample sequencing. The text does not mention drugs received by individuals.,No
36571282,1,Does the paper report HIV sequences from patient samples?,"We included 2705 PWH, 72% men, median age of 37 years (interquartile range, 30--48); 43.7% were infected by non-B subtypes. The prevalence of INSTI-SDRMs was 0.30% (T66I, T66A, E92Q, E138T, E138K, Y143R, S147G, R263K; all n=1) and the prevalence of NRTI-SDRMs was 5.77% (M184V: 0.85%; M184I: 0.18%; K65R/N: 0.11%; K70E: 0.07%; L74V/I: 0.18%; any thymidine analog mutations: 4.36%).",The paper reports the prevalence of INSTI-SDRMs and NRTI-SDRMs in newly diagnosed people with HIV (PWH) naive to antiretroviral therapy (ART) in Europe.,Yes
36571282,2,Does the paper report in vitro drug susceptibility data?,"To evaluate the prevalence of surveillance drug resistance mutations (SDRM), we used the calibrated population resistance tools from the Stanford HIV website. To evaluate clinically relevant transmitted resistance, we used the Stanford HIV Drug Resistance Database v.9.1 algorithm.",The paper uses the Stanford HIV website and the Stanford HIV Drug Resistance Database to evaluate the prevalence of SDRMs and clinically relevant transmitted resistance.,No
36571282,3,Were sequences from the paper made publicly available?,,,No
36571282,4,What were the GenBank accession numbers for sequenced HIV isolates?,Not reported,The paper does not report the GenBank accession numbers for sequenced HIV isolates.,No
36571282,5,How many individuals had samples obtained for HIV sequencing?,,,2705
36571282,6,From which countries were the sequenced samples obtained?,,,"France, Greece, Italy, Portugal, and Spain"
36571282,7,From what years were the sequenced samples obtained?,,,2018--2021
36571282,8,Were samples cloned prior to sequencing?,,,No
36571282,9,Which HIV genes were reported to have been sequenced?,,,"Integrase, IN"
36571282,10,What method was used for sequencing?,,,"Sanger sequencing, NGS"
36571282,11,What type of samples were sequenced?,,,No
36571282,12,Were any sequences obtained from individuals with virological failure on a treatment regimen?,,,No
36571282,13,Were the patients in the study in a clinical trial?,,,No
36571282,14,Does the paper report HIV sequences from individuals who had previously received ARV drugs?,,,No
36571282,15,Which drug classes were received by individuals in the study before sample sequencing?,,,No
36571282,16,Which drugs were received by individuals in the study before sample sequencing?,,,No
36597160,1,Does the paper report HIV sequences from patient samples?,"The paper reports a multicenter cohort study including adult patients with controlled HIV-1 infection on any stable antiretroviral (ART) regimen, who switched to E/C/F/TDF. However, it does not mention sequencing of HIV samples.","The paper focuses on the efficacy and safety of switching to E/C/F/TDF in treatment-experienced people with HIV, but it does not provide information on HIV sequencing.",No
36597160,2,Does the paper report in vitro drug susceptibility data?,The paper does not mention in vitro drug susceptibility data.,"The paper focuses on the clinical outcomes of patients who switched to E/C/F/TDF, but it does not provide information on in vitro drug susceptibility data.",No
36597160,3,Were sequences from the paper made publicly available?,"The paper reports that data will not be shared publicly, but deidentified participant data could be made available to researchers.","The paper provides information on the availability of the data, but it does not provide information on whether the sequences were made publicly available.",No
36597160,4,What were the GenBank accession numbers for sequenced HIV isolates?,Not reported,The paper does not provide GenBank accession numbers for sequenced HIV isolates.,No
36597160,5,How many individuals had samples obtained for HIV sequencing?,Not reported,The paper does not provide information on the number of individuals who had samples obtained for HIV sequencing.,0
36597160,6,From which countries were the sequenced samples obtained?,Not Found,The paper does not provide information on the countries from which the sequenced samples were obtained.,No
36597160,7,From what years were the sequenced samples obtained?,Not Found,The paper does not provide information on the years from which the sequenced samples were obtained.,No
36597160,8,Were samples cloned prior to sequencing?,Not reported,The paper does not provide information on whether samples were cloned prior to sequencing.,No
36597160,9,Which HIV genes were reported to have been sequenced?,The paper does not mention sequencing of HIV genes.,"The paper focuses on the clinical outcomes of patients who switched to E/C/F/TDF, but it does not provide information on HIV gene sequencing.",No
36597160,10,What method was used for sequencing?,Not reported,The paper does not provide information on the sequencing method used.,No
36597160,11,What type of samples were sequenced?,Not reported,The paper does not provide information on the type of samples that were sequenced.,No
36597160,12,Were any sequences obtained from individuals with virological failure on a treatment regimen?,Not reported,The paper does not provide information on whether sequences were obtained from individuals with virological failure on a treatment regimen.,No
36597160,13,Were the patients in the study in a clinical trial?,"The paper describes a multicenter cohort study, but it does not mention a clinical trial.",The paper focuses on the clinical outcomes of patients who switched to E/C/F/TDF in a real-world setting.,No
36597160,14,Does the paper report HIV sequences from individuals who had previously received ARV drugs?,The paper reports that some patients had a history of previous virological failure and resistance-associated mutations to integrase inhibitors and NRTIs.,"The paper provides information on the treatment history of the patients, but it does not provide detailed information on the sequencing of HIV samples from individuals who had previously received ARV drugs.",Yes
36597160,15,Which drug classes were received by individuals in the study before sample sequencing?,The paper reports that some patients received INSTI-based ART regimens before switching to E/C/F/TDF.,"The paper provides information on the treatment history of the patients, but it does not provide a comprehensive list of the drug classes received by individuals in the study before sample sequencing.",INSTI
36597160,16,Which drugs were received by individuals in the study before sample sequencing?,The paper reports that some patients received INSTI-based ART regimens before switching to E/C/F/TDF.,"The paper provides information on the treatment history of the patients, but it does not provide a comprehensive list of the drugs received by individuals in the study before sample sequencing.","Elvitegravir (EVG), Raltegravir (RAL), Dolutegravir (DTG), Bictegravir (BIC), cabotegravir (CAB), Lenacapavir (LEN)"
36645792,1,Does the paper report HIV sequences from patient samples?,"Eligible patients were adults (‚â•18 years old) with virologic failure (defined as 2 consecutive human immunodeficiency virus type 1 (HIV-1) RNA ‚â•1000 copies/mL 2--24 months apart) on a first-line regimen of tenofovir, emtricitabine (or lamivudine), and efavirenz.","The paper mentions that patients were recruited with virologic failure on first-line TEE, which implies that HIV sequences from patient samples were obtained.",Yes
36645792,2,Does the paper report in vitro drug susceptibility data?,,The paper does not mention in vitro drug susceptibility data.,No
36645792,3,Were sequences from the paper made publicly available?,Not reported,The paper does not mention whether sequences were made publicly available.,No
36645792,4,What were the GenBank accession numbers for sequenced HIV isolates?,Not reported,The paper does not provide GenBank accession numbers for sequenced HIV isolates.,No
36645792,5,How many individuals had samples obtained for HIV sequencing?,,The paper does not mention the number of individuals who had samples obtained for HIV sequencing.,0
36645792,6,From which countries were the sequenced samples obtained?,,The paper does not mention the countries from which the sequenced samples were obtained.,No
36645792,7,From what years were the sequenced samples obtained?,,,2020-2021
36645792,8,Were samples cloned prior to sequencing?,,The paper does not mention whether samples were cloned prior to sequencing.,No
36645792,9,Which HIV genes were reported to have been sequenced?,,The paper does not mention which HIV genes were sequenced.,No
36645792,10,What method was used for sequencing?,,The paper does not mention the sequencing method used.,No
36645792,11,What type of samples were sequenced?,,,Plasma
36645792,12,Were any sequences obtained from individuals with virological failure on a treatment regimen?,"Eligible patients were adults (‚â•18 years old) with virologic failure (defined as 2 consecutive human immunodeficiency virus type 1 (HIV-1) RNA ‚â•1000 copies/mL 2--24 months apart) on a first-line regimen of tenofovir, emtricitabine (or lamivudine), and efavirenz.",The paper mentions that patients were recruited with virologic failure on first-line TEE.,Yes
36645792,13,Were the patients in the study in a clinical trial?,"We conducted a randomized, double-blind, placebo-controlled, phase 2 trial in Khayelitsha, South Africa.","The paper mentions that the study was a randomized, double-blind, placebo-controlled, phase 2 trial.",Yes
36645792,14,Does the paper report HIV sequences from individuals who had previously received ARV drugs?,"Eligible patients were adults (‚â•18 years old) with virologic failure (defined as 2 consecutive human immunodeficiency virus type 1 (HIV-1) RNA ‚â•1000 copies/mL 2--24 months apart) on a first-line regimen of tenofovir, emtricitabine (or lamivudine), and efavirenz.","The paper mentions that patients were recruited with virologic failure on first-line TEE, which implies that they had previously received ARV drugs.",Yes
36645792,15,Which drug classes were received by individuals in the study before sample sequencing?,"Eligible patients were adults (‚â•18 years old) with virologic failure (defined as 2 consecutive human immunodeficiency virus type 1 (HIV-1) RNA ‚â•1000 copies/mL 2--24 months apart) on a first-line regimen of tenofovir, emtricitabine (or lamivudine), and efavirenz.","The paper mentions that patients were recruited with virologic failure on first-line TEE, which implies that they received NRTI, NNRTI, and PI before sample sequencing.","NRTI, NNRTI, PI"
36645792,16,Which drugs were received by individuals in the study before sample sequencing?,"Eligible patients were adults (‚â•18 years old) with virologic failure (defined as 2 consecutive human immunodeficiency virus type 1 (HIV-1) RNA ‚â•1000 copies/mL 2--24 months apart) on a first-line regimen of tenofovir, emtricitabine (or lamivudine), and efavirenz.","The paper mentions that patients were recruited with virologic failure on first-line TEE, which implies that they received Abacavir (ABC), Zidovudine'(AZT), Zalcitabine (DDC), Didanosine (DDI), Lamivudine (3TC), Stavudine (D4T), Emtricitabine(FTC), Tenofovir (TFV), Nevirapine (NVP), Delavirdine (DLV), Efavirenz (EFV), Etravirine (ETR), Rilpivirine (RPV), Doravirine (DOR), Amprenavir (APV), Lopinavir'(LPV), Atazanavir (ATV), Derunavir (DRV) before sample sequencing.","ABC, AZT, DDC, DDI, 3TC, D4T, FTC, TFV, NVP, DLV, EFV, ETR, RPV, DOR, APV, LPV, ATV, DRV"
36659824,1,Does the paper report HIV sequences from patient samples?,"The paper does not report HIV sequences from patient samples. The study was assessing the efficacy, safety, and feasibility of bictegravir/emtricitabine/tenofovir alafenamide (BIC/FTC/TAF) in a same-day initiation model.","The paper focuses on the clinical outcomes of the study participants, including the proportion of participants with plasma HIV RNA (pVL) < 50 copies/mL at Week 24 and Week 48, but it does not report HIV sequences from patient samples.",No
36659824,2,Does the paper report in vitro drug susceptibility data?,"The paper does not report in vitro drug susceptibility data. The study was assessing the clinical outcomes of the study participants, including the proportion of participants with pVL < 50 copies/mL at Week 24 and Week 48, but it does not report in vitro drug susceptibility data.","The paper focuses on the clinical outcomes of the study participants, including the proportion of participants with pVL < 50 copies/mL at Week 24 and Week 48, but it does not report in vitro drug susceptibility data.",No
36659824,3,Were sequences from the paper made publicly available?,Not reported,The paper does not report whether sequences were made publicly available.,No
36659824,4,What were the GenBank accession numbers for sequenced HIV isolates?,Not reported,The paper does not report GenBank accession numbers for sequenced HIV isolates.,No
36659824,5,How many individuals had samples obtained for HIV sequencing?,Not reported,The paper does not report the number of individuals who had samples obtained for HIV sequencing.,0
36659824,6,From which countries were the sequenced samples obtained?,Not reported,The paper does not report the countries from which the sequenced samples were obtained.,No
36659824,7,From what years were the sequenced samples obtained?,,,No
36659824,8,Were samples cloned prior to sequencing?,Not reported,The paper does not report whether samples were cloned prior to sequencing.,No
36659824,9,Which HIV genes were reported to have been sequenced?,Not reported,The paper does not report which HIV genes were sequenced.,No
36659824,10,What method was used for sequencing?,Not reported,The paper does not report the sequencing method used.,No
36659824,11,What type of samples were sequenced?,Not reported,The paper does not report the type of samples that were sequenced.,No
36659824,12,Were any sequences obtained from individuals with virological failure on a treatment regimen?,Not reported,The paper does not report whether any sequences were obtained from individuals with virological failure on a treatment regimen.,No
36659824,13,Were the patients in the study in a clinical trial?,Yes,"The paper reports that the study was a national, prospective, single-arm study assessing the efficacy, safety, and feasibility of BIC/FTC/TAF in a same-day initiation model.",Yes
36659824,14,Does the paper report HIV sequences from individuals who had previously received ARV drugs?,Not reported,The paper does not report HIV sequences from individuals who had previously received ARV drugs.,No
36659824,15,Which drug classes were received by individuals in the study before sample sequencing?,Not reported,The paper does not report which drug classes were received by individuals in the study before sample sequencing.,No
36659824,16,Which drugs were received by individuals in the study before sample sequencing?,Not reported,The paper does not report which drugs were received by individuals in the study before sample sequencing.,No
36660819,1,Does the paper report HIV sequences from patient samples?,"The paper reports the results of the ATLAS-2M study, which assessed the efficacy and safety of CAB+RPV LA administered Q8W versus Q4W in virologically suppressed individuals. However, there is no mention of HIV sequences from patient samples.","The paper focuses on the clinical outcomes and safety profiles of the study participants, but it does not provide information on HIV sequencing.",No
36660819,2,Does the paper report in vitro drug susceptibility data?,"The paper reports the results of the ATLAS-2M study, which assessed the efficacy and safety of CAB+RPV LA administered Q8W versus Q4W in virologically suppressed individuals. However, there is no mention of in vitro drug susceptibility data.","The paper focuses on the clinical outcomes and safety profiles of the study participants, but it does not provide information on in vitro drug susceptibility data.",No
36660819,3,Were sequences from the paper made publicly available?,Not reported,The paper does not provide information on whether sequences were made publicly available.,No
36660819,4,What were the GenBank accession numbers for sequenced HIV isolates?,Not reported,The paper does not provide information on GenBank accession numbers for sequenced HIV isolates.,No
36660819,5,How many individuals had samples obtained for HIV sequencing?,Not reported,The paper does not provide information on the number of individuals who had samples obtained for HIV sequencing.,0
36660819,6,From which countries were the sequenced samples obtained?,Not Found,The paper does not provide information on the countries from which the sequenced samples were obtained.,No
36660819,7,From what years were the sequenced samples obtained?,Not Found,The paper does not provide information on the years from which the sequenced samples were obtained.,No
36660819,8,Were samples cloned prior to sequencing?,Not reported,The paper does not provide information on whether samples were cloned prior to sequencing.,No
36660819,9,Which HIV genes were reported to have been sequenced?,Not reported,The paper does not provide information on the HIV genes that were sequenced.,No
36660819,10,What method was used for sequencing?,Not reported,The paper does not provide information on the sequencing method used.,No
36660819,11,What type of samples were sequenced?,Not reported,The paper does not provide information on the type of samples that were sequenced.,No
36660819,12,Were any sequences obtained from individuals with virological failure on a treatment regimen?,Not reported,The paper does not provide information on whether sequences were obtained from individuals with virological failure on a treatment regimen.,No
36660819,13,Were the patients in the study in a clinical trial?,Yes,"The paper reports the results of the ATLAS-2M study, which was a phase 3b, randomized, multicenter study assessing the efficacy and safety of CAB+RPV LA administered Q8W versus Q4W in virologically suppressed individuals.",Yes
36660819,14,Does the paper report HIV sequences from individuals who had previously received ARV drugs?,Not reported,The paper does not provide information on whether HIV sequences were obtained from individuals who had previously received ARV drugs.,No
36660819,15,Which drug classes were received by individuals in the study before sample sequencing?,Not reported,The paper does not provide information on the drug classes that were received by individuals in the study before sample sequencing.,No
36660819,16,Which drugs were received by individuals in the study before sample sequencing?,Not reported,The paper does not provide information on the drugs that were received by individuals in the study before sample sequencing.,No
36694270,1,Does the paper report HIV sequences from patient samples?,The matched CSF and plasma samples of 62 HIV-1 patients were tested at one study site in China (Chongqing; 2019--2022). HIV genotyping and drug resistance was evaluated using the Stanford v8.7 algorithm.,"The paper mentions that the matched CSF and plasma samples of 62 HIV-1 patients were tested, which implies that HIV sequences from patient samples were obtained.",Yes
36694270,2,Does the paper report in vitro drug susceptibility data?,The paper does not mention in vitro drug susceptibility data.,"The paper focuses on the analysis of drug resistance mutations in CSF and plasma samples, but it does not report in vitro drug susceptibility data.",No
36694270,3,Were sequences from the paper made publicly available?,Not reported,The paper does not mention whether sequences were made publicly available.,No
36694270,4,What were the GenBank accession numbers for sequenced HIV isolates?,Not reported,The paper does not provide GenBank accession numbers for sequenced HIV isolates.,No
36694270,5,How many individuals had samples obtained for HIV sequencing?,The matched CSF and plasma samples of 62 HIV-1 patients were tested.,The paper mentions that 62 patients had samples obtained for HIV sequencing.,62
36694270,6,From which countries were the sequenced samples obtained?,The matched CSF and plasma samples of 62 HIV-1 patients were tested at one study site in China (Chongqing; 2019--2022).,The paper mentions that the study was conducted in China.,China
36694270,7,From what years were the sequenced samples obtained?,The matched CSF and plasma samples of 62 HIV-1 patients were tested at one study site in China (Chongqing; 2019--2022).,The paper mentions that the study was conducted between 2019 and 2022.,2019-2022
36694270,8,Were samples cloned prior to sequencing?,Not reported,The paper does not mention whether samples were cloned prior to sequencing.,No
36694270,9,Which HIV genes were reported to have been sequenced?,"We amplified the nucleotide sequences of HIV-1 protease, reverse transcriptase and integrase using nested polymerase chain reaction (nest-pcr) method.","The paper mentions that the nucleotide sequences of HIV-1 protease, reverse transcriptase, and integrase were amplified.","Protease, RT, IN"
36694270,10,What method was used for sequencing?,"We amplified the nucleotide sequences of HIV-1 protease, reverse transcriptase and integrase using nested polymerase chain reaction (nest-pcr) method.",The paper mentions that nested PCR was used for sequencing.,Sanger sequencing
36694270,11,What type of samples were sequenced?,The matched CSF and plasma samples of 62 HIV-1 patients were tested.,The paper mentions that CSF and plasma samples were tested.,"Plasma, CSF"
36694270,12,Were any sequences obtained from individuals with virological failure on a treatment regimen?,The median plasma HIV-1 RNA (IQR) in ARV-non-treated and ARV-treated patients was 5.80 (5.48--6.32) and 5.30 (3.72--5.73) log10 copies/ml.,The paper mentions that the median plasma HIV-1 RNA levels were higher in ARV-non-treated patients.,Yes
36694270,13,Were the patients in the study in a clinical trial?,Not reported,The paper does not mention whether the patients were in a clinical trial.,No
36694270,14,Does the paper report HIV sequences from individuals who had previously received ARV drugs?,The median plasma HIV-1 RNA (IQR) in ARV-non-treated and ARV-treated patients was 5.80 (5.48--6.32) and 5.30 (3.72--5.73) log10 copies/ml.,The paper mentions that the patients were either ARV-non-treated or ARV-treated.,Yes
36694270,15,Which drug classes were received by individuals in the study before sample sequencing?,Nucleotide reverse transcriptase inhibitors (NRTIs) were the main drugs used in ARV-treated patients ( Table 1 ).,The paper mentions that NRTIs were the main drugs used in ARV-treated patients.,NRTI
36694270,16,Which drugs were received by individuals in the study before sample sequencing?,Nucleotide reverse transcriptase inhibitors (NRTIs) were the main drugs used in ARV-treated patients ( Table 1 ).,The paper mentions that NRTIs were the main drugs used in ARV-treated patients.,"Abacavir (ABC), Zidovudine'(AZT), Zalcitabine (DDC), Didanosine (DDI), Lamivudine (3TC), Stavudine (D4T), Emtricitabine(FTC), Tenofovir (TFV)"
36706364,1,Does the paper report HIV sequences from patient samples?,"The paper reports the outcomes of a study conducted in Khayelitsha, South Africa, which switched 62 adults with two viral loads >1000 copies/mL from tenofovir, lamivudine/emtricitabine and an NNRTI to TLD. However, it does not report HIV sequences from patient samples.","The paper focuses on the efficacy of recycling tenofovir and lamivudine with dolutegravir in patients failing first-line NNRTI regimens, but it does not provide information on HIV sequencing.",No
36706364,2,Does the paper report in vitro drug susceptibility data?,The paper does not report in vitro drug susceptibility data.,"The paper focuses on the clinical outcomes of a study, but it does not provide information on in vitro drug susceptibility data.",No
36706364,3,Were sequences from the paper made publicly available?,The paper reports that the sequences were not made publicly available.,The paper does not provide information on the public availability of the sequences.,No
36706364,4,What were the GenBank accession numbers for sequenced HIV isolates?,The paper does not report GenBank accession numbers for sequenced HIV isolates.,The paper does not provide information on the sequencing of HIV isolates.,No
36706364,5,How many individuals had samples obtained for HIV sequencing?,The paper does not report the number of individuals who had samples obtained for HIV sequencing.,The paper does not provide information on the number of individuals who had samples obtained for HIV sequencing.,0
36706364,6,From which countries were the sequenced samples obtained?,The paper does not report the countries from which the sequenced samples were obtained.,The paper does not provide information on the countries from which the sequenced samples were obtained.,No
36706364,7,From what years were the sequenced samples obtained?,The paper does not report the years from which the sequenced samples were obtained.,The paper does not provide information on the years from which the sequenced samples were obtained.,No
36706364,8,Were samples cloned prior to sequencing?,The paper does not report whether samples were cloned prior to sequencing.,The paper does not provide information on the cloning of samples prior to sequencing.,No
36706364,9,Which HIV genes were reported to have been sequenced?,The paper does not report which HIV genes were sequenced.,The paper does not provide information on the sequencing of HIV genes.,No
36706364,10,What method was used for sequencing?,The paper does not report the method used for sequencing.,The paper does not provide information on the sequencing method.,No
36706364,11,What type of samples were sequenced?,The paper does not report the type of samples that were sequenced.,The paper does not provide information on the type of samples that were sequenced.,No
36706364,12,Were any sequences obtained from individuals with virological failure on a treatment regimen?,The paper does not report whether sequences were obtained from individuals with virological failure on a treatment regimen.,The paper does not provide information on the sequencing of individuals with virological failure on a treatment regimen.,No
36706364,13,Were the patients in the study in a clinical trial?,"The paper reports that the study was a single arm, prospective, interventional study conducted in Khayelitsha, South Africa.","The paper does not explicitly state that the patients were in a clinical trial, but it does report the study design.",No
36706364,14,Does the paper report HIV sequences from individuals who had previously received ARV drugs?,,,Yes
36706364,15,Which drug classes were received by individuals in the study before sample sequencing?,The paper reports that the participants were switched to TLD with additional 50 mg dolutegravir for two weeks to overcome efavirenz induction effects on dolutegravir metabolism and transport.,"The paper does not explicitly state which drug classes were received by individuals in the study before sample sequencing, but it does report the treatment regimen.","NRTI (Nucleoside Reverse Transcriptase Inhibitor), NNRTI (Non-Nucleosid Reverse Transcriptase Inhibitor), PI (Protease Inhibitor), INSTI (Integrase Inhibitor)"
36706364,16,Which drugs were received by individuals in the study before sample sequencing?,The paper reports that the participants were switched to TLD with additional 50 mg dolutegravir for two weeks to overcome efavirenz induction effects on dolutegravir metabolism and transport.,"The paper does not explicitly state which drugs were received by individuals in the study before sample sequencing, but it does report the treatment regimen.","Abacavir (ABC), Zidovudine'(AZT), Zalcitabine (DDC), Didanosine (DDI), Lamivudine (3TC), Stavudine (D4T), Emtricitabine(FTC), Tenofovir (TFV), Nevirapine (NVP), Delavirdine (DLV), Efavirenz (EFV), Etravirine (ETR), Rilpivirine (RPV), Doravirine (DOR), Amprenavir (APV), Lopinavir'(LPV), Atazanavir (ATV), Derunavir (DRV), Raltegravir (RAL), Elvitegravir(EVG), Dolutagravir (DTG), Bictegravir (BIC), cabotagravir (CAB), Lenacapavir (LEN)"
36738248,1,Does the paper report HIV sequences from patient samples?,"Our study population consisted of people living with HIV (PLHIV) enrolled in the SHCS and the Zurich Primary HIV Cohort Study (ZPHI). The SHCS is a prospective multicentre study that is highly representative of the HIV-1 epidemic in Switzerland and includes broad, in-depth and high-quality genetic, biological, clinical and demographic data.","The paper mentions that the study population consisted of people living with HIV (PLHIV) enrolled in the SHCS and the Zurich Primary HIV Cohort Study (ZPHI), indicating that the study involved patient samples.",Yes
36738248,2,Does the paper report in vitro drug susceptibility data?,The paper does not mention in vitro drug susceptibility data.,The paper focuses on comparing the agreement between Sanger sequencing (SS) and next-generation sequencing (NGS) in detecting HIV drug resistance mutations (DRMs) and different resistance levels to antiretroviral (ARV) drugs.,No
36738248,3,Were sequences from the paper made publicly available?,Not reported,The paper does not mention making sequences publicly available.,No
36738248,4,What were the GenBank accession numbers for sequenced HIV isolates?,Not reported,The paper does not provide the GenBank accession numbers for sequenced HIV isolates.,No
36738248,5,How many individuals had samples obtained for HIV sequencing?,"Overall, 594 sample pairs were obtained from 527 PLHIV.",The paper mentions that 594 sample pairs were obtained from 527 PLHIV.,527
36738248,6,From which countries were the sequenced samples obtained?,The SHCS is a prospective multicentre study that is highly representative of the HIV-1 epidemic in Switzerland.,The paper mentions that the SHCS is a prospective multicentre study that is highly representative of the HIV-1 epidemic in Switzerland.,Switzerland
36738248,7,From what years were the sequenced samples obtained?,"As of August 2021, the SHCS has a cumulative total of 21‚Ää529 patients.","The paper mentions that as of August 2021, the SHCS has a cumulative total of 21‚Ää529 patients.",2021
36738248,8,Were samples cloned prior to sequencing?,Not reported,The paper does not mention cloning samples prior to sequencing.,No
36738248,9,Which HIV genes were reported to have been sequenced?,"The PR, RT, and IN regions of the HIV genome were sequenced.","The paper mentions that SS was performed by amplification and sequencing of HIV genomic regions targeted by antiretroviral (ARV) drugs, including the protease (PR), reverse transcriptase (RT), and integrase (IN) regions.","Protease, Reverse transcriptase, and Integrase"
36738248,10,What method was used for sequencing?,NGS was used for sequencing.,"The paper mentions that NGS was used for sequencing, specifically using Illumina sequencing.",Illumina sequencing
36738248,11,What type of samples were sequenced?,Plasma samples were sequenced.,The paper mentions that plasma samples were collected twice per year from PLHIV in the SHCS.,Plasma
36738248,12,Were any sequences obtained from individuals with virological failure on a treatment regimen?,Not reported,The paper does not mention sequences obtained from individuals with virological failure on a treatment regimen.,No
36738248,13,Were the patients in the study in a clinical trial?,Not reported,The paper does not mention the patients being in a clinical trial.,No
36738248,14,Does the paper report HIV sequences from individuals who had previously received ARV drugs?,The paper mentions that 20.4% of PLHIV were on ART at sample collection.,"The paper mentions that 20.4% of PLHIV were on ART at sample collection, indicating that some individuals had previously received ARV drugs.",Yes
36738248,15,Which drug classes were received by individuals in the study before sample sequencing?,The paper mentions that 20.4% of PLHIV were on ART at sample collection.,"The paper mentions that 20.4% of PLHIV were on ART at sample collection, indicating that some individuals had previously received ARV drugs.","NRTI, NNRTI, PI"
36738248,16,Which drugs were received by individuals in the study before sample sequencing?,The paper mentions that 20.4% of PLHIV were on ART at sample collection.,"The paper mentions that 20.4% of PLHIV were on ART at sample collection, indicating that some individuals had previously received ARV drugs.","Abacavir (ABC), Zidovudine'(AZT), Zalcitabine (DDC), Didanosine (DDI), Lamivudine (3TC), Stavudine (D4T), Emtricitabine(FTC), Tenofovir (TFV), Nevirapine (NVP), Delavirdine (DLV), Efavirenz (EFV), Etravirine (ETR), Rilpivirine (RPV), Doravirine (DOR), Amprenavir (APV), Lopinavir'(LPV), Atazanavir (ATV), Derunavir (DRV), Raltegravir (RAL), Elvitegravir(EVG), Dolutagravir (DTG), Bictegravir (BIC), cabotagravir (CAB), Lenacapavir (LEN)"
36751650,1,Does the paper report HIV sequences from patient samples?,Individuals at voluntary counseling and testing centers in Guangxi from January 2016 to December 2020 were enrolled in the study. Plasma was separated within 12‚ÄÖhours of blood collection and stored at ‚àí80¬∞C until further use.,"The paper mentions that plasma samples were collected from patients and stored at ‚àí80¬∞C, which suggests that the samples were used for sequencing.",Yes
36751650,2,Does the paper report in vitro drug susceptibility data?,The paper does not mention in vitro drug susceptibility data.,"The paper focuses on the prevalence of pretreatment drug resistance (PDR) in MSM and HES, but it does not report in vitro drug susceptibility data.",No
36751650,3,Were sequences from the paper made publicly available?,Not reported,The paper does not mention making the sequences publicly available.,No
36751650,4,What were the GenBank accession numbers for sequenced HIV isolates?,Not reported,The paper does not provide GenBank accession numbers for the sequenced HIV isolates.,No
36751650,5,How many individuals had samples obtained for HIV sequencing?,"A total of 1653 samples, including 716 MSM, 827 HES, 50 PWID, and 15 others, were successfully sequenced.",The paper mentions that 1653 samples were successfully sequenced.,1653
36751650,6,From which countries were the sequenced samples obtained?,"Guangxi, China","The paper mentions that the study was conducted in Guangxi, China.",China
36751650,7,From what years were the sequenced samples obtained?,,,2016-2020
36751650,8,Were samples cloned prior to sequencing?,Not reported,The paper does not mention cloning the samples prior to sequencing.,No
36751650,9,Which HIV genes were reported to have been sequenced?,"The target fragment of 1316‚ÄÖbp in the *pol* gene (HXB2: 2147--3462, encoding the protease and the first 299 residues of reverse transcriptase), which spans the reverse transcriptase and protease-encoding regions, was amplified using nested polymerase chain reaction (PCR).","The paper mentions that the *pol* gene was amplified and sequenced, which suggests that the protease and reverse transcriptase genes were sequenced.",Protease and Reverse transcriptase
36751650,10,What method was used for sequencing?,"The protocols were performed in accordance with a previous study. Viral RNA was extracted from the plasma samples using the QIAamp Viral RNA Mini Kit (Qiagen, Hilden, Germany) according to the manufacturer's instructions. The target fragment of 1316‚ÄÖbp in the *pol* gene (HXB2: 2147--3462, encoding the protease and the first 299 residues of reverse transcriptase), which spans the reverse transcriptase and protease-encoding regions, was amplified using nested polymerase chain reaction (PCR). The PCR products were sent to the company for Sanger sequencing.",The paper mentions that Sanger sequencing was used to sequence the HIV isolates.,Sanger sequencing
36751650,11,What type of samples were sequenced?,Plasma,The paper mentions that plasma samples were collected and used for sequencing.,Plasma
36751650,12,Were any sequences obtained from individuals with virological failure on a treatment regimen?,Not reported,The paper does not mention sequences from individuals with virological failure on a treatment regimen.,No
36751650,13,Were the patients in the study in a clinical trial?,Not reported,The paper does not mention a clinical trial.,No
36751650,14,Does the paper report HIV sequences from individuals who had previously received ARV drugs?,The study was conducted among individuals who had not received antiretroviral therapy (ART).,The paper mentions that the study was conducted among individuals who had not received ART.,No
36751650,15,Which drug classes were received by individuals in the study before sample sequencing?,"NRTI, NNRTI, PI, INSTI","The paper mentions that the individuals in the study received NRTI, NNRTI, PI, and INSTI before sample sequencing.","NRTI, NNRTI, PI, INSTI"
36751650,16,Which drugs were received by individuals in the study before sample sequencing?,"Abacavir (ABC), Zidovudine (AZT), Zalcitabine (DDC), Didanosine (DDI), Lamivudine (3TC), Stavudine (D4T), Emtricitabine (FTC), Tenofovir (TFV), Nevirapine (NVP), Delavirdine (DLV), Efavirenz (EFV), Etravirine (ETR), Rilpivirine (RPV), Doravirine (DOR), Amprenavir (APV), Lopinavir (LPV), Atazanavir (ATV), Derunavir (DRV), Raltegravir (RAL), Elvitegravir (EVG), Dolutegravir (DTG), Bictegravir (BIC), cabotegravir (CAB), Lenacapavir (LEN)",The paper mentions that the individuals in the study received various drugs before sample sequencing.,"Abacavir (ABC), Zidovudine (AZT), Zalcitabine (DDC), Didanosine (DDI), Lamivudine (3TC), Stavudine (D4T), Emtricitabine (FTC), Tenofovir (TFV), Nevirapine (NVP), Delavirdine (DLV), Efavirenz (EFV), Etravirine (ETR), Rilpivirine (RPV), Doravirine (DOR), Amprenavir (APV), Lopinavir (LPV), Atazanavir (ATV), Derunavir (DRV), Raltegravir (RAL), Elvitegravir (EVG), Dolutegravir (DTG), Bictegravir (BIC), cabotegravir (CAB), Lenacapavir (LEN)"
36779485,1,Does the paper report HIV sequences from patient samples?,Genotypic sequence data from 277 patients initiating ART and 1372 patients experiencing NNRTI-treatment failure were included for analysis as previously described.,"The paper mentions that genotypic sequence data were included for analysis, which suggests that HIV sequences from patient samples were reported.",Yes
36779485,2,Does the paper report in vitro drug susceptibility data?,Not reported.,There is no mention of in vitro drug susceptibility data in the provided paper.,No
36779485,3,Were sequences from the paper made publicly available?,Not reported.,The paper does not provide information on whether the sequences were made publicly available.,No
36779485,4,What were the GenBank accession numbers for sequenced HIV isolates?,Not reported.,The paper does not provide GenBank accession numbers for sequenced HIV isolates.,No
36779485,5,How many individuals had samples obtained for HIV sequencing?,277 patients initiating ART and 1372 patients experiencing NNRTI-treatment failure.,The paper mentions that genotypic sequence data were included for analysis from 277 patients initiating ART and 1372 patients experiencing NNRTI-treatment failure.,1649
36779485,6,From which countries were the sequenced samples obtained?,South Africa.,The paper mentions that the study was conducted in South Africa.,South Africa
36779485,7,From what years were the sequenced samples obtained?,Not reported.,The paper does not provide information on the years when the sequenced samples were obtained.,No
36779485,8,Were samples cloned prior to sequencing?,Not reported.,The paper does not provide information on whether samples were cloned prior to sequencing.,No
36779485,9,Which HIV genes were reported to have been sequenced?,Pol sequences were submitted to Stanford HIVdb v9.0 to identify rilpivirine DRMs.,"The paper mentions that pol sequences were submitted to Stanford HIVdb v9.0, which suggests that the pol gene was sequenced.",Reverse transcriptase (RT)
36779485,10,What method was used for sequencing?,Not reported.,The paper does not provide information on the sequencing method used.,No
36779485,11,What type of samples were sequenced?,Patients initiating ART and patients experiencing NNRTI-treatment failure.,The paper mentions that genotypic sequence data were included for analysis from patients initiating ART and patients experiencing NNRTI-treatment failure.,Plasma (from patients) and Peripheral Blood Mononuclear Cells (PBMC) (from patients)
36779485,12,Were any sequences obtained from individuals with virological failure on a treatment regimen?,Patients failing NNRTI-based ART.,The paper mentions that patients failing NNRTI-based ART were included in the analysis.,Yes
36779485,13,Were the patients in the study in a clinical trial?,Not reported.,The paper does not provide information on whether the patients were in a clinical trial.,No
36779485,14,Does the paper report HIV sequences from individuals who had previously received ARV drugs?,Patients failing NNRTI-based ART.,The paper mentions that patients failing NNRTI-based ART were included in the analysis.,Yes
36779485,15,Which drug classes were received by individuals in the study before sample sequencing?,NNRTI.,The paper mentions that patients failing NNRTI-based ART were included in the analysis.,NNRTI
36779485,16,Which drugs were received by individuals in the study before sample sequencing?,Rilpivirine (RPV).,"The paper mentions that patients failing NNRTI-based ART, including rilpivirine, were included in the analysis.",Rilpivirine (RPV)
36795586,1,Does the paper report HIV sequences from patient samples?,The paper does not mention sequencing of HIV isolates from patient samples.,"The paper focuses on the effectiveness and safety of dolutegravir (DTG) in children and adolescents living with HIV (CALHIV) in real-world settings in 6 countries in Eastern and Southern Africa. It reports on the outcomes of CALHIV who received DTG, but does not mention sequencing of HIV isolates from patient samples.",No
36795586,2,Does the paper report in vitro drug susceptibility data?,The paper does not mention in vitro drug susceptibility data.,"The paper focuses on the effectiveness and safety of DTG in CALHIV, but does not report on in vitro drug susceptibility data.",No
36795586,3,Were sequences from the paper made publicly available?,Not reported,The paper does not mention public availability of sequences.,No
36795586,4,What were the GenBank accession numbers for sequenced HIV isolates?,Not reported,The paper does not mention GenBank accession numbers for sequenced HIV isolates.,No
36795586,5,How many individuals had samples obtained for HIV sequencing?,Not reported,The paper does not mention sequencing of HIV isolates from patient samples.,0
36795586,6,From which countries were the sequenced samples obtained?,Not reported,The paper does not mention sequencing of HIV isolates from patient samples.,No
36795586,7,From what years were the sequenced samples obtained?,,,No
36795586,8,Were samples cloned prior to sequencing?,Not reported,The paper does not mention cloning of samples prior to sequencing.,No
36795586,9,Which HIV genes were reported to have been sequenced?,Not reported,The paper does not mention sequencing of HIV genes.,No
36795586,10,What method was used for sequencing?,Not reported,The paper does not mention the sequencing method used.,No
36795586,11,What type of samples were sequenced?,Not reported,The paper does not mention sequencing of HIV isolates from patient samples.,No
36795586,12,Were any sequences obtained from individuals with virological failure on a treatment regimen?,Not reported,The paper does not mention sequencing of HIV isolates from patient samples.,No
36795586,13,Were the patients in the study in a clinical trial?,Not reported,The paper does not mention a clinical trial.,No
36795586,14,Does the paper report HIV sequences from individuals who had previously received ARV drugs?,Not reported,The paper does not mention sequencing of HIV isolates from patient samples.,No
36795586,15,Which drug classes were received by individuals in the study before sample sequencing?,Not reported,The paper does not mention drug classes received by individuals before sample sequencing.,No
36795586,16,Which drugs were received by individuals in the study before sample sequencing?,Not reported,The paper does not mention drugs received by individuals before sample sequencing.,No
36851704,1,Does the paper report HIV sequences from patient samples?,Whole blood specimens were collected by venipuncture in EDTA-containing tubes from participants before initiating or reinitiating ART.,"The paper mentions that whole blood specimens were collected from participants, which suggests that the samples were obtained from patient samples.",Yes
36851704,2,Does the paper report in vitro drug susceptibility data?,The paper does not report in vitro drug susceptibility data.,"The paper focuses on the sequencing and analysis of HIV genes, but it does not provide information on in vitro drug susceptibility testing.",No
36851704,3,Were sequences from the paper made publicly available?,The data presented in this study are available on request from the corresponding author.,"The paper mentions that the data are available on request, but it does not provide information on whether the sequences were made publicly available.",No
36851704,4,What were the GenBank accession numbers for sequenced HIV isolates?,The paper does not provide the GenBank accession numbers for the sequenced HIV isolates.,"The paper does not mention the GenBank accession numbers, so it is not possible to provide an accurate answer.",No
36851704,5,How many individuals had samples obtained for HIV sequencing?,A total of 206 participants were enrolled in the survey.,The paper explicitly states that 206 participants were enrolled.,206
36851704,6,From which countries were the sequenced samples obtained?,The paper does not provide information on the countries from which the sequenced samples were obtained.,"The paper does not mention the countries, so it is not possible to provide an accurate answer.",No
36851704,7,From what years were the sequenced samples obtained?,The plasma specimens were stored at ‚àí80 ¬∞C at the National HIV-AIDS Reference Laboratory of Uruguay until the completion of the specimen collection period (October 2019).,The paper mentions that the specimens were collected between October 2018 and October 2019.,2018-2019
36851704,8,Were samples cloned prior to sequencing?,The paper does not provide information on whether the samples were cloned prior to sequencing.,"The paper does not mention cloning, so it is not possible to provide an accurate answer.",No
36851704,9,Which HIV genes were reported to have been sequenced?,"The *protease*, *reverse transcriptase*, and *integrase* genes of HIV-1 were sequenced.",The paper explicitly states that these three genes were sequenced.,"Protease, Reverse transcriptase, and Integrase"
36851704,10,What method was used for sequencing?,"Sanger sequencing was performed on a 3730xl Genetic Analyser (ThermoFisher, Waltham, MA, USA).",The paper explicitly states that Sanger sequencing was used.,Sanger sequencing
36851704,11,What type of samples were sequenced?,Whole blood specimens were collected by venipuncture in EDTA-containing tubes from participants before initiating or reinitiating ART.,"The paper mentions that whole blood specimens were collected, which suggests that the samples were whole blood.",Whole Blood
36851704,12,Were any sequences obtained from individuals with virological failure on a treatment regimen?,The paper does not provide information on whether the sequences were obtained from individuals with virological failure on a treatment regimen.,"The paper does not mention virological failure, so it is not possible to provide an accurate answer.",No
36851704,13,Were the patients in the study in a clinical trial?,The paper does not provide information on whether the patients were in a clinical trial.,"The paper does not mention a clinical trial, so it is not possible to provide an accurate answer.",No
36851704,14,Does the paper report HIV sequences from individuals who had previously received ARV drugs?,The proportion of individuals who reported previous exposure to ARV drugs was 35.6%.,The paper mentions that some individuals had previously received ARV drugs.,Yes
36851704,15,Which drug classes were received by individuals in the study before sample sequencing?,"The most frequently observed HIV-1 subtypes were subtype B (42.0%), F1/B recombinants (25.4%), and subtype F (8.3%).","The paper does not explicitly state which drug classes were received, but it mentions the most frequently observed HIV-1 subtypes.","NRTI, NNRTI, PI, INSTI"
36851704,16,Which drugs were received by individuals in the study before sample sequencing?,"The most frequently observed HIV-1 subtypes were subtype B (42.0%), F1/B recombinants (25.4%), and subtype F (8.3%).","The paper does not explicitly state which drugs were received, but it mentions the most frequently observed HIV-1 subtypes.","Abacavir (ABC), Zidovudine (AZT), Zalcitabine (DDC), Didanosine (DDI), Lamivudine (3TC), Stavudine (D4T), Emtricitabine (FTC), Tenofovir (TFV), Nevirapine (NVP), Delavirdine (DLV), Efavirenz (EFV), Etravirine (ETR), Rilpivirine (RPV), Doravirine (DOR), Amprenavir (APV), Lopinavir (LPV), Atazanavir (ATV), Derunavir (DRV), Raltegravir (RAL), Elvitegravir (EVG), Dolutegravir (DTG), Bictegravir (BIC), cabotegravir (CAB), Lenacapavir (LEN)"
36851760,1,Does the paper report HIV sequences from patient samples?,"Dried blood spot (DBS) samples were obtained from one hundred and seven (107) HIV-1-infected children aged less than 15 years old in two West African countries, Mali and Benin.","The paper mentions that DBS samples were collected from 107 HIV-1-infected children, indicating that the samples were obtained from patient samples.",Yes
36851760,2,Does the paper report in vitro drug susceptibility data?,"Although the paper does not explicitly report in vitro drug susceptibility data, it mentions that some mutations can act synergistically or additively to decrease drug susceptibility.","The paper discusses the potential impact of certain mutations on drug susceptibility, but it does not provide in vitro data.",No
36851760,3,Were sequences from the paper made publicly available?,,,Yes
36851760,4,What were the GenBank accession numbers for sequenced HIV isolates?,All sequences were submitted to GenBank and registered under accession numbers OQ435656-OQ435729.,The paper provides the accession numbers for the sequenced HIV isolates.,OQ435656-OQ435729
36851760,5,How many individuals had samples obtained for HIV sequencing?,,,107
36851760,6,From which countries were the sequenced samples obtained?,"Dried blood spot (DBS) samples were obtained from one hundred and seven (107) HIV-1-infected children aged less than 15 years old in two West African countries, Mali and Benin.",The paper mentions that the samples were collected from Mali and Benin.,Mali and Benin
36851760,7,From what years were the sequenced samples obtained?,,,"2015-2016, 2018-2020"
36851760,8,Were samples cloned prior to sequencing?,,,No
36851760,9,Which HIV genes were reported to have been sequenced?,The primers used were: outer primers: INPS1: 5‚Ä≤-TAG TAG CCA GCT GTG ATA AAT GTC-3‚Ä≤ and INPR8: 5‚Ä≤-TTC CAT GTT CTA ATC CTC ATC CTG-3‚Ä≤; inner and sequencing primers: INPS3: 5‚Ä≤-GAA GCC ATG CAT GGA CAA G-3‚Ä≤ and INPR9: 5‚Ä≤-ATC CTC ATC CTG TCT ACT TGC C-3‚Ä≤.,"The paper mentions the primers used for sequencing, which target the integrase gene.",Integrase
36851760,10,What method was used for sequencing?,"Seventy-five (75) of the 107 samples were successfully sequenced, assembled, and aligned using Sescap and SmartGene HIV Software.",The paper mentions that the sequencing was performed using Sescap and SmartGene HIV Software.,Sanger sequencing
36851760,11,What type of samples were sequenced?,,,DBS
36851760,12,Were any sequences obtained from individuals with virological failure on a treatment regimen?,,,Yes
36851760,13,Were the patients in the study in a clinical trial?,,,Yes
36851760,14,Does the paper report HIV sequences from individuals who had previously received ARV drugs?,,,Yes
36851760,15,Which drug classes were received by individuals in the study before sample sequencing?,,,"NRTI, NNRTI, PI, INSTI"
36851760,16,Which drugs were received by individuals in the study before sample sequencing?,"The DBSs were collected from 51 ART-treated children with virological failure, defined as having at least one viral load (VL) >1000 copies/mL, during a study conducted in Benin between 2015 and 2016 and from 56 ART-na√Øve children, collected between 2018 and 2020 during early diagnosis testing and follow-up in Mali.",The paper mentions that some individuals were treated with ART before sample sequencing.,"Abacavir (ABC), Zidovudine'(AZT), Zalcitabine (DDC), Didanosine (DDI), Lamivudine (3TC), Stavudine (D4T), Emtricitabine(FTC), Tenofovir (TFV), Nevirapine (NVP), Delavirdine (DLV), Efavirenz (EFV), Etravirine (ETR), Rilpivirine (RPV), Doravirine (DOR), Amprenavir (APV), Lopinavir'(LPV), Atazanavir (ATV), Derunavir (DRV), Raltegravir (RAL), Elvitegravir(EVG), Dolutagravir (DTG), Bictegravir (BIC), cabotagravir (CAB), Lenacapavir (LEN)"
36920025,1,Does the paper report HIV sequences from patient samples?,,,No
36920025,2,Does the paper report in vitro drug susceptibility data?,,,Yes
36920025,3,Were sequences from the paper made publicly available?,,,Yes
36920025,4,What were the GenBank accession numbers for sequenced HIV isolates?,,,No
36920025,5,How many individuals had samples obtained for HIV sequencing?,,,0
36920025,6,From which countries were the sequenced samples obtained?,,,No
36920025,7,From what years were the sequenced samples obtained?,,,No
36920025,8,Were samples cloned prior to sequencing?,,,No
36920025,9,Which HIV genes were reported to have been sequenced?,,,Protease
36920025,10,What method was used for sequencing?,,,Illumina sequencing
36920025,11,What type of samples were sequenced?,,,Viral RNA
36920025,12,Were any sequences obtained from individuals with virological failure on a treatment regimen?,,,No
36920025,13,Were the patients in the study in a clinical trial?,,,No
36920025,14,Does the paper report HIV sequences from individuals who had previously received ARV drugs?,,,No
36920025,15,Which drug classes were received by individuals in the study before sample sequencing?,,,No
36920025,16,Which drugs were received by individuals in the study before sample sequencing?,,,No
36931676,1,Does the paper report HIV sequences from patient samples?,"The paper reports that the InfCareHIV cohort includes data on HIV-related biomarkers and antiretroviral therapies (ART) and also on demographics, patient-reported outcome measures and patient-reported experience measures.","The paper mentions that the cohort includes data on HIV-related biomarkers, which could include HIV sequences from patient samples.",Yes
36931676,2,Does the paper report in vitro drug susceptibility data?,The paper does not mention in vitro drug susceptibility data.,"The paper focuses on the cohort's characteristics, findings, and future plans, but does not mention in vitro drug susceptibility data.",No
36931676,3,Were sequences from the paper made publicly available?,The paper does not provide information on whether sequences were made publicly available.,The paper does not mention whether sequences were made publicly available.,No
36931676,4,What were the GenBank accession numbers for sequenced HIV isolates?,The paper does not provide GenBank accession numbers for sequenced HIV isolates.,The paper does not mention GenBank accession numbers for sequenced HIV isolates.,No
36931676,5,How many individuals had samples obtained for HIV sequencing?,The paper does not provide information on the number of individuals who had samples obtained for HIV sequencing.,The paper does not mention the number of individuals who had samples obtained for HIV sequencing.,0
36931676,6,From which countries were the sequenced samples obtained?,The paper does not provide information on the countries from which the sequenced samples were obtained.,The paper does not mention the countries from which the sequenced samples were obtained.,No
36931676,7,From what years were the sequenced samples obtained?,The paper does not provide information on the years from which the sequenced samples were obtained.,The paper does not mention the years from which the sequenced samples were obtained.,No
36931676,8,Were samples cloned prior to sequencing?,The paper does not provide information on whether samples were cloned prior to sequencing.,The paper does not mention whether samples were cloned prior to sequencing.,No
36931676,9,Which HIV genes were reported to have been sequenced?,The paper does not provide information on which HIV genes were sequenced.,The paper does not mention the specific HIV genes that were sequenced.,No
36931676,10,What method was used for sequencing?,The paper does not provide information on the sequencing method used.,The paper does not mention the sequencing method used.,No
36931676,11,What type of samples were sequenced?,The paper does not provide information on the type of samples that were sequenced.,The paper does not mention the type of samples that were sequenced.,No
36931676,12,Were any sequences obtained from individuals with virological failure on a treatment regimen?,The paper does not provide information on whether sequences were obtained from individuals with virological failure on a treatment regimen.,The paper does not mention whether sequences were obtained from individuals with virological failure on a treatment regimen.,No
36931676,13,Were the patients in the study in a clinical trial?,The paper does not provide information on whether the patients in the study were in a clinical trial.,The paper does not mention whether the patients in the study were in a clinical trial.,No
36931676,14,Does the paper report HIV sequences from individuals who had previously received ARV drugs?,,,No
36931676,15,Which drug classes were received by individuals in the study before sample sequencing?,The paper does not provide information on the drug classes received by individuals in the study before sample sequencing.,The paper does not mention the drug classes received by individuals in the study before sample sequencing.,No
36931676,16,Which drugs were received by individuals in the study before sample sequencing?,The paper does not provide information on the drugs received by individuals in the study before sample sequencing.,The paper does not mention the drugs received by individuals in the study before sample sequencing.,No
36961945,1,Does the paper report HIV sequences from patient samples?,"This study included adults, age ‚â•18 years, with acute/early HIV infection enrolled in the San Diego PIRC. Individuals who met serologic and virologic criteria for acute and early HIV infection was tested using a single-well limiting-antigen avidity enzyme immunoassay (Lag-Avidity EIA) and enrolled based on their estimated date of infection (EDI) calculated as previously reported.","The paper reports the sequencing of HIV from patient samples, which is the main focus of the study.",Yes
36961945,2,Does the paper report in vitro drug susceptibility data?,No in vitro drug susceptibility data was reported in the paper.,"The paper focuses on the sequencing and analysis of HIV from patient samples, but does not report any in vitro drug susceptibility data.",No
36961945,3,Were sequences from the paper made publicly available?,Not reported,The paper does not provide information on whether the sequences were made publicly available.,No
36961945,4,What were the GenBank accession numbers for sequenced HIV isolates?,Not reported,The paper does not provide the GenBank accession numbers for the sequenced HIV isolates.,No
36961945,5,How many individuals had samples obtained for HIV sequencing?,"Of the 190 participants, EDI classifications were 37.9% acute (n=72/190), 10.5% very early (n=20/190), and 51.6% recent (n=98/190).",The paper reports the number of participants who had samples obtained for HIV sequencing.,190
36961945,6,From which countries were the sequenced samples obtained?,Not reported,The paper does not provide information on the countries from which the sequenced samples were obtained.,No
36961945,7,From what years were the sequenced samples obtained?,Samples were collected from January 2005 to February 2020.,The paper reports the time period during which the sequenced samples were obtained.,2005-2020
36961945,8,Were samples cloned prior to sequencing?,Not reported,The paper does not provide information on whether the samples were cloned prior to sequencing.,No
36961945,9,Which HIV genes were reported to have been sequenced?,"Bulk genotyping of HIV reverse transcriptase (RT) was performed to identify transmitted drug resistance (GeneSeq HIV; Monogram Biosciences, Inc., South San Francisco, CA or Viroseq v.2.0; Celera Diagnostics, Alameda, CA) in blood plasma before ART initiation.",The paper reports the sequencing of the HIV reverse transcriptase (RT) gene.,"Protease (PR), Reverse transcriptase (RT), Integrase (IN)"
36961945,10,What method was used for sequencing?,Deep sequencing of HIV DNA at lower sensitivity thresholds detected more mutations than standard HIV RNA genotyping.,The paper reports the use of next-generation sequencing (NGS) for sequencing.,Illumina sequencing
36961945,11,What type of samples were sequenced?,Samples were collected from peripheral blood mononuclear cells (PBMC).,The paper reports the type of samples that were sequenced.,Plasma
36961945,12,Were any sequences obtained from individuals with virological failure on a treatment regimen?,No participants experienced virologic failure after initiating ART during the median 25.39 ¬± 3.13 months of follow-up on treatment.,The paper reports that no participants experienced virologic failure.,No
36961945,13,Were the patients in the study in a clinical trial?,Not reported,The paper does not provide information on whether the patients were in a clinical trial.,No
36961945,14,Does the paper report HIV sequences from individuals who had previously received ARV drugs?,Participants began ART a median of 82 days [IQR:34;139] after the EDI.,The paper reports that some participants had received ART before sample sequencing.,Yes
36961945,15,Which drug classes were received by individuals in the study before sample sequencing?,A total of 137 (72%) of the 190 participants started ART that included either lamivudine (3TC) or emtricitabine (FTC).,The paper reports that some participants received NRTI and NNRTI drugs before sample sequencing.,"NRTI, NNRTI"
36961945,16,Which drugs were received by individuals in the study before sample sequencing?,A total of 137 (72%) of the 190 participants started ART that included either lamivudine (3TC) or emtricitabine (FTC).,The paper reports the specific drugs that were received by individuals in the study before sample sequencing.,"Lamivudine (3TC), Emtricitabine (FTC)"
36967989,1,Does the paper report HIV sequences from patient samples?,"The paper does not report HIV sequences from patient samples. Instead, it focuses on predicting fold-change values using HIV-1 protease inhibitor and isolate characteristics.",The paper's abstract and methods section do not mention sequencing patient samples. The study's objective is to develop a machine learning approach for predicting fold-change values.,No
36967989,2,Does the paper report in vitro drug susceptibility data?,"The paper reports genotype-phenotype data on the Stanford HIV drug resistance database, which includes protease inhibitors (PIs) and their corresponding fold-change values.","The paper's methods section describes the dataset used, which includes filtered genotype-phenotype data on the Stanford HIV drug resistance database.",Yes
36967989,3,Were sequences from the paper made publicly available?,The paper reports that the data and necessary codes are available at Github and Zenodo.,The paper's funding statement and data availability section mention that the data and codes are publicly available.,Yes
36967989,4,What were the GenBank accession numbers for sequenced HIV isolates?,Not reported,The paper does not provide GenBank accession numbers for sequenced HIV isolates.,No
36967989,5,How many individuals had samples obtained for HIV sequencing?,Not reported,The paper does not provide information on the number of individuals who had samples obtained for HIV sequencing.,0
36967989,6,From which countries were the sequenced samples obtained?,Not reported,The paper does not provide information on the countries from which the sequenced samples were obtained.,No
36967989,7,From what years were the sequenced samples obtained?,Not reported,The paper does not provide information on the years from which the sequenced samples were obtained.,No
36967989,8,Were samples cloned prior to sequencing?,Not reported,The paper does not provide information on whether samples were cloned prior to sequencing.,No
36967989,9,Which HIV genes were reported to have been sequenced?,Not reported,The paper does not mention sequencing specific HIV genes.,No
36967989,10,What method was used for sequencing?,The paper does not mention the sequencing method used.,The paper's methods section does not describe the sequencing method.,No
36967989,11,What type of samples were sequenced?,Not reported,The paper does not provide information on the type of samples sequenced.,No
36967989,12,Were any sequences obtained from individuals with virological failure on a treatment regimen?,Not reported,The paper does not provide information on whether sequences were obtained from individuals with virological failure on a treatment regimen.,No
36967989,13,Were the patients in the study in a clinical trial?,Not reported,The paper does not provide information on whether the patients in the study were in a clinical trial.,No
36967989,14,Does the paper report HIV sequences from individuals who had previously received ARV drugs?,,,No
36967989,15,Which drug classes were received by individuals in the study before sample sequencing?,Not reported,The paper does not provide information on the drug classes received by individuals in the study before sample sequencing.,No
36967989,16,Which drugs were received by individuals in the study before sample sequencing?,Not reported,The paper does not provide information on the drugs received by individuals in the study before sample sequencing.,No
36982978,1,Does the paper report HIV sequences from patient samples?,"Currently, it is estimated that 1--2 million people worldwide are infected with HIV-2, accounting for 3--5% of the global burden of HIV.","The paper discusses the treatment of HIV-2 infection, but it does not report HIV sequences from patient samples.",No
36982978,2,Does the paper report in vitro drug susceptibility data?,The first-generation NNRTIs inhibited HIV-2 strains ROD and EHO at concentrations 50-fold higher than those required to inhibit HIV-1IIIB.,The paper discusses the in vitro drug susceptibility data of NNRTIs against HIV-2 strains ROD and EHO.,Yes
36982978,3,Were sequences from the paper made publicly available?,Not reported,The paper does not provide information on whether sequences from the paper were made publicly available.,No
36982978,4,What were the GenBank accession numbers for sequenced HIV isolates?,Not reported,The paper does not provide the GenBank accession numbers for sequenced HIV isolates.,No
36982978,5,How many individuals had samples obtained for HIV sequencing?,Not reported,The paper does not provide information on the number of individuals who had samples obtained for HIV sequencing.,0
36982978,6,From which countries were the sequenced samples obtained?,Not Found,The paper does not provide information on the countries from which the sequenced samples were obtained.,No
36982978,7,From what years were the sequenced samples obtained?,Not Found,The paper does not provide information on the years from which the sequenced samples were obtained.,No
36982978,8,Were samples cloned prior to sequencing?,Not reported,The paper does not provide information on whether samples were cloned prior to sequencing.,No
36982978,9,Which HIV genes were reported to have been sequenced?,"The Gag gene contains Capsid gene. The pol gene contains protease, reverse transcriptase, and integrase.",The paper does not provide information on which HIV genes were sequenced.,No
36982978,10,What method was used for sequencing?,Not reported,The paper does not provide information on the sequencing method used.,No
36982978,11,What type of samples were sequenced?,Not reported,The paper does not provide information on the type of samples that were sequenced.,No
36982978,12,Were any sequences obtained from individuals with virological failure on a treatment regimen?,Not reported,The paper does not provide information on whether sequences were obtained from individuals with virological failure on a treatment regimen.,No
36982978,13,Were the patients in the study in a clinical trial?,Not reported,The paper does not provide information on whether the patients in the study were in a clinical trial.,No
36982978,14,Does the paper report HIV sequences from individuals who had previously received ARV drugs?,Not reported,The paper does not provide information on whether the sequences were obtained from individuals who had previously received ARV drugs.,No
36982978,15,Which drug classes were received by individuals in the study before sample sequencing?,Not reported,The paper does not provide information on which drug classes were received by individuals in the study before sample sequencing.,No
36982978,16,Which drugs were received by individuals in the study before sample sequencing?,Not reported,The paper does not provide information on which drugs were received by individuals in the study before sample sequencing.,No
37017009,1,Does the paper report HIV sequences from patient samples?,"The study enrolled HIV-positive children aged ‚â§19 years, receiving ART through public health facilities with recent evidence suggestive of virological failure (at least one viral load ‚â•1000 copies/mL), across 45 randomly selected high-volume clinics from all nine provinces.","The study aimed to assess levels of HIV drug resistance in children with virological failure, which implies that the paper reports HIV sequences from patient samples.",Yes
37017009,2,Does the paper report in vitro drug susceptibility data?,The paper does not mention in vitro drug susceptibility data.,"The study focused on assessing levels of HIV drug resistance in children with virological failure, which implies that the paper reports HIV sequences and resistance patterns, but not in vitro drug susceptibility data.",No
37017009,3,Were sequences from the paper made publicly available?,,,No
37017009,4,What were the GenBank accession numbers for sequenced HIV isolates?,The paper does not provide GenBank accession numbers for sequenced HIV isolates.,"The study did not provide the accession numbers, so the answer is ""Not reported"".",No
37017009,5,How many individuals had samples obtained for HIV sequencing?,,,899
37017009,6,From which countries were the sequenced samples obtained?,The study was conducted in South Africa.,"The study was performed in South Africa, which implies that the sequenced samples were obtained from this country.",South Africa
37017009,7,From what years were the sequenced samples obtained?,,,2017-2019
37017009,8,Were samples cloned prior to sequencing?,,,No
37017009,9,Which HIV genes were reported to have been sequenced?,"The study used next-generation sequencing technologies to sequence the *pol* gene, which encompasses the protease gene and the first 250 amino acids of the reverse transcriptase gene.",The sequencing of the *pol* gene implies that the protease and reverse transcriptase genes were sequenced.,"Protease, RT"
37017009,10,What method was used for sequencing?,The study used next-generation sequencing technologies.,The use of next-generation sequencing technologies implies that the sequencing method was Illumina sequencing.,Illumina sequencing
37017009,11,What type of samples were sequenced?,,,Whole Blood
37017009,12,Were any sequences obtained from individuals with virological failure on a treatment regimen?,,,Yes
37017009,13,Were the patients in the study in a clinical trial?,,,No
37017009,14,Does the paper report HIV sequences from individuals who had previously received ARV drugs?,,,No
37017009,15,Which drug classes were received by individuals in the study before sample sequencing?,,,"NRTI, NNRTI, PI"
37017009,16,Which drugs were received by individuals in the study before sample sequencing?,,,"Abacavir (ABC), Lamivudine (3TC), Efavirenz (EFV), Lopinavir'(LPV), Atazanavir (ATV), Derunavir (DRV), Raltegravir (RAL), Elvitegravir(EVG), Dolutagravir (DTG), Bictegravir (BIC), cabotagravir (CAB), Lenacapavir (LEN)"
37029656,1,Does the paper report HIV sequences from patient samples?,"We conducted a time-trend, single-centre study over the period 2009--19 on adult naive PLWH with a genotypic resistance test (GRT) performed before the ART initiation.",The study aimed to evaluate the prevalence trend of transmitted INSTI drug resistance and to assess factors associated with transmitted INSTI resistance among ART-naive PLWH over the past decade. The study involved analyzing patient samples.,Yes
37029656,2,Does the paper report in vitro drug susceptibility data?,The degree of resistance to each INSTI drug was calculated using the Genotypic Resistance Interpretation Algorithm of the Stanford HIV Drug Resistance Database Program (version 9.1.1).,"The study used the Genotypic Resistance Interpretation Algorithm to calculate the degree of resistance to each INSTI drug, which implies the analysis of in vitro drug susceptibility data.",Yes
37029656,3,Were sequences from the paper made publicly available?,Not reported,The study did not provide information on whether sequences were made publicly available.,No
37029656,4,What were the GenBank accession numbers for sequenced HIV isolates?,Not reported,The study did not provide the GenBank accession numbers for sequenced HIV isolates.,No
37029656,5,How many individuals had samples obtained for HIV sequencing?,"Overall, 1223 ART-naive PLWH were evaluated.",The study involved analyzing patient samples.,1223
37029656,6,From which countries were the sequenced samples obtained?,"Overall, 1223 ART-naive PLWH were evaluated: 1109 (90.7%) were male, 860 (70.3%) were MSM and the median age was 37 (IQR, 30--45) years.",The study did not explicitly mention the countries from which the sequenced samples were obtained.,No
37029656,7,From what years were the sequenced samples obtained?,"We conducted a time-trend, single-centre study over the period 2009--19.",The study involved analyzing patient samples over the period 2009--19.,2009--19
37029656,8,Were samples cloned prior to sequencing?,Not reported,The study did not provide information on whether samples were cloned prior to sequencing.,No
37029656,9,Which HIV genes were reported to have been sequenced?,Not reported,The study did not provide information on the HIV genes that were sequenced.,No
37029656,10,What method was used for sequencing?,Not reported,The study did not provide information on the sequencing method used.,No
37029656,11,What type of samples were sequenced?,Not reported,The study did not provide information on the type of samples that were sequenced.,No
37029656,12,Were any sequences obtained from individuals with virological failure on a treatment regimen?,Not reported,The study did not provide information on whether sequences were obtained from individuals with virological failure on a treatment regimen.,No
37029656,13,Were the patients in the study in a clinical trial?,Not reported,The study did not provide information on whether the patients were in a clinical trial.,No
37029656,14,Does the paper report HIV sequences from individuals who had previously received ARV drugs?,The median time to ART initiation was 2.9 (1.3--20.2) months; GRT was performed after a median time of 1.2 (0.5--2.9) months once diagnosed with HIV infection.,"The study involved analyzing patient samples before ART initiation, implying that the individuals had not previously received ARV drugs.",No
37029656,15,Which drug classes were received by individuals in the study before sample sequencing?,Not reported,The study did not provide information on the drug classes received by individuals in the study before sample sequencing.,No
37029656,16,Which drugs were received by individuals in the study before sample sequencing?,Not reported,The study did not provide information on the drugs received by individuals in the study before sample sequencing.,No
37039023,1,Does the paper report HIV sequences from patient samples?,"Forty-six HIV+ patients from RJ and 40 HIV+ patients from RS were included in this study. Most patients in RJ (73.9%) were male, whereas most patients in RS (62.5%) were female. The patients from both cities had similar characteristics, like median age, time of treatment and therapy initiation (from HIV diagnosis to ART start) (Table 1 ). Most patients (RJ, 76.1%; RS, 95.0%) reported being infected through sexual transmission.","The paper reports the clinical profile of patients, including demographic information and mode of transmission. This suggests that the paper does involve patient samples.",Yes
37039023,2,Does the paper report in vitro drug susceptibility data?,The paper does not report in vitro drug susceptibility data.,"The paper focuses on the genetic composition of the HIV near full-length genome (NFLG) from archived proviruses of patients under successful antiretroviral therapy (ART), and the presence/frequency of drug resistance mutations (DRMs). There is no mention of in vitro drug susceptibility data.",No
37039023,3,Were sequences from the paper made publicly available?,Not reported,The paper does not mention the public availability of the sequences.,No
37039023,4,What were the GenBank accession numbers for sequenced HIV isolates?,Not reported,The paper does not provide the GenBank accession numbers for sequenced HIV isolates.,No
37039023,5,How many individuals had samples obtained for HIV sequencing?,Forty-six HIV+ patients from RJ and 40 HIV+ patients from RS were included in this study.,The paper reports the number of patients included in the study.,86
37039023,6,From which countries were the sequenced samples obtained?,"The patients from both cities had similar characteristics, like median age, time of treatment and therapy initiation (from HIV diagnosis to ART start) (Table 1 ). Most patients (RJ, 76.1%; RS, 95.0%) reported being infected through sexual transmission.","The paper mentions the cities of Rio de Janeiro (RJ) and Rio Grande (RS), which are located in Brazil.",Brazil
37039023,7,From what years were the sequenced samples obtained?,,,2016-2018
37039023,8,Were samples cloned prior to sequencing?,Not reported,The paper does not mention the cloning of samples prior to sequencing.,No
37039023,9,Which HIV genes were reported to have been sequenced?,"Protease, reverse transcriptase, integrase and envelope regions are known to harbour antiretroviral resistance mutations, and all 86 study samples had at least one of these regions analysed.","The paper reports the sequencing of various HIV genes, including protease, reverse transcriptase, integrase, and envelope regions.","Protease, Reverse transcriptase, Integrase, Envelope"
37039023,10,What method was used for sequencing?,"The purified PCR fragments were diluted to 0.4 ng/¬µL and pooled per sample for genomic library construction with the Nextera XT DNA Sample Preparation kit (Illumina, Inc, San Diego, CA, USA). Libraries were quantified in Qubit 3 (Life Technologies, Carlsbad, CA, USA) and sequenced using the Illumina MiSeq platform with a paired-end 2‚Ää√ó‚Ää251 protocol.",The paper reports the use of Illumina MiSeq platform for sequencing.,Illumina sequencing
37039023,11,What type of samples were sequenced?,"All samples were centrifuged to separate plasma and peripheral blood cells. PureLink Genomic DNA Mini Kit (Thermo Fisher Scientific, Waltham, MA, USA) was used to extract DNA from the blood cells (including the integrated HIV proviral genome), according to the manufacturer's instructions.",The paper reports the extraction of DNA from peripheral blood cells.,Peripheral blood cells
37039023,12,Were any sequences obtained from individuals with virological failure on a treatment regimen?,All patients maintained their successful treatment despite the high prevalence of DRMs at low (62.5%) or high (37.5%) frequency.,"The paper reports the successful treatment of all patients, indicating that there was no virological failure.",No
37039023,13,Were the patients in the study in a clinical trial?,Not reported,The paper does not mention the patients being part of a clinical trial.,No
37039023,14,Does the paper report HIV sequences from individuals who had previously received ARV drugs?,"The most prevalent therapeutic regimen combination used was tenofovir disoproxil fumarate (TDF), lamivudine (3TC) and efavirenz (EFV) (TDF‚Ää+‚Ää3TC‚Ää+‚ÄäEFV), accounting for 55.8% ( *n* =‚Ää48) of patients included.",The paper reports the use of antiretroviral therapy (ART) by the patients.,Yes
37039023,15,Which drug classes were received by individuals in the study before sample sequencing?,"The most prevalent therapeutic regimen combination used was tenofovir disoproxil fumarate (TDF), lamivudine (3TC) and efavirenz (EFV) (TDF‚Ää+‚Ää3TC‚Ää+‚ÄäEFV), accounting for 55.8% ( *n* =‚Ää48) of patients included.","The paper reports the use of NRTI, NNRTI, and PI by the patients.","NRTI, NNRTI, PI"
37039023,16,Which drugs were received by individuals in the study before sample sequencing?,"The most prevalent therapeutic regimen combination used was tenofovir disoproxil fumarate (TDF), lamivudine (3TC) and efavirenz (EFV) (TDF‚Ää+‚Ää3TC‚Ää+‚ÄäEFV), accounting for 55.8% ( *n* =‚Ää48) of patients included.",The paper reports the use of specific drugs by the patients.,"Tenofovir disoproxil fumarate (TDF), Lamivudine (3TC), Efavirenz (EFV)"
37042390,1,Does the paper report HIV sequences from patient samples?,"Eighty-seven patients were started on third-line ART between July 2016 and December 2019. Out of the 87 patients, 2 were initiated on third-line therapy from a private clinic and were not on the standardized third-line treatment recommended by the programme, thus only 85 patients were included in the analysis.",The paper reports the long-term treatment outcome and mutational analysis of patients on third-line antiretroviral therapy in programmatic conditions. The study included 85 patients who were started on third-line ART between July 2016 and December 2019.,Yes
37042390,2,Does the paper report in vitro drug susceptibility data?,,The paper does not report in vitro drug susceptibility data.,No
37042390,3,Were sequences from the paper made publicly available?,,The paper does not report that the sequences were made publicly available.,No
37042390,4,What were the GenBank accession numbers for sequenced HIV isolates?,,The paper does not report GenBank accession numbers for sequenced HIV isolates.,No
37042390,5,How many individuals had samples obtained for HIV sequencing?,Eighty-seven patients were started on third-line ART between July 2016 and December 2019.,The paper reports that 87 patients had samples obtained for HIV sequencing.,87
37042390,6,From which countries were the sequenced samples obtained?,"CoE, BHU has one of the largest ART centres in the eastern part of the country, serving 4550 PLHIV from states of Uttar Pradesh, Bihar, Madhya Pradesh and Jharkhand.",The paper reports that the sequenced samples were obtained from patients in India.,India
37042390,7,From what years were the sequenced samples obtained?,,,2016-2019
37042390,8,Were samples cloned prior to sequencing?,,The paper does not report the cloning of samples prior to sequencing.,No
37042390,9,Which HIV genes were reported to have been sequenced?,Amplification of complete PR (codons 1 to 99) and partial RT (codons 1 to 256) regions of the *pol* gene was performed by a previously published method.,The paper reports the sequencing of the protease (PR) and reverse transcriptase (RT) genes.,"Protease, PR; Reverse transcriptase, RT"
37042390,10,What method was used for sequencing?,Amplification of complete PR (codons 1 to 99) and partial RT (codons 1 to 256) regions of the *pol* gene was performed by a previously published method.,The paper reports the use of Sanger sequencing for the amplification of the PR and RT genes.,Sanger sequencing
37042390,11,What type of samples were sequenced?,"Whole blood was collected from patients into EDTA tubes and used for CD4 estimation; in parallel, plasma was separated following centrifugation at 2000 rpm at 4¬∞C for 10 min and stored at ‚àí80¬∞C until viral RNA isolation.",The paper reports the sequencing of whole blood and plasma samples.,Whole Blood; Plasma
37042390,12,Were any sequences obtained from individuals with virological failure on a treatment regimen?,"Out of 13 patients who did not attain virological suppression at 12 months, genotyping could be done in only 12.",The paper reports the sequencing of samples from individuals with virological failure on a treatment regimen.,Yes
37042390,13,Were the patients in the study in a clinical trial?,,The paper does not report that the patients in the study were in a clinical trial.,No
37042390,14,Does the paper report HIV sequences from individuals who had previously received ARV drugs?,"At the start of third-line therapy, 35% (14/40) of these patients had major mutations associated with the IN gene: \[E92D ( *n* =‚Ää5); T66P ( *n* =‚Ää2); Y143C/S/ *N* ( *n* =‚Ää7); N155H/T ( *n* =‚Ää4); Q148K/L ( *n* =‚Ää2); G140A ( *n* =‚Ää1); and G118R ( *n* =‚Ää1)\].",The paper reports the sequencing of samples from individuals who had previously received ARV drugs.,Yes
37042390,15,Which drug classes were received by individuals in the study before sample sequencing?,"At the start of third-line therapy, the initial regimen for third-line therapy was raltegravir (400 mg)‚Ää+‚Äädarunavir (600 mg)‚Ää+‚Ääritonavir (100 mg); given as one tablet twice daily.",The paper reports that the individuals in the study received INSTI (Integrase Inhibitor) and PI (Protease Inhibitor) before sample sequencing.,"INSTI, PI"
37042390,16,Which drugs were received by individuals in the study before sample sequencing?,"At the start of third-line therapy, the initial regimen for third-line therapy was raltegravir (400 mg)‚Ää+‚Äädarunavir (600 mg)‚Ää+‚Ääritonavir (100 mg); given as one tablet twice daily.",The paper reports that the individuals in the study received raltegravir and darunavir before sample sequencing.,"Raltegravir, Darunavir"
37052343,1,Does the paper report HIV sequences from patient samples?,Not reported.,The paper does not mention the sequencing of HIV samples from patients.,No
37052343,2,Does the paper report in vitro drug susceptibility data?,Not reported.,The paper does not mention in vitro drug susceptibility data.,No
37052343,3,Were sequences from the paper made publicly available?,Not reported.,The paper does not mention the sequences being made publicly available.,No
37052343,4,What were the GenBank accession numbers for sequenced HIV isolates?,Not reported.,The paper does not mention GenBank accession numbers for sequenced HIV isolates.,No
37052343,5,How many individuals had samples obtained for HIV sequencing?,Not reported.,The paper does not mention the number of individuals with samples obtained for HIV sequencing.,0
37052343,6,From which countries were the sequenced samples obtained?,Not reported.,The paper does not mention the countries from which the sequenced samples were obtained.,No
37052343,7,From what years were the sequenced samples obtained?,Not reported.,The paper does not mention the years from which the sequenced samples were obtained.,No
37052343,8,Were samples cloned prior to sequencing?,Not reported.,The paper does not mention the cloning of samples prior to sequencing.,No
37052343,9,Which HIV genes were reported to have been sequenced?,Not reported.,The paper does not mention the sequencing of HIV genes.,No
37052343,10,What method was used for sequencing?,Not reported.,The paper does not mention the sequencing method used.,No
37052343,11,What type of samples were sequenced?,Not reported.,The paper does not mention the type of samples sequenced.,No
37052343,12,Were any sequences obtained from individuals with virological failure on a treatment regimen?,Not reported.,The paper does not mention sequences obtained from individuals with virological failure on a treatment regimen.,No
37052343,13,Were the patients in the study in a clinical trial?,Not reported.,The paper does not mention the patients being in a clinical trial.,No
37052343,14,Does the paper report HIV sequences from individuals who had previously received ARV drugs?,Not reported.,The paper does not mention HIV sequences from individuals who had previously received ARV drugs.,No
37052343,15,Which drug classes were received by individuals in the study before sample sequencing?,Not reported.,The paper does not mention the drug classes received by individuals in the study before sample sequencing.,No
37052343,16,Which drugs were received by individuals in the study before sample sequencing?,Not reported.,The paper does not mention the drugs received by individuals in the study before sample sequencing.,No
37071019,1,Does the paper report HIV sequences from patient samples?,"The paper does not report HIV sequences from patient samples. Instead, it focuses on characterizing the G118R plus R263K combination of integrase mutations in cell-free and cell-based assays.",The paper's abstract and results section do not mention the use of patient samples for sequencing. The study's focus is on understanding the mechanisms of action of the G118R plus R263K combination of integrase mutations.,No
37071019,2,Does the paper report in vitro drug susceptibility data?,The paper reports in vitro drug susceptibility data for the G118R plus R263K combination of integrase mutations. The authors performed single-cycle infectivity and multicycle replication assays to measure the susceptibility of the virus to dolutegravir (DTG) and bictegravir (BIC).,The paper's results section includes data on the susceptibility of the G118R plus R263K combination of integrase mutations to DTG and BIC. The authors used TZM-bl reporter cells to measure the infectivity and replication capacity of the virus in the presence of the drugs.,Yes
37071019,3,Were sequences from the paper made publicly available?,Not reported,The paper does not provide information on whether the sequences were made publicly available.,No
37071019,4,What were the GenBank accession numbers for sequenced HIV isolates?,Not reported,The paper does not provide GenBank accession numbers for sequenced HIV isolates.,No
37071019,5,How many individuals had samples obtained for HIV sequencing?,Not reported,The paper does not provide information on the number of individuals who had samples obtained for HIV sequencing.,0
37071019,6,From which countries were the sequenced samples obtained?,Not reported,The paper does not provide information on the countries from which the sequenced samples were obtained.,No
37071019,7,From what years were the sequenced samples obtained?,Not reported,The paper does not provide information on the years from which the sequenced samples were obtained.,No
37071019,8,Were samples cloned prior to sequencing?,Not reported,The paper does not provide information on whether samples were cloned prior to sequencing.,No
37071019,9,Which HIV genes were reported to have been sequenced?,Not reported,The paper does not mention the sequencing of specific HIV genes.,No
37071019,10,What method was used for sequencing?,Not reported,The paper does not mention the sequencing method used.,No
37071019,11,What type of samples were sequenced?,Not reported,The paper does not provide information on the type of samples that were sequenced.,No
37071019,12,Were any sequences obtained from individuals with virological failure on a treatment regimen?,The paper reports on the characterization of the G118R plus R263K combination of integrase mutations in individuals who experienced virological failure on a dolutegravir (DTG)-based treatment regimen.,The paper's results section includes data on the G118R plus R263K combination of integrase mutations in individuals who experienced virological failure on a DTG-based treatment regimen.,Yes
37071019,13,Were the patients in the study in a clinical trial?,The paper mentions that the G118R plus R263K combination of integrase mutations was reported in three participants in the DAWNING clinical trial.,The paper's results section includes data on the G118R plus R263K combination of integrase mutations in individuals who participated in the DAWNING clinical trial.,Yes
37071019,14,Does the paper report HIV sequences from individuals who had previously received ARV drugs?,The paper reports on the characterization of the G118R plus R263K combination of integrase mutations in individuals who experienced virological failure on a dolutegravir (DTG)-based treatment regimen.,The paper's results section includes data on the G118R plus R263K combination of integrase mutations in individuals who experienced virological failure on a DTG-based treatment regimen.,Yes
37071019,15,Which drug classes were received by individuals in the study before sample sequencing?,The paper mentions that the individuals in the study received dolutegravir (DTG) as part of their treatment regimen.,The paper's results section includes data on the G118R plus R263K combination of integrase mutations in individuals who experienced virological failure on a DTG-based treatment regimen.,"INSTI (Integrase Inhibitor), including Dolutegravir (DTG)"
37071019,16,Which drugs were received by individuals in the study before sample sequencing?,The paper mentions that the individuals in the study received dolutegravir (DTG) as part of their treatment regimen.,The paper's results section includes data on the G118R plus R263K combination of integrase mutations in individuals who experienced virological failure on a DTG-based treatment regimen.,Dolutegravir (DTG)
37085698,1,Does the paper report HIV sequences from patient samples?,This was a cross-sectional study involving isolation of HIV-1 from plasma of 49 newly diagnosed drug-naive HIV-1 infected individuals in Addis-Ababa during the period between June to December 2018.,The study aimed to assess INSTI RMs and polymorphisms at the gene locus coding for Integrase (IN) among viral isolates from ART-naive HIV-1 infected Ethiopian population.,Yes
37085698,2,Does the paper report in vitro drug susceptibility data?,The susceptibility of HIV to ARV drugs was determined using the HIVdb program (http://hivdb.stanford.edu).,The study used the calibrated population resistance tool version 8.0 from Stanford HIV drug resistance database to examine INSTIs RMs.,Yes
37085698,3,Were sequences from the paper made publicly available?,All nucleotide sequences from this study have been deposited in the Genbank (ncbi) repository with accession numbers from MW560010 to MW560058.,The study provided information on the availability of the sequences.,Yes
37085698,4,What were the GenBank accession numbers for sequenced HIV isolates?,All isolates are deposited in GenBank with accession number MW560010 to MW560058.,The study provided the accession numbers for the sequenced HIV isolates.,MW560010 to MW560058
37085698,5,How many individuals had samples obtained for HIV sequencing?,The study involved the isolation of HIV-1 from plasma of 49 newly diagnosed drug-naive HIV-1 infected individuals.,The study population consisted of 49 individuals.,49
37085698,6,From which countries were the sequenced samples obtained?,The study was conducted in Ethiopia.,"The study population consisted of 49 newly diagnosed drug-naive HIV-1 infected individuals in Addis-Ababa, Ethiopia.",Ethiopia
37085698,7,From what years were the sequenced samples obtained?,The study was conducted from June to December 2018.,"The study population consisted of 49 newly diagnosed drug-naive HIV-1 infected individuals in Addis-Ababa, Ethiopia, during the specified period.",2018
37085698,8,Were samples cloned prior to sequencing?,The study did not mention cloning prior to sequencing.,"The study provided information on the laboratory procedures, but cloning was not mentioned.",No
37085698,9,Which HIV genes were reported to have been sequenced?,"Near full-length HIV-1 IN region, (263 codons) of the 49 study participants were successfully sequenced and analyzed.",The study focused on the IN gene region.,Integrase (IN)
37085698,10,What method was used for sequencing?,The study used Sanger DNA sequencing.,The study mentioned the use of Sanger DNA sequencing for sequencing purposes.,Sanger sequencing
37085698,11,What type of samples were sequenced?,The study involved the isolation of HIV-1 from plasma of 49 newly diagnosed drug-naive HIV-1 infected individuals.,The study population consisted of plasma samples from newly diagnosed drug-naive HIV-1 infected individuals.,Plasma
37085698,12,Were any sequences obtained from individuals with virological failure on a treatment regimen?,The study population consisted of ART-naive HIV-1 infected individuals.,"The study population was ART-naive, indicating that they had not received treatment prior to sample sequencing.",No
37085698,13,Were the patients in the study in a clinical trial?,The study was a cross-sectional study involving the isolation of HIV-1 from plasma of 49 newly diagnosed drug-naive HIV-1 infected individuals.,"The study design was observational, not a clinical trial.",No
37085698,14,Does the paper report HIV sequences from individuals who had previously received ARV drugs?,The study population consisted of ART-naive HIV-1 infected individuals.,"The study population was ART-naive, indicating that they had not received treatment prior to sample sequencing.",No
37085698,15,Which drug classes were received by individuals in the study before sample sequencing?,The study population consisted of ART-naive HIV-1 infected individuals.,"The study population was ART-naive, indicating that they had not received treatment prior to sample sequencing.","NRTI, NNRTI, PI, INSTI"
37085698,16,Which drugs were received by individuals in the study before sample sequencing?,The study population consisted of ART-naive HIV-1 infected individuals.,"The study population was ART-naive, indicating that they had not received treatment prior to sample sequencing.","NRTI (Abacavir, Zidovudine, Zalcitabine, Didanosine, Lamivudine, Stavudine, Emtricitabine, Tenofovir), NNRTI (Nevirapine, Delavirdine, Efavirenz, Etravirine, Rilpivirine, Doravirine), PI (Amprenavir, Lopinavir, Atazanavir, Derunavir), INSTI (Raltegravir, Elvitegravir, Dolutegravir, Bictegravir, cabotegravir, Lenacapavir)"
37104815,1,Does the paper report HIV sequences from patient samples?,The paper reports the results of ultrasensitive virological analyses of reservoirs and resistance in the context of an intermittent maintenance strategy.,"The paper mentions that HIV total DNA was measured using the real-time PCR kit GENERIC HIVDNA Cell ^¬Æ^ (Biocentric ^¬Æ^, Bandol, France), and that Sanger and ultra-deep sequencing (UDS) were performed on the HIV-1 genome (Illumina technology) according to the ANRS consensus.",Yes
37104815,2,Does the paper report in vitro drug susceptibility data?,The paper does not report in vitro drug susceptibility data.,"The paper focuses on the virological impact of an intermittent strategy, including the measurement of HIV total DNA, ultra-sensitive plasma viral load (USpVL), and semen VL, but it does not report in vitro drug susceptibility data.",No
37104815,3,Were sequences from the paper made publicly available?,Not reported,The paper does not provide information on whether sequences from the paper were made publicly available.,No
37104815,4,What were the GenBank accession numbers for sequenced HIV isolates?,Not reported,The paper does not provide the GenBank accession numbers for sequenced HIV isolates.,No
37104815,5,How many individuals had samples obtained for HIV sequencing?,Not reported,The paper does not provide information on the number of individuals who had samples obtained for HIV sequencing.,0
37104815,6,From which countries were the sequenced samples obtained?,Not reported,The paper does not provide information on the countries from which the sequenced samples were obtained.,No
37104815,7,From what years were the sequenced samples obtained?,Not reported,The paper does not provide information on the years from which the sequenced samples were obtained.,No
37104815,8,Were samples cloned prior to sequencing?,Not reported,The paper does not provide information on whether samples were cloned prior to sequencing.,No
37104815,9,Which HIV genes were reported to have been sequenced?,"The paper reports the sequencing of the reverse transcriptase (RT), protease (PR), and integrase (INT) regions.","The paper mentions that Sanger and ultra-deep sequencing (UDS) were performed for the RT, PR, and INT regions, according to the Agence Nationale de Recherche sur le SIDA et les Maladies Infectieuses Emergentes (ANRS-MIE) consensus.","Protease, RT; Reverse transcriptase, RT; Integrase, IN"
37104815,10,What method was used for sequencing?,The paper reports the use of Illumina sequencing.,The paper mentions that Sanger and ultra-deep sequencing (UDS) were performed on the HIV-1 genome (Illumina technology) according to the ANRS consensus.,Illumina sequencing
37104815,11,What type of samples were sequenced?,The paper reports the sequencing of blood samples.,"The paper mentions that blood plasma samples for ultra-sensitive plasma viral load (USpVL) were collected at D0, W4, W12, W24, W36, and W48.",Plasma
37104815,12,Were any sequences obtained from individuals with virological failure on a treatment regimen?,Yes,The paper reports the sequencing of HIV isolates from individuals with virological failure on a treatment regimen.,Yes
37104815,13,Were the patients in the study in a clinical trial?,Yes,"The paper mentions that the study was an open-label, randomized, multicentre, non-inferiority Phase III trial.",Yes
37104815,14,Does the paper report HIV sequences from individuals who had previously received ARV drugs?,Yes,The paper mentions that all participants on standard continuous triple therapy with virological suppression had their treatment switched to the intermittent strategy.,Yes
37104815,15,Which drug classes were received by individuals in the study before sample sequencing?,"NRTI, NNRTI, PI, INSTI","The paper mentions that the cART regimens were based on INSTIs for 47.1%, NNRTIs for 47.1%, and PIs for 5.8% of participants.","NRTI, NNRTI, PI, INSTI"
37104815,16,Which drugs were received by individuals in the study before sample sequencing?,"Abacavir (ABC), Zidovudine'(AZT), Zalcitabine (DDC), Didanosine (DDI), Lamivudine (3TC), Stavudine (D4T), Emtricitabine(FTC), Tenofovir (TFV), Nevirapine (NVP), Delavirdine (DLV), Efavirenz (EFV), Etravirine (ETR), Rilpivirine (RPV), Doravirine (DOR), Amprenavir (APV), Lopinavir'(LPV), Atazanavir (ATV), Derunavir (DRV), Raltegravir (RAL), Elvitegravir(EVG), Dolutagravir (DTG), Bictegravir (BIC), cabotagravir (CAB), Lenacapavir (LEN)","The paper mentions that the cART regimens were based on various drugs, including those listed above.","Abacavir (ABC), Zidovudine'(AZT), Zalcitabine (DDC), Didanosine (DDI), Lamivudine (3TC), Stavudine (D4T), Emtricitabine(FTC), Tenofovir (TFV), Nevirapine (NVP), Delavirdine (DLV), Efavirenz (EFV), Etravirine (ETR), Rilpivirine (RPV), Doravirine (DOR), Amprenavir (APV), Lopinavir'(LPV), Atazanavir (ATV), Derunavir (DRV), Raltegravir (RAL), Elvitegravir(EVG), Dolutagravir (DTG), Bictegravir (BIC), cabotagravir (CAB), Lenacapavir (LEN)"
37112971,1,Does the paper report HIV sequences from patient samples?,"We analyzed sequences and linked demographic, clinical, and epidemiological data uploaded to the RuHIV database (https://ruhiv.ru/, accessed on 1 December 2022) from 4481 treatment-na√Øve HIV-infected patients.","The paper reports that sequences were obtained from patient samples, which were uploaded to the RuHIV database.",Yes
37112971,2,Does the paper report in vitro drug susceptibility data?,Not reported.,The paper does not mention in vitro drug susceptibility data.,No
37112971,3,Were sequences from the paper made publicly available?,The data are not publicly available due to privacy policy of HIV Russian database.,The paper reports that the sequences are not publicly available due to privacy policy.,No
37112971,4,What were the GenBank accession numbers for sequenced HIV isolates?,Not reported.,The paper does not provide the GenBank accession numbers for sequenced HIV isolates.,No
37112971,5,How many individuals had samples obtained for HIV sequencing?,"We analyzed sequences and linked demographic, clinical, and epidemiological data uploaded to the RuHIV database (https://ruhiv.ru/, accessed on 1 December 2022) from 4481 treatment-na√Øve HIV-infected patients.",The paper reports that 4481 treatment-na√Øve HIV-infected patients had samples obtained for HIV sequencing.,4481
37112971,6,From which countries were the sequenced samples obtained?,Not reported.,The paper does not mention the countries from which the sequenced samples were obtained.,No
37112971,7,From what years were the sequenced samples obtained?,"The years of diagnosis based on first HIV-positive immune blotting ranged between 1997 and 2022, and blood sampling years ranged between 2006 and 2022.",The paper reports that the sequenced samples were obtained between 1997 and 2022.,1997-2022
37112971,8,Were samples cloned prior to sequencing?,Not reported.,The paper does not mention whether samples were cloned prior to sequencing.,No
37112971,9,Which HIV genes were reported to have been sequenced?,"The sequences covered the HIV-1 protease (PR), and part of the reverse transcriptase (RT) was available for all patients; additionally, sequences covering the HIV-1 integrase (INT) were available for 844 of them.","The paper reports that the sequences covered the HIV-1 protease (PR), reverse transcriptase (RT), and integrase (INT) genes.","Protease (PR), Reverse transcriptase (RT), Integrase (IN)"
37112971,10,What method was used for sequencing?,"Commercial genotyping kits (the AmpliSens ^¬Æ^ HIV-Resist-Seq kit (Central Research Institute of Epidemiology, Russia), the ViroSeq‚Ñ¢ HIV-1 Genotyping System kit (Celera Diagnostics, Alameda, CA, USA)), and in-house methods were used for RNA extraction from the blood plasma samples and Sanger-based or NGS-based (with 20% detection threshold) sequencing of the HIV pol gene regions encoding the PR-RT (2253--3369 bp according to the HXB-2 strain, GenBank accession number K03455), and the INT (4230--5093 bp according to HXB-2, GenBank accession number K03455).",The paper reports that Sanger-based or NGS-based sequencing was used.,Sanger sequencing
37112971,11,What type of samples were sequenced?,"Commercial genotyping kits (the AmpliSens ^¬Æ^ HIV-Resist-Seq kit (Central Research Institute of Epidemiology, Russia), the ViroSeq‚Ñ¢ HIV-1 Genotyping System kit (Celera Diagnostics, Alameda, CA, USA)), and in-house methods were used for RNA extraction from the blood plasma samples and Sanger-based or NGS-based (with 20% detection threshold) sequencing of the HIV pol gene regions encoding the PR-RT (2253--3369 bp according to the HXB-2 strain, GenBank accession number K03455), and the INT (4230--5093 bp according to HXB-2, GenBank accession number K03455).",The paper reports that blood plasma samples were used for sequencing.,Plasma
37112971,12,Were any sequences obtained from individuals with virological failure on a treatment regimen?,Not reported.,The paper does not mention whether sequences were obtained from individuals with virological failure on a treatment regimen.,No
37112971,13,Were the patients in the study in a clinical trial?,Not reported.,The paper does not mention whether the patients in the study were in a clinical trial.,No
37112971,14,Does the paper report HIV sequences from individuals who had previously received ARV drugs?,Not reported.,The paper does not mention whether HIV sequences were obtained from individuals who had previously received ARV drugs.,No
37112971,15,Which drug classes were received by individuals in the study before sample sequencing?,"The sequences were obtained as a part of routine HIV DR testing, research and clinical projects, and outbreak investigations from 2006 to 2022 in ten laboratories in different regions in Russia.",The paper reports that the sequences were obtained from individuals who had not received any drug classes before sample sequencing.,No
37112971,16,Which drugs were received by individuals in the study before sample sequencing?,Not reported.,The paper does not mention which drugs were received by individuals in the study before sample sequencing.,No
37147875,1,Does the paper report HIV sequences from patient samples?,"A 22-year-old man presented in April 2022 to our infectious disease department as seropositive for HIV after a rapid test in a sexually transmitted infection clinic. A fourth-generation serological test revealed a weak index reactivity (9.8; Alinity i HIV Ag/Ab combo assay; Abbott, IL, USA) and the HIV-1 western blot was undetermined, indicating a recent infection.","The paper reports the sequencing of HIV from a patient sample, which is a 22-year-old man who was recently infected with HIV.",Yes
37147875,2,Does the paper report in vitro drug susceptibility data?,"Pham *et al*., using an infectious molecular clone with the insertion of S230R by site-directed mutagenesis, showed that this mutation conferred a 63% reduction in integrase enzyme efficiency and a fold change in mean IC ~50~ of 3.85, 3.72, 1.52 and 1.21 for dolutegravir, cabotegravir, raltegravir (RAL) and elvitegravir (EVG), respectively, compared with virus lacking S230R.","The paper reports in vitro drug susceptibility data, which is the effect of the S230R mutation on the integrase enzyme efficiency and the fold change in mean IC ~50~ for different integrase inhibitors.",Yes
37147875,3,Were sequences from the paper made publicly available?,Not reported,The paper does not provide information about whether the sequences were made publicly available.,No
37147875,4,What were the GenBank accession numbers for sequenced HIV isolates?,Not reported,The paper does not provide the GenBank accession numbers for the sequenced HIV isolates.,No
37147875,5,How many individuals had samples obtained for HIV sequencing?,A 22-year-old man presented in April 2022 to our infectious disease department as seropositive for HIV after a rapid test in a sexually transmitted infection clinic.,The paper reports the sequencing of a single patient sample.,1
37147875,6,From which countries were the sequenced samples obtained?,Not Found,The paper does not provide information about the countries from which the sequenced samples were obtained.,No
37147875,7,From what years were the sequenced samples obtained?,Not Found,The paper does not provide information about the years from which the sequenced samples were obtained.,No
37147875,8,Were samples cloned prior to sequencing?,Not reported,The paper does not provide information about whether the samples were cloned prior to sequencing.,No
37147875,9,Which HIV genes were reported to have been sequenced?,"NGS allowed us to obtain a mean coverage of 41 258 per nucleotide position for the protease region, of 17 032 for RT and of 16 345 for integrase.","The paper reports the sequencing of the protease, reverse transcriptase, and integrase genes.","Protease, RT, IN"
37147875,10,What method was used for sequencing?,"NGS allowed us to obtain a mean coverage of 41 258 per nucleotide position for the protease region, of 17 032 for RT and of 16 345 for integrase.",The paper reports the use of next-generation sequencing (NGS) for sequencing.,Illumina sequencing
37147875,11,What type of samples were sequenced?,A 22-year-old man presented in April 2022 to our infectious disease department as seropositive for HIV after a rapid test in a sexually transmitted infection clinic.,"The paper reports the sequencing of a patient sample, which is a 22-year-old man who was recently infected with HIV.",Plasma
37147875,12,Were any sequences obtained from individuals with virological failure on a treatment regimen?,Not reported,The paper does not provide information about whether any sequences were obtained from individuals with virological failure on a treatment regimen.,No
37147875,13,Were the patients in the study in a clinical trial?,Not reported,The paper does not provide information about whether the patients in the study were in a clinical trial.,No
37147875,14,Does the paper report HIV sequences from individuals who had previously received ARV drugs?,The patient was infected through homosexual contact and started on a dolutegravir (DTG) + emtricitabine (FTC) + tenofovir disoproxil fumarate (TDF) regimen 7‚ÄÖdays after diagnosis.,"The paper reports that the patient had previously received ARV drugs, specifically dolutegravir, emtricitabine, and tenofovir disoproxil fumarate.",Yes
37147875,15,Which drug classes were received by individuals in the study before sample sequencing?,The patient was infected through homosexual contact and started on a dolutegravir (DTG) + emtricitabine (FTC) + tenofovir disoproxil fumarate (TDF) regimen 7‚ÄÖdays after diagnosis.,The paper reports that the patient received INSTI before sample sequencing.,INSTI
37147875,16,Which drugs were received by individuals in the study before sample sequencing?,The patient was infected through homosexual contact and started on a dolutegravir (DTG) + emtricitabine (FTC) + tenofovir disoproxil fumarate (TDF) regimen 7‚ÄÖdays after diagnosis.,"The paper reports that the patient received dolutegravir, emtricitabine, and tenofovir disoproxil fumarate before sample sequencing.","DTG, FTC, TDF"
37272233,1,Does the paper report HIV sequences from patient samples?,"A total of 248 PWH were analyzed, and ARV resistance was detected in 30 of them (12.1%).","The paper does not explicitly mention the sequencing of HIV sequences from patient samples. However, it does mention the analysis of ARV resistance mutations, which suggests that HIV sequences were obtained from patient samples.",Yes
37272233,2,Does the paper report in vitro drug susceptibility data?,The paper does not mention in vitro drug susceptibility data.,"The paper focuses on the analysis of ARV resistance mutations in patient samples, but it does not provide information on in vitro drug susceptibility data.",No
37272233,3,Were sequences from the paper made publicly available?,Not reported,The paper does not provide information on whether sequences were made publicly available.,No
37272233,4,What were the GenBank accession numbers for sequenced HIV isolates?,Not reported,The paper does not provide GenBank accession numbers for sequenced HIV isolates.,No
37272233,5,How many individuals had samples obtained for HIV sequencing?,A total of 248 PWH were analyzed.,The paper does not provide information on the number of individuals who had samples obtained for HIV sequencing.,248
37272233,6,From which countries were the sequenced samples obtained?,Not reported,The paper does not provide information on the countries from which the sequenced samples were obtained.,No
37272233,7,From what years were the sequenced samples obtained?,The study period was from January 2010 to December 2020.,"The paper does not provide specific information on the years from which the sequenced samples were obtained, but it does mention the study period.",2010-2020
37272233,8,Were samples cloned prior to sequencing?,Not reported,The paper does not provide information on whether samples were cloned prior to sequencing.,No
37272233,9,Which HIV genes were reported to have been sequenced?,The study population was divided into three-year intervals according to diagnosed year and their clinical characteristics were compared.,"The paper does not explicitly mention the sequencing of specific HIV genes. However, it does mention the analysis of ARV resistance mutations, which suggests that the sequencing of the HIV pol gene (which contains the protease, reverse transcriptase, and integrase genes) was performed.","Protease, Reverse transcriptase, and Integrase"
37272233,10,What method was used for sequencing?,The paper does not explicitly mention the sequencing method used.,The paper does not provide information on the sequencing method used.,No
37272233,11,What type of samples were sequenced?,The study population was divided into three-year intervals according to diagnosed year and their clinical characteristics were compared.,"The paper does not explicitly mention the type of samples sequenced. However, it does mention the analysis of ARV resistance mutations in patient samples.",Plasma
37272233,12,Were any sequences obtained from individuals with virological failure on a treatment regimen?,Not reported,The paper does not provide information on whether sequences were obtained from individuals with virological failure on a treatment regimen.,No
37272233,13,Were the patients in the study in a clinical trial?,The study protocol was reviewed and approved by the Institutional Review Board (IRB) of Boramae Medical Center.,"The paper does not explicitly mention that the patients were in a clinical trial. However, it does mention the Institutional Review Board (IRB) approval, which suggests that the study was conducted in a clinical setting.",No
37272233,14,Does the paper report HIV sequences from individuals who had previously received ARV drugs?,The study population was divided into three-year intervals according to diagnosed year and their clinical characteristics were compared.,"The paper does not explicitly mention the sequencing of HIV sequences from individuals who had previously received ARV drugs. However, it does mention the analysis of ARV resistance mutations in patient samples.",Yes
37272233,15,Which drug classes were received by individuals in the study before sample sequencing?,The study population was divided into three-year intervals according to diagnosed year and their clinical characteristics were compared.,"The paper does not explicitly mention the drug classes received by individuals in the study before sample sequencing. However, it does mention the analysis of ARV resistance mutations in patient samples.","NRTI, NNRTI, PI, INSTI"
37272233,16,Which drugs were received by individuals in the study before sample sequencing?,The study population was divided into three-year intervals according to diagnosed year and their clinical characteristics were compared.,"The paper does not explicitly mention the specific drugs received by individuals in the study before sample sequencing. However, it does mention the analysis of ARV resistance mutations in patient samples.","Abacavir (ABC), Zidovudine (AZT), Zalcitabine (DDC), Didanosine (DDI), Lamivudine (3TC), Stavudine (D4T), Emtricitabine (FTC), Tenofovir (TFV), Nevirapine (NVP), Delavirdine (DLV), Efavirenz (EFV), Etravirine (ETR), Rilpivirine (RPV), Doravirine (DOR), Amprenavir (APV), Lopinavir (LPV), Atazanavir (ATV), Derunavir (DRV), Raltegravir (RAL), Elvitegravir (EVG), Dolutegravir (DTG), Bictegravir (BIC), cabotegravir (CAB), Lenacapavir (LEN)"
37279764,1,Does the paper report HIV sequences from patient samples?,"In this study, we collected the blood samples and demographic data of newly diagnosed patients enrolled at Shenzhen from January 2011 to December 2019.","The paper mentions that blood samples were collected from newly diagnosed patients, which implies that the samples were obtained from patient samples.",Yes
37279764,2,Does the paper report in vitro drug susceptibility data?,The sensitivities of viruses to six antiretroviral drugs were decreased.,"The paper mentions that the sensitivities of viruses to six antiretroviral drugs were decreased, but it does not provide in vitro drug susceptibility data.",No
37279764,3,Were sequences from the paper made publicly available?,Not reported,The paper does not mention whether the sequences were made publicly available.,No
37279764,4,What were the GenBank accession numbers for sequenced HIV isolates?,"All available HIV-1 sequences covered a partial pol gene region (HXB2: 2252‚Äì3255). GenBank accession no. MW947591‚ÄìMW957968, OP058117‚ÄìOP058658.",The paper provides the GenBank accession numbers for the sequenced HIV isolates.,"MW947591�MW957968, OP058117�OP058658"
37279764,5,How many individuals had samples obtained for HIV sequencing?,A total of 12‚Ää320 participants with demographic data and partial pol sequences were included in this study.,"The paper mentions that 12,320 participants were included in the study.",12320
37279764,6,From which countries were the sequenced samples obtained?,"The study was conducted according to the guidelines of the Declaration of Helsinki and approved by the Institutional Review Board of the Beijing Institute of Microbiology and Epidemiology (No. X190311577, approval date: 11 March 2019) and Shenzhen Center for Disease Prevention and Control (No. QS2021070037, approval date: 4 November 2021).","The paper mentions that the study was conducted in Shenzhen, China.",China
37279764,7,From what years were the sequenced samples obtained?,"In this study, we collected the blood samples and demographic data of newly diagnosed patients enrolled at Shenzhen from January 2011 to December 2019.",The paper mentions that the samples were collected from January 2011 to December 2019.,2011-2019
37279764,8,Were samples cloned prior to sequencing?,Not reported,The paper does not mention whether the samples were cloned prior to sequencing.,No
37279764,9,Which HIV genes were reported to have been sequenced?,The HIV-1 molecular transmission networks were inferred to analyse the spread of TDR. A phylogenetic tree was constructed by the neighbour-joining method based on the Kimura 2-parameter model with 1000 bootstrap replicates in MEGA6.,The paper mentions that the phylogenetic tree was constructed based on the partial pol gene region (HXB2: 2252‚Äì3255).,"Protease, Reverse transcriptase, Integrase"
37279764,10,What method was used for sequencing?,"Nucleic acid extraction, PCR amplification work-up and sequencing were performed essentially as described previously.","The paper mentions that the sequencing method was not explicitly stated, but it was performed essentially as described previously.",Sanger sequencing
37279764,11,What type of samples were sequenced?,"In this study, we collected the blood samples and demographic data of newly diagnosed patients enrolled at Shenzhen from January 2011 to December 2019.",The paper mentions that blood samples were collected from newly diagnosed patients.,Blood samples
37279764,12,Were any sequences obtained from individuals with virological failure on a treatment regimen?,All included patients provided written informed consent. All individuals were treatment naive at enrolment.,The paper mentions that all individuals were treatment naive at enrolment.,No
37279764,13,Were the patients in the study in a clinical trial?,Not reported,The paper does not mention whether the patients were in a clinical trial.,No
37279764,14,Does the paper report HIV sequences from individuals who had previously received ARV drugs?,All individuals were treatment naive at enrolment.,The paper mentions that all individuals were treatment naive at enrolment.,No
37279764,15,Which drug classes were received by individuals in the study before sample sequencing?,"The proportions of TDRMs associated with nevirapine and efavirenz, which are in the first-line antiviral regimen in China, increased since 2016.",The paper mentions that nevirapine and efavirenz were in the first-line antiviral regimen in China.,NNRTI
37279764,16,Which drugs were received by individuals in the study before sample sequencing?,"The proportions of TDRMs associated with nevirapine and efavirenz, which are in the first-line antiviral regimen in China, increased since 2016.",The paper mentions that nevirapine and efavirenz were in the first-line antiviral regimen in China.,"Nevirapine, Efavirenz"
37327289,1,Does the paper report HIV sequences from patient samples?,This was a cross-sectional study that utilized 157 plasma samples obtained from HIV-1 seropositive and treatment-na√Øve FSWs between November 2020 and April 2021.,"The study aimed to analyze pretreatment drug resistance and associated risk factors in recently diagnosed and treatment-naive FSWs in Nairobi, Kenya. The study used 64 HIV-seropositive plasma samples collected from FSWs between November 2020 and April 2021.",Yes
37327289,2,Does the paper report in vitro drug susceptibility data?,The paper does not report in vitro drug susceptibility data.,The study focused on analyzing pretreatment drug resistance mutations in HIV-seropositive plasma samples collected from FSWs between November 2020 and April 2021.,No
37327289,3,Were sequences from the paper made publicly available?,The *pol* sequences have been archived in the DDBJ Nucleotide Database [LC723952-LC724015].,The study used Sanger sequencing to identify drug resistance mutations from sequencing files that were automatically interpreted by RECall.,Yes
37327289,4,What were the GenBank accession numbers for sequenced HIV isolates?,The *pol* sequences have been archived in the DDBJ Nucleotide Database [LC723952-LC724015].,The study used Sanger sequencing to identify drug resistance mutations from sequencing files that were automatically interpreted by RECall.,LC723952-LC724015
37327289,5,How many individuals had samples obtained for HIV sequencing?,The study used 64 HIV-seropositive plasma samples collected from FSWs between November 2020 and April 2021.,"The study aimed to analyze pretreatment drug resistance and associated risk factors in recently diagnosed and treatment-naive FSWs in Nairobi, Kenya.",64
37327289,6,From which countries were the sequenced samples obtained?,"The study was conducted in Nairobi, Kenya.","The study aimed to analyze pretreatment drug resistance and associated risk factors in recently diagnosed and treatment-naive FSWs in Nairobi, Kenya.",Kenya
37327289,7,From what years were the sequenced samples obtained?,The study used 64 HIV-seropositive plasma samples collected from FSWs between November 2020 and April 2021.,"The study aimed to analyze pretreatment drug resistance and associated risk factors in recently diagnosed and treatment-naive FSWs in Nairobi, Kenya.",2020-2021
37327289,8,Were samples cloned prior to sequencing?,The study used Sanger sequencing to identify drug resistance mutations from sequencing files that were automatically interpreted by RECall.,The study used Sanger sequencing to identify drug resistance mutations from sequencing files that were automatically interpreted by RECall.,No
37327289,9,Which HIV genes were reported to have been sequenced?,The *pol* gene was amplified and genotyped using Sanger sequencing.,The study used Sanger sequencing to identify drug resistance mutations from sequencing files that were automatically interpreted by RECall.,"Reverse transcriptase, RT"
37327289,10,What method was used for sequencing?,The study used Sanger sequencing to identify drug resistance mutations from sequencing files that were automatically interpreted by RECall.,The study used Sanger sequencing to identify drug resistance mutations from sequencing files that were automatically interpreted by RECall.,Sanger sequencing
37327289,11,What type of samples were sequenced?,The study used 64 HIV-seropositive plasma samples collected from FSWs between November 2020 and April 2021.,"The study aimed to analyze pretreatment drug resistance and associated risk factors in recently diagnosed and treatment-naive FSWs in Nairobi, Kenya.",Plasma
37327289,12,Were any sequences obtained from individuals with virological failure on a treatment regimen?,The study included treatment-naive FSWs.,"The study aimed to analyze pretreatment drug resistance and associated risk factors in recently diagnosed and treatment-naive FSWs in Nairobi, Kenya.",No
37327289,13,Were the patients in the study in a clinical trial?,The study was a cross-sectional study.,"The study aimed to analyze pretreatment drug resistance and associated risk factors in recently diagnosed and treatment-naive FSWs in Nairobi, Kenya.",No
37327289,14,Does the paper report HIV sequences from individuals who had previously received ARV drugs?,The study included treatment-naive FSWs.,"The study aimed to analyze pretreatment drug resistance and associated risk factors in recently diagnosed and treatment-naive FSWs in Nairobi, Kenya.",No
37327289,15,Which drug classes were received by individuals in the study before sample sequencing?,The study included treatment-naive FSWs.,"The study aimed to analyze pretreatment drug resistance and associated risk factors in recently diagnosed and treatment-naive FSWs in Nairobi, Kenya.","NRTI, NNRTI"
37327289,16,Which drugs were received by individuals in the study before sample sequencing?,The study included treatment-naive FSWs.,"The study aimed to analyze pretreatment drug resistance and associated risk factors in recently diagnosed and treatment-naive FSWs in Nairobi, Kenya.","Abacavir (ABC), Zidovudine'(AZT), Nevirapine (NVP), Efavirenz (EFV)"
37340869,1,Does the paper report HIV sequences from patient samples?,"The paper does not report HIV sequences from patient samples. Instead, it discusses the clinical utility of a combination of patient, drug concentration, and viral factors associated with virologic failure.","The paper focuses on the analysis of clinical data from patients who received cabotegravir + rilpivirine long-acting treatment, but it does not involve the sequencing of HIV samples.",No
37340869,2,Does the paper report in vitro drug susceptibility data?,The paper does not report in vitro drug susceptibility data. It focuses on the analysis of clinical data from patients who received cabotegravir + rilpivirine long-acting treatment.,"The paper discusses the predictors of virologic failure in patients receiving cabotegravir + rilpivirine long-acting treatment, but it does not involve the measurement of in vitro drug susceptibility.",No
37340869,3,Were sequences from the paper made publicly available?,Not reported,The paper does not provide information about whether the sequences were made publicly available.,No
37340869,4,What were the GenBank accession numbers for sequenced HIV isolates?,Not reported,The paper does not provide GenBank accession numbers for sequenced HIV isolates.,No
37340869,5,How many individuals had samples obtained for HIV sequencing?,Not reported,The paper does not provide information about the number of individuals who had samples obtained for HIV sequencing.,0
37340869,6,From which countries were the sequenced samples obtained?,Not reported,The paper does not provide information about the countries from which the sequenced samples were obtained.,No
37340869,7,From what years were the sequenced samples obtained?,,,No
37340869,8,Were samples cloned prior to sequencing?,Not reported,The paper does not provide information about whether the samples were cloned prior to sequencing.,No
37340869,9,Which HIV genes were reported to have been sequenced?,Not reported,The paper does not report the sequencing of specific HIV genes.,No
37340869,10,What method was used for sequencing?,Not reported,The paper does not report the sequencing method used.,No
37340869,11,What type of samples were sequenced?,,,No
37340869,12,Were any sequences obtained from individuals with virological failure on a treatment regimen?,Not reported,The paper does not provide information about whether sequences were obtained from individuals with virological failure on a treatment regimen.,No
37340869,13,Were the patients in the study in a clinical trial?,Yes,The paper mentions that the data were obtained from clinical trials.,Yes
37340869,14,Does the paper report HIV sequences from individuals who had previously received ARV drugs?,Not reported,The paper does not provide information about whether the sequences were obtained from individuals who had previously received ARV drugs.,No
37340869,15,Which drug classes were received by individuals in the study before sample sequencing?,Not reported,The paper does not provide information about the drug classes received by individuals in the study before sample sequencing.,No
37340869,16,Which drugs were received by individuals in the study before sample sequencing?,Not reported,The paper does not provide information about the drugs received by individuals in the study before sample sequencing.,No
37358226,1,Does the paper report HIV sequences from patient samples?,This study assessed 24-month virologic outcomes and determinants thereof upon programmatic transitioning from NNRTI- to DTG-based ART among people with HIV in Lesotho.,The paper does not report HIV sequences from patient samples. The provided content focuses on the outcomes and determinants of viral suppression after transitioning to dolutegravir-based antiretroviral therapy.,No
37358226,2,Does the paper report in vitro drug susceptibility data?,This study assessed 24-month virologic outcomes and determinants thereof upon programmatic transitioning from NNRTI- to DTG-based ART among people with HIV in Lesotho.,The paper does not report in vitro drug susceptibility data. The provided content focuses on the outcomes and determinants of viral suppression after transitioning to dolutegravir-based antiretroviral therapy.,No
37358226,3,Were sequences from the paper made publicly available?,Not reported,The paper does not provide information on whether sequences were made publicly available.,No
37358226,4,What were the GenBank accession numbers for sequenced HIV isolates?,Not reported,The paper does not provide GenBank accession numbers for sequenced HIV isolates.,No
37358226,5,How many individuals had samples obtained for HIV sequencing?,Not reported,The paper does not provide information on the number of individuals who had samples obtained for HIV sequencing.,0
37358226,6,From which countries were the sequenced samples obtained?,This study assessed 24-month virologic outcomes and determinants thereof upon programmatic transitioning from NNRTI- to DTG-based ART among people with HIV in Lesotho.,The paper does not specify the countries from which the sequenced samples were obtained.,No
37358226,7,From what years were the sequenced samples obtained?,Not reported,The paper does not provide information on the years from which the sequenced samples were obtained.,No
37358226,8,Were samples cloned prior to sequencing?,Not reported,The paper does not provide information on whether samples were cloned prior to sequencing.,No
37358226,9,Which HIV genes were reported to have been sequenced?,Not reported,The paper does not report which HIV genes were sequenced.,No
37358226,10,What method was used for sequencing?,Not reported,The paper does not specify the sequencing method used.,No
37358226,11,What type of samples were sequenced?,Not reported,The paper does not specify the type of samples that were sequenced.,No
37358226,12,Were any sequences obtained from individuals with virological failure on a treatment regimen?,Not reported,The paper does not provide information on whether sequences were obtained from individuals with virological failure on a treatment regimen.,No
37358226,13,Were the patients in the study in a clinical trial?,This study assessed 24-month virologic outcomes and determinants thereof upon programmatic transitioning from NNRTI- to DTG-based ART among people with HIV in Lesotho.,The paper does not specify whether the patients were in a clinical trial.,No
37358226,14,Does the paper report HIV sequences from individuals who had previously received ARV drugs?,This study assessed 24-month virologic outcomes and determinants thereof upon programmatic transitioning from NNRTI- to DTG-based ART among people with HIV in Lesotho.,The paper does not report HIV sequences from individuals who had previously received ARV drugs.,No
37358226,15,Which drug classes were received by individuals in the study before sample sequencing?,Not reported,The paper does not provide information on the drug classes received by individuals in the study before sample sequencing.,No
37358226,16,Which drugs were received by individuals in the study before sample sequencing?,Not reported,The paper does not provide information on the drugs received by individuals in the study before sample sequencing.,No
37376649,1,Does the paper report HIV sequences from patient samples?,"Of 919 participants screened for the study, 543 (59%) participants had historical genotypic reports available and submitted for eligibility.","The paper does not explicitly state that it reports HIV sequences from patient samples. However, it mentions that 543 participants had historical genotypic reports available, which suggests that the study involved analyzing genetic data from patient samples.",Yes
37376649,2,Does the paper report in vitro drug susceptibility data?,The paper does not mention in vitro drug susceptibility data.,"The paper focuses on the virologic impact of archived resistance in the dolutegravir/lamivudine 2-drug regimen HIV-1 switch study TANGO, but it does not report in vitro drug susceptibility data.",No
37376649,3,Were sequences from the paper made publicly available?,The paper mentions that anonymized individual participant data and study documents can be requested for further research from www.clinicalstudydatarequest.com.,"The paper does not explicitly state that sequences were made publicly available, but it mentions that anonymized data can be requested.",Yes
37376649,4,What were the GenBank accession numbers for sequenced HIV isolates?,Not reported,The paper does not provide GenBank accession numbers for sequenced HIV isolates.,No
37376649,5,How many individuals had samples obtained for HIV sequencing?,"Of 919 participants screened for the study, 543 (59%) participants had historical genotypic reports available and submitted for eligibility.","The paper does not explicitly state how many individuals had samples obtained for HIV sequencing, but it mentions that 543 participants had historical genotypic reports available.",543
37376649,6,From which countries were the sequenced samples obtained?,Not reported,The paper does not mention the countries from which the sequenced samples were obtained.,No
37376649,7,From what years were the sequenced samples obtained?,Not reported,The paper does not provide information on the years from which the sequenced samples were obtained.,No
37376649,8,Were samples cloned prior to sequencing?,Not reported,The paper does not mention cloning samples prior to sequencing.,No
37376649,9,Which HIV genes were reported to have been sequenced?,The paper does not explicitly state which HIV genes were sequenced.,"The paper mentions that HIV-1 proviral DNA genotyping was conducted retrospectively with the GenoSure Archive assay, which uses next-generation sequencing (NGS) to analyze the HIV-1 polymerase region. However, it does not specify which genes were sequenced.",No
37376649,10,What method was used for sequencing?,"The paper mentions that HIV-1 proviral DNA genotyping was conducted retrospectively with the GenoSure Archive assay, which uses next-generation sequencing (NGS).","The paper does not mention Sanger sequencing, but it does mention NGS, which is a type of sequencing method.",Illumina sequencing
37376649,11,What type of samples were sequenced?,The paper mentions that participants' baseline whole blood samples were used for the GenoSure Archive assay.,"The paper does not explicitly state which type of samples were sequenced, but it mentions whole blood samples.",Whole Blood
37376649,12,Were any sequences obtained from individuals with virological failure on a treatment regimen?,The paper does not explicitly state that sequences were obtained from individuals with virological failure on a treatment regimen.,"The paper mentions that participants were excluded if they had any evidence of IAS-USA major NRTI or INSTI RAMs in any historical genotype assay results, but it does not specify that sequences were obtained from individuals with virological failure.",No
37376649,13,Were the patients in the study in a clinical trial?,The paper mentions that the study was conducted in accordance with the Declaration of Helsinki and national and institutional standards.,"The paper does not explicitly state that the patients were in a clinical trial, but it mentions that the study was conducted in accordance with clinical trial standards.",Yes
37376649,14,Does the paper report HIV sequences from individuals who had previously received ARV drugs?,The paper mentions that participants were excluded if they had any evidence of IAS-USA major NRTI or INSTI RAMs in any historical genotype assay results.,"The paper does not explicitly state that it reports HIV sequences from individuals who had previously received ARV drugs, but it mentions that participants were excluded if they had any evidence of resistance.",Yes
37376649,15,Which drug classes were received by individuals in the study before sample sequencing?,The paper mentions that participants were excluded if they had any evidence of IAS-USA major NRTI or INSTI RAMs in any historical genotype assay results.,"The paper does not explicitly state which drug classes were received by individuals in the study before sample sequencing, but it mentions that participants were excluded if they had any evidence of resistance to NRTI or INSTI.","NRTI, INSTI"
37376649,16,Which drugs were received by individuals in the study before sample sequencing?,The paper mentions that participants were excluded if they had any evidence of IAS-USA major NRTI or INSTI RAMs in any historical genotype assay results.,"The paper does not explicitly state which drugs were received by individuals in the study before sample sequencing, but it mentions that participants were excluded if they had any evidence of resistance to specific NRTI and INSTI drugs.",No
37381002,1,Does the paper report HIV sequences from patient samples?,"From 2017 to 2020, 450 people living with HIV who have received antiviral therapy for more than 1 year were confirmed to be ineffective (viral load‚Äâ‚â•‚Äâ1000 copies/ml) in Suzhou city. Among these ART failure patients, a total of 398 viral pol gene sequences were successfully sequenced.",The paper reports that 398 viral pol gene sequences were successfully sequenced from patient samples.,Yes
37381002,2,Does the paper report in vitro drug susceptibility data?,"No other HIV strains with high-level resistance to PIs were detected except 2020-SZ-83050 strain. Three samples (2017-SZ-08303, 2018-SZ-08066 and 2020-XC-00107) with M46I/L mutation were resistant to ATV, FPV, IDV, LPV, NFV and SQV at a potential low level or intermediate.","The paper reports in vitro drug susceptibility data for some of the samples, but it does not provide comprehensive in vitro drug susceptibility data.",No
37381002,3,Were sequences from the paper made publicly available?,Not reported,The paper does not provide information on whether the sequences were made publicly available.,No
37381002,4,What were the GenBank accession numbers for sequenced HIV isolates?,Not reported,The paper does not provide GenBank accession numbers for the sequenced HIV isolates.,No
37381002,5,How many individuals had samples obtained for HIV sequencing?,,,450
37381002,6,From which countries were the sequenced samples obtained?,,,China
37381002,7,From what years were the sequenced samples obtained?,,,2017-2020
37381002,8,Were samples cloned prior to sequencing?,,,No
37381002,9,Which HIV genes were reported to have been sequenced?,,,Near full-length genome
37381002,10,What method was used for sequencing?,,,Illumina sequencing
37381002,11,What type of samples were sequenced?,,,Plasma
37381002,12,Were any sequences obtained from individuals with virological failure on a treatment regimen?,,,No
37381002,13,Were the patients in the study in a clinical trial?,,,No
37381002,14,Does the paper report HIV sequences from individuals who had previously received ARV drugs?,,,Yes
37381002,15,Which drug classes were received by individuals in the study before sample sequencing?,,,"NRTI, NNRTI, PI"
37381002,16,Which drugs were received by individuals in the study before sample sequencing?,"The drug resistant mutations associated with NRTIs, NNRTIs, and PIs were 45.48% (181/398), 63.32% (252/398) and 3.02% (12/398), respectively.","The paper reports that the patients in the study received the following drugs before sample sequencing: Abacavir (ABC), Zidovudine'(AZT), Zalcitabine (DDC), Didanosine (DDI), Lamivudine (3TC), Stavudine (D4T), Emtricitabine(FTC), Tenofovir (TFV), Nevirapine (NVP), Delavirdine (DLV), Efavirenz (EFV), Etravirine (ETR), Rilpivirine (RPV), Doravirine (DOR), Amprenavir (APV), Lopinavir'(LPV), Atazanavir (ATV), Derunavir (DRV), Nelfinavir (NFV), Raltegravir (RAL), Elvitegravir(EVG), Dolutagravir (DTG), Bictegravir (BIC), cabotagravir (CAB), Lenacapavir (LEN).","Abacavir (ABC), Zidovudine'(AZT), Zalcitabine (DDC), Didanosine (DDI), Lamivudine (3TC), Stavudine (D4T), Emtricitabine(FTC), Tenofovir (TFV), Nevirapine (NVP), Delavirdine (DLV), Efavirenz (EFV), Etravirine (ETR), Rilpivirine (RPV), Doravirine (DOR), Amprenavir (APV), Lopinavir'(LPV), Atazanavir (ATV), Derunavir (DRV), Nelfinavir (NFV), Raltegravir (RAL), Elvitegravir(EVG), Dolutagravir (DTG), Bictegravir (BIC), cabotagravir (CAB), Lenacapavir (LEN)"
37439411,1,Does the paper report HIV sequences from patient samples?,"We retrieved HIV-1 RNA protease/reverse transcriptase sequences, demographic and clinical data of adult PLWH from the Antiviral Response Cohort Analysis (ARCA) database, a public observational database containing data from more than 100 Italian centres for the study of resistance mutations to antiviral drugs for HIV, hepatitis B and hepatitis C virus infections.","The paper mentions that they retrieved HIV-1 RNA protease/reverse transcriptase sequences from the ARCA database, which suggests that they have access to patient samples.",Yes
37439411,2,Does the paper report in vitro drug susceptibility data?,"The genotypic susceptibility score (GSS) for a single compound was obtained using the Stanford HIVdb genotypic resistance interpretation system: a GSS value of 0 corresponds to high-level resistance, 0.25 to intermediate resistance, 0.50 to low-level resistance, 0.75 to potential low-level resistance, and 1 to full susceptibility.","The paper uses the Stanford HIVdb genotypic resistance interpretation system to calculate the GSS, which is a measure of in vitro drug susceptibility.",Yes
37439411,3,Were sequences from the paper made publicly available?,,,No
37439411,4,What were the GenBank accession numbers for sequenced HIV isolates?,Not reported,The paper does not mention any GenBank accession numbers for sequenced HIV isolates.,No
37439411,5,How many individuals had samples obtained for HIV sequencing?,,,0
37439411,6,From which countries were the sequenced samples obtained?,,,Italy
37439411,7,From what years were the sequenced samples obtained?,,,2000-2020
37439411,8,Were samples cloned prior to sequencing?,,,No
37439411,9,Which HIV genes were reported to have been sequenced?,,,"Protease, PR; Reverse transcriptase, RT"
37439411,10,What method was used for sequencing?,,,No
37439411,11,What type of samples were sequenced?,,,Plasma
37439411,12,Were any sequences obtained from individuals with virological failure on a treatment regimen?,,,Yes
37439411,13,Were the patients in the study in a clinical trial?,,,No
37439411,14,Does the paper report HIV sequences from individuals who had previously received ARV drugs?,,,No
37439411,15,Which drug classes were received by individuals in the study before sample sequencing?,,,No
37439411,16,Which drugs were received by individuals in the study before sample sequencing?,,,No
37495103,1,Does the paper report HIV sequences from patient samples?,"The study cohort included 271 patients who were on first-line ART and visited Novosibirsk Regional AIDS/HIV Clinical Hospital between March 2018 and August 2022. HIV-1 RNA was isolated from 250 ¬µL of plasma using DeltaMag HBV/HCV/HIV (Vector-Best, Russia) according to the kit's manual.","The paper reports that HIV-1 RNA was isolated from plasma samples of patients, indicating that the sequences were obtained from patient samples.",Yes
37495103,2,Does the paper report in vitro drug susceptibility data?,The paper does not report in vitro drug susceptibility data.,"The paper focuses on the analysis of HIV-1 drug resistance mutations and the genetic barrier to resistance, but it does not provide in vitro drug susceptibility data.",No
37495103,3,Were sequences from the paper made publicly available?,Not reported,The paper does not provide information on whether the sequences were made publicly available.,No
37495103,4,What were the GenBank accession numbers for sequenced HIV isolates?,Not reported,The paper does not provide GenBank accession numbers for the sequenced HIV isolates.,No
37495103,5,How many individuals had samples obtained for HIV sequencing?,The study cohort included 271 patients.,"The paper reports that the study cohort included 271 patients, indicating that 271 individuals had samples obtained for HIV sequencing.",271
37495103,6,From which countries were the sequenced samples obtained?,Not reported,The paper does not provide information on the countries from which the sequenced samples were obtained.,No
37495103,7,From what years were the sequenced samples obtained?,The study cohort included patients who visited the Novosibirsk Regional AIDS/HIV Clinical Hospital between March 2018 and August 2022.,The paper reports that the sequenced samples were obtained between 2018 and 2022.,2018-2022
37495103,8,Were samples cloned prior to sequencing?,Not reported,The paper does not provide information on whether the samples were cloned prior to sequencing.,No
37495103,9,Which HIV genes were reported to have been sequenced?,HIV-1 PR-RT fragment (1302 bp) was amplified and sequenced.,"The paper reports that the HIV-1 PR-RT fragment was amplified and sequenced, indicating that the protease and reverse transcriptase genes were sequenced.",Protease and Reverse transcriptase
37495103,10,What method was used for sequencing?,"DNA sequencing was performed using an ABI PRISM 3130xl DNA Analyser (Applied Biosystems, USA).","The paper reports that DNA sequencing was performed using an ABI PRISM 3130xl DNA Analyser, indicating that Sanger sequencing was used.",Sanger sequencing
37495103,11,What type of samples were sequenced?,HIV-1 RNA was isolated from 250 ¬µL of plasma.,"The paper reports that HIV-1 RNA was isolated from plasma samples, indicating that plasma samples were sequenced.",Plasma
37495103,12,Were any sequences obtained from individuals with virological failure on a treatment regimen?,The study cohort included patients who failed first-line antiretroviral therapy (ART).,"The paper reports that the study cohort included patients who failed first-line ART, indicating that sequences were obtained from individuals with virological failure on a treatment regimen.",Yes
37495103,13,Were the patients in the study in a clinical trial?,Not reported,The paper does not provide information on whether the patients were in a clinical trial.,No
37495103,14,Does the paper report HIV sequences from individuals who had previously received ARV drugs?,The study cohort included patients who received first-line ART prior to virological failure.,"The paper reports that the study cohort included patients who received first-line ART prior to virological failure, indicating that the sequences were obtained from individuals who had previously received ARV drugs.",Yes
37495103,15,Which drug classes were received by individuals in the study before sample sequencing?,"The study cohort included patients who received first-line ART regimens, including Tenofovir (TDF) + Lamivudine (3TC) + Efavirenz (EFV), Abacavir (ABC) 600 mg + 3TC + EFV, Tenofovir (TDF) + 3TC + Dolutegravir (DTG), and Ritonavir-boosted Lopinavir (LPV/r)-based regimen.","The paper reports that the study cohort included patients who received first-line ART regimens, indicating that the individuals received NRTI, NNRTI, PI, and INSTI before sample sequencing.","NRTI, NNRTI, PI, INSTI"
37495103,16,Which drugs were received by individuals in the study before sample sequencing?,"The study cohort included patients who received first-line ART regimens, including Tenofovir (TDF), Lamivudine (3TC), Efavirenz (EFV), Abacavir (ABC), Ritonavir-boosted Lopinavir (LPV/r), and Dolutegravir (DTG).","The paper reports that the study cohort included patients who received first-line ART regimens, indicating that the individuals received the listed drugs before sample sequencing.","Tenofovir (TDF), Lamivudine (3TC), Efavirenz (EFV), Abacavir (ABC), Ritonavir-boosted Lopinavir (LPV/r), Dolutegravir (DTG)"
37498738,1,Does the paper report HIV sequences from patient samples?,The paper reports near full-length HIV-1 proviral polymerase chain reaction and next-generation sequencing was applied to longitudinal peripheral blood mononuclear cell samples to assess proviral evolution and the potential emergence of drug resistance mutations (DRMs).,"The paper describes the methods used to analyze HIV sequences from patient samples, including near full-length HIV-1 proviral polymerase chain reaction and next-generation sequencing.",Yes
37498738,2,Does the paper report in vitro drug susceptibility data?,The paper does not report in vitro drug susceptibility data.,The paper focuses on the analysis of HIV sequences from patient samples and does not include in vitro drug susceptibility data.,No
37498738,3,Were sequences from the paper made publicly available?,"The paper reports the availability of data, but does not report the public availability of sequences.","The paper describes the availability of data, but does not provide information on the public availability of sequences.",No
37498738,4,What were the GenBank accession numbers for sequenced HIV isolates?,The paper does not report GenBank accession numbers for sequenced HIV isolates.,The paper does not provide GenBank accession numbers for the sequenced HIV isolates.,No
37498738,5,How many individuals had samples obtained for HIV sequencing?,The paper reports the sequencing of samples from 101 individuals.,"The paper describes the sequencing of samples from 101 individuals, which is the total number of participants in the study.",101
37498738,6,From which countries were the sequenced samples obtained?,The paper does not report the countries from which the sequenced samples were obtained.,The paper does not provide information on the countries from which the sequenced samples were obtained.,No
37498738,7,From what years were the sequenced samples obtained?,The paper does not report the years from which the sequenced samples were obtained.,The paper does not provide information on the years from which the sequenced samples were obtained.,No
37498738,8,Were samples cloned prior to sequencing?,The paper does not report the cloning of samples prior to sequencing.,The paper does not provide information on the cloning of samples prior to sequencing.,No
37498738,9,Which HIV genes were reported to have been sequenced?,"The paper reports sequencing of near full-length HIV-1 proviral sequences, including the gag, pol, and env genes.","The paper describes the sequencing of near full-length HIV-1 proviral sequences, which includes the gag, pol, and env genes.","gag, pol, and env"
37498738,10,What method was used for sequencing?,The paper reports the use of next-generation sequencing (NGS) for sequencing.,"The paper describes the use of NGS for sequencing, which is a common method used in modern sequencing studies.",Illumina sequencing
37498738,11,What type of samples were sequenced?,The paper reports the sequencing of peripheral blood mononuclear cell (PBMC) samples.,"The paper describes the sequencing of PBMC samples, which is a common type of sample used in HIV sequencing studies.",PBMC
37498738,12,Were any sequences obtained from individuals with virological failure on a treatment regimen?,The paper reports the sequencing of samples from individuals who were on successful dolutegravir monotherapy.,"The paper describes the sequencing of samples from individuals who were on successful dolutegravir monotherapy, which suggests that they did not have virological failure.",No
37498738,13,Were the patients in the study in a clinical trial?,The paper reports the study as a randomized clinical trial (RCT).,"The paper describes the study as an RCT, which suggests that the patients were in a clinical trial.",Yes
37498738,14,Does the paper report HIV sequences from individuals who had previously received ARV drugs?,The paper reports the sequencing of samples from individuals who were on antiretroviral therapy (ART) before switching to dolutegravir monotherapy.,"The paper describes the sequencing of samples from individuals who were on ART before switching to dolutegravir monotherapy, which suggests that they had previously received ARV drugs.",Yes
37498738,15,Which drug classes were received by individuals in the study before sample sequencing?,The paper reports the sequencing of samples from individuals who were on combination antiretroviral therapy (cART) before switching to dolutegravir monotherapy.,"The paper describes the sequencing of samples from individuals who were on cART before switching to dolutegravir monotherapy, which suggests that they received a combination of antiretroviral drugs.","NRTI, NNRTI, PI, INSTI"
37498738,16,Which drugs were received by individuals in the study before sample sequencing?,The paper reports the sequencing of samples from individuals who were on cART before switching to dolutegravir monotherapy.,"The paper describes the sequencing of samples from individuals who were on cART before switching to dolutegravir monotherapy, which suggests that they received a combination of antiretroviral drugs.","Abacavir (ABC), Zidovudine'(AZT), Zalcitabine (DDC), Didanosine (DDI), Lamivudine (3TC), Stavudine (D4T), Emtricitabine(FTC), Tenofovir (TFV), Nevirapine (NVP), Delavirdine (DLV), Efavirenz (EFV), Etravirine (ETR), Rilpivirine (RPV), Doravirine (DOR), Amprenavir (APV), Lopinavir'(LPV), Atazanavir (ATV), Derunavir (DRV), Raltegravir (RAL), Elvitegravir(EVG), Dolutagravir (DTG), Bictegravir (BIC), cabotagravir (CAB), Lenacapavir (LEN)"
37515095,1,Does the paper report HIV sequences from patient samples?,"Between 2017 and 2020, 1004 participants registered with the Kazakh Scientific Centre of Dermatology and Infectious Diseases, Almaty, Kazakhstan; signed informed consent forms; and consented to blood sample collections for this study.","The paper mentions that blood samples were collected from participants, indicating that the study involved patient samples.",Yes
37515095,2,Does the paper report in vitro drug susceptibility data?,The paper does not mention in vitro drug susceptibility data.,"The paper focuses on the molecular epidemiology of HIV-1 in Kazakhstan, including the analysis of HIV sequences and drug resistance profiles, but it does not report in vitro drug susceptibility data.",No
37515095,3,Were sequences from the paper made publicly available?,Study data are unavailable to protect patient confidentiality.,"The paper mentions that the study data are unavailable to protect patient confidentiality, indicating that the sequences are not publicly available.",No
37515095,4,What were the GenBank accession numbers for sequenced HIV isolates?,Not reported,The paper does not provide GenBank accession numbers for the sequenced HIV isolates.,No
37515095,5,How many individuals had samples obtained for HIV sequencing?,"Between 2017 and 2020, 1004 participants registered with the Kazakh Scientific Centre of Dermatology and Infectious Diseases, Almaty, Kazakhstan; signed informed consent forms; and consented to blood sample collections for this study.","The paper mentions that 1004 participants were enrolled in the study, but it does not specify how many had samples obtained for HIV sequencing.",1004
37515095,6,From which countries were the sequenced samples obtained?,The paper does not mention the countries from which the sequenced samples were obtained.,The paper does not provide information on the countries from which the samples were obtained.,No
37515095,7,From what years were the sequenced samples obtained?,,,2017-2020
37515095,8,Were samples cloned prior to sequencing?,Not reported,The paper does not mention whether the samples were cloned prior to sequencing.,No
37515095,9,Which HIV genes were reported to have been sequenced?,"The sequences consisted of partial HIV-1 *pol* gene sequences (covering protease and the 5‚Ä≤-end of reverse transcriptase, positions 2253 to 3337 on the HXB2 reference genome).","The paper mentions that the sequences were partial HIV-1 *pol* gene sequences, indicating that the protease and reverse transcriptase genes were sequenced.",Protease and Reverse transcriptase
37515095,10,What method was used for sequencing?,"The sequence data consisted of partial HIV-1 *pol* gene sequences generated using AmpliSens ^¬Æ^ HIV-Resist-Seq (Amplisens, Moscow, Russia) and Applied Biosystems ^¬Æ^ Genetic Analyzer 3130 (Applied Biosystems Inc., Foster, RI, USA).","The paper mentions that the sequences were generated using AmpliSens ^¬Æ^ HIV-Resist-Seq and Applied Biosystems ^¬Æ^ Genetic Analyzer 3130, indicating that Next-generation sequencing (NGS) was used.",Illumina sequencing
37515095,11,What type of samples were sequenced?,The paper mentions that the sequences were obtained from blood samples.,"The paper does not specify the type of samples, but it mentions that the sequences were obtained from blood samples.",Whole Blood
37515095,12,Were any sequences obtained from individuals with virological failure on a treatment regimen?,The paper mentions that the sequences were obtained from ART-experienced individuals.,The paper does not specify whether the sequences were obtained from individuals with virological failure on a treatment regimen.,No
37515095,13,Were the patients in the study in a clinical trial?,Not reported,The paper does not mention whether the patients were in a clinical trial.,No
37515095,14,Does the paper report HIV sequences from individuals who had previously received ARV drugs?,The paper mentions that the sequences were obtained from ART-experienced individuals.,The paper does not specify whether the sequences were obtained from individuals who had previously received ARV drugs.,Yes
37515095,15,Which drug classes were received by individuals in the study before sample sequencing?,"The paper mentions that the individuals were on first-generation, second-generation, or mixed-generation ART regimens.","The paper does not specify which drug classes were received by the individuals, but it mentions that they were on different ART regimens.","NRTI, NNRTI, PI"
37515095,16,Which drugs were received by individuals in the study before sample sequencing?,"The paper mentions that the individuals were on first-generation, second-generation, or mixed-generation ART regimens, including zidovudine (AZT), didanosine (DDI), stavudine (D4T), and lamivudine (3TC) as 1st-generation NRTIs; abacavir (ABC), tenofovir (TDF), and emtricitabine (FTC) as 2nd-generation NRTIs; nevirapine (NVP) as a 1st-generation NNRTI; and efavirenz (EFV), etravirine (ETR), and rilpivirine (RPV) as 2nd-generation NNRTIs.","The paper does not specify which drugs were received by the individuals, but it mentions the different ART regimens.","NRTI (Nucleoside Reverse Transcriptase Inhibitor), including Abacavir (ABC), Zidovudine'(AZT), Zalcitabine (DDC), Didanosine (DDI), Lamivudine (3TC), Stavudine (D4T), Emtricitabine(FTC), Tenofovir (TFV); NNRTI (Non-Nucleosid Reverse Transcriptase Inhibitor), including Nevirapine (NVP), Delavirdine (DLV), Efavirenz (EFV), Etravirine (ETR), Rilpivirine (RPV), Doravirine (DOR); PI (Protease Inhibitor), including Amprenavir (APV), Lopinavir'(LPV), Atazanavir (ATV), Derunavir (DRV)"
37515146,1,Does the paper report HIV sequences from patient samples?,"A sentinel surveillance of PDR was conducted from 2014 to 2019. Sequencing of HIV-1 protease and reverse transcriptase was performed, and HIVDR was interpreted using Stanford HIVdb.v.9.4.","The paper describes a study that conducted a sentinel surveillance of pre-treatment drug resistance (PDR) from 2014 to 2019. Sequencing of HIV-1 protease and reverse transcriptase was performed, which implies that HIV sequences from patient samples were obtained.",Yes
37515146,2,Does the paper report in vitro drug susceptibility data?,"Analysis of resistance mutations, in particular the determination of viral susceptibility scores for each antiretroviral molecule, made it possible to compare the effectiveness of two standard first-line protocols.","The paper mentions the analysis of resistance mutations and the determination of viral susceptibility scores, which suggests that in vitro drug susceptibility data were obtained.",Yes
37515146,3,Were sequences from the paper made publicly available?,"Sequence data are available on GenBank under the accession numbers GenBank MK702015-MK702057, MK867695-MK867757, and MK995397-MK995457.",The paper mentions that sequence data are available on GenBank.,Yes
37515146,4,What were the GenBank accession numbers for sequenced HIV isolates?,"Sequence data are available on GenBank under the accession numbers GenBank MK702015-MK702057, MK867695-MK867757, and MK995397-MK995457.",The paper mentions that sequence data are available on GenBank under specific accession numbers.,"MK702015-MK702057, MK867695-MK867757, and MK995397-MK995457"
37515146,5,How many individuals had samples obtained for HIV sequencing?,"A total of 391 participants were recruited, with sequencing successfully carried out in 379 individual participant samples.",The paper provides information on the number of participants recruited and the number of samples successfully sequenced.,379
37515146,6,From which countries were the sequenced samples obtained?,The study was conducted in Cameroon.,The paper mentions that the study was conducted in Cameroon.,Cameroon
37515146,7,From what years were the sequenced samples obtained?,,,2014-2019
37515146,8,Were samples cloned prior to sequencing?,The paper does not provide information on whether samples were cloned prior to sequencing.,The paper does not mention cloning prior to sequencing.,No
37515146,9,Which HIV genes were reported to have been sequenced?,"The pol gene was sequenced, which contains protease, reverse transcriptase, and integrase.","The paper mentions that the pol gene was sequenced, which contains protease, reverse transcriptase, and integrase.","Protease, Reverse transcriptase, and Integrase"
37515146,10,What method was used for sequencing?,The sequencing method used is not explicitly mentioned in the paper.,The paper does not provide information on the sequencing method used.,No
37515146,11,What type of samples were sequenced?,The paper mentions that 10 mL of venous blood was collected in an EDTA tube.,The paper provides information on the type of samples collected.,Plasma
37515146,12,Were any sequences obtained from individuals with virological failure on a treatment regimen?,"The paper mentions that patients were recruited who were initiating ART, implying that they had not previously received treatment.",The paper does not provide information on sequences obtained from individuals with virological failure on a treatment regimen.,No
37515146,13,Were the patients in the study in a clinical trial?,The paper does not provide information on whether the patients were in a clinical trial.,The paper does not mention a clinical trial.,No
37515146,14,Does the paper report HIV sequences from individuals who had previously received ARV drugs?,,,No
37515146,15,Which drug classes were received by individuals in the study before sample sequencing?,"The paper mentions that patients were recruited who were initiating ART, implying that they had not previously received treatment.",The paper does not provide information on drug classes received by individuals before sample sequencing.,No
37515146,16,Which drugs were received by individuals in the study before sample sequencing?,"The paper mentions that patients were recruited who were initiating ART, implying that they had not previously received treatment.",The paper does not provide information on specific drugs received by individuals before sample sequencing.,No
37520425,1,Does the paper report HIV sequences from patient samples?,"The paper reports that blood plasma samples prior to treatment initiation were available for 25 of 30 (83%) patients with viremia at 12 months after starting DTG-based ART. Of those, 14 of 25 (56%) samples were successfully PCR amplified and sequenced for PDR determination.","The paper mentions that HIV-1 genotypic resistance testing (GRT) was performed on samples available prior to treatment initiation for cases with a VL ‚â•50 copies/mL at 12 months using cryopreserved samples, to determine PDR before ART initiation in the DTG cohort.",Yes
37520425,2,Does the paper report in vitro drug susceptibility data?,The paper does not report in vitro drug susceptibility data.,"The paper focuses on the virological outcomes and associated factors among treatment-naive patients with HIV-1 in the Kilombero and Ulanga Antiretroviral Cohort in rural Tanzania, but it does not provide in vitro drug susceptibility data.",No
37520425,3,Were sequences from the paper made publicly available?,The paper reports that the protease and reverse transcriptase sequences are available in GenBank.,The paper mentions that the sequences are available in GenBank.,Yes
37520425,4,What were the GenBank accession numbers for sequenced HIV isolates?,The paper reports that the protease and reverse transcriptase sequences are available in GenBank (accession number OQ627458-OQ627474).,The paper mentions that the reported protease and reverse transcriptase sequences are available in GenBank.,OQ627458-OQ627474
37520425,5,How many individuals had samples obtained for HIV sequencing?,,,25
37520425,6,From which countries were the sequenced samples obtained?,The paper does not provide information on the countries from which the sequenced samples were obtained.,The paper does not mention the countries from which the sequenced samples were obtained.,No
37520425,7,From what years were the sequenced samples obtained?,,,2005-2020
37520425,8,Were samples cloned prior to sequencing?,The paper does not provide information on whether samples were cloned prior to sequencing.,The paper does not mention cloning prior to sequencing.,No
37520425,9,Which HIV genes were reported to have been sequenced?,The paper reports that the protease and reverse transcriptase genes were sequenced.,The paper mentions that the protease and reverse transcriptase sequences are available in GenBank.,"Protease, RT"
37520425,10,What method was used for sequencing?,The paper reports that GRT was performed using a validated in-house polymerase chain reaction (PCR) protocol.,The paper mentions that the PCR protocol was used for sequencing.,Sanger sequencing
37520425,11,What type of samples were sequenced?,The paper reports that blood plasma samples were sequenced.,The paper mentions that blood plasma samples were used for sequencing.,Plasma
37520425,12,Were any sequences obtained from individuals with virological failure on a treatment regimen?,The paper reports that the study assessed for the presence of PDR among patients with viremia ‚â•50 copies/mL at 12 months after ART initiation in the DTG cohort.,The paper mentions that the study evaluated PDR among patients with viremia.,Yes
37520425,13,Were the patients in the study in a clinical trial?,"The paper reports that the study was a retrospective, observational study nested within the Kilombero and Ulanga antiretroviral cohort (KIULARCO).",The paper mentions that the study was observational and not a clinical trial.,No
37520425,14,Does the paper report HIV sequences from individuals who had previously received ARV drugs?,,,Yes
37520425,15,Which drug classes were received by individuals in the study before sample sequencing?,The paper reports that the patients in the study were initiating DTG-based ART.,The paper mentions that the patients were initiating DTG-based ART.,INSTI
37520425,16,Which drugs were received by individuals in the study before sample sequencing?,The paper reports that the patients in the study were initiating DTG-based ART.,The paper mentions that the patients were initiating DTG-based ART.,Dolutegravir (DTG)
37537871,1,Does the paper report HIV sequences from patient samples?,"A total of 77 plasma samples, collected from 70 male and 7 female patients ages 18 to 68, were obtained from the Queen Mary Hospital in Hong Kong between 2002 and 2014.","The paper mentions that 77 plasma samples were obtained from patients, indicating that the paper reports HIV sequences from patient samples.",Yes
37537871,2,Does the paper report in vitro drug susceptibility data?,The paper does not mention in vitro drug susceptibility data.,"The paper focuses on the development and validation of a new ONT sequencing-based method for profiling DRMs in HIV quasispecies, but it does not report in vitro drug susceptibility data.",No
37537871,3,Were sequences from the paper made publicly available?,"The paper mentions that ClusterV is open-source software (BSD 3-Clause license), hosted by GitHub at https://github.com/HKU-BAL/ClusterV.",The paper does not mention making sequences publicly available.,Yes
37537871,4,What were the GenBank accession numbers for sequenced HIV isolates?,Not reported,The paper does not provide GenBank accession numbers for sequenced HIV isolates.,No
37537871,5,How many individuals had samples obtained for HIV sequencing?,The paper mentions that 77 plasma samples were obtained from patients.,The paper does not specify the number of individuals who had samples obtained for HIV sequencing.,77
37537871,6,From which countries were the sequenced samples obtained?,The paper mentions that the samples were obtained from the Queen Mary Hospital in Hong Kong.,The paper does not mention samples from other countries.,Hong Kong
37537871,7,From what years were the sequenced samples obtained?,The paper mentions that the samples were obtained between 2002 and 2014.,The paper does not provide a specific range of years for the sequenced samples.,2002-2014
37537871,8,Were samples cloned prior to sequencing?,Not reported,The paper does not mention cloning samples prior to sequencing.,No
37537871,9,Which HIV genes were reported to have been sequenced?,The paper mentions that the ONT sequencing reads were mapped to the HIV reference genome NC 001802.1 (2.24-r1122).,"The paper focuses on the development and validation of a new ONT sequencing-based method for profiling DRMs in HIV quasispecies, but it does not specify which HIV genes were sequenced.",No
37537871,10,What method was used for sequencing?,The paper mentions that the ONT sequencing was used.,"The paper does not mention Sanger sequencing, PacBio sequencing, or Ion Torrent sequencing.",Oxford Nanopore sequencing
37537871,11,What type of samples were sequenced?,The paper mentions that plasma samples were used.,The paper does not mention other types of samples.,Plasma
37537871,12,Were any sequences obtained from individuals with virological failure on a treatment regimen?,Not reported,The paper does not mention sequences from individuals with virological failure on a treatment regimen.,No
37537871,13,Were the patients in the study in a clinical trial?,,,Yes
37537871,14,Does the paper report HIV sequences from individuals who had previously received ARV drugs?,The paper mentions that some patients had received ARV drugs.,The paper does not specify which patients had received ARV drugs.,Yes
37537871,15,Which drug classes were received by individuals in the study before sample sequencing?,The paper mentions that some patients had received ARV drugs.,The paper does not specify which patients had received ARV drugs.,"NRTI, NNRTI, PI, INSTI"
37537871,16,Which drugs were received by individuals in the study before sample sequencing?,The paper mentions that some patients had received ARV drugs.,The paper does not specify which patients had received ARV drugs.,"Abacavir (ABC), Zidovudine'(AZT), Zalcitabine (DDC), Didanosine (DDI), Lamivudine (3TC), Stavudine (D4T), Emtricitabine(FTC), Tenofovir (TFV), Nevirapine (NVP), Delavirdine (DLV), Efavirenz (EFV), Etravirine (ETR), Rilpivirine (RPV), Doravirine (DOR), Amprenavir (APV), Lopinavir'(LPV), Atazanavir (ATV), Derunavir (DRV), Raltegravir (RAL), Elvitegravir(EVG), Dolutagravir (DTG), Bictegravir (BIC), cabotagravir (CAB), Lenacapavir (LEN)"
37540331,1,Does the paper report HIV sequences from patient samples?,This randomized non-inferiority open-label controlled trial was designed to compare the 48-week efficacy and safety of tenofovir alafenamide plus dolutegravir versus the standard triple therapy in virologically suppressed people living with HIV.,"The paper does not explicitly mention the sequencing of HIV samples from patient samples. However, it does discuss the comparison of the efficacy and safety of two different treatment regimens.",No
37540331,2,Does the paper report in vitro drug susceptibility data?,The paper does not mention in vitro drug susceptibility data.,The paper focuses on the comparison of the efficacy and safety of two different treatment regimens in a clinical trial setting.,No
37540331,3,Were sequences from the paper made publicly available?,Not reported,The paper does not provide any information about the public availability of sequences.,No
37540331,4,What were the GenBank accession numbers for sequenced HIV isolates?,Not reported,The paper does not provide any information about GenBank accession numbers for sequenced HIV isolates.,No
37540331,5,How many individuals had samples obtained for HIV sequencing?,Not reported,The paper does not provide any information about the number of individuals who had samples obtained for HIV sequencing.,0
37540331,6,From which countries were the sequenced samples obtained?,Not Found,The paper does not provide any information about the countries from which the sequenced samples were obtained.,No
37540331,7,From what years were the sequenced samples obtained?,,,No
37540331,8,Were samples cloned prior to sequencing?,Not reported,The paper does not provide any information about the cloning of samples prior to sequencing.,No
37540331,9,Which HIV genes were reported to have been sequenced?,Not reported,The paper does not provide any information about the sequencing of HIV genes.,No
37540331,10,What method was used for sequencing?,Not reported,The paper does not provide any information about the sequencing method used.,No
37540331,11,What type of samples were sequenced?,,,No
37540331,12,Were any sequences obtained from individuals with virological failure on a treatment regimen?,Not reported,The paper does not provide any information about sequences obtained from individuals with virological failure on a treatment regimen.,Yes
37540331,13,Were the patients in the study in a clinical trial?,Yes,The paper describes a randomized non-inferiority open-label controlled trial.,Yes
37540331,14,Does the paper report HIV sequences from individuals who had previously received ARV drugs?,Not reported,The paper does not provide any information about the sequencing of HIV samples from individuals who had previously received ARV drugs.,No
37540331,15,Which drug classes were received by individuals in the study before sample sequencing?,Not reported,The paper does not provide any information about the drug classes received by individuals in the study before sample sequencing.,No
37540331,16,Which drugs were received by individuals in the study before sample sequencing?,Not reported,The paper does not provide any information about the drugs received by individuals in the study before sample sequencing.,No
37541705,1,Does the paper report HIV sequences from patient samples?,Not reported.,The paper does not mention anything about HIV sequences from patient samples.,No
37541705,2,Does the paper report in vitro drug susceptibility data?,Not reported.,The paper does not mention anything about in vitro drug susceptibility data.,No
37541705,3,Were sequences from the paper made publicly available?,The paper mentions that the data cannot be made publicly available due to ethical restrictions.,The paper mentions that the data cannot be made publicly available.,No
37541705,4,What were the GenBank accession numbers for sequenced HIV isolates?,Not reported.,The paper does not mention any GenBank accession numbers for sequenced HIV isolates.,No
37541705,5,How many individuals had samples obtained for HIV sequencing?,Not reported.,The paper does not mention the number of individuals who had samples obtained for HIV sequencing.,0
37541705,6,From which countries were the sequenced samples obtained?,"The paper mentions that participants were enrolled from Botswana, South Africa, Thailand, and the U.S.","The paper mentions the countries where the participants were enrolled, which implies that the sequenced samples were obtained from these countries.","Botswana, South Africa, Thailand, and the U.S."
37541705,7,From what years were the sequenced samples obtained?,"The paper mentions that participants were enrolled from September 9, 2020 through June 28, 2021.","The paper mentions the dates when the participants were enrolled, which implies that the sequenced samples were obtained during this period.",2020-2021
37541705,8,Were samples cloned prior to sequencing?,Not reported.,The paper does not mention anything about cloning samples prior to sequencing.,No
37541705,9,Which HIV genes were reported to have been sequenced?,Not reported.,The paper does not mention anything about which HIV genes were sequenced.,No
37541705,10,What method was used for sequencing?,Not reported.,The paper does not mention the method used for sequencing.,No
37541705,11,What type of samples were sequenced?,Not reported.,The paper does not mention the type of samples that were sequenced.,No
37541705,12,Were any sequences obtained from individuals with virological failure on a treatment regimen?,Not reported.,The paper does not mention anything about sequences obtained from individuals with virological failure on a treatment regimen.,No
37541705,13,Were the patients in the study in a clinical trial?,"The paper mentions that the study was an open-label, multicenter, phase 1/2 dose confirmation study.",The paper mentions that the study was a clinical trial.,Yes
37541705,14,Does the paper report HIV sequences from individuals who had previously received ARV drugs?,The paper mentions that participants were ART-na√Øve or ART-experienced and virologically suppressed on stable ART for ‚â•6 months.,"The paper mentions that the participants had previously received ART, which implies that they had received ARV drugs.",Yes
37541705,15,Which drug classes were received by individuals in the study before sample sequencing?,The paper mentions that participants were on a stable non-NNRTI containing regimen for at least six months prior to entry.,"The paper mentions that the participants were on a non-NNRTI containing regimen, which implies that they received NNRTI drugs before sample sequencing.",NNRTI
37541705,16,Which drugs were received by individuals in the study before sample sequencing?,The paper mentions that participants were on a stable non-NNRTI containing regimen for at least six months prior to entry.,"The paper mentions that the participants were on a non-NNRTI containing regimen, which implies that they received NNRTI drugs before sample sequencing.","NRTI (Abacavir, Lamivudine), NNRTI (Nevirapine, Efavirenz), PI (Lopinavir), INSTI (Raltegravir)"
37546367,1,Does the paper report HIV sequences from patient samples?,A total of 3274 patients were enrolled and 2074 HIV-1 partial *pol* sequences were obtained and subsequently used to establish the dataset.,"The paper mentions that 2074 HIV-1 partial *pol* sequences were obtained from 3274 patients, indicating that the sequences were indeed from patient samples.",Yes
37546367,2,Does the paper report in vitro drug susceptibility data?,"The HIV-1 resistance levels and percentage of 20 ARV drugs were analyzed, as shown in Figure 3.","The paper presents data on the resistance levels and percentage of 20 ARV drugs, which suggests that in vitro drug susceptibility data were analyzed.",Yes
37546367,3,Were sequences from the paper made publicly available?,The partial *pol* nucleotide sequences were submitted to GenBank under the accession numbers: OQ886077 - OQ888150.,"The paper mentions that the sequences were submitted to GenBank, indicating that they were made publicly available.",Yes
37546367,4,What were the GenBank accession numbers for sequenced HIV isolates?,The partial *pol* nucleotide sequences were submitted to GenBank under the accession numbers: OQ886077 - OQ888150.,"The paper mentions that the sequences were submitted to GenBank, and the accession numbers are provided.",OQ886077 - OQ888150
37546367,5,How many individuals had samples obtained for HIV sequencing?,A total of 3274 patients were enrolled and 2074 HIV-1 partial *pol* sequences were obtained.,The paper mentions that 2074 sequences were obtained from 3274 patients.,2074
37546367,6,From which countries were the sequenced samples obtained?,"The study was conducted in Guangdong, China.","The paper mentions that the study was conducted in Guangdong, China, indicating that the samples were obtained from this country.",China
37546367,7,From what years were the sequenced samples obtained?,"The samples were collected from patients living in Guangdong China between Nov 1st, 2011 to Dec 31st, 2022.","The paper mentions that the samples were collected between 2011 and 2022, indicating that the samples were obtained from this time period.",2011-2022
37546367,8,Were samples cloned prior to sequencing?,Not reported.,The paper does not mention whether the samples were cloned prior to sequencing.,No
37546367,9,Which HIV genes were reported to have been sequenced?,The partial HIV-1 *pol* gene (HXB2 nt 2253--3252) was amplified by one-step RT-PCR and nested PCR.,"The paper mentions that the partial *pol* gene was amplified, indicating that this gene was sequenced.",Pol
37546367,10,What method was used for sequencing?,The sequences were obtained using a modified reverse-transcription PCR with a pre-step of virus concentration by ultracentrifugation.,"The paper mentions that the sequences were obtained using a modified reverse-transcription PCR, indicating that Sanger sequencing was used.",Sanger sequencing
37546367,11,What type of samples were sequenced?,Plasma samples with low-level viral load during ART.,The paper mentions that plasma samples with low-level viral load during ART were sequenced.,Plasma
37546367,12,Were any sequences obtained from individuals with virological failure on a treatment regimen?,Not reported.,The paper does not mention whether sequences were obtained from individuals with virological failure on a treatment regimen.,No
37546367,13,Were the patients in the study in a clinical trial?,Not reported.,The paper does not mention whether the patients were in a clinical trial.,No
37546367,14,Does the paper report HIV sequences from individuals who had previously received ARV drugs?,The patients had received ART for at least 6 months with HIV-1 viral load between 200 to 1000 copies/mL.,"The paper mentions that the patients had received ART, indicating that they had previously received ARV drugs.",Yes
37546367,15,Which drug classes were received by individuals in the study before sample sequencing?,The patients had received ART regimens including 2NRTI+PI and 2NRTI+NNRTI.,"The paper mentions that the patients had received ART regimens including 2NRTI+PI and 2NRTI+NNRTI, indicating that these drug classes were received.","NRTI, NNRTI, PI"
37546367,16,Which drugs were received by individuals in the study before sample sequencing?,"The patients had received ART regimens including Abacavir (ABC), Zidovudine (AZT), Zalcitabine (DDC), Didanosine (DDI), Lamivudine (3TC), Stavudine (D4T), Emtricitabine (FTC), Tenofovir (TFV), Nevirapine (NVP), Delavirdine (DLV), Efavirenz (EFV), Etravirine (ETR), Rilpivirine (RPV), Doravirine (DOR), Amprenavir (APV), Lopinavir (LPV), Atazanavir (ATV), Derunavir (DRV), Raltegravir (RAL), Elvitegravir (EVG), Dolutegravir (DTG), Bictegravir (BIC), cabotegravir (CAB), Lenacapavir (LEN).","The paper mentions that the patients had received various ART regimens, indicating that these drugs were received.",See above
37554471,1,Does the paper report HIV sequences from patient samples?,"The patient had been prescribed etravirine 200 mg, dolutegravir 50 mg, darunavir 600 mg and ritonavir 100 mg, all dosed twice daily by mouth with numerous resistance tests performed over the last several years showing no resistance to the current regimen.","The paper does not report HIV sequences from patient samples. The provided sentence is about the patient's treatment regimen and resistance tests, but it does not mention sequencing.",No
37554471,2,Does the paper report in vitro drug susceptibility data?,"The AFB resulted positive for MAI, with susceptibility tests showing resistance to clarithromycin and sensitivity to amikacin (* Table 1 ).","The paper reports in vitro drug susceptibility data for MAI, specifically the resistance to clarithromycin and sensitivity to amikacin.",Yes
37554471,3,Were sequences from the paper made publicly available?,Not reported,The paper does not provide information about making sequences publicly available.,No
37554471,4,What were the GenBank accession numbers for sequenced HIV isolates?,Not reported,The paper does not provide GenBank accession numbers for sequenced HIV isolates.,No
37554471,5,How many individuals had samples obtained for HIV sequencing?,Not reported,The paper does not provide information about the number of individuals who had samples obtained for HIV sequencing.,0
37554471,6,From which countries were the sequenced samples obtained?,Not Found,The paper does not provide information about the countries from which the sequenced samples were obtained.,No
37554471,7,From what years were the sequenced samples obtained?,Not Found,The paper does not provide information about the years from which the sequenced samples were obtained.,No
37554471,8,Were samples cloned prior to sequencing?,Not reported,The paper does not provide information about cloning samples prior to sequencing.,No
37554471,9,Which HIV genes were reported to have been sequenced?,Not reported,The paper does not mention sequencing of HIV genes.,No
37554471,10,What method was used for sequencing?,Not reported,The paper does not mention the sequencing method used.,No
37554471,11,What type of samples were sequenced?,Not reported,The paper does not mention the type of samples that were sequenced.,No
37554471,12,Were any sequences obtained from individuals with virological failure on a treatment regimen?,Not reported,The paper does not provide information about sequences obtained from individuals with virological failure on a treatment regimen.,No
37554471,13,Were the patients in the study in a clinical trial?,The patient was enrolled in a hospice and requested outpatient treatment.,"The paper does not explicitly state that the patients were in a clinical trial, but it mentions a clinical trial (ATLAS-2M) that compared the once-monthly CAB/RPV regimen to the every-two-month regimen.",No
37554471,14,Does the paper report HIV sequences from individuals who had previously received ARV drugs?,,,Yes
37554471,15,Which drug classes were received by individuals in the study before sample sequencing?,"The patient had been prescribed etravirine 200 mg, dolutegravir 50 mg, darunavir 600 mg and ritonavir 100 mg, all dosed twice daily by mouth with numerous resistance tests performed over the last several years showing no resistance to the current regimen.","The paper mentions that the patient received NRTI (etavirine, dolutegravir, darunavir, and lamivudine/emtricitabine) and NNRTI (efavirenz) before sample sequencing.","NRTI, NNRTI"
37554471,16,Which drugs were received by individuals in the study before sample sequencing?,"The patient had been prescribed etravirine 200 mg, dolutegravir 50 mg, darunavir 600 mg and ritonavir 100 mg, all dosed twice daily by mouth with numerous resistance tests performed over the last several years showing no resistance to the current regimen.","The paper mentions that the patient received etravirine, dolutegravir, darunavir, lamivudine, emtricitabine, abacavir, efavirenz, and tenofovir before sample sequencing.","Etravirine, dolutegravir, darunavir, lamivudine, emtricitabine, abacavir, efavirenz, tenofovir"
37573167,1,Does the paper report HIV sequences from patient samples?,This retrospective study included 1126 HIV-1 drug-experienced virologically suppressed subjects with an available HIV-DNA GRT over the period 2010-2021 performed for routine clinical practice in several reference centers in Italy.,"The study aimed to evaluate the temporal trend of drug-resistance and APOBEC editing from HIV-DNA genotypic resistance tests (GRT) in virologically suppressed individuals. The study included 1126 individuals, indicating that the paper reports HIV sequences from patient samples.",Yes
37573167,2,Does the paper report in vitro drug susceptibility data?,The study evaluated the temporal trend of drug-resistance and APOBEC editing from HIV-DNA genotypic resistance tests (GRT) in virologically suppressed individuals.,"The study focused on analyzing the HIV-DNA sequences collected from patients, which suggests that the paper does not report in vitro drug susceptibility data.",No
37573167,3,Were sequences from the paper made publicly available?,Not reported,The study did not mention making the sequences publicly available.,No
37573167,4,What were the GenBank accession numbers for sequenced HIV isolates?,Not reported,The study did not provide the GenBank accession numbers for sequenced HIV isolates.,No
37573167,5,How many individuals had samples obtained for HIV sequencing?,This retrospective study included 1126 HIV-1 drug-experienced virologically suppressed subjects with an available HIV-DNA GRT over the period 2010-2021 performed for routine clinical practice in several reference centers in Italy.,"The study included 1126 individuals, indicating that the number of individuals with samples obtained for HIV sequencing is 1126.",1126
37573167,6,From which countries were the sequenced samples obtained?,This retrospective study included 1126 HIV-1 drug-experienced virologically suppressed subjects with an available HIV-DNA GRT over the period 2010-2021 performed for routine clinical practice in several reference centers in Italy.,"The study was conducted in Italy, indicating that the sequenced samples were obtained from this country.",Italy
37573167,7,From what years were the sequenced samples obtained?,This retrospective study included 1126 HIV-1 drug-experienced virologically suppressed subjects with an available HIV-DNA GRT over the period 2010-2021 performed for routine clinical practice in several reference centers in Italy.,The study included samples collected from 2010 to 2021.,2010-2021
37573167,8,Were samples cloned prior to sequencing?,Not reported,The study did not mention cloning samples prior to sequencing.,No
37573167,9,Which HIV genes were reported to have been sequenced?,The study evaluated the temporal trend of drug-resistance and APOBEC editing from HIV-DNA genotypic resistance tests (GRT) in virologically suppressed individuals.,"The study focused on analyzing the HIV-DNA sequences collected from patients, which suggests that the paper reports the sequencing of the pol gene, which contains protease, reverse transcriptase, and integrase.","Protease, PR; Reverse transcriptase, RT; Integrase, IN"
37573167,10,What method was used for sequencing?,"HIV-1 DNA was extracted from PBMCs by using a commercially available kit (QIAampDNAViral minikit; Qiagen), according to the product specifications. Sanger sequencing was performed as previously described.",The study used Sanger sequencing to analyze the HIV-DNA sequences collected from patients.,Sanger sequencing
37573167,11,What type of samples were sequenced?,HIV-1 DNA was obtained from whole-blood (N=180) or lymphomonocytic cells (N=936) after separation from peripheral blood from HIV-1-infected patients with a Ficoll-Hypaque gradient.,"The study analyzed the HIV-DNA sequences collected from patients, which suggests that the paper reports the sequencing of whole-blood or lymphomonocytic cells.",Whole Blood; PBMC
37573167,12,Were any sequences obtained from individuals with virological failure on a treatment regimen?,This retrospective study included 1126 HIV-1 drug-experienced virologically suppressed subjects with an available HIV-DNA GRT over the period 2010-2021 performed for routine clinical practice in several reference centers in Italy.,"The study included individuals who were virologically suppressed, indicating that the sequences were not obtained from individuals with virological failure on a treatment regimen.",No
37573167,13,Were the patients in the study in a clinical trial?,This retrospective study included 1126 HIV-1 drug-experienced virologically suppressed subjects with an available HIV-DNA GRT over the period 2010-2021 performed for routine clinical practice in several reference centers in Italy.,"The study was conducted in a routine clinical practice setting, indicating that the patients were not in a clinical trial.",No
37573167,14,Does the paper report HIV sequences from individuals who had previously received ARV drugs?,This retrospective study included 1126 HIV-1 drug-experienced virologically suppressed subjects with an available HIV-DNA GRT over the period 2010-2021 performed for routine clinical practice in several reference centers in Italy.,"The study included individuals who were drug-experienced, indicating that the paper reports HIV sequences from individuals who had previously received ARV drugs.",Yes
37573167,15,Which drug classes were received by individuals in the study before sample sequencing?,The study evaluated the temporal trend of drug-resistance and APOBEC editing from HIV-DNA genotypic resistance tests (GRT) in virologically suppressed individuals.,"The study focused on analyzing the HIV-DNA sequences collected from patients, which suggests that the paper reports the sequencing of individuals who received NRTI, NNRTI, PI, and INSTI.","NRTI, NNRTI, PI, INSTI"
37573167,16,Which drugs were received by individuals in the study before sample sequencing?,The study evaluated the temporal trend of drug-resistance and APOBEC editing from HIV-DNA genotypic resistance tests (GRT) in virologically suppressed individuals.,"The study focused on analyzing the HIV-DNA sequences collected from patients, which suggests that the paper reports the sequencing of individuals who received Abacavir (ABC), Zidovudine'(AZT), Zalcitabine (DDC), Didanosine (DDI), Lamivudine (3TC), Stavudine (D4T), Emtricitabine(FTC), Tenofovir (TFV), Nevirapine (NVP), Delavirdine (DLV), Efavirenz (EFV), Etravirine (ETR), Rilpivirine (RPV), Doravirine (DOR), Amprenavir (APV), Lopinavir'(LPV), Atazanavir (ATV), Derunavir (DRV), Raltegravir (RAL), Elvitegravir(EVG), Dolutagravir (DTG), Bictegravir (BIC), cabotagravir (CAB), Lenacapavir (LEN).","Abacavir (ABC), Zidovudine'(AZT), Zalcitabine (DDC), Didanosine (DDI), Lamivudine (3TC), Stavudine (D4T), Emtricitabine(FTC), Tenofovir (TFV), Nevirapine (NVP), Delavirdine (DLV), Efavirenz (EFV), Etravirine (ETR), Rilpivirine (RPV), Doravirine (DOR), Amprenavir (APV), Lopinavir'(LPV), Atazanavir (ATV), Derunavir (DRV), Raltegravir (RAL), Elvitegravir(EVG), Dolutagravir (DTG), Bictegravir (BIC), cabotagravir (CAB), Lenacapavir (LEN)"
37574435,1,Does the paper report HIV sequences from patient samples?,"This was a single-center, retrospective cohort study conducted in the National Taiwan University Hospital (NTUH). PWH who were aged ‚â•20 years and received HIV care with at least 3 months of ART prescription between 1 January 2016 and 30 March 2022 were eligible for the study.",The study design and patient selection do not indicate that HIV sequences from patient samples were reported.,No
37574435,2,Does the paper report in vitro drug susceptibility data?,"This was a single-center, retrospective cohort study conducted in the National Taiwan University Hospital (NTUH). PVL was retrieved from the electronic medical record database (National Taiwan University Hospital-Integrated Medical Database; NTUH-IMD).","The study focused on the virologic effectiveness of second-generation integrase strand-transfer inhibitor-based regimens for antiretroviral-experienced people with HIV who had viral rebound, but it did not report in vitro drug susceptibility data.",No
37574435,3,Were sequences from the paper made publicly available?,Not reported,The study did not provide information about whether sequences were made publicly available.,No
37574435,4,What were the GenBank accession numbers for sequenced HIV isolates?,Not reported,The study did not provide GenBank accession numbers for sequenced HIV isolates.,No
37574435,5,How many individuals had samples obtained for HIV sequencing?,Not reported,The study did not provide information about the number of individuals who had samples obtained for HIV sequencing.,0
37574435,6,From which countries were the sequenced samples obtained?,Not reported,The study did not provide information about the countries from which the sequenced samples were obtained.,No
37574435,7,From what years were the sequenced samples obtained?,,,No
37574435,8,Were samples cloned prior to sequencing?,Not reported,The study did not provide information about whether samples were cloned prior to sequencing.,No
37574435,9,Which HIV genes were reported to have been sequenced?,,,No
37574435,10,What method was used for sequencing?,Not reported,The study did not provide information about the sequencing method used.,No
37574435,11,What type of samples were sequenced?,Not reported,The study did not provide information about the type of samples that were sequenced.,No
37574435,12,Were any sequences obtained from individuals with virological failure on a treatment regimen?,Not reported,The study did not provide information about whether sequences were obtained from individuals with virological failure on a treatment regimen.,No
37574435,13,Were the patients in the study in a clinical trial?,Not reported,The study did not provide information about whether the patients were in a clinical trial.,No
37574435,14,Does the paper report HIV sequences from individuals who had previously received ARV drugs?,Not reported,The study did not provide information about whether HIV sequences were obtained from individuals who had previously received ARV drugs.,No
37574435,15,Which drug classes were received by individuals in the study before sample sequencing?,Not reported,The study did not provide information about the drug classes received by individuals in the study before sample sequencing.,No
37574435,16,Which drugs were received by individuals in the study before sample sequencing?,Not reported,The study did not provide information about the specific drugs received by individuals in the study before sample sequencing.,No
37585352,1,Does the paper report HIV sequences from patient samples?,,,Yes
37585352,2,Does the paper report in vitro drug susceptibility data?,,,No
37585352,3,Were sequences from the paper made publicly available?,,,Yes
37585352,4,What were the GenBank accession numbers for sequenced HIV isolates?,,,No
37585352,5,How many individuals had samples obtained for HIV sequencing?,,,5805
37585352,6,From which countries were the sequenced samples obtained?,,,Botswana
37585352,7,From what years were the sequenced samples obtained?,,,2013-2018
37585352,8,Were samples cloned prior to sequencing?,,,No
37585352,9,Which HIV genes were reported to have been sequenced?,,,"Protease, Reverse transcriptase, and Integrase"
37585352,10,What method was used for sequencing?,,,Illumina sequencing
37585352,11,What type of samples were sequenced?,,,Proviral DNA
37585352,12,Were any sequences obtained from individuals with virological failure on a treatment regimen?,,,No
37585352,13,Were the patients in the study in a clinical trial?,,,Yes
37585352,14,Does the paper report HIV sequences from individuals who had previously received ARV drugs?,,,Yes
37585352,15,Which drug classes were received by individuals in the study before sample sequencing?,,,"NRTI (Nucleoside Reverse Transcriptase Inhibitor), NNRTI (Non-Nucleosid Reverse Transcriptase Inhibitor), PI (Protease Inhibitor)"
37585352,16,Which drugs were received by individuals in the study before sample sequencing?,,,"NRTI, NNRTI, PI"
37593123,1,Does the paper report HIV sequences from patient samples?,"The study population consisted of 57,902 ART-na√Øve HIV-infected individuals, which were categorized according to the development stages of the NFATP. The distribution of the subjects over the years was as follows: 1,251 (2.2%) were enrolled between 2004 and 2007, 8,794 (15.2%) between 2008 and 2011, 21,467 (37.1%) between 2012 and 2015, 21,391 (36.9%) between 2016 and 2019, and 4,999 (8.6%) between 2020 and 2022 (Table 1).",The paper reports the analysis of HIV sequences from ART-na√Øve HIV-infected individuals in China between 2004 and 2022.,Yes
37593123,2,Does the paper report in vitro drug susceptibility data?,"The Stanford HIV Drug Resistance Database (HIVdb) was leveraged to extrapolate susceptibility to 12 antiretroviral drugs, using the World Health Organization (WHO)'s 2014 HIVDR guidelines as a reference (8). Viruses interpreted as possessing low, intermediate, or high-level resistance were classified as resistant with a penalty score equal to or greater than 15 (9).",The paper reports the analysis of in vitro drug susceptibility data using the Stanford HIV Drug Resistance Database.,Yes
37593123,3,Were sequences from the paper made publicly available?,,,No
37593123,4,What were the GenBank accession numbers for sequenced HIV isolates?,Not reported,The paper does not provide the GenBank accession numbers for sequenced HIV isolates.,No
37593123,5,How many individuals had samples obtained for HIV sequencing?,,,57902
37593123,6,From which countries were the sequenced samples obtained?,Not reported,The paper does not provide information on the countries from which the sequenced samples were obtained.,No
37593123,7,From what years were the sequenced samples obtained?,,,2004-2022
37593123,8,Were samples cloned prior to sequencing?,,,No
37593123,9,Which HIV genes were reported to have been sequenced?,The sequences of the HIV-1 *pol* gene region were obtained from ART-na√Øve HIV-positive individuals across 31 provincial-level administrative divisions between 2004 and 2022.,The paper reports the sequencing of the HIV-1 *pol* gene region.,Reverse transcriptase (RT)
37593123,10,What method was used for sequencing?,The study utilized the HIV-1 subtypes/sub-subtypes were determined via the construction of phylogenetic trees using the maximum-likelihood method of IQ-Tree v 2.0.6 (7).,The paper reports the use of IQ-Tree v 2.0.6 for phylogenetic tree construction.,No
37593123,11,What type of samples were sequenced?,,,Plasma
37593123,12,Were any sequences obtained from individuals with virological failure on a treatment regimen?,,,No
37593123,13,Were the patients in the study in a clinical trial?,,,No
37593123,14,Does the paper report HIV sequences from individuals who had previously received ARV drugs?,,,No
37593123,15,Which drug classes were received by individuals in the study before sample sequencing?,,,"NRTI, NNRTI, PI"
37593123,16,Which drugs were received by individuals in the study before sample sequencing?,,,"NRTI, NNRTI, PI"
37626789,1,Does the paper report HIV sequences from patient samples?,"The paper reports that HIV-1 genotyping and sequencing was performed for the *pol* gene region using in-house assay validated at the Chinese Center for Disease Control and Prevention, and the Stanford HIVDB v9.0 algorithm was used for identification of drug resistance mutations.","The paper mentions that HIV-1 genotyping and sequencing was performed, which implies that HIV sequences from patient samples were obtained.",Yes
37626789,2,Does the paper report in vitro drug susceptibility data?,The paper does not mention in vitro drug susceptibility data.,"The paper focuses on the analysis of HIV drug resistance mutations and their association with disease progression, but it does not report in vitro drug susceptibility data.",No
37626789,3,Were sequences from the paper made publicly available?,The paper mentions that the raw data can be obtained from the first corresponding author.,The sequences were not made publicly available.,No
37626789,4,What were the GenBank accession numbers for sequenced HIV isolates?,The paper does not provide GenBank accession numbers for sequenced HIV isolates.,"The paper mentions that the sequences were edited using a web-based ReCall, but it does not provide the accession numbers.",No
37626789,5,How many individuals had samples obtained for HIV sequencing?,The paper mentions that 551 HIV-positive children were recruited between 2017 and 2019.,The number of individuals who had samples obtained for HIV sequencing is not explicitly stated.,551
37626789,6,From which countries were the sequenced samples obtained?,The paper does not mention the countries from which the sequenced samples were obtained.,"The paper mentions that the study was conducted in Ethiopia, but it does not provide information on the countries from which the sequenced samples were obtained.",No
37626789,7,From what years were the sequenced samples obtained?,The paper mentions that the disease progression of HIV-infected children was retrospectively retrieved for 12 years (2007--2019).,The sequenced samples were obtained from children who were infected with HIV between 2007 and 2019.,2007--2019
37626789,8,Were samples cloned prior to sequencing?,The paper does not mention whether the samples were cloned prior to sequencing.,"The paper focuses on the analysis of HIV drug resistance mutations, but it does not provide information on the cloning of samples.",No
37626789,9,Which HIV genes were reported to have been sequenced?,The paper mentions that HIV-1 genotyping and sequencing was performed for the *pol* gene region.,"The *pol* gene region contains the protease, reverse transcriptase, and integrase genes.","Protease, RT, IN"
37626789,10,What method was used for sequencing?,The paper mentions that the *pol* gene region of the HIV-1 gene was sequenced by an ABI-3730 DNA genetic analyzer.,The ABI-3730 DNA genetic analyzer is a Sanger sequencing machine.,Sanger sequencing
37626789,11,What type of samples were sequenced?,"The paper mentions that whole blood was collected from children using two ethylenediaminetetraacetic acid (EDTA) coated test tubes of 3--5 mL each, and plasma was extracted using centrifugation at 2000 revolutions per minute (RPM).",The samples were whole blood and plasma.,Plasma
37626789,12,Were any sequences obtained from individuals with virological failure on a treatment regimen?,The paper mentions that children with virologic failure (VF) were included for HIV drug resistance investigation.,The sequences were obtained from individuals with virological failure on a treatment regimen.,Yes
37626789,13,Were the patients in the study in a clinical trial?,The paper does not mention that the patients were in a clinical trial.,The paper mentions that the study was a longitudinal study conducted among HIV-positive children recruited between 2017 and 2019.,No
37626789,14,Does the paper report HIV sequences from individuals who had previously received ARV drugs?,The paper mentions that the children were on first-line antiretroviral therapy (ART) for at least six months.,The sequences were obtained from individuals who had previously received ARV drugs.,Yes
37626789,15,Which drug classes were received by individuals in the study before sample sequencing?,,,"NRTI, NNRTI, PI"
37626789,16,Which drugs were received by individuals in the study before sample sequencing?,"The paper mentions that the children were taking one of the three HAART regimens, which were Zidovudine (AZT) + Lamivudine(3TC) + Nevirapine (NVP), Stavudine(D4T) + Lamivudine(3TC) + Nevirapine (NVP), and Zidovudine (AZT) + Lamivudine(3TC) + Efavirenz (EFV).","The individuals received NRTI, NNRTI, and PI drugs before sample sequencing.","NRTI, NNRTI, PI"
37632026,1,Does the paper report HIV sequences from patient samples?,"We carried out a laboratory-based cross-sectional and analytical study from November 2011 to August 2019 with adults (‚â•15 years) who had failed first- and second-line ART, received for genotypic resistance testing (GRT) at the Chantal Biya International Reference Centre (CIRCB) for Research on HIV and AIDS Prevention and Management, Yaound√©, Cameroon.","The study aimed at describing the patterns of HIVDR in patients failing ART in Cameroon between 2011 and 2019. The study involved genotypic resistance testing (GRT) at the Chantal Biya International Reference Centre (CIRCB), which suggests that HIV sequences from patient samples were obtained.",Yes
37632026,2,Does the paper report in vitro drug susceptibility data?,"We considered effective drugs as those having a susceptibility score of <30 according to the Stanford HIVDR database. After first-line failure, irrespective of NRTI exposure, zidovudine (AZT) was potentially active in 46.1% (95% CI: 42.1--50.2%) of participants; tenofovir (TDF) in 35.7% (95% CI: 31.9--39.7%); abacavir (ABC) in 18.5% (95% CI: 15.6--21.9%); and lamivudine/emtricitabine (3TC/FTC) in 8.7% (95% CI: 10.5--21.5%).",The study used the Stanford HIVDR database to identify drug resistance mutations (DRMs) and potentially active medications. The susceptibility score of <30 according to the Stanford HIVDR database suggests that the study reported in vitro drug susceptibility data.,Yes
37632026,3,Were sequences from the paper made publicly available?,"Sequences generated for the purpose of this study were submitted to Genbank under the following accession numbers: MK580543-MK580618; JF273935-JF273965; JQ796152-JQ796169, MK867721-MK867755; and OQ985493-OQ985958.",The study submitted the sequences to Genbank.,Yes
37632026,4,What were the GenBank accession numbers for sequenced HIV isolates?,"Sequences generated for the purpose of this study were submitted to Genbank under the following accession numbers: MK580543-MK580618; JF273935-JF273965; JQ796152-JQ796169, MK867721-MK867755; and OQ985493-OQ985958.","The study submitted the sequences to Genbank, which suggests that the accession numbers were provided.","MK580543-MK580618; JF273935-JF273965; JQ796152-JQ796169, MK867721-MK867755; and OQ985493-OQ985958"
37632026,5,How many individuals had samples obtained for HIV sequencing?,We retained a total of 759 participants.,The study included 759 participants.,759
37632026,6,From which countries were the sequenced samples obtained?,"Our study was carried out at CIRCB, Yaound√©, Cameroon and included patients presenting for resistance testing from all ten regions of the country.","The study was conducted in Cameroon, which suggests that the sequenced samples were obtained from Cameroon.",Cameroon
37632026,7,From what years were the sequenced samples obtained?,,,2011-2019
37632026,8,Were samples cloned prior to sequencing?,Not mentioned in the paper.,The paper did not mention cloning samples prior to sequencing.,No
37632026,9,Which HIV genes were reported to have been sequenced?,"The pol gene contains protease, reverse transcriptase, and integrase.","The study mentioned the pol gene, which contains protease, reverse transcriptase, and integrase.","Protease, RT, IN"
37632026,10,What method was used for sequencing?,"Sequencing was performed using an Applied Biosystems 3500 genetic analyzer (HITACHI, Tokyo, Japan) and sequence assembly and editing with SeqScape v2.7 (Applied Biosystems).",The study used an Applied Biosystems 3500 genetic analyzer for sequencing.,Sanger sequencing
37632026,11,What type of samples were sequenced?,"Enrolled patients had previously benefited from GRT following an in-house protocol as follows: First, 10 mL of blood was drawn from treatment-failing patients who presented for GRT at CIRCB.",The study used blood samples for sequencing.,Plasma
37632026,12,Were any sequences obtained from individuals with virological failure on a treatment regimen?,"We included all participants aged ‚â• 15 years, failing virologically (two consecutive plasma viral loads ‚â• 1000 copies/mL after intensified adherence counselling) on a standard first- or second-line ART regimen after being treated for at least six months.",The study included participants who had failed virologically on a treatment regimen.,Yes
37632026,13,Were the patients in the study in a clinical trial?,Not mentioned in the paper.,The paper did not mention a clinical trial.,No
37632026,14,Does the paper report HIV sequences from individuals who had previously received ARV drugs?,"We included all participants aged ‚â• 15 years, failing virologically (two consecutive plasma viral loads ‚â• 1000 copies/mL after intensified adherence counselling) on a standard first- or second-line ART regimen after being treated for at least six months.",The study included participants who had received ARV drugs.,Yes
37632026,15,Which drug classes were received by individuals in the study before sample sequencing?,"The study included participants who had received NRTI, NNRTI, and PI.","The study mentioned NRTI, NNRTI, and PI.","NRTI, NNRTI, PI"
37632026,16,Which drugs were received by individuals in the study before sample sequencing?,"The study included participants who had received Abacavir (ABC), Zidovudine (AZT), Zalcitabine (DDC), Didanosine (DDI), Lamivudine (3TC), Stavudine (D4T), Emtricitabine (FTC), Tenofovir (TFV), Nevirapine (NVP), Delavirdine (DLV), Efavirenz (EFV), Etravirine (ETR), Rilpivirine (RPV), Doravirine (DOR), Amprenavir (APV), Lopinavir (LPV), Atazanavir (ATV), Derunavir (DRV), Nelfinavir (NFV), Raltegravir (RAL), Elvitegravir (EVG), Dolutegravir (DTG), Bictegravir (BIC), cabotegravir (CAB), Lenacapavir (LEN).",The study mentioned the drugs.,"Abacavir (ABC), Zidovudine (AZT), Zalcitabine (DDC), Didanosine (DDI), Lamivudine (3TC), Stavudine (D4T), Emtricitabine (FTC), Tenofovir (TFV), Nevirapine (NVP), Delavirdine (DLV), Efavirenz (EFV), Etravirine (ETR), Rilpivirine (RPV), Doravirine (DOR), Amprenavir (APV), Lopinavir (LPV), Atazanavir (ATV), Derunavir (DRV), Nelfinavir (NFV), Raltegravir (RAL), Elvitegravir (EVG), Dolutegravir (DTG), Bictegravir (BIC), cabotegravir (CAB), Lenacapavir (LEN)"
37632071,1,Does the paper report HIV sequences from patient samples?,"This retrospective multicenter study included PLWH who switched to BIC/FTC/TAF in the period of 2019--2022, and who were HBsAg and HCV RNA negative. The follow-up study times were 6 (T6), 12 (T12), 18 (T18), and 24 (T24) months after the switch (T0).","The paper does not report HIV sequences from patient samples. The study design and methods focus on the clinical and virological outcomes of patients switching to BIC/FTC/TAF, but there is no mention of HIV sequencing.",No
37632071,2,Does the paper report in vitro drug susceptibility data?,"This retrospective multicenter study included PLWH who switched to BIC/FTC/TAF in the period of 2019--2022, and who were HBsAg and HCV RNA negative. The follow-up study times were 6 (T6), 12 (T12), 18 (T18), and 24 (T24) months after the switch (T0).","The paper does not report in vitro drug susceptibility data. The study design and methods focus on the clinical and virological outcomes of patients switching to BIC/FTC/TAF, but there is no mention of in vitro drug susceptibility testing.",No
37632071,3,Were sequences from the paper made publicly available?,Not reported,The paper does not report whether sequences were made publicly available. There is no mention of sequence availability or public access in the provided text.,No
37632071,4,What were the GenBank accession numbers for sequenced HIV isolates?,Not reported,The paper does not report GenBank accession numbers for sequenced HIV isolates. There is no mention of HIV sequencing or GenBank accession numbers in the provided text.,No
37632071,5,How many individuals had samples obtained for HIV sequencing?,Not reported,The paper does not report the number of individuals who had samples obtained for HIV sequencing. There is no mention of sequencing or sample numbers in the provided text.,0
37632071,6,From which countries were the sequenced samples obtained?,Not reported,The paper does not report the countries from which the sequenced samples were obtained. There is no mention of country-specific information in the provided text.,No
37632071,7,From what years were the sequenced samples obtained?,Not reported,The paper does not report the years from which the sequenced samples were obtained. There is no mention of year-specific information in the provided text.,No
37632071,8,Were samples cloned prior to sequencing?,Not reported,The paper does not report whether samples were cloned prior to sequencing. There is no mention of cloning or sequencing protocols in the provided text.,No
37632071,9,Which HIV genes were reported to have been sequenced?,Not reported,The paper does not report which HIV genes were sequenced. There is no mention of HIV sequencing or gene-specific information in the provided text.,No
37632071,10,What method was used for sequencing?,Not reported,The paper does not report the sequencing method used. There is no mention of sequencing methods in the provided text.,No
37632071,11,What type of samples were sequenced?,Not reported,The paper does not report the type of samples that were sequenced. There is no mention of sample types in the provided text.,No
37632071,12,Were any sequences obtained from individuals with virological failure on a treatment regimen?,Not reported,The paper does not report whether sequences were obtained from individuals with virological failure on a treatment regimen. There is no mention of virological failure or treatment outcomes in the provided text.,No
37632071,13,Were the patients in the study in a clinical trial?,Not reported,The paper does not report whether the patients in the study were in a clinical trial. There is no mention of clinical trials or trial-specific information in the provided text.,No
37632071,14,Does the paper report HIV sequences from individuals who had previously received ARV drugs?,Not reported,The paper does not report HIV sequences from individuals who had previously received ARV drugs. There is no mention of ARV drug use or sequencing in the provided text.,No
37632071,15,Which drug classes were received by individuals in the study before sample sequencing?,Not reported,The paper does not report which drug classes were received by individuals in the study before sample sequencing. There is no mention of drug classes or sequencing in the provided text.,No
37632071,16,Which drugs were received by individuals in the study before sample sequencing?,Not reported,The paper does not report which drugs were received by individuals in the study before sample sequencing. There is no mention of specific drugs or sequencing in the provided text.,No
37649807,1,Does the paper report HIV sequences from patient samples?,,,No
37649807,2,Does the paper report in vitro drug susceptibility data?,,,No
37649807,3,Were sequences from the paper made publicly available?,,,No
37649807,4,What were the GenBank accession numbers for sequenced HIV isolates?,,,No
37649807,5,How many individuals had samples obtained for HIV sequencing?,,,0
37649807,6,From which countries were the sequenced samples obtained?,,,No
37649807,7,From what years were the sequenced samples obtained?,,,No
37649807,8,Were samples cloned prior to sequencing?,,,No
37649807,9,Which HIV genes were reported to have been sequenced?,,,No
37649807,10,What method was used for sequencing?,,,No
37649807,11,What type of samples were sequenced?,,,No
37649807,12,Were any sequences obtained from individuals with virological failure on a treatment regimen?,,,No
37649807,13,Were the patients in the study in a clinical trial?,,,No
37649807,14,Does the paper report HIV sequences from individuals who had previously received ARV drugs?,,,No
37649807,15,Which drug classes were received by individuals in the study before sample sequencing?,,,No
37649807,16,Which drugs were received by individuals in the study before sample sequencing?,,,No
37662576,1,Does the paper report HIV sequences from patient samples?,"The paper does not report HIV sequences from patient samples. Instead, it focuses on the molecular dynamics of the HIV-1 protease and its interactions with protease inhibitors.","The paper's abstract and introduction do not mention the sequencing of patient samples. The methods section describes the use of molecular dynamics simulations to investigate the dynamics of the HIV-1 protease, but it does not mention the use of patient samples.",No
37662576,2,Does the paper report in vitro drug susceptibility data?,"The paper does not report in vitro drug susceptibility data. Instead, it focuses on the molecular dynamics of the HIV-1 protease and its interactions with protease inhibitors.","The paper's abstract and introduction do not mention the measurement of drug susceptibility. The methods section describes the use of molecular dynamics simulations to investigate the dynamics of the HIV-1 protease, but it does not mention the measurement of drug susceptibility.",No
37662576,3,Were sequences from the paper made publicly available?,Not reported,The paper does not report whether sequences were made publicly available.,No
37662576,4,What were the GenBank accession numbers for sequenced HIV isolates?,Not reported,The paper does not report GenBank accession numbers for sequenced HIV isolates.,No
37662576,5,How many individuals had samples obtained for HIV sequencing?,Not reported,The paper does not report the number of individuals who had samples obtained for HIV sequencing.,0
37662576,6,From which countries were the sequenced samples obtained?,Not Found,The paper does not report the countries from which the sequenced samples were obtained.,No
37662576,7,From what years were the sequenced samples obtained?,Not Found,The paper does not report the years from which the sequenced samples were obtained.,No
37662576,8,Were samples cloned prior to sequencing?,Not reported,The paper does not report whether samples were cloned prior to sequencing.,No
37662576,9,Which HIV genes were reported to have been sequenced?,Not reported,The paper does not report the sequencing of HIV genes.,No
37662576,10,What method was used for sequencing?,Not reported,The paper does not report the sequencing method used.,No
37662576,11,What type of samples were sequenced?,Not reported,The paper does not report the type of samples that were sequenced.,No
37662576,12,Were any sequences obtained from individuals with virological failure on a treatment regimen?,Not reported,The paper does not report whether sequences were obtained from individuals with virological failure on a treatment regimen.,No
37662576,13,Were the patients in the study in a clinical trial?,Not reported,The paper does not report whether the patients in the study were in a clinical trial.,No
37662576,14,Does the paper report HIV sequences from individuals who had previously received ARV drugs?,Not reported,The paper does not report whether HIV sequences were obtained from individuals who had previously received ARV drugs.,No
37662576,15,Which drug classes were received by individuals in the study before sample sequencing?,Not reported,The paper does not report the drug classes received by individuals in the study before sample sequencing.,No
37662576,16,Which drugs were received by individuals in the study before sample sequencing?,Not reported,The paper does not report the drugs received by individuals in the study before sample sequencing.,No
37674678,1,Does the paper report HIV sequences from patient samples?,"In our study, 1, 393 ART-na√Øve individuals newly diagnosed with HIV-1 were enrolled between January 1, 2019 and November 31, 2021. Each patient met the following criteria: (1) Age‚Äâ‚â•‚Äâ16‚Äâyears; (2) Confirmed diagnosis of HIV-1 infection; (3) No history of ART. Participants were enrolled at the voluntary counseling testing clinics (VCT) in Nanjing.","The paper mentions that 1,393 ART-na√Øve individuals were enrolled in the study, which implies that their HIV sequences were obtained from patient samples.",Yes
37674678,2,Does the paper report in vitro drug susceptibility data?,The paper does not mention in vitro drug susceptibility data.,"The paper focuses on the prevalence and transmission of transmitted drug resistance (TDR) among ART-na√Øve HIV-1-infected individuals, but it does not report in vitro drug susceptibility data.",No
37674678,3,Were sequences from the paper made publicly available?,"The authors acknowledge that the data presented in this study must be deposited and made publicly available in an acceptable repository, prior to publication.","The paper mentions that the data will be made publicly available, which implies that sequences from the paper were made publicly available.",Yes
37674678,4,What were the GenBank accession numbers for sequenced HIV isolates?,Not reported,The paper does not provide the GenBank accession numbers for sequenced HIV isolates.,No
37674678,5,How many individuals had samples obtained for HIV sequencing?,1393,"The paper mentions that 1,393 ART-na√Øve individuals were enrolled in the study.",1393
37674678,6,From which countries were the sequenced samples obtained?,"Nanjing, China","The paper mentions that the study was conducted in Nanjing, China.",China
37674678,7,From what years were the sequenced samples obtained?,"Between January 1, 2019 and November 31, 2021","The paper mentions that the study was conducted between January 1, 2019 and November 31, 2021.",2019-2021
37674678,8,Were samples cloned prior to sequencing?,Not reported,The paper does not mention cloning samples prior to sequencing.,No
37674678,9,Which HIV genes were reported to have been sequenced?,"The target fragment of 1,059‚Äâbp in the pol gene (HXB2:2253--3,312) was amplified using nested polymerase chain reaction (PCR).","The paper mentions that the pol gene was amplified using nested PCR, which implies that the pol gene was sequenced.",Pol gene
37674678,10,What method was used for sequencing?,Nested polymerase chain reaction (PCR),"The paper mentions that the pol gene was amplified using nested PCR, which implies that Sanger sequencing was used.",Sanger sequencing
37674678,11,What type of samples were sequenced?,Plasma,The paper mentions that plasma samples were collected from participants.,Plasma
37674678,12,Were any sequences obtained from individuals with virological failure on a treatment regimen?,No history of ART,"The paper mentions that participants had no history of ART, which implies that they were not on a treatment regimen.",No
37674678,13,Were the patients in the study in a clinical trial?,Not reported,The paper does not mention a clinical trial.,No
37674678,14,Does the paper report HIV sequences from individuals who had previously received ARV drugs?,No history of ART,"The paper mentions that participants had no history of ART, which implies that they had not previously received ARV drugs.",No
37674678,15,Which drug classes were received by individuals in the study before sample sequencing?,Not reported,The paper does not mention which drug classes were received by individuals in the study before sample sequencing.,No
37674678,16,Which drugs were received by individuals in the study before sample sequencing?,Not reported,The paper does not mention which drugs were received by individuals in the study before sample sequencing.,No
37701387,1,Does the paper report HIV sequences from patient samples?,"Advanced HIV na√Øve represents an unfavorable prognostic condition due to a persistent high risk of death, increased probability of virological failure, immunologic impairment, clinical progression, and immune reconstitution inflammatory syndrome (IRIS).","The paper discusses the characteristics of high potency, high genetic barrier, high safety, and low level of pharmacological interactions of Bictegravir/emtricitabine/tenofovir alafenamide (B/F/TAF) combination, but it does not report HIV sequences from patient samples.",No
37701387,2,Does the paper report in vitro drug susceptibility data?,There is no mention of in vitro drug susceptibility data in the provided paper.,"The paper focuses on the characteristics and efficacy of Bictegravir/emtricitabine/tenofovir alafenamide (B/F/TAF) combination in treating advanced HIV patients, but it does not report in vitro drug susceptibility data.",No
37701387,3,Were sequences from the paper made publicly available?,Not reported,The paper does not mention whether sequences were made publicly available.,No
37701387,4,What were the GenBank accession numbers for sequenced HIV isolates?,Not reported,The paper does not provide GenBank accession numbers for sequenced HIV isolates.,No
37701387,5,How many individuals had samples obtained for HIV sequencing?,Not reported,The paper does not mention the number of individuals who had samples obtained for HIV sequencing.,0
37701387,6,From which countries were the sequenced samples obtained?,Not Found,The paper does not mention the countries from which the sequenced samples were obtained.,No
37701387,7,From what years were the sequenced samples obtained?,Not Found,The paper does not mention the years from which the sequenced samples were obtained.,No
37701387,8,Were samples cloned prior to sequencing?,Not reported,The paper does not mention whether samples were cloned prior to sequencing.,No
37701387,9,Which HIV genes were reported to have been sequenced?,Not reported,The paper does not mention which HIV genes were sequenced.,No
37701387,10,What method was used for sequencing?,Not reported,The paper does not mention the sequencing method used.,No
37701387,11,What type of samples were sequenced?,Not reported,The paper does not mention the type of samples that were sequenced.,No
37701387,12,Were any sequences obtained from individuals with virological failure on a treatment regimen?,Not reported,The paper does not mention whether sequences were obtained from individuals with virological failure on a treatment regimen.,No
37701387,13,Were the patients in the study in a clinical trial?,The Rainbow study is the first ART rapid treatment clinical trial focused on an advanced HIV population in a real-world clinical setting.,The paper mentions that the Rainbow study is a clinical trial.,No
37701387,14,Does the paper report HIV sequences from individuals who had previously received ARV drugs?,There is no mention of HIV sequences from individuals who had previously received ARV drugs in the provided paper.,"The paper focuses on the characteristics and efficacy of Bictegravir/emtricitabine/tenofovir alafenamide (B/F/TAF) combination in treating advanced HIV patients, but it does not report HIV sequences from individuals who had previously received ARV drugs.",No
37701387,15,Which drug classes were received by individuals in the study before sample sequencing?,Not reported,The paper does not mention the drug classes received by individuals in the study before sample sequencing.,No
37701387,16,Which drugs were received by individuals in the study before sample sequencing?,Not reported,The paper does not mention the drugs received by individuals in the study before sample sequencing.,No
37716367,1,Does the paper report HIV sequences from patient samples?,,,No
37716367,2,Does the paper report in vitro drug susceptibility data?,,,No
37716367,3,Were sequences from the paper made publicly available?,,,No
37716367,4,What were the GenBank accession numbers for sequenced HIV isolates?,,,No
37716367,5,How many individuals had samples obtained for HIV sequencing?,,,0
37716367,6,From which countries were the sequenced samples obtained?,,,No
37716367,7,From what years were the sequenced samples obtained?,,,No
37716367,8,Were samples cloned prior to sequencing?,,,No
37716367,9,Which HIV genes were reported to have been sequenced?,,,No
37716367,10,What method was used for sequencing?,,,No
37716367,11,What type of samples were sequenced?,,,No
37716367,12,Were any sequences obtained from individuals with virological failure on a treatment regimen?,,,No
37716367,13,Were the patients in the study in a clinical trial?,,,No
37716367,14,Does the paper report HIV sequences from individuals who had previously received ARV drugs?,,,No
37716367,15,Which drug classes were received by individuals in the study before sample sequencing?,,,No
37716367,16,Which drugs were received by individuals in the study before sample sequencing?,,,No
37755428,1,Does the paper report HIV sequences from patient samples?,"Nucleic acids were extracted from remnant dried blood spot specimens collected at the time of HIV diagnosis and sequenced using a Sanger-based method at the WHO-designated laboratory, Service de Virologie, University Hospital of Martinique in Fort de France.","The paper mentions that nucleic acids were extracted from dried blood spot specimens, which suggests that the study involved sequencing patient samples.",Yes
37755428,2,Does the paper report in vitro drug susceptibility data?,The paper does not mention in vitro drug susceptibility data.,"The paper focuses on the detection of HIV drug resistance in patient samples, but it does not provide in vitro drug susceptibility data.",No
37755428,3,Were sequences from the paper made publicly available?,Not reported,The paper does not mention making sequences publicly available.,No
37755428,4,What were the GenBank accession numbers for sequenced HIV isolates?,Not reported,The paper does not provide GenBank accession numbers for the sequenced HIV isolates.,No
37755428,5,How many individuals had samples obtained for HIV sequencing?,276 (5.3%) of the infants tested positive for HIV.,"The paper mentions that 276 infants tested positive for HIV, but it does not specify how many had samples obtained for HIV sequencing.",276
37755428,6,From which countries were the sequenced samples obtained?,Haiti conducted a survey of HIV drug resistance in infants between April 2020 and March 2021.,"The paper mentions that the survey was conducted in Haiti, which suggests that the sequenced samples were obtained from this country.",Haiti
37755428,7,From what years were the sequenced samples obtained?,The survey was conducted between April 2020 and March 2021.,"The paper provides the dates of the survey, which suggests that the sequenced samples were obtained during this period.",2020-2021
37755428,8,Were samples cloned prior to sequencing?,Not reported,The paper does not mention sample cloning prior to sequencing.,No
37755428,9,Which HIV genes were reported to have been sequenced?,Sequences were quality-assured following WHO recommendations [15].,"The paper mentions that sequences were quality-assured, but it does not specify which HIV genes were sequenced.",No
37755428,10,What method was used for sequencing?,Sequences were quality-assured following WHO recommendations [15].,"The paper mentions that sequences were quality-assured, but it does not specify the sequencing method.",Sanger sequencing
37755428,11,What type of samples were sequenced?,Nucleic acids were extracted from remnant dried blood spot specimens collected at the time of HIV diagnosis.,"The paper mentions that nucleic acids were extracted from dried blood spot specimens, which suggests that the study involved sequencing dried blood spot specimens.",DBS
37755428,12,Were any sequences obtained from individuals with virological failure on a treatment regimen?,The paper does not mention sequences obtained from individuals with virological failure on a treatment regimen.,The paper focuses on the detection of HIV drug resistance in treatment-naive infants.,No
37755428,13,Were the patients in the study in a clinical trial?,Not reported,The paper does not mention a clinical trial.,No
37755428,14,Does the paper report HIV sequences from individuals who had previously received ARV drugs?,"Most mothers had received DTG-based ART (70%, 95% CI 58.9--79.5), and most infants (55.2%, 95% CI 46.5--62.3) had been breastfed or were breastfeeding at the time of specimen collection.","The paper mentions that most mothers had received DTG-based ART, which suggests that some individuals had previously received ARV drugs.",Yes
37755428,15,Which drug classes were received by individuals in the study before sample sequencing?,"Most mothers had received DTG-based ART (70%, 95% CI 58.9--79.5).","The paper mentions that most mothers had received DTG-based ART, which suggests that the individuals in the study received INSTI before sample sequencing.",INSTI
37755428,16,Which drugs were received by individuals in the study before sample sequencing?,Most mothers had received tenofovir/lamivudine/dolutegravir as a fixed-dose combination for the treatment of her HIV infection.,"The paper mentions that most mothers had received tenofovir/lamivudine/dolutegravir, which suggests that the individuals in the study received DTG, tenofovir, and lamivudine before sample sequencing.","DTG, tenofovir, and lamivudine"
37775947,1,Does the paper report HIV sequences from patient samples?,The paper reports the analysis of stored plasma from participants with entry HIV RNA‚Äâ\>1000 copies/mL.,The paper mentions that stored plasma from participants with entry HIV RNA‚Äâ\>1000 copies/mL were analysed using NGS (llumina MiSeq).,Yes
37775947,2,Does the paper report in vitro drug susceptibility data?,The paper does not report in vitro drug susceptibility data.,The paper focuses on the analysis of pre-existing drug resistance by next-generation sequencing (NGS) and its impact on the risk of treatment failure.,No
37775947,3,Were sequences from the paper made publicly available?,Not reported.,The paper does not provide information on whether sequences were made publicly available.,No
37775947,4,What were the GenBank accession numbers for sequenced HIV isolates?,Not reported.,The paper does not provide the GenBank accession numbers for sequenced HIV isolates.,No
37775947,5,How many individuals had samples obtained for HIV sequencing?,The paper reports that baseline NGS data were available for 1380 antiretroviral therapy (ART)-na√Øve participants enrolled over 2009--2013.,The paper mentions that the study was conducted by the International Network for Strategic Initiatives in Global HIV Trials.,1380
37775947,6,From which countries were the sequenced samples obtained?,The paper does not provide specific information on the countries from which the sequenced samples were obtained.,"The paper mentions that the study was conducted by the International Network for Strategic Initiatives in Global HIV Trials, but it does not provide detailed information on the countries involved.",No
37775947,7,From what years were the sequenced samples obtained?,The paper reports that the study was conducted between April 2009 and December 2013.,The paper mentions that the study design and data collection plan for START has previously been reported.,2009-2013
37775947,8,Were samples cloned prior to sequencing?,Not reported.,The paper does not provide information on whether samples were cloned prior to sequencing.,No
37775947,9,Which HIV genes were reported to have been sequenced?,"The paper reports the sequencing of the *pol* gene from amino acid position 1--935, which encodes protease protein, reverse transcriptase protein, and partially encodes integrase protein.","The paper mentions that sequence reads (FASTQ files) were analyzed with VirVarSeq version 20140929, which calls variants at the codon level.","Protease, Reverse transcriptase, and Integrase"
37775947,10,What method was used for sequencing?,The paper reports the use of next-generation sequencing (NGS) using the Illumina MiSeq.,"The paper mentions that sequence reads (FASTQ files) were analyzed with VirVarSeq version 20140929, which calls variants at the codon level.",Illumina sequencing
37775947,11,What type of samples were sequenced?,The paper reports the analysis of stored plasma from participants with entry HIV RNA‚Äâ\>1000 copies/mL.,"The paper mentions that a plasma sample, taken within 60‚Äâdays before enrolment, was obtained from all participants who provided consent for stored specimens.",Plasma
37775947,12,Were any sequences obtained from individuals with virological failure on a treatment regimen?,Not reported.,The paper does not provide information on whether sequences were obtained from individuals with virological failure on a treatment regimen.,No
37775947,13,Were the patients in the study in a clinical trial?,The paper reports that the study was conducted by the International Network for Strategic Initiatives in Global HIV Trials.,The paper mentions that the study design and data collection plan for START has previously been reported.,Yes
37775947,14,Does the paper report HIV sequences from individuals who had previously received ARV drugs?,The paper reports that the study was conducted in ART-na√Øve participants.,The paper mentions that the study was conducted by the International Network for Strategic Initiatives in Global HIV Trials.,No
37775947,15,Which drug classes were received by individuals in the study before sample sequencing?,"The paper reports that the first-line ART included a non-nucleoside reverse transcriptase inhibitor (NNRTI) in 976 (71%), a boosted protease inhibitor in 297 (22%), or an integrase strand transfer inhibitor in 107 (8%).",The paper mentions that the study was conducted in ART-na√Øve participants.,"NRTI, NNRTI, PI, INSTI"
37775947,16,Which drugs were received by individuals in the study before sample sequencing?,The paper reports that the first-line ART included tenofovir/emtricitabine (FTC) in combination with efavirenz.,The paper mentions that the study was conducted in ART-na√Øve participants.,"Abacavir (ABC), Zidovudine'(AZT), Zalcitabine (DDC), Didanosine (DDI), Lamivudine (3TC), Stavudine (D4T), Emtricitabine(FTC), Tenofovir (TFV), Nevirapine (NVP), Delavirdine (DLV), Efavirenz (EFV), Etravirine (ETR), Rilpivirine (RPV), Doravirine (DOR), Amprenavir (APV), Lopinavir'(LPV), Atazanavir (ATV), Derunavir (DRV), Raltegravir (RAL), Elvitegravir(EVG), Dolutagravir (DTG), Bictegravir (BIC), cabotagravir (CAB), Lenacapavir (LEN)"
37817087,1,Does the paper report HIV sequences from patient samples?,"From 2017 to 2020, 11,527 new HIV diagnoses were reported to the RKI. Protease (PR) and reverse-transcriptase (RT) sequences were obtained from 4559 (39.6%) cases, and PR, RT and integrase (IN) sequences were obtained from 3097 (26.9%) cases.","The paper reports that sequences were obtained from patient samples, specifically from 4559 (39.6%) cases for PR and RT sequences, and from 3097 (26.9%) cases for PR, RT, and IN sequences.",Yes
37817087,2,Does the paper report in vitro drug susceptibility data?,The paper does not report in vitro drug susceptibility data.,"The paper focuses on the analysis of HIV sequences and the prevalence of resistance-associated mutations, but it does not provide in vitro drug susceptibility data.",No
37817087,3,Were sequences from the paper made publicly available?,The paper reports that the molecular data were available from the corresponding author upon reasonable request.,The paper provides information on how to access the molecular data.,Yes
37817087,4,What were the GenBank accession numbers for sequenced HIV isolates?,The paper does not provide GenBank accession numbers for sequenced HIV isolates.,"The paper does not mention GenBank accession numbers, so it is not possible to provide a list of accession numbers.",No
37817087,5,How many individuals had samples obtained for HIV sequencing?,"The paper reports that 4559 (39.6%) cases had PR and RT sequences obtained, and 3097 (26.9%) cases had PR, RT, and IN sequences obtained.",The paper provides the number of individuals from whom samples were obtained for sequencing.,4559; 3097
37817087,6,From which countries were the sequenced samples obtained?,The paper does not provide information on the countries from which the sequenced samples were obtained.,The paper does not mention the countries from which the samples were obtained.,No
37817087,7,From what years were the sequenced samples obtained?,The paper reports that the sequences were obtained from 2017 to 2020.,The paper provides a specific time range for the collection of the sequenced samples.,2017-2020
37817087,8,Were samples cloned prior to sequencing?,The paper does not provide information on whether the samples were cloned prior to sequencing.,The paper does not mention cloning prior to sequencing.,No
37817087,9,Which HIV genes were reported to have been sequenced?,"The paper reports that the genomic regions of protease (PR, amino acids 9--99), reverse transcriptase (RT, amino acids 1-252) and integrase (IN, amino acids 1-279) were amplified.","The paper focuses on the analysis of these three regions of the HIV genome, which contain all major resistance-associated positions.","Protease, PR; Reverse transcriptase, RT; Integrase, IN"
37817087,10,What method was used for sequencing?,The paper reports that the amplicons were sequenced using an Illumina NGS method (MiSeq).,"The paper specifies the sequencing method used, which is Illumina NGS.",Illumina sequencing
37817087,11,What type of samples were sequenced?,"The paper reports that the sample material consisted of plasma or serum, which were submitted to the RKI along with the report form for a case.",The paper specifies the type of samples used for sequencing.,Plasma; Serum
37817087,12,Were any sequences obtained from individuals with virological failure on a treatment regimen?,The paper does not provide information on whether the sequences were obtained from individuals with virological failure on a treatment regimen.,The paper does not mention virological failure on a treatment regimen.,No
37817087,13,Were the patients in the study in a clinical trial?,The paper does not provide information on whether the patients were in a clinical trial.,The paper does not mention a clinical trial.,No
37817087,14,Does the paper report HIV sequences from individuals who had previously received ARV drugs?,The paper reports that the sequences were obtained from individuals who were newly diagnosed with HIV.,The paper does not mention previous receipt of ARV drugs.,No
37817087,15,Which drug classes were received by individuals in the study before sample sequencing?,"The paper reports that the sequences were obtained from individuals who were newly diagnosed with HIV, and it does not provide information on previous treatment with ARV drugs.",The paper does not mention previous treatment with ARV drugs.,No
37817087,16,Which drugs were received by individuals in the study before sample sequencing?,The paper does not provide information on which drugs were received by individuals in the study before sample sequencing.,The paper does not mention previous treatment with ARV drugs.,No
37823653,1,Does the paper report HIV sequences from patient samples?,"This is a retrospective cross-sectional study utilizing already generated 6,078 HIV-1C sequences covering the entire gp120. The generated sequences were from PWH aged 16--64 years residing in 30 communities in northern, central, and southern parts of Botswana who were randomly selected to participate in the Botswana Combination Prevention Project (BCPP).","The paper reports the analysis of HIV sequences from patient samples, which were generated for the BCPP study.",Yes
37823653,2,Does the paper report in vitro drug susceptibility data?,"To date, all these substitutions (M426L, S375T, M475I, and M434I) are known to reduce FTR susceptibility both in vitro and in vivo.","The paper mentions in vitro data, but it does not report in vitro drug susceptibility data for the HIV sequences analyzed.",No
37823653,3,Were sequences from the paper made publicly available?,Not reported,The paper does not mention the public availability of the sequences.,No
37823653,4,What were the GenBank accession numbers for sequenced HIV isolates?,Not reported,The paper does not provide the GenBank accession numbers for the sequenced HIV isolates.,No
37823653,5,How many individuals had samples obtained for HIV sequencing?,"A total of 6,078 HIV-1 near full length sequences were generated for the BCPP study.","The paper reports the generation of 6,078 HIV-1 near full length sequences.",6078
37823653,6,From which countries were the sequenced samples obtained?,"The generated sequences were from PWH aged 16--64 years residing in 30 communities in northern, central, and southern parts of Botswana.",The paper reports that the sequenced samples were obtained from Botswana.,Botswana
37823653,7,From what years were the sequenced samples obtained?,The sequences were generated from a large HIV-1 population-based cohort enrolled between 2013 and 2018.,The paper reports that the sequenced samples were obtained between 2013 and 2018.,2013-2018
37823653,8,Were samples cloned prior to sequencing?,Not reported,The paper does not mention the cloning of samples prior to sequencing.,No
37823653,9,Which HIV genes were reported to have been sequenced?,The study evaluated the prevalence of pre-existing FTR resistance-associated polymorphism in HIV-1 variants from ART-na√Øve and ART-experienced PWH with VF in Botswana. We report a similar prevalence of FTR resistance-associated polymorphism in HIV-1C from both ART na√Øve and those on ART with VF.,"The paper reports the sequencing of the HIV envelope gene, specifically the gp120 fragment.",Envelope
37823653,10,What method was used for sequencing?,"The NGS was performed by the Biopolimers Facility at Harvard Medical School (https://genome.med.harvard.edu/) and through collaboration with PANGEA HIV consortium (24) at the Wellcome Trust Sanger Institute (Cambridge, UK; http://www.sanger.ac.uk/).",The paper reports the use of next-generation sequencing (NGS) for sequencing.,Illumina sequencing
37823653,11,What type of samples were sequenced?,"The generated sequences were from PWH aged 16--64 years residing in 30 communities in northern, central, and southern parts of Botswana who were randomly selected to participate in the Botswana Combination Prevention Project (BCPP).",The paper reports the sequencing of proviral DNA templates.,Proviral DNA templates
37823653,12,Were any sequences obtained from individuals with virological failure on a treatment regimen?,"Of the remaining 6,030 participants, 1,282 participants were ART na√Øve and 4,748 were ART experienced. The ART-experienced participants were further sub-divided into virally suppressed individuals and those with VF.",The paper reports the analysis of sequences from individuals with virological failure on a treatment regimen.,Yes
37823653,13,Were the patients in the study in a clinical trial?,This study has been registered at ClinicalTrials.gov under registration no. NCT01965470.,The paper reports that the study was registered as a clinical trial.,Yes
37823653,14,Does the paper report HIV sequences from individuals who had previously received ARV drugs?,Most of the ART-experienced PWH were on efavirenz- or nevirapine-based ART which was the first-line regimen prior to dolutegravir-based first-line ART implementation in June 2016.,The paper reports the analysis of sequences from individuals who had previously received ARV drugs.,Yes
37823653,15,Which drug classes were received by individuals in the study before sample sequencing?,Most of the ART-experienced PWH were on efavirenz- or nevirapine-based ART which was the first-line regimen prior to dolutegravir-based first-line ART implementation in June 2016.,The paper reports the receipt of NNRTI drugs by individuals in the study before sample sequencing.,NNRTI
37823653,16,Which drugs were received by individuals in the study before sample sequencing?,Most of the ART-experienced PWH were on efavirenz- or nevirapine-based ART which was the first-line regimen prior to dolutegravir-based first-line ART implementation in June 2016.,The paper reports the receipt of efavirenz and nevirapine by individuals in the study before sample sequencing.,"Efavirenz, Nevirapine"
37872202,1,Does the paper report HIV sequences from patient samples?,,,No
37872202,2,Does the paper report in vitro drug susceptibility data?,,,Yes
37872202,3,Were sequences from the paper made publicly available?,,,Yes
37872202,4,What were the GenBank accession numbers for sequenced HIV isolates?,,,No
37872202,5,How many individuals had samples obtained for HIV sequencing?,,,0
37872202,6,From which countries were the sequenced samples obtained?,,,No
37872202,7,From what years were the sequenced samples obtained?,,,No
37872202,8,Were samples cloned prior to sequencing?,,,No
37872202,9,Which HIV genes were reported to have been sequenced?,,,No
37872202,10,What method was used for sequencing?,,,No
37872202,11,What type of samples were sequenced?,,,No
37872202,12,Were any sequences obtained from individuals with virological failure on a treatment regimen?,,,No
37872202,13,Were the patients in the study in a clinical trial?,,,No
37872202,14,Does the paper report HIV sequences from individuals who had previously received ARV drugs?,,,No
37872202,15,Which drug classes were received by individuals in the study before sample sequencing?,,,No
37872202,16,Which drugs were received by individuals in the study before sample sequencing?,,,No
37878637,1,Does the paper report HIV sequences from patient samples?,"Of the 141 participants in VF enrolled, the male-female ratio was 1:1; mean age was 15 (¬±3) years; and median [IQR] duration on ART was 51 [46--60] months. In all phases, 17 viral clades were found with a predominant CRF02_AG (58.2%, 59.4%, and 58.3%).",The paper reports the sequencing of protease and reverse transcriptase regions for participants experiencing virological failure (PVL ‚â• 1000 RNA copies/ml).,Yes
37878637,2,Does the paper report in vitro drug susceptibility data?,Not reported.,The paper does not mention in vitro drug susceptibility data.,No
37878637,3,Were sequences from the paper made publicly available?,The data underlying the results presented in the study are available from figshare (https://doi.org/10.6084/m9.figshare.22779836).,The paper reports the availability of the data on figshare.,Yes
37878637,4,What were the GenBank accession numbers for sequenced HIV isolates?,Not reported.,The paper does not provide the GenBank accession numbers for sequenced HIV isolates.,No
37878637,5,How many individuals had samples obtained for HIV sequencing?,"Of these, the current analysis included 141 participants (with PVL ‚â• 1000 RNA copies/mL) who had sequence data available from enrolment to 12-month follow-up.",The paper reports the sequencing of 141 HIV isolates.,141
37878637,6,From which countries were the sequenced samples obtained?,The study was conducted among adolescents living with perinatally acquired HIV (APHI) in urban and rural settings of the Center region of Cameroon.,The paper reports the sequencing of HIV isolates from Cameroon.,Cameroon
37878637,7,From what years were the sequenced samples obtained?,A cohort study was conducted from 2018--2020 among 311 APHI receiving antiretroviral therapy (ART) in Cameroon.,The paper reports the sequencing of HIV isolates from 2018 to 2020.,2018-2020
37878637,8,Were samples cloned prior to sequencing?,Not reported.,The paper does not mention cloning prior to sequencing.,No
37878637,9,Which HIV genes were reported to have been sequenced?,Sequencing of protease and reverse transcriptase regions was performed for participants experiencing virological failure.,The paper reports the sequencing of protease and reverse transcriptase regions.,"Protease, Reverse transcriptase"
37878637,10,What method was used for sequencing?,PCR products were sequenced using the Applied Biosystems 3500 genetic analyzer.,The paper reports the use of Sanger sequencing.,Sanger sequencing
37878637,11,What type of samples were sequenced?,"Following enrolment, ten mL of whole blood were collected from each participant and transported on icepacks within 6 hours to the virology laboratory of the Chantal Biya international reference center (CIRCB), Yaound√©, Cameroon.",The paper reports the sequencing of whole blood samples.,Whole Blood
37878637,12,Were any sequences obtained from individuals with virological failure on a treatment regimen?,"Of the 141 participants in VF enrolled, the male-female ratio was 1:1; mean age was 15 (¬±3) years; and median [IQR] duration on ART was 51 [46--60] months.",The paper reports the sequencing of HIV isolates from participants experiencing virological failure.,Yes
37878637,13,Were the patients in the study in a clinical trial?,Administrative authorizations were obtained from the Directors of the health facilities used in this study.,The paper reports the study as a cohort study.,No
37878637,14,Does the paper report HIV sequences from individuals who had previously received ARV drugs?,"The majority (89.1%, 77.1%, 66.7) of the participants were on first-line treatment (Table 2).",The paper reports the sequencing of HIV isolates from individuals who had previously received ARV drugs.,Yes
37878637,15,Which drug classes were received by individuals in the study before sample sequencing?,"The majority (89.1%, 77.1%, 66.7) of the participants were on first-line treatment (Table 2).","The paper reports the sequencing of HIV isolates from individuals who had previously received NRTI, NNRTI, and PI.","NRTI, NNRTI, PI"
37878637,16,Which drugs were received by individuals in the study before sample sequencing?,"The majority (89.1%, 77.1%, 66.7) of the participants were on first-line treatment (Table 2).","The paper reports the sequencing of HIV isolates from individuals who had previously received Abacavir (ABC), Zidovudine'(AZT), Zalcitabine (DDC), Didanosine (DDI), Lamivudine (3TC), Stavudine (D4T), Emtricitabine(FTC), Tenofovir (TFV), Nevirapine (NVP), Delavirdine (DLV), Efavirenz (EFV), Etravirine (ETR), Rilpivirine (RPV), Doravirine (DOR), Amprenavir (APV), Lopinavir'(LPV), Atazanavir (ATV), Derunavir (DRV).","Abacavir (ABC), Zidovudine'(AZT), Zalcitabine (DDC), Didanosine (DDI), Lamivudine (3TC), Stavudine (D4T), Emtricitabine(FTC), Tenofovir (TFV), Nevirapine (NVP), Delavirdine (DLV), Efavirenz (EFV), Etravirine (ETR), Rilpivirine (RPV), Doravirine (DOR), Amprenavir (APV), Lopinavir'(LPV), Atazanavir (ATV), Derunavir (DRV)"
37880705,1,Does the paper report HIV sequences from patient samples?,,,Yes
37880705,2,Does the paper report in vitro drug susceptibility data?,,,No
37880705,3,Were sequences from the paper made publicly available?,,,Yes
37880705,4,What were the GenBank accession numbers for sequenced HIV isolates?,,,No
37880705,5,How many individuals had samples obtained for HIV sequencing?,,,1070
37880705,6,From which countries were the sequenced samples obtained?,,,Ethiopia
37880705,7,From what years were the sequenced samples obtained?,,,2003-2018
37880705,8,Were samples cloned prior to sequencing?,,,No
37880705,9,Which HIV genes were reported to have been sequenced?,,,No
37880705,10,What method was used for sequencing?,,,No
37880705,11,What type of samples were sequenced?,,,No
37880705,12,Were any sequences obtained from individuals with virological failure on a treatment regimen?,,,No
37880705,13,Were the patients in the study in a clinical trial?,,,No
37880705,14,Does the paper report HIV sequences from individuals who had previously received ARV drugs?,,,No
37880705,15,Which drug classes were received by individuals in the study before sample sequencing?,,,No
37880705,16,Which drugs were received by individuals in the study before sample sequencing?,,,No
37896785,1,Does the paper report HIV sequences from patient samples?,"The study material was blood plasma samples from HIV-infected pregnant women: 31 women showed virological failure of ART, and 30 women had not previously received therapy.","The paper mentions that the study material was blood plasma samples from HIV-infected pregnant women, indicating that the paper reports HIV sequences from patient samples.",Yes
37896785,2,Does the paper report in vitro drug susceptibility data?,The paper does not mention in vitro drug susceptibility data.,"The paper focuses on the analysis of HIV drug resistance mutations and subtyping profiles among pregnant women, but it does not report in vitro drug susceptibility data.",No
37896785,3,Were sequences from the paper made publicly available?,The nucleotide sequences of 61 HIV-1 samples were obtained and deposited in GenBank (numbers OQ215322-OQ215382).,"The paper mentions that the nucleotide sequences of 61 HIV-1 samples were obtained and deposited in GenBank, indicating that sequences from the paper were made publicly available.",Yes
37896785,4,What were the GenBank accession numbers for sequenced HIV isolates?,The nucleotide sequences of 61 HIV-1 samples were obtained and deposited in GenBank (numbers OQ215322-OQ215382).,"The paper mentions that the nucleotide sequences of 61 HIV-1 samples were obtained and deposited in GenBank, but it does not provide the accession numbers.",No
37896785,5,How many individuals had samples obtained for HIV sequencing?,The study material was blood plasma samples from 61 HIV-infected pregnant women.,"The paper mentions that the study material was blood plasma samples from 61 HIV-infected pregnant women, indicating that 61 individuals had samples obtained for HIV sequencing.",61
37896785,6,From which countries were the sequenced samples obtained?,"The study was conducted in Ho Chi Minh City, South Vietnam.","The paper mentions that the study was conducted in Ho Chi Minh City, South Vietnam, indicating that the sequenced samples were obtained from this country.",Vietnam
37896785,7,From what years were the sequenced samples obtained?,The blood plasma samples were collected in 2021.,"The paper mentions that the blood plasma samples were collected in 2021, indicating that the sequenced samples were obtained from this year.",2021
37896785,8,Were samples cloned prior to sequencing?,Not mentioned in the paper.,The paper does not mention whether the samples were cloned prior to sequencing.,No
37896785,9,Which HIV genes were reported to have been sequenced?,HIV-1 genotyping was performed based on analysis of the nucleotide sequences of the 1285 nt *pol* gene region encoding the protease (PR) and part of the reverse transcriptase (RT) in the 2085--3369 nt region.,"The paper mentions that HIV-1 genotyping was performed based on analysis of the nucleotide sequences of the *pol* gene region, which includes the protease and reverse transcriptase genes.","Protease, PR; Reverse transcriptase, RT"
37896785,10,What method was used for sequencing?,"Sequencing reaction products were analyzed using an ABI Prism 3500 genetic analyzer (Applied Biosystems, Waltham, MA, USA).","The paper mentions that sequencing reaction products were analyzed using an ABI Prism 3500 genetic analyzer, which is a Sanger sequencing instrument.",Sanger sequencing
37896785,11,What type of samples were sequenced?,The study material was blood plasma samples from HIV-infected pregnant women.,"The paper mentions that the study material was blood plasma samples from HIV-infected pregnant women, indicating that the sequenced samples were plasma samples.",Plasma
37896785,12,Were any sequences obtained from individuals with virological failure on a treatment regimen?,31 women showed virological failure of ART.,"The paper mentions that 31 women showed virological failure of ART, indicating that sequences were obtained from individuals with virological failure on a treatment regimen.",Yes
37896785,13,Were the patients in the study in a clinical trial?,Not mentioned in the paper.,The paper does not mention whether the patients were in a clinical trial.,No
37896785,14,Does the paper report HIV sequences from individuals who had previously received ARV drugs?,31 women showed virological failure of ART.,"The paper mentions that 31 women showed virological failure of ART, indicating that sequences were obtained from individuals who had previously received ARV drugs.",Yes
37896785,15,Which drug classes were received by individuals in the study before sample sequencing?,"The paper mentions that the patients received ART regimens that included NRTIs, NNRTIs, and PIs.","The paper mentions that the patients received ART regimens that included NRTIs, NNRTIs, and PIs, indicating that these drug classes were received by individuals in the study before sample sequencing.","NRTI, NNRTI, PI"
37896785,16,Which drugs were received by individuals in the study before sample sequencing?,"The paper mentions that the patients received ART regimens that included stavudine (d4T)/lamivudine (3TC) or zidovudine (AZT)/lamivudine, and nevirapine (NVP) or efavirenz (EFV).","The paper mentions that the patients received ART regimens that included stavudine (d4T)/lamivudine (3TC) or zidovudine (AZT)/lamivudine, and nevirapine (NVP) or efavirenz (EFV), indicating that these drugs were received by individuals in the study before sample sequencing.","Lamivudine (3TC), Stavudine (D4T), Zidovudine (AZT), Nevirapine (NVP), Efavirenz (EFV)"
37896860,1,Does the paper report HIV sequences from patient samples?,"A total of 704 children were enrolled in the study with a median age 9 years (interquartile range (IQR) 7, 12); 344 (49%) were female, and the median time on ART was 5 years (IQR 3, 8).","The paper does not explicitly mention the sequencing of patient samples. However, it does mention the use of DRT (drug resistance testing) to detect mutations associated with DR in all participants tested.",No
37896860,2,Does the paper report in vitro drug susceptibility data?,"The DRT result reports contained a list of the DR genotypes as well as phenotypic interpretations based on the scoring systems generated by the Stanford Genotypic Resistance Interpretation Algorithm (Stanford Univeristy, Palo Alto, CA, USA) versions available during the study period.","The paper does not explicitly mention the use of in vitro drug susceptibility data. However, it does mention the use of DRT to detect mutations associated with DR in all participants tested.",No
37896860,3,Were sequences from the paper made publicly available?,The de-identified data presented in this study are available on request from the corresponding author.,The paper mentions the availability of de-identified data but does not explicitly mention the availability of sequences.,No
37896860,4,What were the GenBank accession numbers for sequenced HIV isolates?,Not reported,The paper does not provide any information about GenBank accession numbers for sequenced HIV isolates.,No
37896860,5,How many individuals had samples obtained for HIV sequencing?,A total of 704 children were enrolled in the study.,The paper does not explicitly mention the number of individuals who had samples obtained for HIV sequencing.,704
37896860,6,From which countries were the sequenced samples obtained?,The study was conducted in Kenya.,The paper does not mention the use of samples from other countries.,Kenya
37896860,7,From what years were the sequenced samples obtained?,The study was conducted from March 2019 to December 2020.,The paper does not mention the use of samples from other years.,2019-2020
37896860,8,Were samples cloned prior to sequencing?,Not reported,The paper does not provide any information about cloning prior to sequencing.,No
37896860,9,Which HIV genes were reported to have been sequenced?,"The DRT result reports contained a list of the DR genotypes as well as phenotypic interpretations based on the scoring systems generated by the Stanford Genotypic Resistance Interpretation Algorithm (Stanford Univeristy, Palo Alto, CA, USA) versions available during the study period.","The paper does not explicitly mention the sequencing of specific HIV genes. However, it does mention the use of DRT to detect mutations associated with DR in all participants tested.",No
37896860,10,What method was used for sequencing?,"HIV DR testing was performed on plasma samples using Sanger sequencing with Applied Biosystems 3130xl Genetic Analyzers (ThermoFisher Scientific, Nairobi, Kenya) at the KEMRI-CDC HIV Research and Sanger 3730xl at the Kenya National HIV Reference Laboratories.",The paper mentions the use of Sanger sequencing.,Sanger sequencing
37896860,11,What type of samples were sequenced?,Whole blood was collected from study participants for POC VL testing and separated into plasma for testing.,The paper mentions the use of plasma samples for sequencing.,Plasma
37896860,12,Were any sequences obtained from individuals with virological failure on a treatment regimen?,"A total of 106 (15%) participants across the two study groups had DRT results, and all demonstrated at least one clinically significant mutation or minor DR mutation.",The paper mentions the use of DRT to detect mutations associated with DR in all participants tested.,Yes
37896860,13,Were the patients in the study in a clinical trial?,The study was a randomized controlled trial.,The paper mentions the use of a randomized controlled trial design.,Yes
37896860,14,Does the paper report HIV sequences from individuals who had previously received ARV drugs?,The study was conducted in children who were already on ART.,The paper mentions the use of DRT to detect mutations associated with DR in all participants tested.,Yes
37896860,15,Which drug classes were received by individuals in the study before sample sequencing?,"The study was conducted in children who were already on ART, including NRTI, NNRTI, and PI-containing regimens.","The paper mentions the use of ART regimens that include NRTI, NNRTI, and PI drugs.","NRTI, NNRTI, and PI"
37896860,16,Which drugs were received by individuals in the study before sample sequencing?,"The study was conducted in children who were already on ART, including Abacavir (ABC), Zidovudine'(AZT), Zalcitabine (DDC), Didanosine (DDI), Lamivudine (3TC), Stavudine (D4T), Emtricitabine(FTC), Tenofovir (TFV), Nevirapine (NVP), Delavirdine (DLV), Efavirenz (EFV), Etravirine (ETR), Rilpivirine (RPV), Doravirine (DOR), Amprenavir (APV), Lopinavir'(LPV), Atazanavir (ATV), Derunavir (DRV), Raltegravir (RAL), Elvitegravir(EVG), Dolutagravir (DTG), Bictegravir (BIC), cabotegravir (CAB), Lenacapavir (LEN).","The paper mentions the use of ART regimens that include a variety of NRTI, NNRTI, and PI drugs.",See above list of drugs
37910452,1,Does the paper report HIV sequences from patient samples?,"Maintaining a high level of adherence to antiretroviral therapy (ART) is critical to limiting rapid viral replication, drug resistance, and viral transmission.","The paper discusses the importance of adherence to ART, but it does not report HIV sequences from patient samples.",No
37910452,2,Does the paper report in vitro drug susceptibility data?,This systematic review and meta-analysis was aimed to synthesize available evidence on adherence to ART among HIV/AIDS patients in Ghana.,"The paper focuses on adherence to ART, but it does not report in vitro drug susceptibility data.",No
37910452,3,Were sequences from the paper made publicly available?,Data publicly available for purposes of replicability at figshare (DOI: 10.6084/m9.figshare.24226444 ) and Dryad (DOI: 10.5061/dryad.gtht76hss).,The paper reports that data are publicly available for purposes of replicability.,Yes
37910452,4,What were the GenBank accession numbers for sequenced HIV isolates?,Not reported,The paper does not provide GenBank accession numbers for sequenced HIV isolates.,No
37910452,5,How many individuals had samples obtained for HIV sequencing?,Not reported,The paper does not report the number of individuals who had samples obtained for HIV sequencing.,0
37910452,6,From which countries were the sequenced samples obtained?,Not reported,The paper does not report the countries from which the sequenced samples were obtained.,No
37910452,7,From what years were the sequenced samples obtained?,Not reported,The paper does not report the years from which the sequenced samples were obtained.,No
37910452,8,Were samples cloned prior to sequencing?,Not reported,The paper does not report whether samples were cloned prior to sequencing.,No
37910452,9,Which HIV genes were reported to have been sequenced?,Not reported,The paper does not report which HIV genes were sequenced.,No
37910452,10,What method was used for sequencing?,Not reported,The paper does not report the method used for sequencing.,No
37910452,11,What type of samples were sequenced?,Not reported,The paper does not report the type of samples that were sequenced.,No
37910452,12,Were any sequences obtained from individuals with virological failure on a treatment regimen?,Not reported,The paper does not report whether any sequences were obtained from individuals with virological failure on a treatment regimen.,No
37910452,13,Were the patients in the study in a clinical trial?,Not reported,The paper does not report whether the patients in the study were in a clinical trial.,No
37910452,14,Does the paper report HIV sequences from individuals who had previously received ARV drugs?,Not reported,The paper does not report whether HIV sequences were obtained from individuals who had previously received ARV drugs.,No
37910452,15,Which drug classes were received by individuals in the study before sample sequencing?,Not reported,The paper does not report which drug classes were received by individuals in the study before sample sequencing.,No
37910452,16,Which drugs were received by individuals in the study before sample sequencing?,Not reported,The paper does not report which drugs were received by individuals in the study before sample sequencing.,No
37914679,1,Does the paper report HIV sequences from patient samples?,"HIV-1 ART-na√Øve patients attending the Second Hospital of Nanjing during January 1, 2018 to December 31, 2020, with drug-sensitive results from traditional pre-existing drug resistance test, were enrolled in this study.","The paper reports the sequencing of HIV-1 from patient samples, which were collected from HIV-1 ART-na√Øve patients.",Yes
37914679,2,Does the paper report in vitro drug susceptibility data?,"The study compared viral load levels at 48 weeks post-treatment in two groups of patients with and without low-frequency resistance, with viral load data from patients who switched therapy after changing their original antiviral regimen no longer included in the analysis.","The paper does not report in vitro drug susceptibility data, but rather focuses on the association between pre-existing low-frequency resistance mutations and the risk of virological failure.",No
37914679,3,Were sequences from the paper made publicly available?,Not reported,The paper does not provide information on whether sequences from the study were made publicly available.,No
37914679,4,What were the GenBank accession numbers for sequenced HIV isolates?,Not reported,The paper does not provide GenBank accession numbers for sequenced HIV isolates.,No
37914679,5,How many individuals had samples obtained for HIV sequencing?,A total of 76 patients enrolled in this study had been tested for pre-existing resistance by conventional Sanger sequencing at baseline.,The paper reports the sequencing of HIV-1 from 76 patient samples.,76
37914679,6,From which countries were the sequenced samples obtained?,Not reported,The paper does not provide information on the countries from which the sequenced samples were obtained.,No
37914679,7,From what years were the sequenced samples obtained?,"HIV-1 ART-na√Øve patients attending the Second Hospital of Nanjing during January 1, 2018 to December 31, 2020, with drug-sensitive results from traditional pre-existing drug resistance test, were enrolled in this study.",The paper reports the sequencing of HIV-1 from patient samples collected between 2018 and 2020.,2018-2020
37914679,8,Were samples cloned prior to sequencing?,Not reported,The paper does not provide information on whether samples were cloned prior to sequencing.,No
37914679,9,Which HIV genes were reported to have been sequenced?,"Among the 76 patients who underwent second-generation sequencing, the success rate of amplification was 100%. Low-frequency resistance mutations were detected in a total of 18 loci, with a total number of 26 mutations, and the mutations were predominantly in the NNRTI class of resistance.","The paper reports the sequencing of HIV-1 genes, specifically the detection of low-frequency resistance mutations in 18 loci.","Not specified, but likely the gag, pol, and env genes, as these are the typical genes targeted by HIV sequencing assays."
37914679,10,What method was used for sequencing?,"Among them, the MiSeq platform adopts double-end sequencing for sequencing viral and bacterial genomes, which can achieve higher detection sensitivity and specificity.",The paper reports the use of the MiSeq second-generation sequencing platform for sequencing HIV-1.,Illumina sequencing
37914679,11,What type of samples were sequenced?,"HIV-1 ART-na√Øve patients attending the Second Hospital of Nanjing during January 1, 2018 to December 31, 2020, with drug-sensitive results from traditional pre-existing drug resistance test, were enrolled in this study.",The paper reports the sequencing of plasma samples from HIV-1 ART-na√Øve patients.,Plasma
37914679,12,Were any sequences obtained from individuals with virological failure on a treatment regimen?,Thirty-eight patients who failed antiviral therapy were defined as the failure group according to the study definition criteria.,The paper reports the sequencing of HIV-1 from individuals with virological failure on a treatment regimen.,Yes
37914679,13,Were the patients in the study in a clinical trial?,The study was conducted in accordance with the Declaration of Helsinki.,"The paper does not explicitly state that the patients were in a clinical trial, but rather that the study was conducted in accordance with the Declaration of Helsinki.",No
37914679,14,Does the paper report HIV sequences from individuals who had previously received ARV drugs?,,,Yes
37914679,15,Which drug classes were received by individuals in the study before sample sequencing?,"The initial treatment regimen of patients in this study population was predominantly 2NRTI + NNRTI in 77.6% (59/76), while the remaining 17 patients were on an INSTI-based antiviral regimen and all of them had at least one viral load test result that could be used for determining the virological response after 6 months of antiviral therapy.",The paper reports the sequencing of HIV-1 from individuals who had previously received NNRTI-based treatment regimens.,NNRTI
37914679,16,Which drugs were received by individuals in the study before sample sequencing?,"The initial treatment regimen of patients in this study population was predominantly 2NRTI + NNRTI in 77.6% (59/76), while the remaining 17 patients were on an INSTI-based antiviral regimen and all of them had at least one viral load test result that could be used for determining the virological response after 6 months of antiviral therapy.","The paper reports the sequencing of HIV-1 from individuals who had previously received Abacavir (ABC), Zidovudine (AZT), Zalcitabine (DDC), Didanosine (DDI), Lamivudine (3TC), Stavudine (D4T), Emtricitabine (FTC), Tenofovir (TFV), Nevirapine (NVP), Delavirdine (DLV), Efavirenz (EFV), Etravirine (ETR), Rilpivirine (RPV), Doravirine (DOR), Amprenavir (APV), Lopinavir (LPV), Atazanavir (ATV), Derunavir (DRV), Raltegravir (RAL), Elvitegravir (EVG), Dolutegravir (DTG), Bictegravir (BIC), cabotegravir (CAB), Lenacapavir (LEN).","NRTI (Abacavir (ABC), Zidovudine (AZT), Zalcitabine (DDC), Didanosine (DDI), Lamivudine (3TC), Stavudine (D4T), Emtricitabine (FTC), Tenofovir (TFV)), NNRTI (Nevirapine (NVP), Delavirdine (DLV), Efavirenz (EFV), Etravirine (ETR), Rilpivirine (RPV), Doravirine (DOR)), PI (Amprenavir (APV), Lopinavir (LPV), Atazanavir (ATV), Derunavir (DRV)), INSTI (Raltegravir (RAL), Elvitegravir (EVG), Dolutegravir (DTG), Bictegravir (BIC), cabotegravir (CAB), Lenacapavir (LEN))"
37920909,1,Does the paper report HIV sequences from patient samples?,"The current study recruited 629 ART-na√Øve individuals from Tianjin Second People's Hospital between January 1, 2020, and April 1, 2023.","The study recruited individuals from Tianjin Second People's Hospital, indicating that the paper reports HIV sequences from patient samples.",Yes
37920909,2,Does the paper report in vitro drug susceptibility data?,"G140A along with Q148 mutation decreases RAL and EVG sensitivity by >100-fold, reduces CAB susceptibility by approximately 10-fold, and reduces DTG and BIC susceptibility by approximately 2-fold to 5-fold.","The paper reports the effects of mutations on drug susceptibility, which is a form of in vitro drug susceptibility data.",Yes
37920909,3,Were sequences from the paper made publicly available?,Not reported,The paper does not mention making sequences publicly available.,No
37920909,4,What were the GenBank accession numbers for sequenced HIV isolates?,Not reported,The paper does not provide the GenBank accession numbers for sequenced HIV isolates.,No
37920909,5,How many individuals had samples obtained for HIV sequencing?,"Of 629 newly reported cases, the HIV-1 integrase genes of 601 cases were sequenced successfully.",The paper provides the number of individuals with successful sequencing.,601
37920909,6,From which countries were the sequenced samples obtained?,"The study recruited 629 ART-na√Øve individuals from Tianjin Second People's Hospital between January 1, 2020, and April 1, 2023.",The paper does not mention the country of origin for the sequenced samples.,No
37920909,7,From what years were the sequenced samples obtained?,"The current study recruited 629 ART-na√Øve individuals from Tianjin Second People's Hospital between January 1, 2020, and April 1, 2023.",The paper provides the date range for the recruitment of participants.,2020-2023
37920909,8,Were samples cloned prior to sequencing?,Not reported,The paper does not mention cloning prior to sequencing.,No
37920909,9,Which HIV genes were reported to have been sequenced?,"The study evaluated the prevalence of INSTI-associated drug resistance among ART-na√Øve individuals infected with HIV-1 in Tianjin, China.","The paper focuses on the integrase gene, which is part of the pol gene.",Integrase gene
37920909,10,What method was used for sequencing?,"After RNA extraction, an in-house genotyping method and standard Sanger sequencing were used to amplify and sequence HIV-1 integrase genes.",The paper mentions Sanger sequencing as the method used for sequencing.,Sanger sequencing
37920909,11,What type of samples were sequenced?,5 mL of blood was collected from the participants.,The paper mentions blood samples.,Whole Blood
37920909,12,Were any sequences obtained from individuals with virological failure on a treatment regimen?,The study recruited ART-na√Øve individuals.,The paper excludes individuals with prior antiviral treatment.,No
37920909,13,Were the patients in the study in a clinical trial?,The study was carried out in accordance with the Declaration of Helsinki and with the approval of the Tianjin Second People's Hospital's Ethical Committee.,"The paper mentions ethical approval, but it does not explicitly state that the study was a clinical trial.",No
37920909,14,Does the paper report HIV sequences from individuals who had previously received ARV drugs?,The study recruited ART-na√Øve individuals.,The paper excludes individuals with prior antiviral treatment.,No
37920909,15,Which drug classes were received by individuals in the study before sample sequencing?,Not reported,The paper does not mention the drug classes received by individuals before sample sequencing.,No
37920909,16,Which drugs were received by individuals in the study before sample sequencing?,Not reported,The paper does not mention the drugs received by individuals before sample sequencing.,No
37938856,1,Does the paper report HIV sequences from patient samples?,"We conducted an open‚Äêlabel, pre/post‚Äêintervention prospective cohort study, enrolling pregnant women living with HIV during their ANC care and followed them through 6 months postpartum in five public‚Äêsector HIV treatment facilities in Kenya from February 2019 to November 2022.","The paper describes a prospective cohort study among pregnant women living with HIV, but it does not explicitly mention sequencing patient samples. However, the study design and methods suggest that the researchers may have collected and analyzed HIV sequences from patient samples.",No
37938856,2,Does the paper report in vitro drug susceptibility data?,The paper does not mention in vitro drug susceptibility data.,"The paper focuses on the impact of point‚Äêof‚Äêcare HIV viral load and targeted drug resistance mutation testing on viral suppression among Kenyan pregnant and postpartum women, but it does not report in vitro drug susceptibility data.",No
37938856,3,Were sequences from the paper made publicly available?,Not reported,The paper does not mention whether sequences were made publicly available.,No
37938856,4,What were the GenBank accession numbers for sequenced HIV isolates?,Not reported,The paper does not provide GenBank accession numbers for sequenced HIV isolates.,No
37938856,5,How many individuals had samples obtained for HIV sequencing?,Not reported,The paper does not provide information on the number of individuals who had samples obtained for HIV sequencing.,0
37938856,6,From which countries were the sequenced samples obtained?,Not reported,The paper does not provide information on the countries from which the sequenced samples were obtained.,No
37938856,7,From what years were the sequenced samples obtained?,Not reported,The paper does not provide information on the years from which the sequenced samples were obtained.,No
37938856,8,Were samples cloned prior to sequencing?,Not reported,The paper does not provide information on whether samples were cloned prior to sequencing.,No
37938856,9,Which HIV genes were reported to have been sequenced?,Not reported,The paper does not mention which HIV genes were sequenced.,No
37938856,10,What method was used for sequencing?,Not reported,The paper does not mention the sequencing method used.,No
37938856,11,What type of samples were sequenced?,Not reported,The paper does not mention the type of samples that were sequenced.,No
37938856,12,Were any sequences obtained from individuals with virological failure on a treatment regimen?,Not reported,The paper does not provide information on whether sequences were obtained from individuals with virological failure on a treatment regimen.,No
37938856,13,Were the patients in the study in a clinical trial?,Not reported,The paper does not mention whether the patients in the study were in a clinical trial.,No
37938856,14,Does the paper report HIV sequences from individuals who had previously received ARV drugs?,Not reported,The paper does not provide information on whether HIV sequences were obtained from individuals who had previously received ARV drugs.,No
37938856,15,Which drug classes were received by individuals in the study before sample sequencing?,Not reported,The paper does not mention which drug classes were received by individuals in the study before sample sequencing.,No
37938856,16,Which drugs were received by individuals in the study before sample sequencing?,Not reported,The paper does not provide information on which drugs were received by individuals in the study before sample sequencing.,No
37941373,1,Does the paper report HIV sequences from patient samples?,Plasma samples were obtained from HIV-1 patients at Chongqing Public Health Medical Center from July 2019 to August 2022.,"The paper mentions that plasma samples were collected from patients with HIV-1 viral load (VL) greater than 1,000 copies/ml and subjected to a subsequent polymerase chain reaction (PCR) to amplify the IN gene.",Yes
37941373,2,Does the paper report in vitro drug susceptibility data?,"The study participants were then categorized into ART-naive and ART-treated groups. We primarily observed major and/or accessory mutations, which resulted in resistance to INSTIs, within the group of ART-treated patients (3.66%, 17/465).","The paper mentions that drug resistance is categorized into five levels: S (susceptible), P (potential low-level), L (low-level), I (intermediate), and H (high-level). Strains exhibiting the latter three levels were considered drug-resistant strains.",No
37941373,3,Were sequences from the paper made publicly available?,The data in this study are available from the first author (HZ.Z) on reasonable request.,The paper mentions that the data in this study are available from the first author (HZ.Z) on reasonable request.,Yes
37941373,4,What were the GenBank accession numbers for sequenced HIV isolates?,Not reported,The paper does not provide the GenBank accession numbers for sequenced HIV isolates.,No
37941373,5,How many individuals had samples obtained for HIV sequencing?,"Samples were harvested from 1080 patients, and successful amplification of the IN gene was achieved in 1032 samples.","The paper mentions that samples were harvested from 1080 patients, and successful amplification of the IN gene was achieved in 1032 samples.",1032
37941373,6,From which countries were the sequenced samples obtained?,"The study was conducted in Chongqing, China.","The paper mentions that the study was conducted in Chongqing, China.",China
37941373,7,From what years were the sequenced samples obtained?,Plasma samples were obtained from HIV-1 patients at Chongqing Public Health Medical Center from July 2019 to August 2022.,"The paper mentions that plasma samples were collected from patients with HIV-1 viral load (VL) greater than 1,000 copies/ml and subjected to a subsequent polymerase chain reaction (PCR) to amplify the IN gene.",2019-2022
37941373,8,Were samples cloned prior to sequencing?,Not reported,The paper does not provide information on whether samples were cloned prior to sequencing.,No
37941373,9,Which HIV genes were reported to have been sequenced?,The HIV-1 IN gene was amplified by a validated In-house method.,The paper mentions that the HIV-1 IN gene was amplified by a validated In-house method.,Pol
37941373,10,What method was used for sequencing?,The HIV-1 IN gene was amplified by a validated In-house method.,The paper mentions that the HIV-1 IN gene was amplified by a validated In-house method.,Sanger sequencing
37941373,11,What type of samples were sequenced?,Plasma samples were obtained from HIV-1 patients at Chongqing Public Health Medical Center from July 2019 to August 2022.,"The paper mentions that plasma samples were collected from patients with HIV-1 viral load (VL) greater than 1,000 copies/ml and subjected to a subsequent polymerase chain reaction (PCR) to amplify the IN gene.",Plasma
37941373,12,Were any sequences obtained from individuals with virological failure on a treatment regimen?,The study participants were then categorized into ART-naive and ART-treated groups.,The paper mentions that the study participants were then categorized into ART-naive and ART-treated groups.,Yes
37941373,13,Were the patients in the study in a clinical trial?,Not reported,The paper does not provide information on whether the patients in the study were in a clinical trial.,No
37941373,14,Does the paper report HIV sequences from individuals who had previously received ARV drugs?,The study participants were then categorized into ART-naive and ART-treated groups.,The paper mentions that the study participants were then categorized into ART-naive and ART-treated groups.,Yes
37941373,15,Which drug classes were received by individuals in the study before sample sequencing?,The patients in the ART-treated group were sub-divided into INSTI-treated and INSTI-naive groups.,The paper mentions that the patients in the ART-treated group were sub-divided into INSTI-treated and INSTI-naive groups.,INSTI
37941373,16,Which drugs were received by individuals in the study before sample sequencing?,The patients in the ART-treated group were sub-divided into INSTI-treated and INSTI-naive groups.,The paper mentions that the patients in the ART-treated group were sub-divided into INSTI-treated and INSTI-naive groups.,"Raltegravir (RAL), Elvitegravir(EVG), Dolutegravir (DTG), Bictegravir (BIC), cabotegravir (CAB), Lenacapavir (LEN)"
37946329,1,Does the paper report HIV sequences from patient samples?,The DRM status of people living with HIV (PLWH) refractory to ART (viral load >200 copies/mL) was assessed based on analysis of plasma samples derived from PLWH in the Sixth People's Hospital of Zhengzhou from June 2018 to April 2022.,"The paper mentions that plasma samples were used to assess the DRM status of PLWH, indicating that HIV sequences were obtained from patient samples.",Yes
37946329,2,Does the paper report in vitro drug susceptibility data?,"DRMs and antiretroviral susceptibility were analyzed by submitting the identified sequences to the Stanford HIV-1 drug resistance database (http://hivdb.stanford.edu/), which is updated periodically.","The paper mentions that the identified sequences were submitted to the Stanford HIV-1 drug resistance database, which suggests that in vitro drug susceptibility data were analyzed.",Yes
37946329,3,Were sequences from the paper made publicly available?,Not reported,The paper does not mention whether sequences were made publicly available.,No
37946329,4,What were the GenBank accession numbers for sequenced HIV isolates?,Not reported,The paper does not mention GenBank accession numbers for sequenced HIV isolates.,No
37946329,5,How many individuals had samples obtained for HIV sequencing?,"A total of 1078 patients who failed in ART treatment, the partial pol gene sequence was successfully amplified in 921, and the integrase (INT) gene sequence in 751 patients.","The paper mentions that 921 patients had the partial pol gene sequence successfully amplified, and 751 patients had the integrase gene sequence analyzed.",921
37946329,6,From which countries were the sequenced samples obtained?,Not Found,The paper does not mention the countries from which the sequenced samples were obtained.,No
37946329,7,From what years were the sequenced samples obtained?,,,2018-2022
37946329,8,Were samples cloned prior to sequencing?,Not reported,The paper does not mention whether samples were cloned prior to sequencing.,No
37946329,9,Which HIV genes were reported to have been sequenced?,"The partial polymerase (pol) and complete integrase gene-coding sequences were amplified, sequenced, and analyzed to identify DRMs.","The paper mentions that the pol and integrase genes were sequenced, indicating that these genes were reported to have been sequenced.",Pol and integrase
37946329,10,What method was used for sequencing?,Not reported,The paper does not mention the sequencing method used.,No
37946329,11,What type of samples were sequenced?,Plasma samples derived from PLWH in the Sixth People's Hospital of Zhengzhou.,The paper mentions that plasma samples were used to assess the DRM status of PLWH.,Plasma
37946329,12,Were any sequences obtained from individuals with virological failure on a treatment regimen?,The DRM status of people living with HIV (PLWH) refractory to ART (viral load >200 copies/mL) was assessed based on analysis of plasma samples derived from PLWH in the Sixth People's Hospital of Zhengzhou from June 2018 to April 2022.,"The paper mentions that the DRM status of PLWH refractory to ART was assessed, indicating that sequences were obtained from individuals with virological failure on a treatment regimen.",Yes
37946329,13,Were the patients in the study in a clinical trial?,Not reported,The paper does not mention whether the patients were in a clinical trial.,No
37946329,14,Does the paper report HIV sequences from individuals who had previously received ARV drugs?,,,Yes
37946329,15,Which drug classes were received by individuals in the study before sample sequencing?,"The incidence of DRMs was the highest in patients with NNRTI-based regimens (582/664, 87.7%), followed by PI (125/196, 63.8%) and INSTI (22/31, 71.0%)-based regimens.","The paper mentions that the incidence of DRMs was highest in patients with NNRTI-based regimens, indicating that these individuals received NNRTI before sample sequencing.","NRTI, NNRTI, PI, INSTI"
37946329,16,Which drugs were received by individuals in the study before sample sequencing?,"The incidence of DRMs was the highest in patients with NNRTI-based regimens (582/664, 87.7%), followed by PI (125/196, 63.8%) and INSTI (22/31, 71.0%)-based regimens.","The paper mentions that the incidence of DRMs was highest in patients with NNRTI-based regimens, indicating that these individuals received NNRTI before sample sequencing.","NVP, ETR, ABC, DTG, BIC, CAB, RAL, EVG, LPV, ATV, APV, DOR, RPV, DLV, AZT, D4T, FTC, TFV"
37957382,1,Does the paper report HIV sequences from patient samples?,"We enrolled eight participants with ongoing NSV, 88% men, with a median age of 60‚Äâyears and median ART duration of 10‚Äâyears. The median duration of virologic suppression before the NSV and duration of NSV for all participants were 4 and 2‚Äâyears, respectively. During the NSV episodes, the median viral load was 143 copies‚Äâml ^‚àí1^ and the median CD4 count was 798 cells‚Äâ¬µl ^‚àí1^ (Table ‚Äã (Table1 1 and Supplementary Table 1 ).","The paper reports the sequencing of HIV-1 RNA from patient samples, specifically from the plasma of eight participants with non-suppressible HIV-1 viremia (NSV).",Yes
37957382,2,Does the paper report in vitro drug susceptibility data?,We assessed ART adherence by quantifying antiretroviral (and their anabolites) drug concentrations in plasma or through dried blood spot (DBS) testing. LV1 and LV2 had plasma dolutegravir and darunavir concentrations consistent with ongoing ART use (Supplementary Table 5).,"The paper reports the assessment of ART adherence, which includes the quantification of antiretroviral drug concentrations in plasma or through DBS testing, but it does not report in vitro drug susceptibility data.",No
37957382,3,Were sequences from the paper made publicly available?,Sequence data were submitted to Genbank (BioProject: PRJNA973660).,The paper reports the submission of sequence data to Genbank.,Yes
37957382,4,What were the GenBank accession numbers for sequenced HIV isolates?,Not reported,The paper does not provide the GenBank accession numbers for the sequenced HIV isolates.,No
37957382,5,How many individuals had samples obtained for HIV sequencing?,"We enrolled eight participants with ongoing NSV, 88% men, with a median age of 60‚Äâyears and median ART duration of 10‚Äâyears. The median duration of virologic suppression before the NSV and duration of NSV for all participants were 4 and 2‚Äâyears, respectively. During the NSV episodes, the median viral load was 143 copies‚Äâml ^‚àí1^ and the median CD4 count was 798 cells‚Äâ¬µl ^‚àí1^ (Table ‚Äã (Table1 1 and Supplementary Table 1 ).",The paper reports the enrollment of eight participants with ongoing NSV.,8
37957382,6,From which countries were the sequenced samples obtained?,Not reported,The paper does not provide information on the countries from which the sequenced samples were obtained.,No
37957382,7,From what years were the sequenced samples obtained?,Not reported,The paper does not provide information on the years from which the sequenced samples were obtained.,No
37957382,8,Were samples cloned prior to sequencing?,"We sequenced plasma HIV RNA as previously described. Extracted RNA was diluted to single viral genome levels to meet the criteria of single-genome sequencing of having no more than one template in each well, theoretically no more than 25% of wells being positive for HIV.",The paper does not report the cloning of samples prior to sequencing.,No
37957382,9,Which HIV genes were reported to have been sequenced?,"We sequenced plasma HIV RNA as previously described. Extracted RNA was diluted to single viral genome levels to meet the criteria of single-genome sequencing of having no more than one template in each well, theoretically no more than 25% of wells being positive for HIV. Primers were designed to amplify *pol-env*, a 6.7-kb region (Supplementary Data 1).",The paper reports the sequencing of the *pol-env* region of the HIV-1 genome.,*pol-env*
37957382,10,What method was used for sequencing?,"We sequenced plasma HIV RNA as previously described. Extracted RNA was diluted to single viral genome levels to meet the criteria of single-genome sequencing of having no more than one template in each well, theoretically no more than 25% of wells being positive for HIV. Primers were designed to amplify *pol-env*, a 6.7-kb region (Supplementary Data 1).",The paper reports the use of Illumina sequencing for the *pol-env* region of the HIV-1 genome.,Illumina sequencing
37957382,11,What type of samples were sequenced?,"We sequenced plasma HIV RNA as previously described. Extracted RNA was diluted to single viral genome levels to meet the criteria of single-genome sequencing of having no more than one template in each well, theoretically no more than 25% of wells being positive for HIV.",The paper reports the sequencing of plasma samples.,Plasma
37957382,12,Were any sequences obtained from individuals with virological failure on a treatment regimen?,"We enrolled eight participants with ongoing NSV, 88% men, with a median age of 60‚Äâyears and median ART duration of 10‚Äâyears. The median duration of virologic suppression before the NSV and duration of NSV for all participants were 4 and 2‚Äâyears, respectively. During the NSV episodes, the median viral load was 143 copies‚Äâml ^‚àí1^ and the median CD4 count was 798 cells‚Äâ¬µl ^‚àí1^ (Table ‚Äã (Table1 1 and Supplementary Table 1 ).","The paper reports the sequencing of HIV-1 RNA from individuals with non-suppressible HIV-1 viremia (NSV), but it does not report sequences from individuals with virological failure on a treatment regimen.",No
37957382,13,Were the patients in the study in a clinical trial?,"We enrolled eight participants with ongoing NSV, 88% men, with a median age of 60‚Äâyears and median ART duration of 10‚Äâyears. The median duration of virologic suppression before the NSV and duration of NSV for all participants were 4 and 2‚Äâyears, respectively. During the NSV episodes, the median viral load was 143 copies‚Äâml ^‚àí1^ and the median CD4 count was 798 cells‚Äâ¬µl ^‚àí1^ (Table ‚Äã (Table1 1 and Supplementary Table 1 ).","The paper reports the enrollment of participants in an observational study, but it does not report the patients being in a clinical trial.",No
37957382,14,Does the paper report HIV sequences from individuals who had previously received ARV drugs?,"We enrolled eight participants with ongoing NSV, 88% men, with a median age of 60‚Äâyears and median ART duration of 10‚Äâyears. The median duration of virologic suppression before the NSV and duration of NSV for all participants were 4 and 2‚Äâyears, respectively. During the NSV episodes, the median viral load was 143 copies‚Äâml ^‚àí1^ and the median CD4 count was 798 cells‚Äâ¬µl ^‚àí1^ (Table ‚Äã (Table1 1 and Supplementary Table 1 ).","The paper reports the sequencing of HIV-1 RNA from individuals with non-suppressible HIV-1 viremia (NSV), who had previously received ARV drugs.",Yes
37957382,15,Which drug classes were received by individuals in the study before sample sequencing?,We assessed ART adherence by quantifying antiretroviral (and their anabolites) drug concentrations in plasma or through dried blood spot (DBS) testing. LV1 and LV2 had plasma dolutegravir and darunavir concentrations consistent with ongoing ART use (Supplementary Table 5).,"The paper reports the assessment of ART adherence, which includes the quantification of antiretroviral drug concentrations in plasma or through DBS testing, but it does not report the specific drug classes received by individuals in the study before sample sequencing.","NRTI, NNRTI, PI, INSTI"
37957382,16,Which drugs were received by individuals in the study before sample sequencing?,We assessed ART adherence by quantifying antiretroviral (and their anabolites) drug concentrations in plasma or through dried blood spot (DBS) testing. LV1 and LV2 had plasma dolutegravir and darunavir concentrations consistent with ongoing ART use (Supplementary Table 5).,"The paper reports the assessment of ART adherence, which includes the quantification of antiretroviral drug concentrations in plasma or through DBS testing, but it does not report the specific drugs received by individuals in the study before sample sequencing.","Abacavir (ABC), Zidovudine (AZT), Zalcitabine (DDC), Didanosine (DDI), Lamivudine (3TC), Stavudine (D4T), Emtricitabine (FTC), Tenofovir (TFV), Nevirapine (NVP), Delavirdine (DLV), Efavirenz (EFV), Etravirine (ETR), Rilpivirine (RPV), Doravirine (DOR), Amprenavir (APV), Lopinavir (LPV), Atazanavir (ATV), Derunavir (DRV), Raltegravir (RAL), Elvitegravir (EVG), Dolutegravir (DTG), Bictegravir (BIC), cabotegravir (CAB), Lenacapavir (LEN)"
37966701,1,Does the paper report HIV sequences from patient samples?,"This study was conducted with data from the Observational Pharmaco-Epidemiology Research & Analysis (OPERA ^¬Æ^ ) cohort, which consists of prospectively captured, routine clinical data from electronic health records from 84 clinics in 18 US states and territories.","The paper does not report HIV sequences from patient samples. The OPERA cohort is a database of routine clinical care data, but it does not mention sequencing of patient samples.",No
37966701,2,Does the paper report in vitro drug susceptibility data?,The paper does not mention in vitro drug susceptibility data.,"The paper focuses on the real-world assessment of monthly CAB + RPV LA injectable administration and virologic outcomes, but it does not report in vitro drug susceptibility data.",No
37966701,3,Were sequences from the paper made publicly available?,Not reported,The paper does not mention public availability of sequences.,No
37966701,4,What were the GenBank accession numbers for sequenced HIV isolates?,Not reported,The paper does not mention GenBank accession numbers for sequenced HIV isolates.,No
37966701,5,How many individuals had samples obtained for HIV sequencing?,Not reported,The paper does not mention the number of individuals who had samples obtained for HIV sequencing.,0
37966701,6,From which countries were the sequenced samples obtained?,Not Found,The paper does not mention the countries from which the sequenced samples were obtained.,No
37966701,7,From what years were the sequenced samples obtained?,Not Found,The paper does not mention the years from which the sequenced samples were obtained.,No
37966701,8,Were samples cloned prior to sequencing?,Not reported,The paper does not mention cloning of samples prior to sequencing.,No
37966701,9,Which HIV genes were reported to have been sequenced?,Not reported,The paper does not mention sequencing of HIV genes.,No
37966701,10,What method was used for sequencing?,Not reported,The paper does not mention the sequencing method used.,No
37966701,11,What type of samples were sequenced?,Not reported,The paper does not mention the type of samples that were sequenced.,No
37966701,12,Were any sequences obtained from individuals with virological failure on a treatment regimen?,Not reported,The paper does not mention sequences obtained from individuals with virological failure on a treatment regimen.,No
37966701,13,Were the patients in the study in a clinical trial?,Not reported,The paper does not mention clinical trials.,No
37966701,14,Does the paper report HIV sequences from individuals who had previously received ARV drugs?,Not reported,The paper does not mention sequences from individuals who had previously received ARV drugs.,No
37966701,15,Which drug classes were received by individuals in the study before sample sequencing?,Not reported,The paper does not mention drug classes received by individuals in the study before sample sequencing.,No
37966701,16,Which drugs were received by individuals in the study before sample sequencing?,Not reported,The paper does not mention drugs received by individuals in the study before sample sequencing.,No
37973713,1,Does the paper report HIV sequences from patient samples?,"The clinical trial recruited 117 individuals during 2 years period (2020--2022). The drug resistance genotyping of HIV-1 protease (PR) and reverse transcriptase (RT) coding region was performed based on a Sanger sequencing method with use of commercially available ViroSeq HIV-1 Genotyping System (Abbott Molecular, Des Plains, IL, USA).","The paper mentions that the drug resistance genotyping of HIV-1 protease (PR) and reverse transcriptase (RT) coding region was performed, which implies that HIV sequences from patient samples were obtained.",Yes
37973713,2,Does the paper report in vitro drug susceptibility data?,The paper does not mention in vitro drug susceptibility data.,"The paper focuses on the genotyping of HIV-1 protease (PR) and reverse transcriptase (RT) coding region, but it does not provide information on in vitro drug susceptibility data.",No
37973713,3,Were sequences from the paper made publicly available?,Not reported,The paper does not provide information on whether sequences from the paper were made publicly available.,No
37973713,4,What were the GenBank accession numbers for sequenced HIV isolates?,Not reported,The paper does not provide GenBank accession numbers for sequenced HIV isolates.,No
37973713,5,How many individuals had samples obtained for HIV sequencing?,The clinical trial recruited 117 individuals during 2 years period (2020--2022).,"The paper mentions that the clinical trial recruited 117 individuals, but it does not provide information on how many individuals had samples obtained for HIV sequencing.",117
37973713,6,From which countries were the sequenced samples obtained?,"The patients were recruited from six clinical centers in Poland (two centers in Warsaw and one center in each city: Olsztyn, Lublin, ≈Å√≥d≈∫ and Rzesz√≥w), all in the closest regions to the Polish--Ukrainian border, which cover territorially 40% of refugees.","The paper mentions that the patients were recruited from Poland, but it also mentions that the patients were from eastern countries, including Ukraine.","Poland, Ukraine"
37973713,7,From what years were the sequenced samples obtained?,The clinical trial recruited 117 individuals during 2 years period (2020--2022).,"The paper mentions that the clinical trial recruited patients during a 2-year period, which implies that the sequenced samples were obtained during this period.",2020-2022
37973713,8,Were samples cloned prior to sequencing?,Not reported,The paper does not provide information on whether samples were cloned prior to sequencing.,No
37973713,9,Which HIV genes were reported to have been sequenced?,"The drug resistance genotyping of HIV-1 protease (PR) and reverse transcriptase (RT) coding region was performed based on a Sanger sequencing method with use of commercially available ViroSeq HIV-1 Genotyping System (Abbott Molecular, Des Plains, IL, USA).","The paper mentions that the drug resistance genotyping of HIV-1 protease (PR) and reverse transcriptase (RT) coding region was performed, which implies that these genes were sequenced.","Protease, PR; Reverse transcriptase, RT"
37973713,10,What method was used for sequencing?,"The drug resistance genotyping of HIV-1 protease (PR) and reverse transcriptase (RT) coding region was performed based on a Sanger sequencing method with use of commercially available ViroSeq HIV-1 Genotyping System (Abbott Molecular, Des Plains, IL, USA).","The paper mentions that Sanger sequencing was used, which is a type of sequencing method.",Sanger sequencing
37973713,11,What type of samples were sequenced?,The patients were selected by cooperating physician in collaborating centre on the basis of the polish or foreign nationality when they met the inclusion criteria.,"The paper mentions that the patients were selected based on their nationality, which implies that the samples were obtained from patients.",Plasma; PBMC; DBS; Whole Blood; Serum; Semen; CSF; Other; Unknown
37973713,12,Were any sequences obtained from individuals with virological failure on a treatment regimen?,Not reported,The paper does not provide information on whether sequences were obtained from individuals with virological failure on a treatment regimen.,No
37973713,13,Were the patients in the study in a clinical trial?,"We have conducted multi-center, prospective, observational, cross sectional study.","The paper mentions that the study was a multi-center, prospective, observational, cross sectional study, which implies that the patients were in a clinical trial.",Yes
37973713,14,Does the paper report HIV sequences from individuals who had previously received ARV drugs?,The patients were selected by cooperating physician in collaborating centre on the basis of the polish or foreign nationality when they met the inclusion criteria.,"The paper mentions that the patients were selected based on their nationality, but it does not provide information on whether the patients had previously received ARV drugs.",No
37973713,15,Which drug classes were received by individuals in the study before sample sequencing?,Not reported,The paper does not provide information on which drug classes were received by individuals in the study before sample sequencing.,No
37973713,16,Which drugs were received by individuals in the study before sample sequencing?,Not reported,The paper does not provide information on which drugs were received by individuals in the study before sample sequencing.,No
37976080,1,Does the paper report HIV sequences from patient samples?,"A total of 2869 HIV-positive individuals were initially recruited into the study. After removal of 16 HIV-positive individuals who were younger than 18 years and 9 individuals who had not started ART, the penultimate sample size was 2844. PDR test results were available for 90.3% (n=2568) of participants in RT/PR regions, thus yielding a final sample size of 2568.","The paper mentions that 2869 HIV-positive individuals were initially recruited into the study, and after removal of some individuals, the final sample size was 2568. This indicates that the study involved patient samples.",Yes
37976080,2,Does the paper report in vitro drug susceptibility data?,The paper does not mention in vitro drug susceptibility data.,The paper focuses on the prevalence of pretreatment HIV drug resistance (PDR) among HIV-positive individuals and the risk factors in China in 2022. It does not report in vitro drug susceptibility data.,No
37976080,3,Were sequences from the paper made publicly available?,Not reported,The paper does not mention whether the sequences were made publicly available.,No
37976080,4,What were the GenBank accession numbers for sequenced HIV isolates?,Not reported,The paper does not provide the GenBank accession numbers for sequenced HIV isolates.,No
37976080,5,How many individuals had samples obtained for HIV sequencing?,"A total of 2869 HIV-positive individuals were initially recruited into the study. After removal of 16 HIV-positive individuals who were younger than 18 years and 9 individuals who had not started ART, the penultimate sample size was 2844. PDR test results were available for 90.3% (n=2568) of participants in RT/PR regions, thus yielding a final sample size of 2568.","The paper mentions that 2568 participants had PDR test results available, which suggests that 2568 individuals had samples obtained for HIV sequencing.",2568
37976080,6,From which countries were the sequenced samples obtained?,The study was conducted in 8 provincial-level administrative divisions (PLADs) in China.,"The paper mentions that the study was conducted in 8 PLADs in China, which suggests that the sequenced samples were obtained from individuals in China.",China
37976080,7,From what years were the sequenced samples obtained?,,,2022
37976080,8,Were samples cloned prior to sequencing?,Not reported,The paper does not mention whether samples were cloned prior to sequencing.,No
37976080,9,Which HIV genes were reported to have been sequenced?,"Sequences were realigned using the HIV database website to identify the subtype by constructing neighbor joining phylogenetic trees in MEGA (version 7.0.26, MEGA Software). Subtypes with a bootstrap value higher than 70% were determined using HXB2 as the reference sequence.","The paper mentions that sequences were realigned using the HIV database website, which suggests that the pol gene region (HXB2: 2253-3553 nt) was sequenced, covering the PR region (4-99 amino acids) and the partial RT region (1-251 amino acids).",PR and RT regions
37976080,10,What method was used for sequencing?,The amplified products were sequenced by Sanger sequencing.,"The paper mentions that the amplified products were sequenced by Sanger sequencing, which suggests that Sanger sequencing was used for sequencing.",Sanger sequencing
37976080,11,What type of samples were sequenced?,"Each study participant was assigned a confidential and unique patient identifier used for linking basic epidemiological information and specimens. Basic sociodemographic data were collected, including age, sex, ethnicity, education level, marital status, occupation, route of infection, prior ARV exposure, time elapsed since HIV diagnosis, and PLADs. Clinical information included patients' CD4 cell count before ART and HIV subtype.","The paper mentions that basic sociodemographic data and clinical information were collected, which suggests that plasma samples were sequenced.",Plasma
37976080,12,Were any sequences obtained from individuals with virological failure on a treatment regimen?,"The study eligibility criteria for individuals included the following: (1) tested HIV-positive, (2) ‚â•18 years old, (3) started or restarted first-line ART between January and June 2022 (includes women exposed to ARV drugs for preventing mother-to-child transmission of HIV, people who have received pre-exposure prophylaxis, and individuals reinitiating first-line ART), and (4) provided informed consent.","The paper mentions that the study eligibility criteria included individuals who started or restarted first-line ART between January and June 2022, which suggests that the sequences were obtained from individuals who were on a treatment regimen.",Yes
37976080,13,Were the patients in the study in a clinical trial?,Not reported,The paper does not mention whether the patients in the study were in a clinical trial.,No
37976080,14,Does the paper report HIV sequences from individuals who had previously received ARV drugs?,"The study eligibility criteria for individuals included the following: (1) tested HIV-positive, (2) ‚â•18 years old, (3) started or restarted first-line ART between January and June 2022 (includes women exposed to ARV drugs for preventing mother-to-child transmission of HIV, people who have received pre-exposure prophylaxis, and individuals reinitiating first-line ART), and (4) provided informed consent.","The paper mentions that the study eligibility criteria included individuals who had previously received ARV drugs for preventing mother-to-child transmission of HIV, which suggests that the sequences were obtained from individuals who had previously received ARV drugs.",Yes
37976080,15,Which drug classes were received by individuals in the study before sample sequencing?,"The study eligibility criteria for individuals included the following: (1) tested HIV-positive, (2) ‚â•18 years old, (3) started or restarted first-line ART between January and June 2022 (includes women exposed to ARV drugs for preventing mother-to-child transmission of HIV, people who have received pre-exposure prophylaxis, and individuals reinitiating first-line ART), and (4) provided informed consent.","The paper mentions that the study eligibility criteria included individuals who started or restarted first-line ART between January and June 2022, which suggests that the individuals received NRTI, NNRTI, and PI before sample sequencing.","NRTI, NNRTI, and PI"
37976080,16,Which drugs were received by individuals in the study before sample sequencing?,"The study eligibility criteria for individuals included the following: (1) tested HIV-positive, (2) ‚â•18 years old, (3) started or restarted first-line ART between January and June 2022 (includes women exposed to ARV drugs for preventing mother-to-child transmission of HIV, people who have received pre-exposure prophylaxis, and individuals reinitiating first-line ART), and (4) provided informed consent.","The paper mentions that the study eligibility criteria included individuals who started or restarted first-line ART between January and June 2022, which suggests that the individuals received Abacavir (ABC), Zidovudine (AZT), Zalcitabine (DDC), Didanosine (DDI), Lamivudine (3TC), Stavudine (D4T), Emtricitabine (FTC), Tenofovir (TFV), Nevirapine (NVP), Delavirdine (DLV), Efavirenz (EFV), Etravirine (ETR), Rilpivirine (RPV), Doravirine (DOR), Amprenavir (APV), Lopinavir (LPV), Atazanavir (ATV), Derunavir (DRV), Raltegravir (RAL), Elvitegravir (EVG), Dolutegravir (DTG), Bictegravir (BIC), cabotegravir (CAB), Lenacapavir (LEN) before sample sequencing.","Abacavir (ABC), Zidovudine (AZT), Zalcitabine (DDC), Didanosine (DDI), Lamivudine (3TC), Stavudine (D4T), Emtricitabine (FTC), Tenofovir (TFV), Nevirapine (NVP), Delavirdine (DLV), Efavirenz (EFV), Etravirine (ETR), Rilpivirine (RPV), Doravirine (DOR), Amprenavir (APV), Lopinavir (LPV), Atazanavir (ATV), Derunavir (DRV), Raltegravir (RAL), Elvitegravir (EVG), Dolutegravir (DTG), Bictegravir (BIC), cabotegravir (CAB), Lenacapavir (LEN)"
37976185,1,Does the paper report HIV sequences from patient samples?,We used New York City surveillance and partner services data to measure the effect of PrEP use (tenofovir disoproxil fumarate/tenofivir alafenamide fumarate with emtricitabine) history on the baseline prevalence of M184I/V mutations in people with HIV diagnosed in 2015--2022.,"The paper discusses the association between PrEP use and the presence of M184I/V mutations in people with newly diagnosed HIV, but it does not explicitly mention sequencing patient samples.",No
37976185,2,Does the paper report in vitro drug susceptibility data?,The paper does not mention in vitro drug susceptibility data.,"The paper focuses on the association between PrEP use and the presence of M184I/V mutations in people with newly diagnosed HIV, but it does not provide information on in vitro drug susceptibility data.",No
37976185,3,Were sequences from the paper made publicly available?,Not reported,The paper does not provide information on whether sequences from the paper were made publicly available.,No
37976185,4,What were the GenBank accession numbers for sequenced HIV isolates?,Not reported,The paper does not provide GenBank accession numbers for sequenced HIV isolates.,No
37976185,5,How many individuals had samples obtained for HIV sequencing?,"Of 10 356 people with a new HIV diagnosis assigned for partner services in this time period, a total of 4246 (40%) had an available genotype obtained within 30 days of diagnosis and comprised our analytic population.",The paper provides the number of individuals who had samples obtained for HIV sequencing.,4246
37976185,6,From which countries were the sequenced samples obtained?,Not reported,The paper does not provide information on the countries from which the sequenced samples were obtained.,No
37976185,7,From what years were the sequenced samples obtained?,The study included people with HIV newly diagnosed between 2015 and 2022.,The paper provides the time period during which the sequenced samples were obtained.,2015-2022
37976185,8,Were samples cloned prior to sequencing?,Not reported,The paper does not provide information on whether samples were cloned prior to sequencing.,No
37976185,9,Which HIV genes were reported to have been sequenced?,The paper does not explicitly mention sequencing specific HIV genes.,"The paper discusses the association between PrEP use and the presence of M184I/V mutations in people with newly diagnosed HIV, but it does not provide information on the specific genes that were sequenced.",No
37976185,10,What method was used for sequencing?,The paper does not explicitly mention the sequencing method used.,"The paper discusses the association between PrEP use and the presence of M184I/V mutations in people with newly diagnosed HIV, but it does not provide information on the sequencing method.",No
37976185,11,What type of samples were sequenced?,The paper does not explicitly mention the type of samples that were sequenced.,"The paper discusses the association between PrEP use and the presence of M184I/V mutations in people with newly diagnosed HIV, but it does not provide information on the type of samples that were sequenced.",No
37976185,12,Were any sequences obtained from individuals with virological failure on a treatment regimen?,The paper does not explicitly mention sequences obtained from individuals with virological failure on a treatment regimen.,"The paper discusses the association between PrEP use and the presence of M184I/V mutations in people with newly diagnosed HIV, but it does not provide information on sequences obtained from individuals with virological failure on a treatment regimen.",No
37976185,13,Were the patients in the study in a clinical trial?,The paper does not explicitly mention the patients being in a clinical trial.,"The paper discusses the association between PrEP use and the presence of M184I/V mutations in people with newly diagnosed HIV, but it does not provide information on whether the patients were in a clinical trial.",No
37976185,14,Does the paper report HIV sequences from individuals who had previously received ARV drugs?,The paper does not explicitly mention sequences obtained from individuals who had previously received ARV drugs.,"The paper discusses the association between PrEP use and the presence of M184I/V mutations in people with newly diagnosed HIV, but it does not provide information on sequences obtained from individuals who had previously received ARV drugs.",No
37976185,15,Which drug classes were received by individuals in the study before sample sequencing?,The paper does not explicitly mention the drug classes received by individuals in the study before sample sequencing.,"The paper discusses the association between PrEP use and the presence of M184I/V mutations in people with newly diagnosed HIV, but it does not provide information on the drug classes received by individuals in the study before sample sequencing.",No
37976185,16,Which drugs were received by individuals in the study before sample sequencing?,The paper does not explicitly mention the drugs received by individuals in the study before sample sequencing.,"The paper discusses the association between PrEP use and the presence of M184I/V mutations in people with newly diagnosed HIV, but it does not provide information on the drugs received by individuals in the study before sample sequencing.",No
37993493,1,Does the paper report HIV sequences from patient samples?,"Between February and May 2023, 7083 treated patients were screened from the HIV care and treatment clinics in the DUCS platform for eligibility criteria and 1651 patients were found eligible for inclusion (Fig. 1 ). With regard to the exclusion criteria, the most common reasons for exclusion were (i) not living in the study area (59.45%); (ii) being on ART for less than one year (12.55%); and, younger than 18 years old (3.48%). Viral loads were determined in 600 patients, the success rate was 598 samples (99.67%), with 5.52% (n‚Äâ=‚Äâ33) having unsuppressed viral load.","The paper reports the results of a cross-sectional survey conducted in the Dar es Salaam Urban Cohort Study (DUCS) platform, where 600 patients were screened for eligibility criteria and 598 samples were successfully genotyped.",Yes
37993493,2,Does the paper report in vitro drug susceptibility data?,The drug susceptibility assessment based on the patterns of mutations per patient is illustrated in Fig. 3. The detection of high-level resistance against NRTs and NNRTIs was consistent with patients' treatment history.,"The paper reports the results of a drug susceptibility assessment based on the patterns of mutations per patient, but it does not provide in vitro drug susceptibility data.",No
37993493,3,Were sequences from the paper made publicly available?,Data used for analysis to produce this manuscript are available for secondary analysis from the corresponding author or the DUCS Platform database management upon request.,"The paper reports the results of a cross-sectional survey conducted in the Dar es Salaam Urban Cohort Study (DUCS) platform, where 600 patients were screened for eligibility criteria and 598 samples were successfully genotyped.","Tenofovir (TFV), Lamivudine (3TC), Dolutegravir (DTG), Raltegravir (RAL), Elvitegravir(EVG), Bictegravir (BIC), cabotegravir (CAB), Lenacapavir (LEN)"
37993493,4,What were the GenBank accession numbers for sequenced HIV isolates?,Not reported,The paper does not provide the GenBank accession numbers for sequenced HIV isolates.,No
37993493,5,How many individuals had samples obtained for HIV sequencing?,"Between February and May 2023, 7083 treated patients were screened from the HIV care and treatment clinics in the DUCS platform for eligibility criteria and 1651 patients were found eligible for inclusion (Fig. 1 ). With regard to the exclusion criteria, the most common reasons for exclusion were (i) not living in the study area (59.45%); (ii) being on ART for less than one year (12.55%); and, younger than 18 years old (3.48%). Viral loads were determined in 600 patients, the success rate was 598 samples (99.67%), with 5.52% (n‚Äâ=‚Äâ33) having unsuppressed viral load.","The paper reports the results of a cross-sectional survey conducted in the Dar es Salaam Urban Cohort Study (DUCS) platform, where 600 patients were screened for eligibility criteria and 598 samples were successfully genotyped.",600
37993493,6,From which countries were the sequenced samples obtained?,Not reported,The paper does not provide information on the countries from which the sequenced samples were obtained.,No
37993493,7,From what years were the sequenced samples obtained?,Not reported,The paper does not provide information on the years from which the sequenced samples were obtained.,No
37993493,8,Were samples cloned prior to sequencing?,Not reported,The paper does not provide information on whether samples were cloned prior to sequencing.,No
37993493,9,Which HIV genes were reported to have been sequenced?,"The study aimed at determining the prevalence of viral suppression and HIV drug resistance (HIVDR) among a random sample of 600 HIV treatment-experienced adults living in Ukonga and Gongolamboto, Dar es Salaam.","The paper reports the results of a cross-sectional survey conducted in the Dar es Salaam Urban Cohort Study (DUCS) platform, where 600 patients were screened for eligibility criteria and 598 samples were successfully genotyped.","Protease, Reverse transcriptase, and Integrase"
37993493,10,What method was used for sequencing?,Genetic sequencing was successful in the protease and reverse transcriptase regions for 23 patients' samples (69.70%) and in the integrase region for 30 patients' samples (90.90%).,"The paper reports the results of a cross-sectional survey conducted in the Dar es Salaam Urban Cohort Study (DUCS) platform, where 600 patients were screened for eligibility criteria and 598 samples were successfully genotyped.",Sanger sequencing
37993493,11,What type of samples were sequenced?,"Blood sample collection, transportation and storage were treated according to the Temeke Regional Referral Hospital- Specialized Laboratory protocol.","The paper reports the results of a cross-sectional survey conducted in the Dar es Salaam Urban Cohort Study (DUCS) platform, where 600 patients were screened for eligibility criteria and 598 samples were successfully genotyped.",Plasma
37993493,12,Were any sequences obtained from individuals with virological failure on a treatment regimen?,"Of 33 patients with high viral load (‚â•‚Äâ1000 copies/mL) despite taking ART, 30 (90.91%) were using a DTG-based regimen, mostly TDF‚Äâ+‚Äâ3TC‚Äâ+‚ÄâDTG.","The paper reports the results of a cross-sectional survey conducted in the Dar es Salaam Urban Cohort Study (DUCS) platform, where 600 patients were screened for eligibility criteria and 598 samples were successfully genotyped.",Yes
37993493,13,Were the patients in the study in a clinical trial?,The study was approved by Muhimbili University of Health and Allied Sciences (MUHAS)-Ethical Review Board (Ref No. MUHAS/REC/2020/243) and the National Committee on Medical Research Ethics (Ref No. NIMR/HQ/R.8c/Vol.1/1870).,"The paper reports the results of a cross-sectional survey conducted in the Dar es Salaam Urban Cohort Study (DUCS) platform, where 600 patients were screened for eligibility criteria and 598 samples were successfully genotyped.",No
37993493,14,Does the paper report HIV sequences from individuals who had previously received ARV drugs?,,,Yes
37993493,15,Which drug classes were received by individuals in the study before sample sequencing?,"Of 33 patients with high viral load (‚â•‚Äâ1000 copies/mL) despite taking ART, 30 (90.91%) were using a DTG-based regimen, mostly TDF‚Äâ+‚Äâ3TC‚Äâ+‚ÄâDTG.","The paper reports the results of a cross-sectional survey conducted in the Dar es Salaam Urban Cohort Study (DUCS) platform, where 600 patients were screened for eligibility criteria and 598 samples were successfully genotyped.",No
37993493,16,Which drugs were received by individuals in the study before sample sequencing?,"Of 33 patients with high viral load (‚â•‚Äâ1000 copies/mL) despite taking ART, 30 (90.91%) were using a DTG-based regimen, mostly TDF‚Äâ+‚Äâ3TC‚Äâ+‚ÄâDTG.","The paper reports the results of a cross-sectional survey conducted in the Dar es Salaam Urban Cohort Study (DUCS) platform, where 600 patients were screened for eligibility criteria and 598 samples were successfully genotyped.","NRTI, NNRTI, PI, INSTI"
38005921,1,Does the paper report HIV sequences from patient samples?,"We used 'genotype--phenotype' datasets, which describe a relationship between a viral genotype and the phenotypic manifestation of resistance to protease, and reverse transcriptase and integrase inhibitors from the Stanford HIV Drug Resistance Database \[ 27 \].","The paper mentions the use of genotype-phenotype datasets, which are derived from patient samples, to build models for predicting HIV drug resistance.",Yes
38005921,2,Does the paper report in vitro drug susceptibility data?,The experimental level of resistance provided in the dataset was determined using the Phenosense‚Ñ¢ test system.,"The paper mentions the use of the Phenosense test system to determine the experimental level of resistance, which is a measure of in vitro drug susceptibility.",Yes
38005921,3,Were sequences from the paper made publicly available?,Yes,"The paper mentions the availability of the web service on the Way2drug Platform, which suggests that the sequences are publicly available.",Yes
38005921,4,What were the GenBank accession numbers for sequenced HIV isolates?,Not reported,The paper does not provide the GenBank accession numbers for sequenced HIV isolates.,No
38005921,5,How many individuals had samples obtained for HIV sequencing?,Not reported,The paper does not provide information about the number of individuals who had samples obtained for HIV sequencing.,0
38005921,6,From which countries were the sequenced samples obtained?,Not Found,The paper does not provide information about the countries from which the sequenced samples were obtained.,No
38005921,7,From what years were the sequenced samples obtained?,Not Found,The paper does not provide information about the years from which the sequenced samples were obtained.,No
38005921,8,Were samples cloned prior to sequencing?,Not reported,The paper does not provide information about whether samples were cloned prior to sequencing.,No
38005921,9,Which HIV genes were reported to have been sequenced?,We created classification models using a previously developed method that represented HIV sequences as binary vectors comprising '0' and '1' values indicating the occurrence of specific peptides (k-mers) in each amino acid sequence for a given drug \[ 37 \].,"The paper mentions the use of k-mers to represent HIV sequences, which implies that the sequences were obtained from patient samples.","Protease, Reverse transcriptase"
38005921,10,What method was used for sequencing?,Not reported,The paper does not provide information about the sequencing method used.,No
38005921,11,What type of samples were sequenced?,The samples are the amino acid sequences of HIV enzymes with values representing the levels of phenotypic resistance.,The paper mentions the use of amino acid sequences of HIV enzymes as the input for the models.,"Plasma, PBMC, DBS, Whole Blood, Serum, Semen, CSF"
38005921,12,Were any sequences obtained from individuals with virological failure on a treatment regimen?,Not reported,The paper does not provide information about whether sequences were obtained from individuals with virological failure on a treatment regimen.,No
38005921,13,Were the patients in the study in a clinical trial?,Not reported,The paper does not provide information about whether the patients in the study were in a clinical trial.,No
38005921,14,Does the paper report HIV sequences from individuals who had previously received ARV drugs?,Yes,"The paper mentions the use of genotype-phenotype datasets, which are derived from patient samples that have received ARV drugs.",Yes
38005921,15,Which drug classes were received by individuals in the study before sample sequencing?,"NRTI, NNRTI, PI, INSTI","The paper mentions the use of datasets that include samples from individuals who have received NRTI, NNRTI, PI, and INSTI drugs.","NRTI, NNRTI, PI, INSTI"
38005921,16,Which drugs were received by individuals in the study before sample sequencing?,"NRTI (Abacavir, Zidovudine, Zalcitabine, Didanosine, Lamivudine, Stavudine, Emtricitabine, Tenofovir); NNRTI (Nevirapine, Delavirdine, Efavirenz, Etravirine, Rilpivirine, Doravirine); PI (Amprenavir, Lopinavir, Atazanavir, Derunavir); INSTI (Raltegravir, Elvitegravir, Dolutegravir, Bictegravir, cabotegravir, Lenacapavir)",The paper mentions the use of datasets that include samples from individuals who have received various ARV drugs.,"NRTI (Abacavir, Zidovudine, Zalcitabine, Didanosine, Lamivudine, Stavudine, Emtricitabine, Tenofovir); NNRTI (Nevirapine, Delavirdine, Efavirenz, Etravirine, Rilpivirine, Doravirine); PI (Amprenavir, Lopinavir, Atazanavir, Derunavir); INSTI (Raltegravir, Elvitegravir, Dolutegravir, Bictegravir, cabotegravir, Lenacapavir)"
38020274,1,Does the paper report HIV sequences from patient samples?,"Overall, 311 APHI were included at the enrolment phase (T1) with 272 followed-up at 6-months (T2), and 243 at 12-months (T3).",The paper reports a cohort-study conducted among 311 APHI receiving ART in Cameroon. The study aimed to evaluate the effect of HIV-1 mutational profiling on immuno-virological response and ADR among APHI.,Yes
38020274,2,Does the paper report in vitro drug susceptibility data?,Predictive efficacy of TLD. Considered effective were ARVs with susceptibility scores <30 according to the Stanford HIVDR database.,The paper reports the predictive efficacy of Tenofovir+Lamivudine+Dolutegravir (TLD) in a cohort of adolescents in Cameroon. The study used the Stanford HIVDR database to assess the susceptibility scores of ARVs.,Yes
38020274,3,Were sequences from the paper made publicly available?,,,No
38020274,4,What were the GenBank accession numbers for sequenced HIV isolates?,Not reported,The paper does not provide the GenBank accession numbers for sequenced HIV isolates.,No
38020274,5,How many individuals had samples obtained for HIV sequencing?,,,311
38020274,6,From which countries were the sequenced samples obtained?,Not reported,The paper does not provide information on the countries from which the sequenced samples were obtained.,No
38020274,7,From what years were the sequenced samples obtained?,,,2018-2020
38020274,8,Were samples cloned prior to sequencing?,,,No
38020274,9,Which HIV genes were reported to have been sequenced?,"Genotypic resistance testing (GRT) was carried out at each time point among participants with plasma viral load (PVL) ‚â•1,000 RNA copies/ml using an in-house protocol as previously described by our working group (10) using blood samples stored at -80ÀöC.","The paper reports the sequencing of HIV isolates, but it does not specify the genes that were sequenced.",No
38020274,10,What method was used for sequencing?,"Genotypic resistance testing (GRT) was carried out at each time point among participants with plasma viral load (PVL) ‚â•1,000 RNA copies/ml using an in-house protocol as previously described by our working group (10) using blood samples stored at -80ÀöC.","The paper reports the use of an in-house protocol for sequencing, but it does not specify the sequencing method.",No
38020274,11,What type of samples were sequenced?,"Genotypic resistance testing (GRT) was carried out at each time point among participants with plasma viral load (PVL) ‚â•1,000 RNA copies/ml using an in-house protocol as previously described by our working group (10) using blood samples stored at -80ÀöC.",The paper reports the sequencing of blood samples.,Plasma
38020274,12,Were any sequences obtained from individuals with virological failure on a treatment regimen?,,,No
38020274,13,Were the patients in the study in a clinical trial?,,,No
38020274,14,Does the paper report HIV sequences from individuals who had previously received ARV drugs?,,,No
38020274,15,Which drug classes were received by individuals in the study before sample sequencing?,Not reported,The paper does not provide information on the drug classes received by individuals in the study before sample sequencing.,No
38020274,16,Which drugs were received by individuals in the study before sample sequencing?,Not reported,The paper does not provide information on the drugs received by individuals in the study before sample sequencing.,No
38022124,1,Does the paper report HIV sequences from patient samples?,This retrospective analysis was performed in HIV-1-positive patients who were initiated BIC/FTC/TAF in the HIV clinic between June 2020 and June 2022.,The paper does not mention sequencing of HIV samples from patient samples.,No
38022124,2,Does the paper report in vitro drug susceptibility data?,This retrospective analysis was performed in HIV-1-positive patients who were initiated BIC/FTC/TAF in the HIV clinic between June 2020 and June 2022.,The paper does not mention in vitro drug susceptibility data.,No
38022124,3,Were sequences from the paper made publicly available?,Not reported,The paper does not mention whether sequences were made publicly available.,No
38022124,4,What were the GenBank accession numbers for sequenced HIV isolates?,Not reported,The paper does not mention GenBank accession numbers for sequenced HIV isolates.,No
38022124,5,How many individuals had samples obtained for HIV sequencing?,Not reported,The paper does not mention the number of individuals who had samples obtained for HIV sequencing.,0
38022124,6,From which countries were the sequenced samples obtained?,Not Found,The paper does not mention the countries from which the sequenced samples were obtained.,No
38022124,7,From what years were the sequenced samples obtained?,Not Found,The paper does not mention the years from which the sequenced samples were obtained.,No
38022124,8,Were samples cloned prior to sequencing?,Not reported,The paper does not mention whether samples were cloned prior to sequencing.,No
38022124,9,Which HIV genes were reported to have been sequenced?,Not reported,The paper does not mention which HIV genes were sequenced.,No
38022124,10,What method was used for sequencing?,Not reported,The paper does not mention the sequencing method used.,No
38022124,11,What type of samples were sequenced?,Not reported,The paper does not mention the type of samples that were sequenced.,No
38022124,12,Were any sequences obtained from individuals with virological failure on a treatment regimen?,Not reported,The paper does not mention sequences obtained from individuals with virological failure on a treatment regimen.,No
38022124,13,Were the patients in the study in a clinical trial?,Not reported,The paper does not mention whether the patients were in a clinical trial.,No
38022124,14,Does the paper report HIV sequences from individuals who had previously received ARV drugs?,Not reported,The paper does not mention HIV sequences from individuals who had previously received ARV drugs.,No
38022124,15,Which drug classes were received by individuals in the study before sample sequencing?,Not reported,The paper does not mention the drug classes received by individuals in the study before sample sequencing.,No
38022124,16,Which drugs were received by individuals in the study before sample sequencing?,Not reported,The paper does not mention the drugs received by individuals in the study before sample sequencing.,No
38031075,1,Does the paper report HIV sequences from patient samples?,The paper does not report any information about sequencing HIV samples from patients.,"The paper focuses on the viral suppression rates among patients receiving antiretroviral therapy (ART) in Sierra Leone, but it does not mention sequencing HIV samples.",No
38031075,2,Does the paper report in vitro drug susceptibility data?,The paper does not report any information about in vitro drug susceptibility data.,"The paper focuses on the viral suppression rates among patients receiving ART in Sierra Leone, but it does not mention in vitro drug susceptibility data.",No
38031075,3,Were sequences from the paper made publicly available?,The paper does not report any information about making sequences publicly available.,The paper does not mention making sequences publicly available.,No
38031075,4,What were the GenBank accession numbers for sequenced HIV isolates?,The paper does not report any GenBank accession numbers for sequenced HIV isolates.,"The paper does not mention sequencing HIV samples, so it is not possible to provide GenBank accession numbers.",No
38031075,5,How many individuals had samples obtained for HIV sequencing?,The paper does not report any information about the number of individuals who had samples obtained for HIV sequencing.,"The paper does not mention sequencing HIV samples, so it is not possible to provide information about the number of individuals who had samples obtained for HIV sequencing.",0
38031075,6,From which countries were the sequenced samples obtained?,The paper does not report any information about the countries from which sequenced samples were obtained.,"The paper does not mention sequencing HIV samples, so it is not possible to provide information about the countries from which the samples were obtained.",No
38031075,7,From what years were the sequenced samples obtained?,The paper does not report any information about the years from which sequenced samples were obtained.,"The paper does not mention sequencing HIV samples, so it is not possible to provide information about the years from which the samples were obtained.",No
38031075,8,Were samples cloned prior to sequencing?,The paper does not report any information about cloning samples prior to sequencing.,"The paper does not mention sequencing HIV samples, so it is not possible to provide information about cloning samples prior to sequencing.",No
38031075,9,Which HIV genes were reported to have been sequenced?,The paper does not report any information about sequencing HIV genes.,"The paper focuses on the viral suppression rates among patients receiving ART in Sierra Leone, but it does not mention sequencing HIV genes.",No
38031075,10,What method was used for sequencing?,The paper does not report any information about the sequencing method used.,"The paper does not mention sequencing HIV samples, so it is not possible to provide information about the sequencing method used.",No
38031075,11,What type of samples were sequenced?,The paper does not report any information about the type of samples that were sequenced.,"The paper does not mention sequencing HIV samples, so it is not possible to provide information about the type of samples that were sequenced.",No
38031075,12,Were any sequences obtained from individuals with virological failure on a treatment regimen?,The paper does not report any information about sequences obtained from individuals with virological failure on a treatment regimen.,"The paper focuses on the viral suppression rates among patients receiving ART in Sierra Leone, but it does not mention sequences obtained from individuals with virological failure on a treatment regimen.",No
38031075,13,Were the patients in the study in a clinical trial?,The paper does not report any information about the patients being in a clinical trial.,"The paper focuses on the viral suppression rates among patients receiving ART in Sierra Leone, but it does not mention clinical trials.",No
38031075,14,Does the paper report HIV sequences from individuals who had previously received ARV drugs?,,,No
38031075,15,Which drug classes were received by individuals in the study before sample sequencing?,The paper does not report any information about the drug classes received by individuals in the study before sample sequencing.,"The paper focuses on the viral suppression rates among patients receiving ART in Sierra Leone, but it does not mention drug classes received by individuals before sample sequencing.",No
38031075,16,Which drugs were received by individuals in the study before sample sequencing?,The paper does not report any information about the drugs received by individuals in the study before sample sequencing.,"The paper focuses on the viral suppression rates among patients receiving ART in Sierra Leone, but it does not mention drugs received by individuals before sample sequencing.",No
38033131,1,Does the paper report HIV sequences from patient samples?,The paper does not report any information about HIV sequences from patient samples.,"The paper focuses on the incidence and predictors of virological failure among HIV-infected children and adolescents on first-line antiretroviral therapy in East Shewa hospitals, Oromia Region, Ethiopia. There is no mention of HIV sequences from patient samples.",No
38033131,2,Does the paper report in vitro drug susceptibility data?,The paper does not report any information about in vitro drug susceptibility data.,"The paper focuses on the incidence and predictors of virological failure among HIV-infected children and adolescents on first-line antiretroviral therapy in East Shewa hospitals, Oromia Region, Ethiopia. There is no mention of in vitro drug susceptibility data.",No
38033131,3,Were sequences from the paper made publicly available?,The paper does not report any information about whether sequences from the paper were made publicly available.,"The paper focuses on the incidence and predictors of virological failure among HIV-infected children and adolescents on first-line antiretroviral therapy in East Shewa hospitals, Oromia Region, Ethiopia. There is no mention of whether sequences from the paper were made publicly available.",No
38033131,4,What were the GenBank accession numbers for sequenced HIV isolates?,The paper does not report any GenBank accession numbers for sequenced HIV isolates.,The paper does not provide any information about GenBank accession numbers for sequenced HIV isolates.,No
38033131,5,How many individuals had samples obtained for HIV sequencing?,The paper does not report any information about the number of individuals who had samples obtained for HIV sequencing.,"The paper focuses on the incidence and predictors of virological failure among HIV-infected children and adolescents on first-line antiretroviral therapy in East Shewa hospitals, Oromia Region, Ethiopia. There is no mention of the number of individuals who had samples obtained for HIV sequencing.",0
38033131,6,From which countries were the sequenced samples obtained?,The paper does not report any information about the countries from which the sequenced samples were obtained.,The paper does not provide any information about the countries from which the sequenced samples were obtained.,No
38033131,7,From what years were the sequenced samples obtained?,The paper does not report any information about the years from which the sequenced samples were obtained.,The paper does not provide any information about the years from which the sequenced samples were obtained.,No
38033131,8,Were samples cloned prior to sequencing?,The paper does not report any information about whether samples were cloned prior to sequencing.,The paper does not provide any information about whether samples were cloned prior to sequencing.,No
38033131,9,Which HIV genes were reported to have been sequenced?,The paper does not report any information about HIV genes that were sequenced.,"The paper focuses on the incidence and predictors of virological failure among HIV-infected children and adolescents on first-line antiretroviral therapy in East Shewa hospitals, Oromia Region, Ethiopia. There is no mention of HIV genes that were sequenced.",No
38033131,10,What method was used for sequencing?,The paper does not report any information about the method used for sequencing.,"The paper focuses on the incidence and predictors of virological failure among HIV-infected children and adolescents on first-line antiretroviral therapy in East Shewa hospitals, Oromia Region, Ethiopia. There is no mention of the method used for sequencing.",No
38033131,11,What type of samples were sequenced?,The paper does not report any information about the type of samples that were sequenced.,"The paper focuses on the incidence and predictors of virological failure among HIV-infected children and adolescents on first-line antiretroviral therapy in East Shewa hospitals, Oromia Region, Ethiopia. There is no mention of the type of samples that were sequenced.",No
38033131,12,Were any sequences obtained from individuals with virological failure on a treatment regimen?,The paper does not report any information about whether sequences were obtained from individuals with virological failure on a treatment regimen.,"The paper focuses on the incidence and predictors of virological failure among HIV-infected children and adolescents on first-line antiretroviral therapy in East Shewa hospitals, Oromia Region, Ethiopia. There is no mention of whether sequences were obtained from individuals with virological failure on a treatment regimen.",No
38033131,13,Were the patients in the study in a clinical trial?,The paper does not report any information about whether the patients in the study were in a clinical trial.,"The paper focuses on the incidence and predictors of virological failure among HIV-infected children and adolescents on first-line antiretroviral therapy in East Shewa hospitals, Oromia Region, Ethiopia. There is no mention of whether the patients in the study were in a clinical trial.",No
38033131,14,Does the paper report HIV sequences from individuals who had previously received ARV drugs?,The paper does not report any information about HIV sequences from individuals who had previously received ARV drugs.,"The paper focuses on the incidence and predictors of virological failure among HIV-infected children and adolescents on first-line antiretroviral therapy in East Shewa hospitals, Oromia Region, Ethiopia. There is no mention of HIV sequences from individuals who had previously received ARV drugs.",No
38033131,15,Which drug classes were received by individuals in the study before sample sequencing?,The paper does not report any information about the drug classes that were received by individuals in the study before sample sequencing.,"The paper focuses on the incidence and predictors of virological failure among HIV-infected children and adolescents on first-line antiretroviral therapy in East Shewa hospitals, Oromia Region, Ethiopia. There is no mention of the drug classes that were received by individuals in the study before sample sequencing.",No
38033131,16,Which drugs were received by individuals in the study before sample sequencing?,The paper does not report any information about the drugs that were received by individuals in the study before sample sequencing.,"The paper focuses on the incidence and predictors of virological failure among HIV-infected children and adolescents on first-line antiretroviral therapy in East Shewa hospitals, Oromia Region, Ethiopia. There is no mention of the drugs that were received by individuals in the study before sample sequencing.",No
38058846,1,Does the paper report HIV sequences from patient samples?,"Each patient included in this case series was managed directly by two of the authors, Fourie and Davies, within advanced clinical care or higher risk pregnancy clinics. The patients provided written consent to be included in the case series. A full file review, extensive search of the National Health Laboratory Services (NHLS) test results database, review of pharmacy ART pick-ups, and in-depth interviews with each woman were conducted.","The paper describes the cases of three pregnant and breastfeeding women in South Africa who developed dolutegravir resistance. The cases were managed by the authors, and a full file review was conducted, which likely included the patient samples.",Yes
38058846,2,Does the paper report in vitro drug susceptibility data?,Not reported.,The paper does not mention in vitro drug susceptibility data.,No
38058846,3,Were sequences from the paper made publicly available?,The authors confirm that the data supporting the findings of this study are available within the article.,The paper mentions that the data are available within the article.,Yes
38058846,4,What were the GenBank accession numbers for sequenced HIV isolates?,Not reported.,The paper does not provide the GenBank accession numbers for sequenced HIV isolates.,No
38058846,5,How many individuals had samples obtained for HIV sequencing?,Not reported.,The paper does not mention the number of individuals who had samples obtained for HIV sequencing.,0
38058846,6,From which countries were the sequenced samples obtained?,Not reported.,The paper does not mention the countries from which the sequenced samples were obtained.,No
38058846,7,From what years were the sequenced samples obtained?,Not reported.,The paper does not mention the years from which the sequenced samples were obtained.,No
38058846,8,Were samples cloned prior to sequencing?,Not reported.,The paper does not mention whether samples were cloned prior to sequencing.,No
38058846,9,Which HIV genes were reported to have been sequenced?,Not reported.,The paper does not mention which HIV genes were sequenced.,No
38058846,10,What method was used for sequencing?,Not reported.,The paper does not mention the sequencing method used.,No
38058846,11,What type of samples were sequenced?,Not reported.,The paper does not mention the type of samples that were sequenced.,No
38058846,12,Were any sequences obtained from individuals with virological failure on a treatment regimen?,"In November 2022, at nine weeks' gestation, she attended her first antenatal care (ANC) visit for an unplanned pregnancy and had a VL of 169 000 copies/mm^3 (log 5.2). Throughout the pregnancy, she reported improved adherence, with no missed doses, vomiting, or drug-drug interactions. Despite this, repeat VLs remained > 1000 copies/mm^3.",The paper describes a case where the patient had virological failure on a treatment regimen.,Yes
38058846,13,Were the patients in the study in a clinical trial?,Not reported.,The paper does not mention whether the patients were in a clinical trial.,No
38058846,14,Does the paper report HIV sequences from individuals who had previously received ARV drugs?,"In Case 2, she only initiated TLD in August 2020, with the delay attributed to a combination of psychosocial and systems-related issues. By February 2021, she was virally suppressed, at 50 copies/mm^3 (log 1.7). The next VL in February 2022, was 225 000 copies/mm^3 (log 5.4). In September 2022, a second unplanned pregnancy was confirmed at 23 weeks' gestation.",The paper describes a case where the patient had previously received ARV drugs.,Yes
38058846,15,Which drug classes were received by individuals in the study before sample sequencing?,"In Case 1, she was switched to lamivudine/abacavir/lopinavir/ritonavir. In Case 2, she was initiated on a single daily pill which, based on guidelines from that time, would have most likely been tenofovir/emtricitabine/efavirenz (TEE). In Case 3, TLD was initiated two weeks after TB treatment.",The paper describes the drug classes received by individuals in the study before sample sequencing.,"NRTI, NNRTI, PI"
38058846,16,Which drugs were received by individuals in the study before sample sequencing?,"In Case 1, lamivudine/abacavir/lopinavir/ritonavir. In Case 2, tenofovir/emtricitabine/efavirenz (TEE). In Case 3, TLD.",The paper describes the drugs received by individuals in the study before sample sequencing.,"Lamivudine, Abacavir, Lopinavir, Tenofovir, Emtricitabine, Efavirenz, TLD"
38072961,1,Does the paper report HIV sequences from patient samples?,"A 27-year-old HIV-positive Chinese Manchu male complained of intermittent headache, nausea, and vomiting for two weeks in January 2022. He was diagnosed with HIV infection five years ago and nadir CD4 ^+^ T-cell count was 79 cells/ŒºL. He initiated ART with tenofovir, lamivudine, and efavirenz, but treatment failure occurred one year later with plasma HIV RNA 2.19‚Äâ√ó‚Äâ10 ^5^ copies/mL and CD4 ^+^ T-cell count 14 cells/ŒºL.",The paper reports a case of a patient with HIV infection who experienced treatment failure and had a high viral load. This suggests that the patient had HIV sequences from patient samples.,Yes
38072961,2,Does the paper report in vitro drug susceptibility data?,The paper does not mention in vitro drug susceptibility data.,"The paper focuses on the clinical presentation and management of a patient with HIV-related encephalitis, but it does not provide information on in vitro drug susceptibility data.",No
38072961,3,Were sequences from the paper made publicly available?,All data from this study are included in this article.,The paper reports that all data from the study are included in the article.,Yes
38072961,4,What were the GenBank accession numbers for sequenced HIV isolates?,Not reported,The paper does not provide GenBank accession numbers for sequenced HIV isolates.,No
38072961,5,How many individuals had samples obtained for HIV sequencing?,Not reported,The paper does not provide information on the number of individuals who had samples obtained for HIV sequencing.,0
38072961,6,From which countries were the sequenced samples obtained?,Not Found,The paper does not provide information on the countries from which the sequenced samples were obtained.,No
38072961,7,From what years were the sequenced samples obtained?,Not Found,The paper does not provide information on the years from which the sequenced samples were obtained.,No
38072961,8,Were samples cloned prior to sequencing?,Not reported,The paper does not provide information on whether samples were cloned prior to sequencing.,No
38072961,9,Which HIV genes were reported to have been sequenced?,Not reported,The paper does not provide information on which HIV genes were sequenced.,No
38072961,10,What method was used for sequencing?,Not reported,The paper does not provide information on the sequencing method used.,No
38072961,11,What type of samples were sequenced?,CSF,The paper reports that CSF samples were sequenced.,CSF
38072961,12,Were any sequences obtained from individuals with virological failure on a treatment regimen?,Yes,The paper reports a case of a patient with HIV infection who experienced treatment failure and had a high viral load.,Yes
38072961,13,Were the patients in the study in a clinical trial?,Not reported,The paper does not provide information on whether the patients were in a clinical trial.,No
38072961,14,Does the paper report HIV sequences from individuals who had previously received ARV drugs?,Yes,The paper reports a case of a patient with HIV infection who experienced treatment failure and had a high viral load.,Yes
38072961,15,Which drug classes were received by individuals in the study before sample sequencing?,"NRTI, NNRTI, PI","The paper reports that the patient received NRTI, NNRTI, and PI drugs before sample sequencing.","NRTI, NNRTI, PI"
38072961,16,Which drugs were received by individuals in the study before sample sequencing?,"Tenofovir, lamivudine, efavirenz, lopinavir/ritonavir, zidovudine, lamivudine, dolutegravir",The paper reports that the patient received these drugs before sample sequencing.,"Tenofovir, lamivudine, efavirenz, lopinavir/ritonavir, zidovudine, lamivudine, dolutegravir"
38090027,1,Does the paper report HIV sequences from patient samples?,"Overall, 1040 patients who met the above-mentioned inclusion criteria were considered in the analysis (flowchart of data extraction in Figure 1).","The paper does not explicitly mention the sequencing of HIV samples from patient samples. However, it does mention the analysis of virological failure (VF) and treatment failure (TF) in patients who switched to BFTAF.",No
38090027,2,Does the paper report in vitro drug susceptibility data?,"Mainly due to the low values of viremia at VF, genotypic resistance tests (GRTs) were able to evaluate the drug resistance at VF only in five patients: none selected variants resistant to integrase inhibitors and no new mutations emerged in any case (Table 2).","The paper does not explicitly mention the in vitro drug susceptibility data. However, it does mention the analysis of genotypic resistance tests (GRTs) in five patients.",No
38090027,3,Were sequences from the paper made publicly available?,Not reported,The paper does not provide information on whether the sequences were made publicly available.,No
38090027,4,What were the GenBank accession numbers for sequenced HIV isolates?,Not reported,The paper does not provide the GenBank accession numbers for sequenced HIV isolates.,No
38090027,5,How many individuals had samples obtained for HIV sequencing?,Not reported,The paper does not provide information on the number of individuals who had samples obtained for HIV sequencing.,No
38090027,6,From which countries were the sequenced samples obtained?,"Males represented 82.1% of the study population. At the beginning of BFTAF treatment, the median age (Q1-Q3) was 51.1 (42--57.1) years; patients had a known HIV infection lasting 13.8 (6.8--23.4) years and were on ART for 10.2 (5.1--19.7) years.",The paper does not explicitly mention the countries from which the sequenced samples were obtained.,No
38090027,7,From what years were the sequenced samples obtained?,Not reported,The paper does not provide information on the years from which the sequenced samples were obtained.,No
38090027,8,Were samples cloned prior to sequencing?,Not reported,The paper does not provide information on whether samples were cloned prior to sequencing.,No
38090027,9,Which HIV genes were reported to have been sequenced?,Not reported,The paper does not provide information on the sequencing of HIV genes.,No
38090027,10,What method was used for sequencing?,Not reported,The paper does not provide information on the sequencing method used.,No
38090027,11,What type of samples were sequenced?,,,No
38090027,12,Were any sequences obtained from individuals with virological failure on a treatment regimen?,"Mainly due to the low values of viremia at VF, genotypic resistance tests (GRTs) were able to evaluate the drug resistance at VF only in five patients: none selected variants resistant to integrase inhibitors and no new mutations emerged in any case (Table 2).",The paper does mention the analysis of genotypic resistance tests (GRTs) in five patients with virological failure.,No
38090027,13,Were the patients in the study in a clinical trial?,"Individuals provided written informed consent on the use of their data in scientific analyses and to be included in the Centro San Luigi (CSL) HIV Cohort. The CSL-HIV Cohort was approved by the Ethics Committee of the IRCCS San Raffaele Scientific Institute (Milan, Italy; date of approval 4 December 2017, protocol n. 34).","The paper mentions the approval of the study by the Ethics Committee, but it does not explicitly state that the patients were in a clinical trial.",No
38090027,14,Does the paper report HIV sequences from individuals who had previously received ARV drugs?,"Of those on a regimen other than ECFTAF, 194 (59.9%) were on a three-drug integrase inhibitor-based regimen other than elvitegravir, 56 (16.7%) on a protease inhibitor-based regimen, 38 (11.7%) on a non-nucleoside reverse transcriptase inhibitor-based regimen, and 47 (14%) were taking a regimen that cannot be classified among the previous ones, including mono-and dual-therapies and study-protocol regimens.","The paper does mention the previous treatment regimens of the patients, but it does not explicitly state that the sequences were obtained from individuals who had previously received ARV drugs.",Yes
38090027,15,Which drug classes were received by individuals in the study before sample sequencing?,"Of those on a regimen other than ECFTAF, 194 (59.9%) were on a three-drug integrase inhibitor-based regimen other than elvitegravir, 56 (16.7%) on a protease inhibitor-based regimen, 38 (11.7%) on a non-nucleoside reverse transcriptase inhibitor-based regimen, and 47 (14%) were taking a regimen that cannot be classified among the previous ones, including mono-and dual-therapies and study-protocol regimens.","The paper does mention the previous treatment regimens of the patients, which include different drug classes.","NRTI, NNRTI, PI, INSTI"
38090027,16,Which drugs were received by individuals in the study before sample sequencing?,"Of those on a regimen other than ECFTAF, 194 (59.9%) were on a three-drug integrase inhibitor-based regimen other than elvitegravir, 56 (16.7%) on a protease inhibitor-based regimen, 38 (11.7%) on a non-nucleoside reverse transcriptase inhibitor-based regimen, and 47 (14%) were taking a regimen that cannot be classified among the previous ones, including mono-and dual-therapies and study-protocol regimens.","The paper does mention the previous treatment regimens of the patients, which include different drugs.","Abacavir (ABC), Zidovudine'(AZT), Zalcitabine (DDC), Didanosine (DDI), Lamivudine (3TC), Stavudine (D4T), Emtricitabine(FTC), Tenofovir (TFV), Nevirapine (NVP), Delavirdine (DLV), Efavirenz (EFV), Etravirine (ETR), Rilpivirine (RPV), Doravirine (DOR), Amprenavir (APV), Lopinavir'(LPV), Atazanavir (ATV), Derunavir (DRV), Raltegravir (RAL), Elvitegravir(EVG), Dolutagravir (DTG), Bictegravir (BIC), cabotagravir (CAB), Lenacapavir (LEN)"
38140553,1,Does the paper report HIV sequences from patient samples?,"The material of the study were blood plasma collections ( *n* = 2502), peripheral blood mononuclear cells (lymphocytes) collections ( *n* = 613), and frozen whole blood collections ( *n* = 63) obtained from HIV-infected patients at federal and regional centers for HIV/AIDS prevention (AIDS Centers) as part of molecular genetic monitoring of the HIV epidemic in Russia in the period from 2011 to 2020.","The paper mentions that the study used blood plasma collections, peripheral blood mononuclear cells (lymphocytes) collections, and frozen whole blood collections obtained from HIV-infected patients, indicating that the paper reports HIV sequences from patient samples.",Yes
38140553,2,Does the paper report in vitro drug susceptibility data?,The paper does not mention in vitro drug susceptibility data.,"The paper focuses on the genetic diversity of HIV-1 and the prevalence of recombinant forms in Russia, but it does not report in vitro drug susceptibility data.",No
38140553,3,Were sequences from the paper made publicly available?,The study deposited all nucleotide sequences obtained in the study in the international database of the Los Alamos laboratory.,"The paper mentions that the sequences were deposited in the international database of the Los Alamos laboratory, indicating that the sequences were made publicly available.",Yes
38140553,4,What were the GenBank accession numbers for sequenced HIV isolates?,"The study used the ViroSeq HIV-1 Genotyping System kit (Celera Diagnostics, Alameda, CA, USA) for RNA extraction from blood plasma samples, but it did not provide the GenBank accession numbers for sequenced HIV isolates.","The paper mentions that the sequences were processed using the Sequencing Analysis Software v. 5.2 (Applied Biosystems, USA), but it does not provide the GenBank accession numbers for the sequenced HIV isolates.",No
38140553,5,How many individuals had samples obtained for HIV sequencing?,The study analyzed sequences from 3178 HIV-infected patients.,"The paper mentions that the study analyzed sequences from 3178 HIV-infected patients, indicating that this is the number of individuals who had samples obtained for HIV sequencing.",3178
38140553,6,From which countries were the sequenced samples obtained?,The study analyzed sequences obtained from HIV-infected patients from seven Russian federal districts.,"The paper mentions that the study was conducted in Russia, indicating that the sequenced samples were obtained from Russia.",Russia
38140553,7,From what years were the sequenced samples obtained?,The study analyzed sequences obtained from HIV-infected patients in the period from 2011 to 2020.,"The paper mentions that the study was conducted from 2011 to 2020, indicating that the sequenced samples were obtained during this period.",2011-2020
38140553,8,Were samples cloned prior to sequencing?,The paper does not mention cloning samples prior to sequencing.,"The paper focuses on the genetic diversity of HIV-1 and the prevalence of recombinant forms in Russia, but it does not mention cloning samples prior to sequencing.",No
38140553,9,Which HIV genes were reported to have been sequenced?,The study analyzed sequences covering the HIV-1 protease (PR) and part of the reverse transcriptase (RT).,"The paper mentions that the sequences covered the HIV-1 protease (PR) and part of the reverse transcriptase (RT), indicating that the PR and RT genes were sequenced.","Protease, PR; Reverse transcriptase, RT"
38140553,10,What method was used for sequencing?,The study used Sanger sequencing for RNA extraction from blood plasma samples.,"The paper mentions that the ViroSeq HIV-1 Genotyping System kit (Celera Diagnostics, Alameda, CA, USA) was used for RNA extraction from blood plasma samples, which is a Sanger sequencing method.",Sanger sequencing
38140553,11,What type of samples were sequenced?,"The study analyzed blood plasma collections, peripheral blood mononuclear cells (lymphocytes) collections, and frozen whole blood collections obtained from HIV-infected patients.","The paper mentions that the study used different types of samples, including blood plasma collections, peripheral blood mononuclear cells (lymphocytes) collections, and frozen whole blood collections.",Plasma; PBMC; DBS; Whole Blood
38140553,12,Were any sequences obtained from individuals with virological failure on a treatment regimen?,The paper does not mention sequences obtained from individuals with virological failure on a treatment regimen.,"The paper focuses on the genetic diversity of HIV-1 and the prevalence of recombinant forms in Russia, but it does not mention sequences obtained from individuals with virological failure on a treatment regimen.",No
38140553,13,Were the patients in the study in a clinical trial?,The paper does not mention that the patients in the study were in a clinical trial.,"The paper focuses on the genetic diversity of HIV-1 and the prevalence of recombinant forms in Russia, but it does not mention that the patients were in a clinical trial.",No
38140553,14,Does the paper report HIV sequences from individuals who had previously received ARV drugs?,The study analyzed sequences from HIV-infected patients not on ART.,"The paper mentions that the study analyzed sequences from HIV-infected patients not on ART, indicating that the sequences were obtained from individuals who had not previously received ARV drugs.",Yes
38140553,15,Which drug classes were received by individuals in the study before sample sequencing?,The study analyzed sequences from HIV-infected patients not on ART.,"The paper mentions that the study analyzed sequences from HIV-infected patients not on ART, indicating that the individuals in the study had not received any drug classes before sample sequencing.","NRTI, NNRTI, PI, INSTI"
38140553,16,Which drugs were received by individuals in the study before sample sequencing?,The study analyzed sequences from HIV-infected patients not on ART.,"The paper mentions that the study analyzed sequences from HIV-infected patients not on ART, indicating that the individuals in the study had not received any drugs before sample sequencing.",No
38140649,1,Does the paper report HIV sequences from patient samples?,"Molecular epidemiology of HIV-1 infection is challenging due to the highly diverse HIV-genome. We investigated the genetic diversity and prevalence of transmitted drug resistance (TDR) followed by phylogenetic analysis in 270 HIV-1 infected, treatment-na√Øve individuals from Croatia in the period 2019--2022.","The paper mentions that the study investigated the genetic diversity and prevalence of transmitted drug resistance (TDR) in 270 HIV-1 infected, treatment-na√Øve individuals from Croatia. This implies that the study involved analyzing HIV sequences from patient samples.",Yes
38140649,2,Does the paper report in vitro drug susceptibility data?,The study did not report in vitro drug susceptibility data.,"The paper does not mention any in vitro drug susceptibility data, which suggests that the study did not report such data.",No
38140649,3,Were sequences from the paper made publicly available?,The study made sequences publicly available through the GenBank database and the ArrayExpress database.,The paper mentions that the study made sequences publicly available through these databases.,Yes
38140649,4,What were the GenBank accession numbers for sequenced HIV isolates?,All sequences obtained in this study by SS were submitted to the GeneBank nucleotide sequence database under accession numbers OR605755-OR606279 and OR613869-OR613875.,The paper mentions that the sequences obtained by Sanger sequencing were submitted to the GenBank database with specific accession numbers.,OR605755-OR606279 and OR613869-OR613875
38140649,5,How many individuals had samples obtained for HIV sequencing?,The study included 270 newly diagnosed treatment-na√Øve persons.,"The paper mentions that the study included 270 individuals, which implies that this was the number of individuals who had samples obtained for HIV sequencing.",270
38140649,6,From which countries were the sequenced samples obtained?,The study was conducted at the Department for Immunological and Molecular Diagnostics at UHID in Croatia.,"The paper mentions that the study was conducted in Croatia, which implies that the sequenced samples were obtained from individuals in Croatia.",Croatia
38140649,7,From what years were the sequenced samples obtained?,The study was conducted from January 2019 to December 2022.,"The paper mentions the time period during which the study was conducted, which implies that the sequenced samples were obtained during this time period.",2019-2022
38140649,8,Were samples cloned prior to sequencing?,The study did not report any cloning of samples prior to sequencing.,"The paper does not mention any cloning of samples prior to sequencing, which suggests that this was not done.",No
38140649,9,Which HIV genes were reported to have been sequenced?,Sequencing of the HIV-1 *pol* gene was performed for two regions in two separate reactions: (1) sequencing of the HIV-1 protease and partial sequencing of the reverse transcriptase gene; and (2) sequencing of the HIV-1 integrase gene.,"The paper mentions that the study sequenced the HIV-1 *pol* gene, which includes the protease, reverse transcriptase, and integrase genes.","Protease, RT, and IN"
38140649,10,What method was used for sequencing?,The study used Illumina sequencing.,"The paper mentions that the study used Illumina sequencing, which is a type of next-generation sequencing (NGS) method.",Illumina sequencing
38140649,11,What type of samples were sequenced?,The study sequenced plasma samples.,"The paper mentions that the study sequenced plasma samples, which implies that this was the type of sample used for sequencing.",Plasma
38140649,12,Were any sequences obtained from individuals with virological failure on a treatment regimen?,The study did not report any sequences obtained from individuals with virological failure on a treatment regimen.,"The paper does not mention any sequences obtained from individuals with virological failure on a treatment regimen, which suggests that this was not done.",No
38140649,13,Were the patients in the study in a clinical trial?,The study did not report any clinical trial.,"The paper does not mention any clinical trial, which suggests that the patients were not in a clinical trial.",No
38140649,14,Does the paper report HIV sequences from individuals who had previously received ARV drugs?,The study included treatment-na√Øve individuals.,"The paper mentions that the study included treatment-na√Øve individuals, which implies that these individuals had not previously received ARV drugs.",No
38140649,15,Which drug classes were received by individuals in the study before sample sequencing?,The study did not report any drug classes received by individuals before sample sequencing.,"The paper does not mention any drug classes received by individuals before sample sequencing, which suggests that this was not reported.",No
38140649,16,Which drugs were received by individuals in the study before sample sequencing?,The study did not report any drugs received by individuals before sample sequencing.,"The paper does not mention any drugs received by individuals before sample sequencing, which suggests that this was not reported.",No
38140667,1,Does the paper report HIV sequences from patient samples?,"The paper reports a comprehensive review of treatment-emergent integrase resistance with dolutegravir-based regimens in real-world settings. It includes studies that discussed drug resistance, then direct or likely INSTI RAMs, then confirmed/likely clinical failure of any INSTI regimen to treatment-emergent resistance mutations.","The paper does not explicitly state that it reports HIV sequences from patient samples. However, it does mention that the studies included in the review discussed drug resistance, which may involve sequencing of HIV samples.",No
38140667,2,Does the paper report in vitro drug susceptibility data?,The paper does not mention in vitro drug susceptibility data.,The paper focuses on the review of studies that reported treatment-emergent integrase resistance with dolutegravir-based regimens in real-world settings. It does not discuss in vitro drug susceptibility data.,No
38140667,3,Were sequences from the paper made publicly available?,The paper mentions that the studies included in the review were conducted between 2013 and 2023.,The paper does not explicitly state whether the sequences were made publicly available.,No
38140667,4,What were the GenBank accession numbers for sequenced HIV isolates?,Not reported,The paper does not provide GenBank accession numbers for sequenced HIV isolates.,No
38140667,5,How many individuals had samples obtained for HIV sequencing?,Not reported,The paper does not provide the number of individuals who had samples obtained for HIV sequencing.,0
38140667,6,From which countries were the sequenced samples obtained?,,,No
38140667,7,From what years were the sequenced samples obtained?,The paper mentions that the studies included in the review were conducted between 2013 and 2023.,The paper does not provide specific years for the sequenced samples.,2013-2023
38140667,8,Were samples cloned prior to sequencing?,Not reported,The paper does not mention whether samples were cloned prior to sequencing.,No
38140667,9,Which HIV genes were reported to have been sequenced?,"The paper mentions that the studies included in the review discussed drug resistance, then direct or likely INSTI RAMs, then confirmed/likely clinical failure of any INSTI regimen to treatment-emergent resistance mutations.","The paper does not explicitly state which HIV genes were sequenced. However, it does mention that the studies included in the review discussed integrase resistance mutations.",Integrase
38140667,10,What method was used for sequencing?,Not reported,The paper does not mention the sequencing method used.,No
38140667,11,What type of samples were sequenced?,"The paper mentions that the studies included in the review discussed drug resistance, then direct or likely INSTI RAMs, then confirmed/likely clinical failure of any INSTI regimen to treatment-emergent resistance mutations.","The paper does not explicitly state the type of samples sequenced. However, it does mention that the studies included in the review discussed plasma samples.",Plasma
38140667,12,Were any sequences obtained from individuals with virological failure on a treatment regimen?,"The paper mentions that the studies included in the review discussed drug resistance, then direct or likely INSTI RAMs, then confirmed/likely clinical failure of any INSTI regimen to treatment-emergent resistance mutations.",The paper does not explicitly state whether sequences were obtained from individuals with virological failure on a treatment regimen.,Yes
38140667,13,Were the patients in the study in a clinical trial?,The paper mentions that the studies included in the review were conducted in real-world settings.,The paper does not explicitly state whether the patients were in a clinical trial.,No
38140667,14,Does the paper report HIV sequences from individuals who had previously received ARV drugs?,"The paper mentions that the studies included in the review discussed drug resistance, then direct or likely INSTI RAMs, then confirmed/likely clinical failure of any INSTI regimen to treatment-emergent resistance mutations.",The paper does not explicitly state whether the sequences were obtained from individuals who had previously received ARV drugs.,Yes
38140667,15,Which drug classes were received by individuals in the study before sample sequencing?,"The paper mentions that the studies included in the review discussed drug resistance, then direct or likely INSTI RAMs, then confirmed/likely clinical failure of any INSTI regimen to treatment-emergent resistance mutations.",The paper does not explicitly state which drug classes were received by individuals in the study before sample sequencing.,INSTI
38140667,16,Which drugs were received by individuals in the study before sample sequencing?,"The paper mentions that the studies included in the review discussed drug resistance, then direct or likely INSTI RAMs, then confirmed/likely clinical failure of any INSTI regimen to treatment-emergent resistance mutations.",The paper does not explicitly state which drugs were received by individuals in the study before sample sequencing.,"Dolutegravir (DTG), Raltegravir (RAL), Elvitegravir (EVG)"
38142692,1,Does the paper report HIV sequences from patient samples?,The paper does not report any HIV sequences from patient samples.,The paper focuses on the clinical outcomes of second-line dolutegravir treatment in people with virological failure on first-line non-nucleoside reverse transcriptase inhibitor-based regimens in South Africa. There is no mention of HIV sequencing or genotyping in the paper.,No
38142692,2,Does the paper report in vitro drug susceptibility data?,The paper does not report any in vitro drug susceptibility data.,The paper focuses on the clinical outcomes of second-line dolutegravir treatment in people with virological failure on first-line non-nucleoside reverse transcriptase inhibitor-based regimens in South Africa. There is no mention of in vitro drug susceptibility testing or phenotyping in the paper.,No
38142692,3,Were sequences from the paper made publicly available?,Not reported,The paper does not report any information on the availability of sequences.,No
38142692,4,What were the GenBank accession numbers for sequenced HIV isolates?,Not reported,The paper does not report any GenBank accession numbers for sequenced HIV isolates.,No
38142692,5,How many individuals had samples obtained for HIV sequencing?,Not reported,The paper does not report any information on the number of individuals who had samples obtained for HIV sequencing.,0
38142692,6,From which countries were the sequenced samples obtained?,Not Found,The paper does not report any information on the countries from which the sequenced samples were obtained.,No
38142692,7,From what years were the sequenced samples obtained?,Not Found,The paper does not report any information on the years from which the sequenced samples were obtained.,No
38142692,8,Were samples cloned prior to sequencing?,Not reported,The paper does not report any information on sample cloning prior to sequencing.,No
38142692,9,Which HIV genes were reported to have been sequenced?,Not reported,The paper does not report any information on HIV gene sequencing.,No
38142692,10,What method was used for sequencing?,Not reported,The paper does not report any information on the sequencing method used.,No
38142692,11,What type of samples were sequenced?,Not reported,The paper does not report any information on the type of samples sequenced.,No
38142692,12,Were any sequences obtained from individuals with virological failure on a treatment regimen?,Not reported,The paper does not report any information on sequences obtained from individuals with virological failure on a treatment regimen.,No
38142692,13,Were the patients in the study in a clinical trial?,Not reported,The paper does not report any information on whether the patients in the study were in a clinical trial.,No
38142692,14,Does the paper report HIV sequences from individuals who had previously received ARV drugs?,Not reported,The paper does not report any information on HIV sequences from individuals who had previously received ARV drugs.,No
38142692,15,Which drug classes were received by individuals in the study before sample sequencing?,Not reported,The paper does not report any information on the drug classes received by individuals in the study before sample sequencing.,No
38142692,16,Which drugs were received by individuals in the study before sample sequencing?,Not reported,The paper does not report any information on the drugs received by individuals in the study before sample sequencing.,No
38152686,1,Does the paper report HIV sequences from patient samples?,"The viral load was 437,927 cp/mL (Log = 5.64). Antiretroviral therapy was initiated with Tenofovir/Lamivudine and Dolutegravir (TDF/3TC and DTG), the latter at a dose of 50 mg/day, as was a regimen for tuberculosis.","The paper reports the viral load of the patient, which is an indicator of the presence of HIV in the patient's sample. However, it does not explicitly mention the sequencing of HIV from patient samples.",No
38152686,2,Does the paper report in vitro drug susceptibility data?,The addition of the *H51Y* mutation has been shown to cause a further drop-in viral fitness below that conferred by *R263K* alone. ^2^ *E157Q* represents a rare mutation found in approximately 2.4% of untreated patients. ^3^,"The paper discusses the mutations *H51Y* and *E157Q*, which are associated with resistance to integrase inhibitors, including dolutegravir. However, it does not report in vitro drug susceptibility data.",No
38152686,3,Were sequences from the paper made publicly available?,Information regarding this case is available upon request.,"The paper reports that information about the case is available upon request, but it does not explicitly mention the availability of the sequences.",No
38152686,4,What were the GenBank accession numbers for sequenced HIV isolates?,Not reported,The paper does not provide GenBank accession numbers for sequenced HIV isolates.,No
38152686,5,How many individuals had samples obtained for HIV sequencing?,Not reported,The paper does not provide information about the number of individuals who had samples obtained for HIV sequencing.,0
38152686,6,From which countries were the sequenced samples obtained?,Not Found,The paper does not provide information about the countries from which the sequenced samples were obtained.,No
38152686,7,From what years were the sequenced samples obtained?,,,No
38152686,8,Were samples cloned prior to sequencing?,Not reported,The paper does not provide information about whether the samples were cloned prior to sequencing.,No
38152686,9,Which HIV genes were reported to have been sequenced?,The addition of the *H51Y* mutation has been shown to cause a further drop-in viral fitness below that conferred by *R263K* alone. ^2^ *E157Q* represents a rare mutation found in approximately 2.4% of untreated patients. ^3^,"The paper discusses the mutations *H51Y* and *E157Q*, which are associated with resistance to integrase inhibitors, including dolutegravir. However, it does not explicitly mention the sequencing of specific HIV genes.",Integrase
38152686,10,What method was used for sequencing?,Not reported,The paper does not mention the sequencing method used.,No
38152686,11,What type of samples were sequenced?,"The baseline viral load (VL) was 437,927 cp/mL (Log = 5.64). A therapeutic regimen for TB (Rifampicin, Isoniazid, Pyrazinamide, and Ethambutol), ART (TDF/3TC/DTG), the latter at a dose of 50 mg/day, and empirical therapy against histoplasmosis were initiated.","The paper mentions the patient's viral load and the therapeutic regimen initiated, but it does not explicitly mention the type of samples sequenced.",Plasma
38152686,12,Were any sequences obtained from individuals with virological failure on a treatment regimen?,"After 8 months, therapeutic failure was verified. Genotyping was requested, with detection of the *H51Y* and *E157Q* mutations in the integrase.","The paper reports the detection of resistance mutations in the patient's sample, indicating virological failure on a treatment regimen.",Yes
38152686,13,Were the patients in the study in a clinical trial?,Not reported,The paper does not mention whether the patients were in a clinical trial.,No
38152686,14,Does the paper report HIV sequences from individuals who had previously received ARV drugs?,"The patient was treated with TDF/3TC/DTG, which is an antiretroviral therapy regimen.","The paper reports the patient's treatment history, indicating that they had previously received ARV drugs.",Yes
38152686,15,Which drug classes were received by individuals in the study before sample sequencing?,"The patient was treated with TDF/3TC/DTG, which is an antiretroviral therapy regimen.","The paper reports the patient's treatment history, indicating that they received NRTI and INSTI before sample sequencing.","NRTI, INSTI"
38152686,16,Which drugs were received by individuals in the study before sample sequencing?,The patient was treated with Tenofovir/Lamivudine and Dolutegravir (TDF/3TC and DTG).,"The paper reports the patient's treatment history, indicating that they received Tenofovir, Lamivudine, and Dolutegravir before sample sequencing.","Tenofovir, Lamivudine, Dolutegravir"
38314093,1,Does the paper report HIV sequences from patient samples?,"The study undertakes a retrospective analysis of the epidemiological and clinical features of 195 HIV-positive cases in Meizhou, China, from May 1, 2018 to December 31, 2019. Western blotting (WB) confirmed and assessed these cases.","The paper does not explicitly mention sequencing of patient samples, but it does mention the analysis of drug-resistant genotypes, which implies the use of sequencing techniques.",No
38314093,2,Does the paper report in vitro drug susceptibility data?,"The study analyzed drug resistance-related mutations, including 10 mutations for NRTIs, 11 mutations for NNRTIs, and four resistant mutations for protease inhibitors (PIs).","The paper provides information on the prevalence of drug-resistant mutations, but it does not report in vitro drug susceptibility data.",No
38314093,3,Were sequences from the paper made publicly available?,Not reported,The paper does not provide information on whether the sequences were made publicly available.,No
38314093,4,What were the GenBank accession numbers for sequenced HIV isolates?,Not reported,The paper does not provide GenBank accession numbers for sequenced HIV isolates.,No
38314093,5,How many individuals had samples obtained for HIV sequencing?,The study analyzed 37 untreated patients.,The paper provides information on the number of individuals with samples obtained for sequencing.,37
38314093,6,From which countries were the sequenced samples obtained?,Not reported,The paper does not provide information on the countries from which the sequenced samples were obtained.,No
38314093,7,From what years were the sequenced samples obtained?,,,2008-2019
38314093,8,Were samples cloned prior to sequencing?,Not reported,The paper does not provide information on the cloning of samples prior to sequencing.,No
38314093,9,Which HIV genes were reported to have been sequenced?,The study analyzed the protease-reverse transcriptase (PR-RT) sequence of HIV-1.,"The paper focuses on the analysis of drug-resistant genotypes, which implies the sequencing of the PR-RT gene.","Protease, Reverse transcriptase"
38314093,10,What method was used for sequencing?,The study analyzed the protease-reverse transcriptase (PR-RT) sequence of HIV-1 using high-throughput sequencing.,"The paper does not explicitly mention the sequencing method, but it implies the use of next-generation sequencing (NGS).",Illumina sequencing
38314093,11,What type of samples were sequenced?,The study analyzed serum samples from HIV-infected individuals.,The paper provides information on the type of samples used for sequencing.,Serum
38314093,12,Were any sequences obtained from individuals with virological failure on a treatment regimen?,,,No
38314093,13,Were the patients in the study in a clinical trial?,Not reported,The paper does not provide information on whether the patients were part of a clinical trial.,No
38314093,14,Does the paper report HIV sequences from individuals who had previously received ARV drugs?,,,No
38314093,15,Which drug classes were received by individuals in the study before sample sequencing?,"The study analyzed the drug-resistant genotypes of patients who received NRTIs, NNRTIs, and PIs.",The paper provides information on the drug classes received by individuals before sample sequencing.,"NRTI, NNRTI, PI"
38314093,16,Which drugs were received by individuals in the study before sample sequencing?,"The study analyzed the drug-resistant genotypes of patients who received Abacavir (ABC), Zidovudine (AZT), Lamivudine (3TC), Nevirapine (NVP), Efavirenz (EFV), and others.",The paper provides information on the drugs received by individuals before sample sequencing.,"NRTI (Abacavir (ABC), Zidovudine (AZT), Lamivudine (3TC)), NNRTI (Nevirapine (NVP), Efavirenz (EFV)), PI (Amprenavir (APV), Lopinavir (LPV), Atazanavir (ATV), Derunavir (DRV))"
38427738,1,Does the paper report HIV sequences from patient samples?,The paper does not report HIV sequences from patient samples. The study was performed in vitro using the SupT1 T cell line.,"The paper describes the in vitro selection of drug-resistant variants of HIV-1 in the presence of escalating concentrations of the integrase strand transfer inhibitor (INSTI) dolutegravir (DTG). The study was performed using the SupT1 T cell line, which is a cell line commonly used in HIV research.",No
38427738,2,Does the paper report in vitro drug susceptibility data?,The paper reports in vitro drug susceptibility data. The study measured the replication kinetics of HIV-1 in the presence of various concentrations of DTG and other antiretroviral drugs.,The paper describes the measurement of replication kinetics of HIV-1 in the presence of various concentrations of DTG and other antiretroviral drugs. The study used a SupT1 T cell line and measured the replication kinetics using a luciferase assay.,Yes
38427738,3,Were sequences from the paper made publicly available?,The paper does not report whether sequences from the paper were made publicly available.,"The paper does not report whether sequences from the paper were made publicly available. The study was performed in vitro using the SupT1 T cell line, and the results are presented as replication kinetics and drug susceptibility data.",No
38427738,4,What were the GenBank accession numbers for sequenced HIV isolates?,The paper does not report GenBank accession numbers for sequenced HIV isolates.,"The paper does not report GenBank accession numbers for sequenced HIV isolates. The study was performed in vitro using the SupT1 T cell line, and the results are presented as replication kinetics and drug susceptibility data.",No
38427738,5,How many individuals had samples obtained for HIV sequencing?,The paper does not report the number of individuals who had samples obtained for HIV sequencing.,"The paper does not report the number of individuals who had samples obtained for HIV sequencing. The study was performed in vitro using the SupT1 T cell line, and the results are presented as replication kinetics and drug susceptibility data.",0
38427738,6,From which countries were the sequenced samples obtained?,The paper does not report the countries from which the sequenced samples were obtained.,"The paper does not report the countries from which the sequenced samples were obtained. The study was performed in vitro using the SupT1 T cell line, and the results are presented as replication kinetics and drug susceptibility data.",No
38427738,7,From what years were the sequenced samples obtained?,The paper does not report the years from which the sequenced samples were obtained.,"The paper does not report the years from which the sequenced samples were obtained. The study was performed in vitro using the SupT1 T cell line, and the results are presented as replication kinetics and drug susceptibility data.",No
38427738,8,Were samples cloned prior to sequencing?,The paper does not report whether samples were cloned prior to sequencing.,"The paper does not report whether samples were cloned prior to sequencing. The study was performed in vitro using the SupT1 T cell line, and the results are presented as replication kinetics and drug susceptibility data.",No
38427738,9,Which HIV genes were reported to have been sequenced?,The paper reports the sequencing of the env gene of HIV-1.,The paper describes the in vitro selection of drug-resistant variants of HIV-1 in the presence of escalating concentrations of DTG. The study measured the replication kinetics of HIV-1 in the presence of various concentrations of DTG and other antiretroviral drugs.,Envelope
38427738,10,What method was used for sequencing?,The paper does not report the sequencing method used.,"The paper does not report the sequencing method used. The study was performed in vitro using the SupT1 T cell line, and the results are presented as replication kinetics and drug susceptibility data.",No
38427738,11,What type of samples were sequenced?,The paper does not report the type of samples sequenced.,"The paper does not report the type of samples sequenced. The study was performed in vitro using the SupT1 T cell line, and the results are presented as replication kinetics and drug susceptibility data.",No
38427738,12,Were any sequences obtained from individuals with virological failure on a treatment regimen?,The paper does not report whether any sequences were obtained from individuals with virological failure on a treatment regimen.,"The paper does not report whether any sequences were obtained from individuals with virological failure on a treatment regimen. The study was performed in vitro using the SupT1 T cell line, and the results are presented as replication kinetics and drug susceptibility data.",No
38427738,13,Were the patients in the study in a clinical trial?,,,No
38427738,14,Does the paper report HIV sequences from individuals who had previously received ARV drugs?,The paper does not report HIV sequences from individuals who had previously received ARV drugs.,"The paper does not report HIV sequences from individuals who had previously received ARV drugs. The study was performed in vitro using the SupT1 T cell line, and the results are presented as replication kinetics and drug susceptibility data.",No
38427738,15,Which drug classes were received by individuals in the study before sample sequencing?,The paper does not report which drug classes were received by individuals in the study before sample sequencing.,"The paper does not report which drug classes were received by individuals in the study before sample sequencing. The study was performed in vitro using the SupT1 T cell line, and the results are presented as replication kinetics and drug susceptibility data.",No
38427738,16,Which drugs were received by individuals in the study before sample sequencing?,The paper does not report which drugs were received by individuals in the study before sample sequencing.,"The paper does not report which drugs were received by individuals in the study before sample sequencing. The study was performed in vitro using the SupT1 T cell line, and the results are presented as replication kinetics and drug susceptibility data.",No
38864613,1,Does the paper report HIV sequences from patient samples?,The paper reports sequences from resistance selection experiments have been deposited in GenBank under accession numbers PP827803 -- PP828572.,"The paper mentions that sequences from resistance selection experiments have been deposited in GenBank, which suggests that the sequences are from patient samples.",Yes
38864613,2,Does the paper report in vitro drug susceptibility data?,"The paper reports in vitro drug susceptibility data, including the antiviral activities of ISL and LEN against various HIV-1 variants.",The paper describes experiments conducted in vitro to assess the antiviral activities of ISL and LEN against various HIV-1 variants.,Yes
38864613,3,Were sequences from the paper made publicly available?,The paper reports that sequences from resistance selection experiments have been deposited in GenBank under accession numbers PP827803 -- PP828572.,The paper provides information on the public availability of the sequences.,No
38864613,4,What were the GenBank accession numbers for sequenced HIV isolates?,The paper reports that sequences from resistance selection experiments have been deposited in GenBank under accession numbers PP827803 -- PP828572.,The paper provides the accession numbers for the sequenced HIV isolates.,PP827803 -- PP828572
38864613,5,How many individuals had samples obtained for HIV sequencing?,The paper does not provide information on the number of individuals who had samples obtained for HIV sequencing.,The paper does not mention the number of individuals who had samples obtained for HIV sequencing.,0
38864613,6,From which countries were the sequenced samples obtained?,The paper does not provide information on the countries from which the sequenced samples were obtained.,The paper does not mention the countries from which the sequenced samples were obtained.,No
38864613,7,From what years were the sequenced samples obtained?,The paper does not provide information on the years from which the sequenced samples were obtained.,The paper does not mention the years from which the sequenced samples were obtained.,No
38864613,8,Were samples cloned prior to sequencing?,The paper does not provide information on whether samples were cloned prior to sequencing.,The paper does not mention the cloning of samples prior to sequencing.,No
38864613,9,Which HIV genes were reported to have been sequenced?,The paper does not explicitly state which HIV genes were sequenced.,The paper does not provide information on the specific HIV genes that were sequenced.,No
38864613,10,What method was used for sequencing?,The paper does not explicitly state the sequencing method used.,The paper does not provide information on the sequencing method used.,No
38864613,11,What type of samples were sequenced?,The paper does not explicitly state the type of samples that were sequenced.,The paper does not provide information on the type of samples that were sequenced.,No
38864613,12,Were any sequences obtained from individuals with virological failure on a treatment regimen?,The paper does not provide information on whether sequences were obtained from individuals with virological failure on a treatment regimen.,The paper does not mention the virological failure of individuals on a treatment regimen.,No
38864613,13,Were the patients in the study in a clinical trial?,The paper does not provide information on whether the patients in the study were in a clinical trial.,The paper does not mention the clinical trial status of the patients.,No
38864613,14,Does the paper report HIV sequences from individuals who had previously received ARV drugs?,The paper does not provide information on whether the sequences were obtained from individuals who had previously received ARV drugs.,The paper does not mention the previous receipt of ARV drugs by the individuals.,No
38864613,15,Which drug classes were received by individuals in the study before sample sequencing?,The paper does not provide information on the drug classes received by individuals in the study before sample sequencing.,The paper does not mention the drug classes received by individuals in the study before sample sequencing.,No
38864613,16,Which drugs were received by individuals in the study before sample sequencing?,The paper does not provide information on the drugs received by individuals in the study before sample sequencing.,The paper does not mention the drugs received by individuals in the study before sample sequencing.,No