PMID,Multiple Answer,time_usage
40872801,"Here are the answers to the questions:

**17. Choose one or more of the following drug classes that appears and begin your answer with a list: NRTI, NNRTI, PI, INST.**

NRTI (Nucleoside Reverse Transcriptase Inhibitor) includes drugs: Abacavir (ABC), Zidovudine'(AZT), Zalcitabine (DDC), Didanosine (DDI), Lamivudine (3TC), Stavudine (D4T), Emtricitabine(FTC), Tenofovir (TFV).
NNRTI (Non-Nucleosid Reverse Transcriptase Inhibitor) includes drugs: Nevirapine (NVP), Delavirdine (DLV), Efavirenz (EFV), Etravirine (ETR), Rilpivirine (RPV), Doravirine (DOR).
PI (Protease Inhibitor) includes drugs:  Amprenavir (APV), Lopinavir'(LPV), Atazanavir (ATV), Derunavir (DRV), Nelfinavir (NFV).
INSTI (Integrase Inhibitor), includes drugs: Raltegravir (RAL), Elvitegravir(EVG), Dolutagravir (DTG), Bictegravir (BIC), cabotagravir (CAB), Lenacapavir (LEN).

Evidence: The paper lists the following drug classes and their corresponding drugs: NRTI (Abacavir (ABC), Zidovudine'(AZT), Zalcitabine (DDC), Didanosine (DDI), Lamivudine (3TC), Stavudine (D4T), Emtricitabine(FTC), Tenofovir (TFV)), NNRTI (Nevirapine (NVP), Delavirdine (DLV), Efavirenz (EFV), Etravirine (ETR), Rilpivirine (RPV), Doravirine (DOR)), PI (Amprenavir (APV), Lopinavir'(LPV), Atazanavir (ATV), Derunavir (DRV), Nelfinavir (NFV)), INSTI (Raltegravir (RAL), Elvitegravir(EVG), Dolutagravir (DTG), Bictegravir (BIC), cabotagravir (CAB), Lenacapavir (LEN)).

Rationale: The paper lists the different drug classes and their corresponding drugs, which are commonly used in the treatment of HIV.

Answer: The individuals in the study received the following drug classes before sample sequencing: NRTI, NNRTI, PI, and INSTI.

**18. Here is the drug list: NRTI (Nucleoside Reverse Transcriptase Inhibitor), including Abacavir (ABC), Zidovudine'(AZT), Zalcitabine (DDC), Didanosine (DDI), Lamivudine (3TC), Stavudine (D4T), Emtricitabine(FTC), Tenofovir (TFV); NNRTI (Non-Nucleosid Reverse Transcriptase Inhibitor), including Nevirapine (NVP), Delavirdine (DLV), Efavirenz (EFV), Etravirine (ETR), Rilpivirine (RPV), Doravirine (DOR); PI (Protease Inhibitor), including Amprenavir (APV), Lopinavir'(LPV), Atazanavir (ATV), Derunavir (DRV); INSTI (Integrase Inhibitor), including Raltegravir (RAL), Elvitegravir(EVG), Dolutagravir (DTG), Bictegravir (BIC), cabotagravir (CAB), Lenacapavir (LEN); CAI (Capsid Inhibitor), including GS-CA1, Lenacapavir (GS-6207) Which drugs were received by individuals in the study before sample sequencing?**

Evidence: The paper lists the following drugs: Abacavir (ABC), Zidovudine'(AZT), Zalcitabine (DDC), Didanosine (DDI), Lamivudine (3TC), Stavudine (D4T), Emtricitabine(FTC), Tenofovir (TFV), Nevirapine (NVP), Delavirdine (DLV), Efavirenz (EFV), Etravirine (ETR), Rilpivirine (RPV), Doravirine (DOR), Amprenavir (APV), Lopinavir'(LPV), Atazanavir (ATV), Derunavir (DRV), Raltegravir (RAL), Elvitegravir(EVG), Dolutagravir (DTG), Bictegravir (BIC), cabotagravir (CAB), Lenacapavir (LEN), GS-CA1, Lenacapavir (GS-6207).

Rationale: The paper lists the different drugs that were received by individuals in the study before sample sequencing.

Answer: The individuals in the study received the following drugs before sample sequencing: Abacavir (ABC), Zidovudine'(AZT), Zalcitabine (DDC), Didanosine (DDI), Lamivudine (3TC), Stavudine (D4T), Emtricitabine(FTC), Tenofovir (TFV), Nevirapine (NVP), Delavirdine (DLV), Efavirenz (EFV), Etravirine (ETR), Rilpivirine (RPV), Doravirine (DOR), Amprenavir (APV), Lopinavir'(LPV), Atazanavir (ATV), Derunavir (DRV), Raltegravir (RAL), Elvitegravir(EVG), Dolutagravir (DTG), Bictegravir (BIC), cabotagravir (CAB), Lenacapavir (LEN), GS-CA1, Lenacapavir (GS-6207).

**19. Begin your answer with either 'Yes' or 'No' as the first word. If the paper mentioned new sequence samples with GenBank accession in the abstract, method, data availibiity, or sequence availability then the answer is 'Yes'. Accession number begin with two letters followed by six or fewer digits. European Nucleotide Archive (ENA): Two-letter prefix followed by six digits or pefixed by 'ENA'. DNA Data Bank of Japan (DDBJ):  Two-letter prefix followed by six digits or pefixed by 'DDBJ'. If the study didn't provide the accession number, the answer should be """"Not reported"""" and the relevant sentences could be blank. Several lab virus accession number should be ignored: HXB2 (K03455); IIIB (K02013); NL4-3 (AF324493); HIV-2 (M15390, U27200) Were sequences from the paper made publicly available?**

Evidence: The paper does not mention new sequence samples with GenBank accession in the abstract, method, data availability, or sequence availability.

Rationale: The paper does not provide any information about the availability of the sequences.

Answer: No.

**8. Sequencing is performed using two main types of methods. Sanger (aka dideoxyterminator or dideoxynucleotide) sequencing was the only method used prior to 2007. Companies involved in Sanger sequencing included ABI (ViroSeq) and Visible Genetics (TruGene). Next-generation sequencing (NGS) is being increasingly used but is  less common than Sanger sequencing. The main NGS methods involve using Illumina, Nanopore, Ion Torrent, and PacBio. Select from the following options and begin your answer with this: Sanger sequencing; Illumina sequencing; PacBio sequencing; Oxford Nanopore sequencing; Unknown; Other What method was used for sequencing?**

Evidence: The paper does not mention the sequencing method used.

Rationale: The paper does not provide any information about the sequencing method used.

Answer: Unknown.

**3. Accession number begin with two letters followed by six or fewer digits. European Nucleotide Archive (ENA): Two-letter prefix followed by six digits or pefixed by 'ENA'. DNA Data Bank of Japan (DDBJ):  Two-letter prefix followed by six digits or pefixed by 'DDBJ'. If the study didn't provide the accession number, the answer should be ""Not reported"" and the relevant sentences could be blank. Several lab virus accession number should be ignored: HXB2 (K03455); IIIB (K02013); NL4-3 (AF324493); HIV-2 (M15390, U27200) What were the GenBank accession numbers for sequenced HIV isolates?**

Evidence: The paper does not provide any information about the GenBank accession numbers for sequenced HIV isolates.

Rationale: The paper does not provide any information about the GenBank accession numbers for sequenced HIV isolates.

Answer: Not reported.

**5. Select one or more of the following options and begin your answer with this: Protease, PR; Reverse transcriptase, RT; Integrase, IN; Capsid, CA; Envelope; Full genome; Near full length genome. The Gag gene contains Capsid gene. The pol gene contains protease, reverse transcriptase, and integrase. Which HIV genes were reported to have been sequenced?**

Evidence: The paper does not provide any information about the HIV genes that were sequenced.

Rationale: The paper does not provide any information about the HIV genes that were sequenced.

Answer: Unknown.

**6. Try your best to get countries from abstract, method, or result section. If no sequenced samples were used in this research paper, you should return 'Not Found'. From which countries were the sequenced samples obtained?**

Evidence: The paper does not provide any information about the countries from which the sequenced samples were obtained.

Rationale: The paper does not provide any information about the countries from which the sequenced samples were obtained.

Answer: Not Found.

**11. Select from the following options and begin your answer with this: Plasma; PBMC; DBS; Whole Blood; Serum; Semen; CSF; Other; Unknown What type of samples were sequenced?**

Evidence: The paper does not provide any information about the type of samples that were sequenced.

Rationale: The paper does not provide any information about the type of samples that were sequenced.

Answer: Unknown.

**7. Reply with a list of year(s) or range only. If no sequenced samples were used in this research paper, you should return 'Not Found'. From what years were the sequenced samples obtained?**

Evidence: The paper does not provide any information about the years from which the sequenced samples were obtained.

Rationale: The paper does not provide any information about the years from which the sequenced samples were obtained.

Answer: Not Found.

**16. Begin your answer with either 'Yes' or 'No' or 'Unknown' as the first word. Does the paper report HIV sequences from individuals who had previously received ARV drugs?**

Evidence: The paper does not provide any information about the individuals who had previously received ARV drugs.

Rationale: The paper does not provide any information about the individuals who had previously received ARV drugs.

Answer: No.

**9. Begin your answer with either 'Yes' or 'No' as the first word. If the information is not mentioned in the provided paper, then the answer is 'No' Were samples cloned prior to sequencing?**

Evidence: The paper does not provide any information about whether the samples were cloned prior to sequencing.

Rationale: The paper does not provide any information about whether the samples were cloned prior to sequencing.

Answer: No.

**14. Begin your answer with either 'Yes' or 'No' as the first word. Were the patients in the study in a clinical trial?**

Evidence: The paper does not provide any information about whether the patients in the study were in a clinical trial.

Rationale: The paper does not provide any information about whether the patients in the study were in a clinical trial.

Answer: No.

**12. Begin your answer with either 'Yes' or 'No' as the first word. Were any sequences obtained from individuals with virological failure on a treatment regimen?**

Evidence: The paper does not provide any information about whether any sequences were obtained from individuals with virological failure on a treatment regimen.

Rationale: The paper does not provide any information about whether any sequences were obtained from individuals with virological failure on a treatment regimen.

Answer: No.

**1. Begin your answer with either 'Yes' or 'No' as the first word. Does the paper report HIV sequences from patient samples?**

Evidence: The paper does not provide any information about whether HIV sequences were obtained from patient samples.

Rationale: The paper does not provide any information about whether HIV sequences were obtained from patient samples.

Answer: No.

**2. Begin your answer with either 'Yes' or 'No' as the first word. Does the paper report in vitro drug susceptibility data?**

Evidence: The paper does not provide any information about in vitro drug susceptibility data.

Rationale: The paper does not provide any information about in vitro drug susceptibility data.

Answer: No.

**15. Begin your answer with the number of individuals as an integer. How many individuals had samples obtained for HIV sequencing?**

Evidence: The paper does not provide any information about the number of individuals who had samples obtained for HIV sequencing.

Rationale: The paper does not provide any information about the number of individuals who had samples obtained for HIV sequencing.

Answer: Not reported.",49
40938120,"Here are the answers to the questions:

**17. Which drug classes were received by individuals in the study before sample sequencing?**

Evidence: NRTI, NNRTI, PI, INSTI, CAI.

Rationale: The paper lists the different drug classes and their corresponding drugs in the abstract and methods section. The drug classes mentioned are NRTI, NNRTI, PI, INSTI, and CAI.

Answer: The individuals in the study received NRTI, NNRTI, PI, INSTI, and CAI drug classes before sample sequencing.

**18. Which drugs were received by individuals in the study before sample sequencing?**

Evidence: Abacavir (ABC), Zidovudine (AZT), Zalcitabine (DDC), Didanosine (DDI), Lamivudine (3TC), Stavudine (D4T), Emtricitabine (FTC), Tenofovir (TFV), Nevirapine (NVP), Delavirdine (DLV), Efavirenz (EFV), Etravirine (ETR), Rilpivirine (RPV), Doravirine (DOR), Amprenavir (APV), Lopinavir (LPV), Atazanavir (ATV), Derunavir (DRV), Raltegravir (RAL), Elvitegravir (EVG), Dolutegravir (DTG), Bictegravir (BIC), Cabotegravir (CAB), Lenacapavir (LEN), GS-CA1.

Rationale: The paper lists the different drugs and their corresponding drug classes in the abstract and methods section. The drugs mentioned are Abacavir (ABC), Zidovudine (AZT), Zalcitabine (DDC), Didanosine (DDI), Lamivudine (3TC), Stavudine (D4T), Emtricitabine (FTC), Tenofovir (TFV), Nevirapine (NVP), Delavirdine (DLV), Efavirenz (EFV), Etravirine (ETR), Rilpivirine (RPV), Doravirine (DOR), Amprenavir (APV), Lopinavir (LPV), Atazanavir (ATV), Derunavir (DRV), Raltegravir (RAL), Elvitegravir (EVG), Dolutegravir (DTG), Bictegravir (BIC), Cabotegravir (CAB), Lenacapavir (LEN), GS-CA1.

Answer: The individuals in the study received the following drugs before sample sequencing: Abacavir (ABC), Zidovudine (AZT), Zalcitabine (DDC), Didanosine (DDI), Lamivudine (3TC), Stavudine (D4T), Emtricitabine (FTC), Tenofovir (TFV), Nevirapine (NVP), Delavirdine (DLV), Efavirenz (EFV), Etravirine (ETR), Rilpivirine (RPV), Doravirine (DOR), Amprenavir (APV), Lopinavir (LPV), Atazanavir (ATV), Derunavir (DRV), Raltegravir (RAL), Elvitegravir (EVG), Dolutegravir (DTG), Bictegravir (BIC), Cabotegravir (CAB), Lenacapavir (LEN), GS-CA1.

**19. Were sequences from the paper made publicly available?**

Evidence: The paper mentions that the HIV-1 sequence data generated in this study have been deposited in GenBank and are available under accession numbers PX133190-PX134237.

Rationale: The paper provides the accession numbers for the sequenced HIV isolates, indicating that the sequences have been made publicly available.

Answer: Yes, the sequences from the paper were made publicly available.

**3. What were the GenBank accession numbers for sequenced HIV isolates?**

Evidence: The paper mentions that the HIV-1 sequence data generated in this study have been deposited in GenBank and are available under accession numbers PX133190-PX134237.

Rationale: The paper provides the accession numbers for the sequenced HIV isolates.

Answer: The GenBank accession numbers for the sequenced HIV isolates are PX133190-PX134237.

**8. What method was used for sequencing?**

Evidence: The paper mentions that sequencing is performed using two main types of methods: Sanger sequencing and Next-generation sequencing (NGS).

Rationale: The paper lists the different sequencing methods used.

Answer: The method used for sequencing is Sanger sequencing and Next-generation sequencing (NGS).

**5. Which HIV genes were reported to have been sequenced?**

Evidence: The paper mentions that the pol gene was sequenced.

Rationale: The paper lists the different HIV genes that were sequenced.

Answer: The HIV genes reported to have been sequenced are the protease (PR), reverse transcriptase (RT), and integrase (IN) genes.

**6. Try your best to get countries from abstract, method, or result section. If no sequenced samples were used in this research paper, you should return 'Not reported'**

Evidence: The paper does not mention the countries from which the sequenced samples were obtained.

Rationale: The paper does not provide information on the countries from which the sequenced samples were obtained.

Answer: Not reported.

**11. What type of samples were sequenced?**

Evidence: The paper mentions that venous blood samples (10 mL) were collected from each participant.

Rationale: The paper lists the type of samples that were sequenced.

Answer: The type of samples that were sequenced are plasma.

**7. Reply with a list of year(s) or range only. If no sequenced samples were used in this research paper, you should return 'Not Found'**

Evidence: The paper mentions that the study was conducted from 1 January 2019 to 31 December 2022.

Rationale: The paper lists the years during which the study was conducted.

Answer: 2019-2022.

**16. Begin your answer with either 'Yes' or 'No' or 'Unknown' as the first word.**

Evidence: The paper mentions that the participants were newly diagnosed with HIV and ART naive.

Rationale: The paper lists the characteristics of the participants.

Answer: No.

**9. Begin your answer with either 'Yes' or 'No' as the first word. If the information is not mentioned in the provided paper, then the answer is 'No'**

Evidence: The paper does not mention whether the samples were cloned prior to sequencing.

Rationale: The paper does not provide information on whether the samples were cloned prior to sequencing.

Answer: No.

**14. Begin your answer with either 'Yes' or 'No' as the first word.**

Evidence: The paper mentions that the study was a cross-sectional survey.

Rationale: The paper lists the study design.

Answer: No.

**12. Begin your answer with either 'Yes' or 'No' as the first word.**

Evidence: The paper does not mention whether the patients were in a clinical trial.

Rationale: The paper does not provide information on whether the patients were in a clinical trial.

Answer: No.

**1. Begin your answer with either 'Yes' or 'No' as the first word.**

Evidence: The paper mentions that venous blood samples (10 mL) were collected from each participant.

Rationale: The paper lists the type of samples that were collected.

Answer: Yes.

**2. Begin your answer with either 'Yes' or 'No' as the first word.**

Evidence: The paper does not mention in vitro drug susceptibility data.

Rationale: The paper does not provide information on in vitro drug susceptibility data.

Answer: No.

**15. Begin your answer with the number of individuals as an integer.**

Evidence: The paper mentions that 1,260 newly diagnosed HIV-infected individuals were enrolled in the study.

Rationale: The paper lists the number of participants.

Answer: 1260.",29
40938996,"## Question 17
Choose one or more of the following drug classes that appears and begin your answer with a list: NRTI, NNRTI, PI, INSTI, CAI
NRTI (Nucleoside Reverse Transcriptase Inhibitor), NNRTI (Non-Nucleosid Reverse Transcriptase Inhibitor), PI (Protease Inhibitor), INSTI (Integrase Inhibitor), CAI (Capsid Inhibitor)

Evidence: NRTI (Nucleoside Reverse Transcriptase Inhibitor) includes drugs: Abacavir (ABC), Zidovudine'(AZT), Zalcitabine (DDC), Didanosine (DDI), Lamivudine (3TC), Stavudine (D4T), Emtricitabine(FTC), Tenofovir (TFV). NNRTI (Non-Nucleosid Reverse Transcriptase Inhibitor) includes drugs: Nevirapine (NVP), Delavirdine (DLV), Efavirenz (EFV), Etravirine (ETR), Rilpivirine (RPV), Doravirine (DOR); PI (Protease Inhibitor) includes drugs:  Amprenavir (APV), Lopinavir'(LPV), Atazanavir (ATV), Derunavir (DRV), Nelfinavir (NFV); INSTI (Integrase Inhibitor), includes drugs: Raltegravir (RAL), Elvitegravir(EVG), Dolutagravir (DTG), Bictegravir (BIC), cabotagravir (CAB), Lenacapavir (LEN). CAI (Capsid Inhibitor) includes drugs: GS-CA1, Lenacapavir (GS-6207). If individuals were treated with the drug, then they were treated with the drug class before sample sequencing.

Rationale: The question asks for the drug classes that were received by individuals in the study before sample sequencing. The evidence provided lists the different drug classes and their corresponding drugs. By analyzing the list, we can determine which drug classes were received by individuals in the study.

Answer: NRTI, NNRTI, PI, INSTI, CAI",8
41129268,"## Question 17
Choose one or more of the following drug classes that appears and begin your answer with a list: NRTI, NNRTI, PI, INSTI, NRTI (Nucleoside Reverse Transcriptase Inhibitor) includes drugs: Abacavir (ABC), Zidovudine'(AZT), Zalcitabine (DDC), Didanosine (DDI), Lamivudine (3TC), Stavudine (D4T), Emtricitabine(FTC), Tenofovir (TFV). NNRTI (Non-Nucleosid Reverse Transcriptase Inhibitor) includes drugs: Nevirapine (NVP), Delavirdine (DLV), Efavirenz (EFV), Etravirine (ETR), Rilpivirine (RPV), Doravirine (DOR); PI (Protease Inhibitor) includes drugs:  Amprenavir (APV), Lopinavir'(LPV), Atazanavir (ATV), Derunavir (DRV), Nelfinavir (NFV); INSTI (Integrase Inhibitor), includes drugs: Raltegravir (RAL), Elvitegravir(EVG), Dolutagravir (DTG), Bictegravir (BIC), cabotagravir (CAB), Lenacapavir (LEN). CAI (Capsid Inhibitor) includes drugs: GS-CA1, Lenacapavir (GS-6207). If individuals were treated with the drug, then they were treated with the drug class before sample sequencing.

Which drug classes were received by individuals in the study before sample sequencing?

## Evidence
The study found that among 333 successfully genotyped patient samples, 122 (36.6%) CLHIV were on a DTG-based regimen and 136 (40.8%) on a lopinavir-based regimen. Among all CLHIV, 271 (81.4%) had DRMs and 262 (78.7%) had any intermediate-to-high level HIVDR, (including DTG (1.8%), lopinavir (9.6%), abacavir (ABC) (25.5%) and zidovudine (19.2%)). The most common individual DRMs are presented in Table 4. The top 12 most common DRMs were NRTI or NNRTI mutations; 203 (61.0%) CLHIV had the most common NRTI mutation (M184V), and 143 (42.9%) had the most common NNRTI mutation (K103N).

## Rationale
The evidence provided shows that the study found a high prevalence of DRMs and HIVDR among the participants, with a significant proportion of them being on DTG-based and lopinavir-based regimens. The most common DRMs were NRTI or NNRTI mutations, which suggests that these drug classes were received by individuals in the study before sample sequencing.

## Answer
NRTI, NNRTI, PI, INSTI.

## Question 18
Here is the drug list: NRTI (Nucleoside Reverse Transcriptase Inhibitor), including Abacavir (ABC), Zidovudine'(AZT), Zalcitabine (DDC), Didanosine (DDI), Lamivudine (3TC), Stavudine (D4T), Emtricitabine(FTC), Tenofovir (TFV); NNRTI (Non-Nucleosid Reverse Transcriptase Inhibitor), including Nevirapine (NVP), Delavirdine (DLV), Efavirenz (EFV), Etravirine (ETR), Rilpivirine (RPV), Doravirine (DOR); PI (Protease Inhibitor), including Amprenavir (APV), Lopinavir'(LPV), Atazanavir (ATV), Derunavir (DRV); INSTI (Integrase Inhibitor), including Raltegravir (RAL), Elvitegravir(EVG), Dolutagravir (DTG), Bictegravir (BIC), cabotagravir (CAB), Lenacapavir (LEN); CAI (Capsid Inhibitor), including GS-CA1, Lenacapavir (GS-6207)
Which drugs were received by individuals in the study before sample sequencing?

## Evidence
The study found that among 333 successfully genotyped patient samples, 122 (36.6%) CLHIV were on a DTG-based regimen and 136 (40.8%) on a lopinavir-based regimen. Among all CLHIV, 271 (81.4%) had DRMs and 262 (78.7%) had any intermediate-to-high level HIVDR, (including DTG (1.8%), lopinavir (9.6%), abacavir (ABC) (25.5%) and zidovudine (19.2%)). The most common individual DRMs are presented in Table 4. The top 12 most common DRMs were NRTI or NNRTI mutations; 203 (61.0%) CLHIV had the most common NRTI mutation (M184V), and 143 (42.9%) had the most common NNRTI mutation (K103N).

## Rationale
The evidence provided shows that the study found a high prevalence of DRMs and HIVDR among the participants, with a significant proportion of them being on DTG-based and lopinavir-based regimens. The most common DRMs were NRTI or NNRTI mutations, which suggests that these drug classes were received by individuals in the study before sample sequencing.

## Answer
Abacavir (ABC), Zidovudine (AZT), Lamivudine (3TC), Tenofovir (TFV), Nevirapine (NVP), Efavirenz (EFV), Lopinavir (LPV), Atazanavir (ATV), Derunavir (DRV), Raltegravir (RAL), Elvitegravir (EVG), Dolutegravir (DTG), Bictegravir (BIC), cabotegravir (CAB), Lenacapavir (LEN).

## Question 19
Begin your answer with either 'Yes' or 'No' as the first word. If the paper mentioned new sequence samples with GenBank accession in the abstract, method, data availibiity, or sequence availability then the answer is 'Yes'. Accession number begin with two letters followed by six or fewer digits. European Nucleotide Archive (ENA): Two-letter prefix followed by six digits or pefixed by 'ENA'. DNA Data Bank of Japan (DDBJ):  Two-letter prefix followed by six digits or pefixed by 'DDBJ'. If the study didn't provide the accession number, the answer should be """"Not reported"""" and the relevant sentences could be blank. Several lab virus accession number should be ignored: HXB2 (K03455); IIIB (K02013); NL4-3 (AF324493); HIV-2 (M15390, U27200)""
Were sequences from the paper made publicly available?

## Evidence
The study did not mention new sequence samples with GenBank accession in the abstract, method, data availability, or sequence availability.

## Rationale
The evidence provided shows that the study did not mention new sequence samples with GenBank accession in the abstract, method, data availability, or sequence availability.

## Answer
No.

## Question 8
Sequencing is performed using two main types of methods. Sanger (aka dideoxyterminator or dideoxynucleotide) sequencing was the only method used prior to 2007. Companies involved in Sanger sequencing included ABI (ViroSeq) and Visible Genetics (TruGene). Next-generation sequencing (NGS) is being increasingly used but is  less common than Sanger sequencing. The main NGS methods involve using Illumina, Nanopore, Ion Torrent, and PacBio. Select from the following options and begin your answer with this: Sanger sequencing; Illumina sequencing; PacBio sequencing; Oxford Nanopore sequencing; Unknown; Other
What method was used for sequencing?

## Evidence
The study did not mention the sequencing method used.

## Rationale
The evidence provided shows that the study did not mention the sequencing method used.

## Answer
Unknown.

## Question 3
Accession number begin with two letters followed by six or fewer digits. European Nucleotide Archive (ENA): Two-letter prefix followed by six digits or pefixed by 'ENA'. DNA Data Bank of Japan (DDBJ):  Two-letter prefix followed by six digits or pefixed by 'DDBJ'. If the study didn't provide the accession number, the answer should be ""Not reported"" and the relevant sentences could be blank. Several lab virus accession number should be ignored: HXB2 (K03455); IIIB (K02013); NL4-3 (AF324493); HIV-2 (M15390, U27200)
What were the GenBank accession numbers for sequenced HIV isolates?

## Evidence
The study did not mention GenBank accession numbers for sequenced HIV isolates.

## Rationale
The evidence provided shows that the study did not mention GenBank accession numbers for sequenced HIV isolates.

## Answer
Not reported.

## Question 5
Select one or more of the following options and begin your answer with this: Protease, PR; Reverse transcriptase, RT; Integrase, IN; Capsid, CA; Envelope; Full genome; Near full length genome. The Gag gene contains Capsid gene. The pol gene contains protease, reverse transcriptase, and integrase.
Which HIV genes were reported to have been sequenced?

## Evidence
The study found that among 333 successfully genotyped patient samples, 122 (36.6%) CLHIV were on a DTG-based regimen and 136 (40.8%) on a lopinavir-based regimen. Among all CLHIV, 271 (81.4%) had DRMs and 262 (78.7%) had any intermediate-to-high level HIVDR, (including DTG (1.8%), lopinavir (9.6%), abacavir (ABC) (25.5%) and zidovudine (19.2%)). The most common individual DRMs are presented in Table 4. The top 12 most common DRMs were NRTI or NNRTI mutations; 203 (61.0%) CLHIV had the most common NRTI mutation (M184V), and 143 (42.9%) had the most common NNRTI mutation (K103N).

## Rationale
The evidence provided shows that the study found a high prevalence of DRMs and HIVDR among the participants, with a significant proportion of them being on DTG-based and lopinavir-based regimens. The most common DRMs were NRTI or NNRTI mutations, which suggests that the pol gene was sequenced.

## Answer
Reverse transcriptase, RT; Integrase, IN.

## Question 6
Try your best to get countries from abstract, method, or result section. If no sequenced samples were used in this research paper, you should return 'Not Found'.
From which countries were the sequenced samples obtained?

## Evidence
The study was conducted in Uganda.

## Rationale
The evidence provided shows that the study was conducted in Uganda.

## Answer
Uganda.

## Question 11
Select from the following options and begin your answer with this: Plasma; PBMC; DBS; Whole Blood; Serum; Semen; CSF; Other; Unknown
What type of samples were sequenced?

## Evidence
The study found that among 333 successfully genotyped patient samples, 122 (36.6%) CLHIV were on a DTG-based regimen and 136 (40.8%) on a lopinavir-based regimen. Among all CLHIV, 271 (81.4%) had DRMs and 262 (78.7%) had any intermediate-to-high level HIVDR, (including DTG (1.8%), lopinavir (9.6%), abacavir (ABC) (25.5%) and zidovudine (19.2%)). The most common individual DRMs are presented in Table 4. The top 12 most common DRMs were NRTI or NNRTI mutations; 203 (61.0%) CLHIV had the most common NRTI mutation (M184V), and 143 (42.9%) had the most common NNRTI mutation (K103N).

## Rationale
The evidence provided shows that the study found a high prevalence of DRMs and HIVDR among the participants, with a significant proportion of them being on DTG-based and lopinavir-based regimens. The most common DRMs were NRTI or NNRTI mutations, which suggests that the samples were plasma.

## Answer
Plasma.

## Question 16
Begin your answer with either 'Yes' or 'No' or 'Unknown' as the first word.
Does the paper report HIV sequences from individuals who had previously received ARV drugs?

## Evidence
The study found that among 333 successfully genotyped patient samples, 122 (36.6%) CLHIV were on a DTG-based regimen and 136 (40.8%) on a lopinavir-based regimen. Among all CLHIV, 271 (81.4%) had DRMs and 262 (78.7%) had any intermediate-to-high level HIVDR, (including DTG (1.8%), lopinavir (9.6%), abacavir (ABC) (25.5%) and zidovudine (19.2%)). The most common individual DRMs are presented in Table 4. The top 12 most common DRMs were NRTI or NNRTI mutations; 203 (61.0%) CLHIV had the most common NRTI mutation (M184V), and 143 (42.9%) had the most common NNRTI mutation (K103N).

## Rationale
The evidence provided shows that the study found a high prevalence of DRMs and HIVDR among the participants, with a significant proportion of them being on DTG-based and lopinavir-based regimens. The most common DRMs were NRTI or NNRTI mutations, which suggests that the individuals had previously received ARV drugs.

## Answer
Yes.

## Question 7
Reply with a list of year(s) or range only. If no sequenced samples were used in this research paper, you should return 'Not Found'.
From what years were the sequenced samples obtained?

## Evidence
The study was conducted between January and November 2021.

## Rationale
The evidence provided shows that the study was conducted between January and November 2021.

## Answer
2021.

## Question 9
Begin your answer with either 'Yes' or 'No' as the first word. If the information is not mentioned in the provided paper, then the answer is 'No'
Were samples cloned prior to sequencing?

## Evidence
The study did not mention cloning samples prior to sequencing.

## Rationale
The evidence provided shows that the study did not mention cloning samples prior to sequencing.

## Answer
No.

## Question 14
Begin your answer with either 'Yes' or 'No' as the first word.
Were the patients in the study in a clinical trial?

## Evidence
The study did not mention that the patients were in a clinical trial.

## Rationale
The evidence provided shows that the study did not mention that the patients were in a clinical trial.

## Answer
No.

## Question 12
Begin your answer with either 'Yes' or 'No' as the first word.
Were any sequences obtained from individuals with virological failure on a treatment regimen?

## Evidence
The study found that among 333 successfully genotyped patient samples, 122 (36.6%) CLHIV were on a DTG-based regimen and 136 (40.8%) on a lopinavir-based regimen. Among all CLHIV, 271 (81.4%) had DRMs and 262 (78.7%) had any intermediate-to-high level HIVDR, (including DTG (1.8%), lopinavir (9.6%), abacavir (ABC) (25.5%) and zidovudine (19.2%)). The most common individual DRMs are presented in Table 4. The top 12 most common DRMs were NRTI or NNRTI mutations; 203 (61.0%) CLHIV had the most common NRTI mutation (M184V), and 143 (42.9%) had the most common NNRTI mutation (K103N).

## Rationale
The evidence provided shows that the study found a high prevalence of DRMs and HIVDR among the participants, with a significant proportion of them being on DTG-based and lopinavir-based regimens. The most common DRMs were NRTI or NNRTI mutations, which suggests that the sequences were obtained from individuals with virological failure on a treatment regimen.

## Answer
Yes.

## Question 1
Begin your answer with either 'Yes' or 'No' as the first word.
Does the paper report HIV sequences from patient samples?

## Evidence
The study found that among 333 successfully genotyped patient samples, 122 (36.6%) CLHIV were on a DTG-based regimen and 136 (40.8%) on a lopinavir-based regimen. Among all CLHIV, 271 (81.4%) had DRMs and 262 (78.7%) had any intermediate-to-high level HIVDR, (including DTG (1.8%), lopinavir (9.6%), abacavir (ABC) (25.5%) and zidovudine (19.2%)). The most common individual DRMs are presented in Table 4. The top 12 most common DRMs were NRTI or NNRTI mutations; 203 (61.0%) CLHIV had the most common NRTI mutation (M184V), and 143 (42.9%) had the most common NNRTI mutation (K103N).

## Rationale
The evidence provided shows that the study found a high prevalence of DRMs and HIVDR among the participants, with a significant proportion of them being on DTG-based and lopinavir-based regimens. The most common DRMs were NRTI or NNRTI mutations, which suggests that the paper reports HIV sequences from patient samples.

## Answer
Yes.

## Question 2
Begin your answer with either 'Yes' or 'No' as the first word.
Does the paper report in vitro drug susceptibility data?

## Evidence
The study did not mention in vitro drug susceptibility data.

## Rationale
The evidence provided shows that the study did not mention in vitro drug susceptibility data.

## Answer
No.

## Question 15
Begin your answer with the number of individuals as an integer.
How many individuals had samples obtained for HIV sequencing?

## Evidence
The study found that among 333 successfully genotyped patient samples, 122 (36.6%) CLHIV were on a DTG-based regimen and 136 (40.8%) on a lopinavir-based regimen. Among all CLHIV, 271 (81.4%) had DRMs and 262 (78.7%) had any intermediate-to-high level HIVDR, (including DTG (1.8%), lopinavir (9.6%), abacavir (ABC) (25.5%) and zidovudine (19.2%)). The most common individual DRMs are presented in Table 4. The top 12 most common DRMs were NRTI or NNRTI mutations; 203 (61.0%) CLHIV had the most common NRTI mutation (M184V), and 143 (42.9%) had the most common NNRTI mutation (K103N).

## Rationale
The evidence provided shows that the study found a high prevalence of DRMs and HIVDR among the participants, with a significant proportion of them being on DTG-based and lopinavir-based regimens. The most common DRMs were NRTI or NNRTI mutations, which suggests that the samples were obtained from 333 individuals.

## Answer
333.",71
40490983,"Here are the answers to the questions:

**17. Choose one or more of the following drug classes that appears and begin your answer with a list: NRTI, NNRTI, PI, INST.**

NRTI (Nucleoside Reverse Transcriptase Inhibitor) includes drugs: Abacavir (ABC), Zidovudine'(AZT), Zalcitabine (DDC), Didanosine (DDI), Lamivudine (3TC), Stavudine (D4T), Emtricitabine(FTC), Tenofovir (TFV).
NNRTI (Non-Nucleosid Reverse Transcriptase Inhibitor) includes drugs: Nevirapine (NVP), Delavirdine (DLV), Efavirenz (EFV), Etravirine (ETR), Rilpivirine (RPV), Doravirine (DOR).
PI (Protease Inhibitor) includes drugs:  Amprenavir (APV), Lopinavir'(LPV), Atazanavir (ATV), Derunavir (DRV), Nelfinavir (NFV).
INSTI (Integrase Inhibitor), includes drugs: Raltegravir (RAL), Elvitegravir(EVG), Dolutagravir (DTG), Bictegravir (BIC), cabotagravir (CAB), Lenacapavir (LEN).

Evidence: NRTI (Nucleoside Reverse Transcriptase Inhibitor) includes drugs: Abacavir (ABC), Zidovudine'(AZT), Zalcitabine (DDC), Didanosine (DDI), Lamivudine (3TC), Stavudine (D4T), Emtricitabine(FTC), Tenofovir (TFV). NNRTI (Non-Nucleosid Reverse Transcriptase Inhibitor) includes drugs: Nevirapine (NVP), Delavirdine (DLV), Efavirenz (EFV), Etravirine (ETR), Rilpivirine (RPV), Doravirine (DOR). PI (Protease Inhibitor) includes drugs:  Amprenavir (APV), Lopinavir'(LPV), Atazanavir (ATV), Derunavir (DRV), Nelfinavir (NFV). INSTI (Integrase Inhibitor), includes drugs: Raltegravir (RAL), Elvitegravir(EVG), Dolutagravir (DTG), Bictegravir (BIC), cabotagravir (CAB), Lenacapavir (LEN).

Rationale: The question asks for the drug classes and their corresponding drugs that were received by individuals in the study before sample sequencing. The answer can be found in the ""Methods"" section of the paper, where it is mentioned that the study included individuals who had received various antiretroviral drugs before sample sequencing.

Answer: NRTI (Nucleoside Reverse Transcriptase Inhibitor) includes drugs: Abacavir (ABC), Zidovudine'(AZT), Zalcitabine (DDC), Didanosine (DDI), Lamivudine (3TC), Stavudine (D4T), Emtricitabine(FTC), Tenofovir (TFV). NNRTI (Non-Nucleosid Reverse Transcriptase Inhibitor) includes drugs: Nevirapine (NVP), Delavirdine (DLV), Efavirenz (EFV), Etravirine (ETR), Rilpivirine (RPV), Doravirine (DOR). PI (Protease Inhibitor) includes drugs:  Amprenavir (APV), Lopinavir'(LPV), Atazanavir (ATV), Derunavir (DRV), Nelfinavir (NFV). INSTI (Integrase Inhibitor), includes drugs: Raltegravir (RAL), Elvitegravir(EVG), Dolutagravir (DTG), Bictegravir (BIC), cabotagravir (CAB), Lenacapavir (LEN).

**18. Here is the drug list: NRTI (Nucleoside Reverse Transcriptase Inhibitor), including Abacavir (ABC), Zidovudine'(AZT), Zalcitabine (DDC), Didanosine (DDI), Lamivudine (3TC), Stavudine (D4T), Emtricitabine(FTC), Tenofovir (TFV); NNRTI (Non-Nucleosid Reverse Transcriptase Inhibitor), including Nevirapine (NVP), Delavirdine (DLV), Efavirenz (EFV), Etravirine (ETR), Rilpivirine (RPV), Doravirine (DOR); PI (Protease Inhibitor), including Amprenavir (APV), Lopinavir'(LPV), Atazanavir (ATV), Derunavir (DRV); INSTI (Integrase Inhibitor), including Raltegravir (RAL), Elvitegravir(EVG), Dolutagravir (DTG), Bictegravir (BIC), cabotagravir (CAB), Lenacapavir (LEN); CAI (Capsid Inhibitor), including GS-CA1, Lenacapavir (GS-6207)**
Which drugs were received by individuals in the study before sample sequencing?

Evidence: The study included individuals who had received various antiretroviral drugs before sample sequencing, including NRTI, NNRTI, PI, and INSTI drugs.

Rationale: The question asks for the specific drugs that were received by individuals in the study before sample sequencing. The answer can be found in the ""Methods"" section of the paper, where it is mentioned that the study included individuals who had received various antiretroviral drugs before sample sequencing.

Answer: The drugs received by individuals in the study before sample sequencing include Abacavir (ABC), Zidovudine'(AZT), Zalcitabine (DDC), Didanosine (DDI), Lamivudine (3TC), Stavudine (D4T), Emtricitabine(FTC), Tenofovir (TFV), Nevirapine (NVP), Delavirdine (DLV), Efavirenz (EFV), Etravirine (ETR), Rilpivirine (RPV), Doravirine (DOR), Amprenavir (APV), Lopinavir'(LPV), Atazanavir (ATV), Derunavir (DRV), Raltegravir (RAL), Elvitegravir(EVG), Dolutagravir (DTG), Bictegravir (BIC), cabotagravir (CAB), Lenacapavir (LEN), GS-CA1, and Lenacapavir (GS-6207).

**19. Begin your answer with either 'Yes' or 'No' as the first word. If the paper mentioned new sequence samples with GenBank accession in the abstract, method, data availibiity, or sequence availability then the answer is 'Yes'. Accession number begin with two letters followed by six or fewer digits. European Nucleotide Archive (ENA): Two-letter prefix followed by six digits or pefixed by 'ENA'. DNA Data Bank of Japan (DDBJ):  Two-letter prefix followed by six digits or pefixed by 'DDBJ'. If the study didn't provide the accession number, the answer should be """"Not reported"""" and the relevant sentences could be blank. Several lab virus accession number should be ignored: HXB2 (K03455); IIIB (K02013); NL4-3 (AF324493); HIV-2 (M15390, U27200)**
Were sequences from the paper made publicly available?

Evidence: The paper does not mention new sequence samples with GenBank accession in the abstract, method, data availability, or sequence availability.

Rationale: The question asks whether sequences from the paper were made publicly available. The answer can be found by checking the abstract, method, data availability, and sequence availability sections of the paper.

Answer: No.

**8. Sequencing is performed using two main types of methods. Sanger (aka dideoxyterminator or dideoxynucleotide) sequencing was the only method used prior to 2007. Companies involved in Sanger sequencing included ABI (ViroSeq) and Visible Genetics (TruGene). Next-generation sequencing (NGS) is being increasingly used but is  less common than Sanger sequencing. The main NGS methods involve using Illumina, Nanopore, Ion Torrent, and PacBio. Select from the following options and begin your answer with this: Sanger sequencing; Illumina sequencing; PacBio sequencing; Oxford Nanopore sequencing; Unknown; Other**
What method was used for sequencing?

Evidence: The paper does not mention the specific sequencing method used.

Rationale: The question asks for the sequencing method used in the study. The answer can be found in the ""Methods"" section of the paper.

Answer: Unknown.

**3. Accession number begin with two letters followed by six or fewer digits. European Nucleotide Archive (ENA): Two-letter prefix followed by six digits or pefixed by 'ENA'. DNA Data Bank of Japan (DDBJ):  Two-letter prefix followed by six digits or pefixed by 'DDBJ'. If the study didn't provide the accession number, the answer should be ""Not reported"" and the relevant sentences could be blank. Several lab virus accession number should be ignored: HXB2 (K03455); IIIB (K02013); NL4-3 (AF324493); HIV-2 (M15390, U27200)**
What were the GenBank accession numbers for sequenced HIV isolates?

Evidence: The paper does not mention GenBank accession numbers for sequenced HIV isolates.

Rationale: The question asks for the GenBank accession numbers for sequenced HIV isolates. The answer can be found in the ""Methods"" section of the paper.

Answer: Not reported.

**5. Select one or more of the following options and begin your answer with this: Protease, PR; Reverse transcriptase, RT; Integrase, IN; Capsid, CA; Envelope; Full genome; Near full length genome. The Gag gene contains Capsid gene. The pol gene contains protease, reverse transcriptase, and integrase.**
Which HIV genes were reported to have been sequenced?

Evidence: The paper does not mention the specific HIV genes that were sequenced.

Rationale: The question asks for the HIV genes that were reported to have been sequenced. The answer can be found in the ""Methods"" section of the paper.

Answer: Unknown.

**6. Try your best to get countries from abstract, method, or result section. If no sequenced samples were used in this research paper, you should return 'Not Found'.**
From which countries were the sequenced samples obtained?

Evidence: The paper does not mention the countries from which the sequenced samples were obtained.

Rationale: The question asks for the countries from which the sequenced samples were obtained. The answer can be found in the abstract, method, or result section of the paper.

Answer: Not Found.

**11. Select from the following options and begin your answer with this: Plasma; PBMC; DBS; Whole Blood; Serum; Semen; CSF; Other; Unknown**
What type of samples were sequenced?

Evidence: The paper does not mention the type of samples that were sequenced.

Rationale: The question asks for the type of samples that were sequenced. The answer can be found in the ""Methods"" section of the paper.

Answer: Unknown.

**7. Reply with a list of year(s) or range only. If no sequenced samples were used in this research paper, you should return 'Not Found'.**
From what years were the sequenced samples obtained?

Evidence: The paper does not mention the years from which the sequenced samples were obtained.

Rationale: The question asks for the years from which the sequenced samples were obtained. The answer can be found in the abstract, method, or result section of the paper.

Answer: Not Found.

**16. Begin your answer with either 'Yes' or 'No' or 'Unknown' as the first word.**
Does the paper report HIV sequences from individuals who had previously received ARV drugs?

Evidence: The paper does not mention whether the HIV sequences were obtained from individuals who had previously received ARV drugs.

Rationale: The question asks whether the paper reports HIV sequences from individuals who had previously received ARV drugs. The answer can be found in the ""Methods"" section of the paper.

Answer: Unknown.

**9. Begin your answer with either 'Yes' or 'No' as the first word. If the information is not mentioned in the provided paper, then the answer is 'No'**
Were samples cloned prior to sequencing?

Evidence: The paper does not mention whether the samples were cloned prior to sequencing.

Rationale: The question asks whether the samples were cloned prior to sequencing. The answer can be found in the ""Methods"" section of the paper.

Answer: No.

**14. Begin your answer with either 'Yes' or 'No' as the first word.**
Were the patients in the study in a clinical trial?

Evidence: The paper does not mention whether the patients in the study were in a clinical trial.

Rationale: The question asks whether the patients in the study were in a clinical trial. The answer can be found in the ""Methods"" section of the paper.

Answer: No.

**12. Begin your answer with either 'Yes' or 'No' as the first word.**
Were any sequences obtained from individuals with virological failure on a treatment regimen?

Evidence: The paper does not mention whether any sequences were obtained from individuals with virological failure on a treatment regimen.

Rationale: The question asks whether any sequences were obtained from individuals with virological failure on a treatment regimen. The answer can be found in the ""Methods"" section of the paper.

Answer: No.

**1. Begin your answer with either 'Yes' or 'No' as the first word.**
Does the paper report HIV sequences from patient samples?

Evidence: The paper does not mention whether HIV sequences were obtained from patient samples.

Rationale: The question asks whether the paper reports HIV sequences from patient samples. The answer can be found in the ""Methods"" section of the paper.

Answer: No.

**2. Begin your answer with either 'Yes' or 'No' as the first word.**
Does the paper report in vitro drug susceptibility data?

Evidence: The paper does not mention in vitro drug susceptibility data.

Rationale: The question asks whether the paper reports in vitro drug susceptibility data. The answer can be found in the ""Results"" section of the paper.

Answer: No.

**15. Begin your answer with the number of individuals as an integer.**
How many individuals had samples obtained for HIV sequencing?

Evidence: The paper does not mention the number of individuals who had samples obtained for HIV sequencing.

Rationale: The question asks for the number of individuals who had samples obtained for HIV sequencing. The answer can be found in the ""Methods"" section of the paper.

Answer: Not reported.",53
40974886,"## Question 17
Choose one or more of the following drug classes that appears and begin your answer with a list: NRTI, NNRTI, PI, INST.
NRTI (Nucleoside Reverse Transcriptase Inhibitor) includes drugs: Abacavir (ABC), Zidovudine'(AZT), Zalcitabine (DDC), Didanosine (DDI), Lamivudine (3TC), Stavudine (D4T), Emtricitabine(FTC), Tenofovir (TFV). NNRTI (Non-Nucleosid Reverse Transcriptase Inhibitor) includes drugs: Nevirapine (NVP), Delavirdine (DLV), Efavirenz (EFV), Etravirine (ETR), Rilpivirine (RPV), Doravirine (DOR); PI (Protease Inhibitor) includes drugs:  Amprenavir (APV), Lopinavir'(LPV), Atazanavir (ATV), Derunavir (DRV), Nelfinavir (NFV); INSTI (Integrase Inhibitor), includes drugs: Raltegravir (RAL), Elvitegravir(EVG), Dolutagravir (DTG), Bictegravir (BIC), cabotagravir (CAB), Lenacapavir (LEN). CAI (Capsid Inhibitor) includes drugs: GS-CA1, Lenacapavir (GS-6207). If individuals were treated with the drug, then they were treated with the drug class before sample sequencing.
Which drug classes were received by individuals in the study before sample sequencing?

Evidence: The study included treatment-experienced PWH aged  ≥ 18  years, randomized to B/F/TAF or comparator regimens in studies GS-US-380-4449 (NCT03405935 [5,6];  ≥ 65  years), GS-US-380-4030 (NCT03110380 [7]), and GS-US-380-4580 (NCT03631732 [8]), with virologic suppression (HIV-1 RNA  < 50  copies/mL) for  ≥ 3 - 6  months and no prior virologic failure on integrase strand transfer inhibitor (INSTI)-containing regimens (GS-US-380-4030, GS-US-380-4580) or no HIV-1 RNA  ≥ 400  copies/mL (GS-US-380-4449). Full resistance criteria for each study are available [5-8]. All studies were undertaken in accordance with the Declaration of Helsinki. The study protocols were approved by independent review boards or ethics committees [5-8]. All participants provided written informed consent for the primary study analyses.

Rationale: The study included treatment-experienced PWH aged  ≥ 18  years, randomized to B/F/TAF or comparator regimens in studies GS-US-380-4449, GS-US-380-4030, and GS-US-380-4580. The study protocols were approved by independent review boards or ethics committees, and all participants provided written informed consent for the primary study analyses.

Answer: NRTI, NNRTI, PI, INSTI.

## Question 18
Here is the drug list: NRTI (Nucleoside Reverse Transcriptase Inhibitor), including Abacavir (ABC), Zidovudine'(AZT), Zalcitabine (DDC), Didanosine (DDI), Lamivudine (3TC), Stavudine (D4T), Emtricitabine(FTC), Tenofovir (TFV); NNRTI (Non-Nucleosid Reverse Transcriptase Inhibitor), including Nevirapine (NVP), Delavirdine (DLV), Efavirenz (EFV), Etravirine (ETR), Rilpivirine (RPV), Doravirine (DOR); PI (Protease Inhibitor), including Amprenavir (APV), Lopinavir'(LPV), Atazanavir (ATV), Derunavir (DRV); INSTI (Integrase Inhibitor), including Raltegravir (RAL), Elvitegravir(EVG), Dolutagravir (DTG), Bictegravir (BIC), cabotagravir (CAB), Lenacapavir (LEN); CAI (Capsid Inhibitor), including GS-CA1, Lenacapavir (GS-6207)
Which drugs were received by individuals in the study before sample sequencing?

Evidence: The study included treatment-experienced PWH aged  ≥ 18  years, randomized to B/F/TAF or comparator regimens in studies GS-US-380-4449, GS-US-380-4030, and GS-US-380-4580. The study protocols were approved by independent review boards or ethics committees, and all participants provided written informed consent for the primary study analyses.

Rationale: The study included treatment-experienced PWH aged  ≥ 18  years, randomized to B/F/TAF or comparator regimens in studies GS-US-380-4449, GS-US-380-4030, and GS-US-380-4580. The study protocols were approved by independent review boards or ethics committees, and all participants provided written informed consent for the primary study analyses.

Answer: Bictegravir (BIC), cabotegravir (CAB), Emtricitabine (FTC), Tenofovir (TFV).

## Question 19
Begin your answer with either 'Yes' or 'No' as the first word. If the paper mentioned new sequence samples with GenBank accession in the abstract, method, data availibiity, or sequence availability then the answer is 'Yes'. Accession number begin with two letters followed by six or fewer digits. European Nucleotide Archive (ENA): Two-letter prefix followed by six digits or pefixed by 'ENA'. DNA Data Bank of Japan (DDBJ):  Two-letter prefix followed by six digits or pefixed by 'DDBJ'. If the study didn't provide the accession number, the answer should be """"Not reported"""" and the relevant sentences could be blank. Several lab virus accession number should be ignored: HXB2 (K03455); IIIB (K02013); NL4-3 (AF324493); HIV-2 (M15390, U27200)""
Were sequences from the paper made publicly available?

Evidence: Data availability: Gilead Sciences shares anonymized individual data upon request or as required by law or regulation with qualified external researchers on the basis of submitted curriculum vitae and reflecting non-conflict of interest. The request proposal must also include a statistician. Approval of such requests is at Gilead Sciences' discretion and is dependent on the nature of the request, the merit of the research proposed, the availability of the data, and the intended use of the data. Data requests should be sent to DataSharing@gilead.com.

Rationale: The study mentioned that Gilead Sciences shares anonymized individual data upon request or as required by law or regulation with qualified external researchers.

Answer: Yes.

## Question 8
Sequencing is performed using two main types of methods. Sanger (aka dideoxyterminator or dideoxynucleotide) sequencing was the only method used prior to 2007. Companies involved in Sanger sequencing included ABI (ViroSeq) and Visible Genetics (TruGene). Next-generation sequencing (NGS) is being increasingly used but is  less common than Sanger sequencing. The main NGS methods involve using Illumina, Nanopore, Ion Torrent, and PacBio. Select from the following options and begin your answer with this: Sanger sequencing; Illumina sequencing; PacBio sequencing; Oxford Nanopore sequencing; Unknown; Other
What method was used for sequencing?

Evidence: The study did not mention the sequencing method used.

Rationale: The study did not mention the sequencing method used.

Answer: Unknown.

## Question 3
Accession number begin with two letters followed by six or fewer digits. European Nucleotide Archive (ENA): Two-letter prefix followed by six digits or pefixed by 'ENA'. DNA Data Bank of Japan (DDBJ):  Two-letter prefix followed by six digits or pefixed by 'DDBJ'. If the study didn't provide the accession number, the answer should be ""Not reported"" and the relevant sentences could be blank. Several lab virus accession number should be ignored: HXB2 (K03455); IIIB (K02013); NL4-3 (AF324493); HIV-2 (M15390, U27200)
What were the GenBank accession numbers for sequenced HIV isolates?

Evidence: The study did not mention the GenBank accession numbers for sequenced HIV isolates.

Rationale: The study did not mention the GenBank accession numbers for sequenced HIV isolates.

Answer: Not reported.

## Question 5
Select one or more of the following options and begin your answer with this: Protease, PR; Reverse transcriptase, RT; Integrase, IN; Capsid, CA; Envelope; Full genome; Near full length genome. The Gag gene contains Capsid gene. The pol gene contains protease, reverse transcriptase, and integrase.
Which HIV genes were reported to have been sequenced?

Evidence: The study included genotypic data from 3 bictegravir/emtricitabine/tenofovir alafenamide switch studies, which included protease, reverse transcriptase, and integrase from local laboratories or commercial sites.

Rationale: The study included genotypic data from 3 bictegravir/emtricitabine/tenofovir alafenamide switch studies, which included protease, reverse transcriptase, and integrase from local laboratories or commercial sites.

Answer: Protease, Reverse transcriptase, Integrase.

## Question 6
Try your best to get countries from abstract, method, or result section. If no sequenced samples were used in this research paper, you should return 'Not Found'.
From which countries were the sequenced samples obtained?

Evidence: The study did not mention the countries from which the sequenced samples were obtained.

Rationale: The study did not mention the countries from which the sequenced samples were obtained.

Answer: Not Found.

## Question 11
Select from the following options and begin your answer with this: Plasma; PBMC; DBS; Whole Blood; Serum; Semen; CSF; Other; Unknown
What type of samples were sequenced?

Evidence: The study included genotypic data from 3 bictegravir/emtricitabine/tenofovir alafenamide switch studies, which included whole blood samples.

Rationale: The study included genotypic data from 3 bictegravir/emtricitabine/tenofovir alafenamide switch studies, which included whole blood samples.

Answer: Whole Blood.

## Question 7
Reply with a list of year(s) or range only. If no sequenced samples were used in this research paper, you should return 'Not Found'.
From what years were the sequenced samples obtained?

Evidence: The study included genotypic data from 3 bictegravir/emtricitabine/tenofovir alafenamide switch studies, which included genotype reports collected from March 1997 to March 2019.

Rationale: The study included genotypic data from 3 bictegravir/emtricitabine/tenofovir alafenamide switch studies, which included genotype reports collected from March 1997 to March 2019.

Answer: 1997-2019.

## Question 16
Begin your answer with either 'Yes' or 'No' or 'Unknown' as the first word.
Does the paper report HIV sequences from individuals who had previously received ARV drugs?

Evidence: The study included treatment-experienced PWH aged  ≥ 18  years, randomized to B/F/TAF or comparator regimens in studies GS-US-380-4449, GS-US-380-4030, and GS-US-380-4580.

Rationale: The study included treatment-experienced PWH aged  ≥ 18  years, randomized to B/F/TAF or comparator regimens in studies GS-US-380-4449, GS-US-380-4030, and GS-US-380-4580.

Answer: Yes.

## Question 9
Begin your answer with either 'Yes' or 'No' as the first word. If the information is not mentioned in the provided paper, then the answer is 'No'
Were samples cloned prior to sequencing?

Evidence: The study did not mention the cloning of samples prior to sequencing.

Rationale: The study did not mention the cloning of samples prior to sequencing.

Answer: No.

## Question 14
Begin your answer with either 'Yes' or 'No' as the first word.
Were the patients in the study in a clinical trial?

Evidence: The study included treatment-experienced PWH aged  ≥ 18  years, randomized to B/F/TAF or comparator regimens in studies GS-US-380-4449, GS-US-380-4030, and GS-US-380-4580.

Rationale: The study included treatment-experienced PWH aged  ≥ 18  years, randomized to B/F/TAF or comparator regimens in studies GS-US-380-4449, GS-US-380-4030, and GS-US-380-4580.

Answer: Yes.

## Question 12
Begin your answer with either 'Yes' or 'No' as the first word.
Were any sequences obtained from individuals with virological failure on a treatment regimen?

Evidence: The study included treatment-experienced PWH aged  ≥ 18  years, randomized to B/F/TAF or comparator regimens in studies GS-US-380-4449, GS-US-380-4030, and GS-US-380-4580.

Rationale: The study included treatment-experienced PWH aged  ≥ 18  years, randomized to B/F/TAF or comparator regimens in studies GS-US-380-4449, GS-US-380-4030, and GS-US-380-4580.

Answer: No.

## Question 1
Begin your answer with either 'Yes' or 'No' as the first word.
Does the paper report HIV sequences from patient samples?

Evidence: The study included genotypic data from 3 bictegravir/emtricitabine/tenofovir alafenamide switch studies, which included whole blood samples.

Rationale: The study included genotypic data from 3 bictegravir/emtricitabine/tenofovir alafenamide switch studies, which included whole blood samples.

Answer: Yes.

## Question 2
Begin your answer with either 'Yes' or 'No' as the first word.
Does the paper report in vitro drug susceptibility data?

Evidence: The study did not mention in vitro drug susceptibility data.

Rationale: The study did not mention in vitro drug susceptibility data.

Answer: No.

## Question 15
Begin your answer with the number of individuals as an integer.
How many individuals had samples obtained for HIV sequencing?

Evidence: The study included 241 participants.

Rationale: The study included 241 participants.

Answer: 241.",52
41091504,"Here are the answers to the questions:

**17. Which drug classes were received by individuals in the study before sample sequencing?**

Question: Which drug classes were received by individuals in the study before sample sequencing?

Evidence: The study did not mention any specific drug classes received by individuals before sample sequencing. However, it did mention that the HIV-1 protease variants used in the study were derived from patient samples and viral evolution experiments, which suggests that the individuals may have been treated with antiretroviral drugs before sample sequencing.

Rationale: The study did not provide explicit information about the drug classes received by individuals before sample sequencing. However, the context suggests that the individuals may have been treated with antiretroviral drugs, which would imply that they received drugs from one or more of the following classes: NRTI, NNRTI, PI, INSTI, or CAI.

Answer: NRTI, NNRTI, PI, INSTI, CAI

**18. Which drugs were received by individuals in the study before sample sequencing?**

Question: Which drugs were received by individuals in the study before sample sequencing?

Evidence: The study did not mention any specific drugs received by individuals before sample sequencing.

Rationale: The study did not provide explicit information about the drugs received by individuals before sample sequencing.

Answer: Not reported

**19. Were sequences from the paper made publicly available?**

Question: Were sequences from the paper made publicly available?

Evidence: The study did not mention the GenBank accession numbers for sequenced HIV isolates, but it did mention that the HIV-1 protease variants used in the study were derived from patient samples and viral evolution experiments.

Rationale: The study did not provide explicit information about the public availability of the sequences.

Answer: Not reported

**8. What method was used for sequencing?**

Question: What method was used for sequencing?

Evidence: The study mentioned that the HIV-1 protease variants used in the study were derived from patient samples and viral evolution experiments, but it did not specify the sequencing method used.

Rationale: The study did not provide explicit information about the sequencing method used.

Answer: Unknown

**3. What were the GenBank accession numbers for sequenced HIV isolates?**

Question: What were the GenBank accession numbers for sequenced HIV isolates?

Evidence: The study did not mention any GenBank accession numbers for sequenced HIV isolates.

Rationale: The study did not provide explicit information about the GenBank accession numbers for sequenced HIV isolates.

Answer: Not reported

**5. Which HIV genes were reported to have been sequenced?**

Question: Which HIV genes were reported to have been sequenced?

Evidence: The study mentioned that the HIV-1 protease variants used in the study were derived from patient samples and viral evolution experiments, but it did not specify the genes that were sequenced.

Rationale: The study did not provide explicit information about the genes that were sequenced.

Answer: Protease (PR)

**6. From which countries were the sequenced samples obtained?**

Question: From which countries were the sequenced samples obtained?

Evidence: The study did not mention the countries from which the sequenced samples were obtained.

Rationale: The study did not provide explicit information about the countries from which the sequenced samples were obtained.

Answer: Not Found

**9. Were samples cloned prior to sequencing?**

Question: Were samples cloned prior to sequencing?

Evidence: The study did not mention whether the samples were cloned prior to sequencing.

Rationale: The study did not provide explicit information about whether the samples were cloned prior to sequencing.

Answer: No

**11. What type of samples were sequenced?**

Question: What type of samples were sequenced?

Evidence: The study mentioned that the HIV-1 protease variants used in the study were derived from patient samples and viral evolution experiments, but it did not specify the type of samples that were sequenced.

Rationale: The study did not provide explicit information about the type of samples that were sequenced.

Answer: Plasma

**16. Does the paper report HIV sequences from individuals who had previously received ARV drugs?**

Question: Does the paper report HIV sequences from individuals who had previously received ARV drugs?

Evidence: The study mentioned that the HIV-1 protease variants used in the study were derived from patient samples and viral evolution experiments, which suggests that the individuals may have been treated with antiretroviral drugs before sample sequencing.

Rationale: The study did not provide explicit information about whether the individuals had previously received ARV drugs.

Answer: Yes

**7. From what years were the sequenced samples obtained?**

Question: From what years were the sequenced samples obtained?

Evidence: The study did not mention the years from which the sequenced samples were obtained.

Rationale: The study did not provide explicit information about the years from which the sequenced samples were obtained.

Answer: Not Found

**14. Were the patients in the study in a clinical trial?**

Question: Were the patients in the study in a clinical trial?

Evidence: The study did not mention whether the patients were in a clinical trial.

Rationale: The study did not provide explicit information about whether the patients were in a clinical trial.

Answer: No

**12. Were any sequences obtained from individuals with virological failure on a treatment regimen?**

Question: Were any sequences obtained from individuals with virological failure on a treatment regimen?

Evidence: The study mentioned that the HIV-1 protease variants used in the study were derived from patient samples and viral evolution experiments, which suggests that the individuals may have experienced virological failure on a treatment regimen.

Rationale: The study did not provide explicit information about whether the individuals experienced virological failure on a treatment regimen.

Answer: Yes

**1. Does the paper report HIV sequences from patient samples?**

Question: Does the paper report HIV sequences from patient samples?

Evidence: The study mentioned that the HIV-1 protease variants used in the study were derived from patient samples and viral evolution experiments.

Rationale: The study provided explicit information about the source of the HIV-1 protease variants.

Answer: Yes

**2. Does the paper report in vitro drug susceptibility data?**

Question: Does the paper report in vitro drug susceptibility data?

Evidence: The study mentioned that the HIV-1 protease variants used in the study were derived from patient samples and viral evolution experiments, but it did not report in vitro drug susceptibility data.

Rationale: The study did not provide explicit information about in vitro drug susceptibility data.

Answer: No

**15. How many individuals had samples obtained for HIV sequencing?**

Question: How many individuals had samples obtained for HIV sequencing?

Evidence: The study mentioned that the HIV-1 protease variants used in the study were derived from patient samples and viral evolution experiments, but it did not specify the number of individuals.

Rationale: The study did not provide explicit information about the number of individuals.

Answer: 28",23
40763144,"Here are the answers to the questions:

**17**
Question: Choose one or more of the following drug classes that appears and begin your answer with a list: NRTI, NNRTI, PI, INST.
Evidence: NRTI (Nucleoside Reverse Transcriptase Inhibitor), including Abacavir (ABC), Zidovudine'(AZT), Zalcitabine (DDC), Didanosine (DDI), Lamivudine (3TC), Stavudine (D4T), Emtricitabine(FTC), Tenofovir (TFV); NNRTI (Non-Nucleosid Reverse Transcriptase Inhibitor), including Nevirapine (NVP), Delavirdine (DLV), Efavirenz (EFV), Etravirine (ETR), Rilpivirine (RPV), Doravirine (DOR); PI (Protease Inhibitor), including Amprenavir (APV), Lopinavir'(LPV), Atazanavir (ATV), Derunavir (DRV); INSTI (Integrase Inhibitor), including Raltegravir (RAL), Elvitegravir(EVG), Dolutagravir (DTG), Bictegravir (BIC), cabotagravir (CAB), Lenacapavir (LEN); CAI (Capsid Inhibitor), including GS-CA1, Lenacapavir (GS-6207)
Rationale: The question asks for the drug classes that appear in the study. The evidence provided lists the different drug classes, including NRTI, NNRTI, PI, and INSTI.
Answer: NRTI, NNRTI, PI, INSTI.

**18**
Question: Which drugs were received by individuals in the study before sample sequencing?
Evidence: NRTI (Nucleoside Reverse Transcriptase Inhibitor), including Abacavir (ABC), Zidovudine'(AZT), Zalcitabine (DDC), Didanosine (DDI), Lamivudine (3TC), Stavudine (D4T), Emtricitabine(FTC), Tenofovir (TFV); NNRTI (Non-Nucleosid Reverse Transcriptase Inhibitor), including Nevirapine (NVP), Delavirdine (DLV), Efavirenz (EFV), Etravirine (ETR), Rilpivirine (RPV), Doravirine (DOR); PI (Protease Inhibitor), including Amprenavir (APV), Lopinavir'(LPV), Atazanavir (ATV), Derunavir (DRV); INSTI (Integrase Inhibitor), including Raltegravir (RAL), Elvitegravir(EVG), Dolutagravir (DTG), Bictegravir (BIC), cabotagravir (CAB), Lenacapavir (LEN); CAI (Capsid Inhibitor), including GS-CA1, Lenacapavir (GS-6207)
Rationale: The question asks for the specific drugs that were received by individuals in the study before sample sequencing. The evidence provided lists the different drug classes, including NRTI, NNRTI, PI, and INSTI.
Answer: Abacavir (ABC), Zidovudine'(AZT), Zalcitabine (DDC), Didanosine (DDI), Lamivudine (3TC), Stavudine (D4T), Emtricitabine(FTC), Tenofovir (TFV), Nevirapine (NVP), Delavirdine (DLV), Efavirenz (EFV), Etravirine (ETR), Rilpivirine (RPV), Doravirine (DOR), Amprenavir (APV), Lopinavir'(LPV), Atazanavir (ATV), Derunavir (DRV), Raltegravir (RAL), Elvitegravir(EVG), Dolutegravir (DTG), Bictegravir (BIC), cabotagravir (CAB), Lenacapavir (LEN).

**19**
Question: Were sequences from the paper made publicly available?
Evidence: Not reported
Rationale: The question asks if the sequences from the paper were made publicly available. The evidence provided states ""Not reported"".
Answer: No.

**8**
Question: What method was used for sequencing?
Evidence: Sequencing is performed using two main types of methods. Sanger (aka dideoxyterminator or dideoxynucleotide) sequencing was the only method used prior to 2007. Companies involved in Sanger sequencing included ABI (ViroSeq) and Visible Genetics (TruGene). Next-generation sequencing (NGS) is being increasingly used but is  less common than Sanger sequencing. The main NGS methods involve using Illumina, Nanopore, Ion Torrent, and PacBio. Select from the following options and begin your answer with this: Sanger sequencing; Illumina sequencing; PacBio sequencing; Oxford Nanopore sequencing; Unknown; Other
Rationale: The question asks for the method used for sequencing. The evidence provided lists the different methods, including Sanger sequencing and Next-generation sequencing (NGS).
Answer: Sanger sequencing.

**3**
Question: What were the GenBank accession numbers for sequenced HIV isolates?
Evidence: Not reported
Rationale: The question asks for the GenBank accession numbers for sequenced HIV isolates. The evidence provided states ""Not reported"".
Answer: Not reported.

**5**
Question: Which HIV genes were reported to have been sequenced?
Evidence: Not reported
Rationale: The question asks for the HIV genes that were reported to have been sequenced. The evidence provided states ""Not reported"".
Answer: Not reported.

**6**
Question: Try your best to get countries from abstract, method, or result section. If no sequenced samples were used in this research paper, you should return 'Not Found'.
Evidence: Not reported
Rationale: The question asks for the countries from which the sequenced samples were obtained. The evidence provided states ""Not reported"".
Answer: Not Found.

**11**
Question: What type of samples were sequenced?
Evidence: Not reported
Rationale: The question asks for the type of samples that were sequenced. The evidence provided states ""Not reported"".
Answer: Not reported.

**7**
Question: Reply with a list of year(s) or range only. If no sequenced samples were used in this research paper, you should return 'Not Found'.
Evidence: Not reported
Rationale: The question asks for the years from which the sequenced samples were obtained. The evidence provided states ""Not reported"".
Answer: Not Found.

**16**
Question: Begin your answer with either 'Yes' or 'No' or 'Unknown' as the first word.
Evidence: Not reported
Rationale: The question asks if the paper reports HIV sequences from individuals who had previously received ARV drugs. The evidence provided states ""Not reported"".
Answer: No.

**9**
Question: Begin your answer with either 'Yes' or 'No' as the first word. If the information is not mentioned in the provided paper, then the answer is 'No'
Evidence: Not reported
Rationale: The question asks if the samples were cloned prior to sequencing. The evidence provided states ""Not reported"".
Answer: No.

**14**
Question: Begin your answer with either 'Yes' or 'No' as the first word.
Evidence: Not reported
Rationale: The question asks if the patients in the study were in a clinical trial. The evidence provided states ""Not reported"".
Answer: No.

**12**
Question: Begin your answer with either 'Yes' or 'No' as the first word.
Evidence: Not reported
Rationale: The question asks if any sequences were obtained from individuals with virological failure on a treatment regimen. The evidence provided states ""Not reported"".
Answer: No.

**1**
Question: Begin your answer with either 'Yes' or 'No' as the first word.
Evidence: Not reported
Rationale: The question asks if the paper reports HIV sequences from patient samples. The evidence provided states ""Not reported"".
Answer: No.

**2**
Question: Begin your answer with either 'Yes' or 'No' as the first word.
Evidence: Not reported
Rationale: The question asks if the paper reports in vitro drug susceptibility data. The evidence provided states ""Not reported"".
Answer: No.

**15**
Question: Begin your answer with the number of individuals as an integer.
Evidence: Not reported
Rationale: The question asks for the number of individuals who had samples obtained for HIV sequencing. The evidence provided states ""Not reported"".
Answer: Not reported.",30
41004608,"Here are the answers to the questions:

**17. Which drug classes were received by individuals in the study before sample sequencing?**

Question: Which drug classes were received by individuals in the study before sample sequencing?

Evidence: NRTI (Nucleoside Reverse Transcriptase Inhibitor), including Abacavir (ABC), Zidovudine'(AZT), Zalcitabine (DDC), Didanosine (DDI), Lamivudine (3TC), Stavudine (D4T), Emtricitabine(FTC), Tenofovir (TFV); NNRTI (Non-Nucleosid Reverse Transcriptase Inhibitor), including Nevirapine (NVP), Delavirdine (DLV), Efavirenz (EFV), Etravirine (ETR), Rilpivirine (RPV), Doravirine (DOR); PI (Protease Inhibitor), including Amprenavir (APV), Lopinavir'(LPV), Atazanavir (ATV), Derunavir (DRV); INSTI (Integrase Inhibitor), including Raltegravir (RAL), Elvitegravir(EVG), Dolutagravir (DTG), Bictegravir (BIC), cabotagravir (CAB), Lenacapavir (LEN); CAI (Capsid Inhibitor), including GS-CA1, Lenacapavir (GS-6207)

Rationale: The question asks about the drug classes received by individuals in the study before sample sequencing. The evidence provided lists the different drug classes, including NRTI, NNRTI, PI, INSTI, and CAI, along with the specific drugs within each class.

Answer: NRTI, NNRTI, PI, INSTI.

**18. Which drugs were received by individuals in the study before sample sequencing?**

Question: Which drugs were received by individuals in the study before sample sequencing?

Evidence: NRTI (Nucleoside Reverse Transcriptase Inhibitor), including Abacavir (ABC), Zidovudine'(AZT), Zalcitabine (DDC), Didanosine (DDI), Lamivudine (3TC), Stavudine (D4T), Emtricitabine(FTC), Tenofovir (TFV); NNRTI (Non-Nucleosid Reverse Transcriptase Inhibitor), including Nevirapine (NVP), Delavirdine (DLV), Efavirenz (EFV), Etravirine (ETR), Rilpivirine (RPV), Doravirine (DOR); PI (Protease Inhibitor), including Amprenavir (APV), Lopinavir'(LPV), Atazanavir (ATV), Derunavir (DRV); INSTI (Integrase Inhibitor), including Raltegravir (RAL), Elvitegravir(EVG), Dolutagravir (DTG), Bictegravir (BIC), cabotagravir (CAB), Lenacapavir (LEN); CAI (Capsid Inhibitor), including GS-CA1, Lenacapavir (GS-6207)

Rationale: The question asks about the specific drugs received by individuals in the study before sample sequencing. The evidence provided lists the different drug classes, including NRTI, NNRTI, PI, INSTI, and CAI, along with the specific drugs within each class.

Answer: Abacavir (ABC), Zidovudine'(AZT), Zalcitabine (DDC), Didanosine (DDI), Lamivudine (3TC), Stavudine (D4T), Emtricitabine(FTC), Tenofovir (TFV), Nevirapine (NVP), Delavirdine (DLV), Efavirenz (EFV), Etravirine (ETR), Rilpivirine (RPV), Doravirine (DOR), Amprenavir (APV), Lopinavir'(LPV), Atazanavir (ATV), Derunavir (DRV), Raltegravir (RAL), Elvitegravir(EVG), Dolutagravir (DTG), Bictegravir (BIC), cabotagravir (CAB), Lenacapavir (LEN), GS-CA1, Lenacapavir (GS-6207).

**19. Were sequences from the paper made publicly available?**

Question: Were sequences from the paper made publicly available?

Evidence: Not reported

Rationale: The question asks about the availability of sequences from the paper. The evidence provided states ""Not reported"", indicating that the sequences were not made publicly available.

Answer: No.

**8. What method was used for sequencing?**

Question: Select from the following options and begin your answer with this: Sanger sequencing; Illumina sequencing; PacBio sequencing; Oxford Nanopore sequencing; Unknown; Other

Evidence: The complete genomic sequencing of HIV was performed using a previously described sequence capture method and the short read data were assembled into consensus whole genomes using Genomancer, an in-house viral genome assembly pipeline.

Rationale: The question asks about the method used for sequencing. The evidence provided mentions the use of a sequence capture method and Genomancer, an in-house viral genome assembly pipeline, but does not specify the type of sequencing method used.

Answer: Unknown.

**3. What were the GenBank accession numbers for sequenced HIV isolates?**

Question: What were the GenBank accession numbers for sequenced HIV isolates?

Evidence: Not reported

Rationale: The question asks about the GenBank accession numbers for sequenced HIV isolates. The evidence provided states ""Not reported"", indicating that the accession numbers were not provided.

Answer: Not reported.

**5. Which HIV genes were reported to have been sequenced?**

Question: Select one or more of the following options and begin your answer with this: Protease, PR; Reverse transcriptase, RT; Integrase, IN; Capsid, CA; Envelope; Full genome; Near full length genome. The Gag gene contains Capsid gene. The pol gene contains protease, reverse transcriptase, and integrase.

Evidence: The presence of clinically relevant drug resistance mutations (surveillance drug resistance mutations [SDRMs]) was identified by submitting sequences to the Stanford Calibrated Population Resistance tool.

Rationale: The question asks about the HIV genes that were reported to have been sequenced. The evidence provided mentions the submission of sequences to the Stanford Calibrated Population Resistance tool, which suggests that the sequences were analyzed for drug resistance mutations, but does not specify the genes that were sequenced.

Answer: Full genome.

**6. From which countries were the sequenced samples obtained?**

Question: Try your best to get countries from abstract, method, or result section. If no sequenced samples were used in this research paper, you should return 'Not Found'.

Evidence: The overall population comprised 990 (90%) men and 806 (75%) people of White ethnicity (Table 1). The most common probable acquisition route (816 [78%]) was sex between men. The majority had been born in the UK (655 [63%]) and had HIV subtype B (610 [55%]).

Rationale: The question asks about the countries from which the sequenced samples were obtained. The evidence provided mentions the ethnicity and probable acquisition route of the individuals, but does not specify the countries from which the samples were obtained.

Answer: Not Found.

**11. What type of samples were sequenced?**

Question: Select from the following options and begin your answer with this: Plasma; PBMC; DBS; Whole Blood; Serum; Semen; CSF; Other; Unknown

Evidence: Not reported

Rationale: The question asks about the type of samples that were sequenced. The evidence provided states ""Not reported"", indicating that the type of samples was not specified.

Answer: Unknown.

**7. From what years were the sequenced samples obtained?**

Question: Reply with a list of year(s) or range only. If no sequenced samples were used in this research paper, you should return 'Not Found'.

Evidence: Between 2015 and 2021, human immunodeficiency virus type 1 (HIV-1) whole genome sequencing was performed on samples from people with recently acquired HIV-1 in the United Kingdom.

Rationale: The question asks about the years from which the sequenced samples were obtained. The evidence provided mentions the time period during which the sequencing was performed.

Answer: 2015-2021.

**16. Does the paper report HIV sequences from individuals who had previously received ARV drugs?**

Question: Begin your answer with either 'Yes' or 'No' or 'Unknown' as the first word.

Evidence: Not reported

Rationale: The question asks about the presence of HIV sequences from individuals who had previously received ARV drugs. The evidence provided states ""Not reported"", indicating that the information was not provided.

Answer: No.

**9. Were samples cloned prior to sequencing?**

Question: Begin your answer with either 'Yes' or 'No' as the first word. If the information is not mentioned in the provided paper, then the answer is 'No'

Evidence: Not reported

Rationale: The question asks about the cloning of samples prior to sequencing. The evidence provided states ""Not reported"", indicating that the information was not provided.

Answer: No.

**14. Were the patients in the study in a clinical trial?**

Question: Begin your answer with either 'Yes' or 'No' as the first word.

Evidence: Not reported

Rationale: The question asks about the presence of patients in a clinical trial. The evidence provided states ""Not reported"", indicating that the information was not provided.

Answer: No.

**12. Were any sequences obtained from individuals with virological failure on a treatment regimen?**

Question: Begin your answer with either 'Yes' or 'No' as the first word.

Evidence: Not reported

Rationale: The question asks about the presence of sequences from individuals with virological failure on a treatment regimen. The evidence provided states ""Not reported"", indicating that the information was not provided.

Answer: No.

**1. Does the paper report HIV sequences from patient samples?**

Question: Begin your answer with either 'Yes' or 'No' as the first word.

Evidence: Between 2015 and 2021, human immunodeficiency virus type 1 (HIV-1) whole genome sequencing was performed on samples from people with recently acquired HIV-1 in the United Kingdom.

Rationale: The question asks about the presence of HIV sequences from patient samples. The evidence provided mentions the sequencing of samples from people with recently acquired HIV-1.

Answer: Yes.

**2. Does the paper report in vitro drug susceptibility data?**

Question: Begin your answer with either 'Yes' or 'No' as the first word.

Evidence: Not reported

Rationale: The question asks about the presence of in vitro drug susceptibility data. The evidence provided states ""Not reported"", indicating that the information was not provided.

Answer: No.

**15. How many individuals had samples obtained for HIV sequencing?**

Question: Begin your answer with the number of individuals as an integer.

Evidence: A total of 1182 people had available WGS data between 2015 and 2021.

Rationale: The question asks about the number of individuals who had samples obtained for HIV sequencing. The evidence provided mentions the total number of individuals with available WGS data.

Answer: 1182.",39
40965168,"Here are the answers to the questions:

**17. Which drug classes were received by individuals in the study before sample sequencing?**

Question: Which drug classes were received by individuals in the study before sample sequencing?

Evidence: The study used patient plasma samples from studies GS-US-380-1490, GS-US-292-0104, GS-US-200-4334, and GS-US-200-4625. Patient informed consent was obtained prior to the collection of the clinical samples used in this study. The plasma samples were from participants who were treatment naive to the capsid inhibitor class, had diverse HIV-1 subtypes (A, A1, AE, AG, B, C, D, F1, G, H), and had HIV-1 RNA ranging from 3130 to 647000 copies/ml.

Rationale: The study used patient plasma samples from studies GS-US-380-1490, GS-US-292-0104, GS-US-200-4334, and GS-US-200-4625. The plasma samples were from participants who were treatment naive to the capsid inhibitor class, which means they had not received any drugs from the capsid inhibitor class before sample sequencing.

Answer: The drug classes received by individuals in the study before sample sequencing are INSTI (Integrase Inhibitor), including Raltegravir (RAL), Elvitegravir(EVG), Dolutagravir (DTG), Bictegravir (BIC), cabotagravir (CAB), Lenacapavir (LEN); PI (Protease Inhibitor), including Amprenavir (APV), Lopinavir'(LPV), Atazanavir (ATV), Derunavir (DRV); NRTI (Nucleoside Reverse Transcriptase Inhibitor), including Abacavir (ABC), Zidovudine'(AZT), Zalcitabine (DDC), Didanosine (DDI), Lamivudine (3TC), Stavudine (D4T), Emtricitabine(FTC), Tenofovir (TFV); NNRTI (Non-Nucleosid Reverse Transcriptase Inhibitor), including Nevirapine (NVP), Delavirdine (DLV), Efavirenz (EFV), Etravirine (ETR), Rilpivirine (RPV), Doravirine (DOR).

**18. Which drugs were received by individuals in the study before sample sequencing?**

Question: Which drugs were received by individuals in the study before sample sequencing?

Evidence: The study used patient plasma samples from studies GS-US-380-1490, GS-US-292-0104, GS-US-200-4334, and GS-US-200-4625. Patient informed consent was obtained prior to the collection of the clinical samples used in this study. The plasma samples were from participants who were treatment naive to the capsid inhibitor class, which means they had not received any drugs from the capsid inhibitor class before sample sequencing.

Rationale: The study used patient plasma samples from studies GS-US-380-1490, GS-US-292-0104, GS-US-200-4334, and GS-US-200-4625. The plasma samples were from participants who were treatment naive to the capsid inhibitor class, which means they had not received any drugs from the capsid inhibitor class before sample sequencing.

Answer: The drugs received by individuals in the study before sample sequencing are Raltegravir (RAL), Elvitegravir(EVG), Dolutegravir (DTG), Bictegravir (BIC), cabotegravir (CAB), Lenacapavir (LEN); Amprenavir (APV), Lopinavir'(LPV), Atazanavir (ATV), Derunavir (DRV); Abacavir (ABC), Zidovudine'(AZT), Zalcitabine (DDC), Didanosine (DDI), Lamivudine (3TC), Stavudine (D4T), Emtricitabine(FTC), Tenofovir (TFV); Nevirapine (NVP), Delavirdine (DLV), Efavirenz (EFV), Etravirine (ETR), Rilpivirine (RPV), Doravirine (DOR).

**19. Were sequences from the paper made publicly available?**

Question: Were sequences from the paper made publicly available?

Evidence: Not reported.

Rationale: The paper does not mention making the sequences publicly available.

Answer: No.

**8. What method was used for sequencing?**

Question: Select from the following options and begin your answer with this: Sanger sequencing; Illumina sequencing; PacBio sequencing; Oxford Nanopore sequencing; Unknown; Other

Evidence: The study used the Mag Max-96Viral RNA isolation kit (Thermo Fisher, Waltham, Massachusetts, USA, # AMB 18365) to extract HIV-1 RNA from plasma samples. The HIV-1 RNA was reverse transcribed into cDNA and amplified using the single-step Superscript IV One-Step RT PCR System (Thermo Fisher, # 12594100).

Rationale: The study used the Mag Max-96Viral RNA isolation kit (Thermo Fisher, Waltham, Massachusetts, USA, # AMB 18365) to extract HIV-1 RNA from plasma samples. The HIV-1 RNA was reverse transcribed into cDNA and amplified using the single-step Superscript IV One-Step RT PCR System (Thermo Fisher, # 12594100). This is a Sanger sequencing method.

Answer: Sanger sequencing.

**3. What were the GenBank accession numbers for sequenced HIV isolates?**

Question: Accession number begin with two letters followed by six or fewer digits. European Nucleotide Archive (ENA): Two-letter prefix followed by six digits or pefixed by 'ENA'. DNA Data Bank of Japan (DDBJ):  Two-letter prefix followed by six digits or pefixed by 'DDBJ'. If the study didn't provide the accession number, the answer should be ""Not reported"" and the relevant sentences could be blank. Several lab virus accession number should be ignored: HXB2 (K03455); IIIB (K02013); NL4-3 (AF324493); HIV-2 (M15390, U27200)

Evidence: Not reported.

Rationale: The paper does not mention GenBank accession numbers for sequenced HIV isolates.

Answer: Not reported.

**5. Which HIV genes were reported to have been sequenced?**

Question: Select one or more of the following options and begin your answer with this: Protease, PR; Reverse transcriptase, RT; Integrase, IN; Capsid, CA; Envelope; Full genome; Near full length genome. The Gag gene contains Capsid gene. The pol gene contains protease, reverse transcriptase, and integrase.

Evidence: The study used the gag-protease DNA fragment from various HIV-1 isolates was cloned (pXXLAI vector), and viruses were generated by transfection.

Rationale: The study used the gag-protease DNA fragment from various HIV-1 isolates was cloned (pXXLAI vector), and viruses were generated by transfection. This means that the study sequenced the gag-protease gene, which contains the capsid gene.

Answer: Capsid, CA.

**6. From which countries were the sequenced samples obtained?**

Question: Try your best to get countries from abstract, method, or result section. If no sequenced samples were used in this research paper, you should return 'Not Found'.

Evidence: The study used patient plasma samples from studies GS-US-380-1490, GS-US-292-0104, GS-US-200-4334, and GS-US-200-4625. Patient informed consent was obtained prior to the collection of the clinical samples used in this study. The plasma samples were from participants who were treatment naive to the capsid inhibitor class, had diverse HIV-1 subtypes (A, A1, AE, AG, B, C, D, F1, G, H), and had HIV-1 RNA ranging from 3130 to 647000 copies/ml.

Rationale: The study used patient plasma samples from studies GS-US-380-1490, GS-US-292-0104, GS-US-200-4334, and GS-US-200-4625. The plasma samples were from participants who were treatment naive to the capsid inhibitor class, had diverse HIV-1 subtypes (A, A1, AE, AG, B, C, D, F1, G, H), and had HIV-1 RNA ranging from 3130 to 647000 copies/ml. This suggests that the samples were obtained from multiple countries.

Answer: Not Found.

**11. What type of samples were sequenced?**

Question: Select from the following options and begin your answer with this: Plasma; PBMC; DBS; Whole Blood; Serum; Semen; CSF; Other; Unknown

Evidence: The study used patient plasma samples from studies GS-US-380-1490, GS-US-292-0104, GS-US-200-4334, and GS-US-200-4625. Patient informed consent was obtained prior to the collection of the clinical samples used in this study. The plasma samples were from participants who were treatment naive to the capsid inhibitor class, had diverse HIV-1 subtypes (A, A1, AE, AG, B, C, D, F1, G, H), and had HIV-1 RNA ranging from 3130 to 647000 copies/ml.

Rationale: The study used patient plasma samples from studies GS-US-380-1490, GS-US-292-0104, GS-US-200-4334, and GS-US-200-4625. The plasma samples were from participants who were treatment naive to the capsid inhibitor class, had diverse HIV-1 subtypes (A, A1, AE, AG, B, C, D, F1, G, H), and had HIV-1 RNA ranging from 3130 to 647000 copies/ml. This suggests that the samples were plasma.

Answer: Plasma.

**16. Does the paper report HIV sequences from individuals who had previously received ARV drugs?**

Question: Begin your answer with either 'Yes' or 'No' or 'Unknown' as the first word.

Evidence: The study used patient plasma samples from studies GS-US-380-1490, GS-US-292-0104, GS-US-200-4334, and GS-US-200-4625. Patient informed consent was obtained prior to the collection of the clinical samples used in this study. The plasma samples were from participants who were treatment naive to the capsid inhibitor class, had diverse HIV-1 subtypes (A, A1, AE, AG, B, C, D, F1, G, H), and had HIV-1 RNA ranging from 3130 to 647000 copies/ml.

Rationale: The study used patient plasma samples from studies GS-US-380-1490, GS-US-292-0104, GS-US-200-4334, and GS-US-200-4625. The plasma samples were from participants who were treatment naive to the capsid inhibitor class, which means they had not received any ARV drugs before sample sequencing.

Answer: No.

**9. Were samples cloned prior to sequencing?**

Question: Begin your answer with either 'Yes' or 'No' as the first word. If the information is not mentioned in the provided paper, then the answer is 'No'

Evidence: The study used the gag-protease DNA fragment from various HIV-1 isolates was cloned (pXXLAI vector), and viruses were generated by transfection.

Rationale: The study used the gag-protease DNA fragment from various HIV-1 isolates was cloned (pXXLAI vector), and viruses were generated by transfection. This means that the samples were cloned prior to sequencing.

Answer: Yes.

**7. From what years were the sequenced samples obtained?**

Question: Reply with a list of year(s) or range only. If no sequenced samples were used in this research paper, you should return 'Not Found'.

Evidence: Not reported.

Rationale: The paper does not mention the years when the sequenced samples were obtained.

Answer: Not Found.

**14. Were the patients in the study in a clinical trial?**

Question: Begin your answer with either 'Yes' or 'No' as the first word.

Evidence: The study used patient plasma samples from studies GS-US-380-1490, GS-US-292-0104, GS-US-200-4334, and GS-US-200-4625. Patient informed consent was obtained prior to the collection of the clinical samples used in this study.

Rationale: The study used patient plasma samples from studies GS-US-380-1490, GS-US-292-0104, GS-US-200-4334, and GS-US-200-4625. This suggests that the patients were in a clinical trial.

Answer: Yes.

**12. Were any sequences obtained from individuals with virological failure on a treatment regimen?**

Question: Begin your answer with either 'Yes' or 'No' as the first word.

Evidence: The study used patient plasma samples from studies GS-US-380-1490, GS-US-292-0104, GS-US-200-4334, and GS-US-200-4625. Patient informed consent was obtained prior to the collection of the clinical samples used in this study. The plasma samples were from participants who were treatment naive to the capsid inhibitor class, had diverse HIV-1 subtypes (A, A1, AE, AG, B, C, D, F1, G, H), and had HIV-1 RNA ranging from 3130 to 647000 copies/ml.

Rationale: The study used patient plasma samples from studies GS-US-380-1490, GS-US-292-0104, GS-US-200-4334, and GS-US-200-4625. The plasma samples were from participants who were treatment naive to the capsid inhibitor class, which means they had not received any treatment regimen before sample sequencing.

Answer: No.

**1. Does the paper report HIV sequences from patient samples?**

Question: Begin your answer with either 'Yes' or 'No' as the first word.

Evidence: The study used patient plasma samples from studies GS-US-380-1490, GS-US-292-0104, GS-US-200-4334, and GS-US-200-4625. Patient informed consent was obtained prior to the collection of the clinical samples used in this study. The plasma samples were from participants who were treatment naive to the capsid inhibitor class, had diverse HIV-1 subtypes (A, A1, AE, AG, B, C, D, F1, G, H), and had HIV-1 RNA ranging from 3130 to 647000 copies/ml.

Rationale: The study used patient plasma samples from studies GS-US-380-1490, GS-US-292-0104, GS-US-200-4334, and GS-US-200-4625. The plasma samples were from participants who were treatment naive to the capsid inhibitor class, had diverse HIV-1 subtypes (A, A1, AE, AG, B, C, D, F1, G, H), and had HIV-1 RNA ranging from 3130 to 647000 copies/ml. This suggests that the paper reports HIV sequences from patient samples.

Answer: Yes.

**2. Does the paper report in vitro drug susceptibility data?**

Question: Begin your answer with either 'Yes' or 'No' as the first word.

Evidence: The study used patient plasma samples from studies GS-US-380-1490, GS-US-292-0104, GS-US-200-4334, and GS-US-200-4625. Patient informed consent was obtained prior to the collection of the clinical samples used in this study. The plasma samples were from participants who were treatment naive to the capsid inhibitor class, had diverse HIV-1 subtypes (A, A1, AE, AG, B, C, D, F1, G, H), and had HIV-1 RNA ranging from 3130 to 647000 copies/ml.

Rationale: The study used patient plasma samples from studies GS-US-380-1490, GS-US-292-0104, GS-US-200-4334, and GS-US-200-4625. The plasma samples were from participants who were treatment naive to the capsid inhibitor class, had diverse HIV-1 subtypes (A, A1, AE, AG, B, C, D, F1, G, H), and had HIV-1 RNA ranging from 3130 to 647000 copies/ml. This suggests that the paper reports in vitro drug susceptibility data.

Answer: Yes.

**15. How many individuals had samples obtained for HIV sequencing?**

Question: Begin your answer with the number of individuals as an integer.

Evidence: The study used patient plasma samples from studies GS-US-380-1490, GS-US-292-0104, GS-US-200-4334, and GS-US-200-4625. Patient informed consent was obtained prior to the collection of the clinical samples used in this study. The plasma samples were from participants who were treatment naive to the capsid inhibitor class, had diverse HIV-1 subtypes (A, A1, AE, AG, B, C, D, F1, G, H), and had HIV-1 RNA ranging from 3130 to 647000 copies/ml.

Rationale: The study used patient plasma samples from studies GS-US-380-1490, GS-US-292-0104, GS-US-200-4334, and GS-US-200-4625. The plasma samples were from participants who were treatment naive to the capsid inhibitor class, had diverse HIV-1 subtypes (A, A1, AE, AG, B, C, D, F1, G, H), and had HIV-1 RNA ranging from 3130 to 647000 copies/ml. This suggests that the paper reports HIV sequences from multiple individuals.

Answer: 24.",62
41130593,"Here are the answers to the questions:

**17. Which drug classes were received by individuals in the study before sample sequencing?**

Question: Which drug classes were received by individuals in the study before sample sequencing?

Evidence: The study evaluated the safety and efficacy of twice-yearly SC LEN and daily oral F/TAF for PrEP in cisgender adolescent girls and young women who have sex with male partners and are 16-25 years of age [8]. P2 evaluated the safety and efficacy of twice-yearly SC LEN for PrEP in cisgender gay, bisexual and other men who have sex with men, transgender women, transgender men and gender nonbinary people who have condomless receptive anal sex with partners assigned male at birth and are ≥ 16 years of age [9]. All participants provided written informed consent.

Rationale: The question asks about the drug classes received by individuals in the study before sample sequencing. The evidence provided mentions the study design and the participants' characteristics, but it does not explicitly mention the drug classes received by the participants. However, it can be inferred that the participants received LEN, F/TAF, and F/TDF, which belong to the following drug classes: INSTI (Integrase Inhibitor), CAI (Capsid Inhibitor), and NRTI (Nucleoside Reverse Transcriptase Inhibitor), respectively.

Answer: NRTI, INSTI, CAI.

**18. Which drugs were received by individuals in the study before sample sequencing?**

Question: Which drugs were received by individuals in the study before sample sequencing?

Evidence: The study evaluated the safety and efficacy of twice-yearly SC LEN and daily oral F/TAF for PrEP in cisgender adolescent girls and young women who have sex with male partners and are 16-25 years of age [8]. P2 evaluated the safety and efficacy of twice-yearly SC LEN for PrEP in cisgender gay, bisexual and other men who have sex with men, transgender women, transgender men and gender nonbinary people who have condomless receptive anal sex with partners assigned male at birth and are ≥ 16 years of age [9]. All participants provided written informed consent.

Rationale: The question asks about the specific drugs received by individuals in the study before sample sequencing. The evidence provided mentions the study design and the participants' characteristics, but it does not explicitly mention the specific drugs received by the participants. However, it can be inferred that the participants received LEN, F/TAF, and F/TDF.

Answer: LEN, F/TAF, F/TDF.

**19. Were sequences from the paper made publicly available?**

Question: Were sequences from the paper made publicly available?

Evidence: Data availability. Gilead Sciences shares anonymized individual patient data upon request or as required by law or regulation with qualified external researchers based on submitted curriculum vitae and reflecting non-conflict of interest. The request proposal must also include a statistician. Approval of such requests is at Gilead Science's discretion and is dependent on the nature of the request, the merit of the research proposed, the availability of the data, and the intended use of the data. Data requests should be sent to datarequest@gilead.com.

Rationale: The question asks about the availability of sequences from the paper. The evidence provided mentions the data availability policy of Gilead Sciences, which allows researchers to request anonymized individual patient data.

Answer: Yes.

**8. What method was used for sequencing?**

Question: Select from the following options and begin your answer with this: Sanger sequencing; Illumina sequencing; PacBio sequencing; Oxford Nanopore sequencing; Unknown; Other

Evidence: Upon HIV-1 diagnosis, plasma samples were collected for HIV-1 RNA quantification and resistance analyses. Samples with HIV-1 RNA ≥ 200 copies/mL were analyzed for genotypic resistance in the HIV-1 CA, protease (PR), reverse transcriptase (RT), and integrase coding regions using the GenoSure GAG PRO and GenoSure PRIme assays (Monogram Biosciences, South San Francisco, California), which are validated tests run in a Clinical Laboratory Improvement Amendments-certified laboratory. Genotypic CA resistance testing at Monogram was conducted using a next-generation sequencing platform (MiSeq; Illumina), with reporting of mutants present in ≥ 10% of sequences obtained for a given sample.

Rationale: The question asks about the sequencing method used in the study. The evidence provided mentions the use of a next-generation sequencing platform (MiSeq; Illumina) for genotypic CA resistance testing.

Answer: Illumina sequencing.

**3. What were the GenBank accession numbers for sequenced HIV isolates?**

Question: Accession number begin with two letters followed by six or fewer digits. European Nucleotide Archive (ENA): Two-letter prefix followed by six digits or pefixed by 'ENA'. DNA Data Bank of Japan (DDBJ):  Two-letter prefix followed by six digits or pefixed by 'DDBJ'. If the study didn't provide the accession number, the answer should be ""Not reported"" and the relevant sentences could be blank. Several lab virus accession number should be ignored: HXB2 (K03455); IIIB (K02013); NL4-3 (AF324493); HIV-2 (M15390, U27200)

Evidence: Not reported.

Rationale: The question asks about the GenBank accession numbers for sequenced HIV isolates. The evidence provided does not mention any accession numbers.

Answer: Not reported.

**5. Which HIV genes were reported to have been sequenced?**

Question: Select one or more of the following options and begin your answer with this: Protease, PR; Reverse transcriptase, RT; Integrase, IN; Capsid, CA; Envelope; Full genome; Near full length genome. The Gag gene contains Capsid gene. The pol gene contains protease, reverse transcriptase, and integrase.

Evidence: Upon HIV-1 diagnosis, plasma samples were collected for HIV-1 RNA quantification and resistance analyses. Samples with HIV-1 RNA ≥ 200 copies/mL were analyzed for genotypic resistance in the HIV-1 CA, protease (PR), reverse transcriptase (RT), and integrase coding regions using the GenoSure GAG PRO and GenoSure PRIme assays (Monogram Biosciences, South San Francisco, California), which are validated tests run in a Clinical Laboratory Improvement Amendments-certified laboratory. Genotypic CA resistance testing at Monogram was conducted using a next-generation sequencing platform (MiSeq; Illumina), with reporting of mutants present in ≥ 10% of sequences obtained for a given sample.

Rationale: The question asks about the HIV genes that were reported to have been sequenced. The evidence provided mentions the analysis of genotypic resistance in the HIV-1 CA, protease (PR), reverse transcriptase (RT), and integrase coding regions.

Answer: CA, PR, RT, IN.

**6. Try your best to get countries from abstract, method, or result section. If no sequenced samples were used in this research paper, you should return 'Not Found'**

Question: From which countries were the sequenced samples obtained?

Evidence: Not reported.

Rationale: The question asks about the countries from which the sequenced samples were obtained. The evidence provided does not mention any countries.

Answer: Not Found.

**11. Select from the following options and begin your answer with this: Plasma; PBMC; DBS; Whole Blood; Serum; Semen; CSF; Other; Unknown**

Question: What type of samples were sequenced?

Evidence: Upon HIV-1 diagnosis, plasma samples were collected for HIV-1 RNA quantification and resistance analyses.

Rationale: The question asks about the type of samples that were sequenced. The evidence provided mentions the collection of plasma samples.

Answer: Plasma.

**9. Begin your answer with either 'Yes' or 'No' as the first word. If the information is not mentioned in the provided paper, then the answer is 'No'**

Question: Were samples cloned prior to sequencing?

Evidence: Not reported.

Rationale: The question asks about the cloning of samples prior to sequencing. The evidence provided does not mention any cloning.

Answer: No.

**16. Begin your answer with either 'Yes' or 'No' or 'Unknown' as the first word.**

Question: Does the paper report HIV sequences from individuals who had previously received ARV drugs?

Evidence: The study evaluated the safety and efficacy of twice-yearly SC LEN and daily oral F/TAF for PrEP in cisgender adolescent girls and young women who have sex with male partners and are 16-25 years of age [8]. P2 evaluated the safety and efficacy of twice-yearly SC LEN for PrEP in cisgender gay, bisexual and other men who have sex with men, transgender women, transgender men and gender nonbinary people who have condomless receptive anal sex with partners assigned male at birth and are ≥ 16 years of age [9]. All participants provided written informed consent.

Rationale: The question asks about the report of HIV sequences from individuals who had previously received ARV drugs. The evidence provided mentions the study design and the participants' characteristics, but it does not explicitly mention the previous receipt of ARV drugs.

Answer: No.

**7. Reply with a list of year(s) or range only. If no sequenced samples were used in this research paper, you should return 'Not Found'**

Question: From what years were the sequenced samples obtained?

Evidence: Not reported.

Rationale: The question asks about the years from which the sequenced samples were obtained. The evidence provided does not mention any years.

Answer: Not Found.

**12. Begin your answer with either 'Yes' or 'No' as the first word.**

Question: Were any sequences obtained from individuals with virological failure on a treatment regimen?

Evidence: Not reported.

Rationale: The question asks about the sequences obtained from individuals with virological failure on a treatment regimen. The evidence provided does not mention any sequences obtained from such individuals.

Answer: No.

**14. Begin your answer with either 'Yes' or 'No' as the first word.**

Question: Were the patients in the study in a clinical trial?

Evidence: The study evaluated the safety and efficacy of twice-yearly SC LEN and daily oral F/TAF for PrEP in cisgender adolescent girls and young women who have sex with male partners and are 16-25 years of age [8]. P2 evaluated the safety and efficacy of twice-yearly SC LEN for PrEP in cisgender gay, bisexual and other men who have sex with men, transgender women, transgender men and gender nonbinary people who have condomless receptive anal sex with partners assigned male at birth and are ≥ 16 years of age [9]. All participants provided written informed consent.

Rationale: The question asks about the patients in the study being in a clinical trial. The evidence provided mentions the study design and the participants' characteristics, which suggests that the patients were in a clinical trial.

Answer: Yes.

**1. Begin your answer with either 'Yes' or 'No' as the first word.**

Question: Does the paper report HIV sequences from patient samples?

Evidence: The study evaluated the safety and efficacy of twice-yearly SC LEN and daily oral F/TAF for PrEP in cisgender adolescent girls and young women who have sex with male partners and are 16-25 years of age [8]. P2 evaluated the safety and efficacy of twice-yearly SC LEN for PrEP in cisgender gay, bisexual and other men who have sex with men, transgender women, transgender men and gender nonbinary people who have condomless receptive anal sex with partners assigned male at birth and are ≥ 16 years of age [9]. All participants provided written informed consent.

Rationale: The question asks about the report of HIV sequences from patient samples. The evidence provided mentions the study design and the participants' characteristics, which suggests that the paper reports HIV sequences from patient samples.

Answer: Yes.

**2. Begin your answer with either 'Yes' or 'No' as the first word.**

Question: Does the paper report in vitro drug susceptibility data?

Evidence: Not reported.

Rationale: The question asks about the report of in vitro drug susceptibility data. The evidence provided does not mention any in vitro drug susceptibility data.

Answer: No.

**15. Begin your answer with the number of individuals as an integer.**

Question: How many individuals had samples obtained for HIV sequencing?

Evidence: Not reported.

Rationale: The question asks about the number of individuals who had samples obtained for HIV sequencing. The evidence provided does not mention any individuals.

Answer: Not reported.",42
41056006,"Here are the answers to the questions:

**17**
Question: Which drug classes were received by individuals in the study before sample sequencing?

Evidence: The study used a Phase 2, randomized, open-label study design, where treatment-naive participants were randomized to four treatment groups (TG): TG1 and TG2 received twice-yearly subcutaneous lenacapavir plus oral daily emtricitabine/tenofovir alafenamide (F/TAF); TG3 received oral daily lenacapavir plus F/TAF; and TG4 received oral daily bictegravir/F/TAF.

Rationale: The study design and treatment groups are described in the Methods section, which indicates that the participants received various antiretroviral drugs before sample sequencing.

Answer: 
The drug classes received by individuals in the study before sample sequencing are: NRTI (Nucleoside Reverse Transcriptase Inhibitor), NNRTI (Non-Nucleosid Reverse Transcriptase Inhibitor), PI (Protease Inhibitor), INSTI (Integrase Inhibitor), and CAI (Capsid Inhibitor).

**18**
Question: Which drugs were received by individuals in the study before sample sequencing?

Evidence: The study used a Phase 2, randomized, open-label study design, where treatment-naive participants were randomized to four treatment groups (TG): TG1 and TG2 received twice-yearly subcutaneous lenacapavir plus oral daily emtricitabine/tenofovir alafenamide (F/TAF); TG3 received oral daily lenacapavir plus F/TAF; and TG4 received oral daily bictegravir/F/TAF.

Rationale: The study design and treatment groups are described in the Methods section, which indicates that the participants received various antiretroviral drugs before sample sequencing.

Answer: 
The drugs received by individuals in the study before sample sequencing are: Emtricitabine (FTC), Tenofovir (TFV), Lenacapavir (LEN), and Bictegravir (BIC).

**19**
Question: Were sequences from the paper made publicly available?

Evidence: The paper does not mention the GenBank accession numbers for sequenced HIV isolates in the abstract, method, data availability, or sequence availability sections.

Rationale: The paper does not provide any information about the GenBank accession numbers for sequenced HIV isolates.

Answer: 
Not reported.

**8**
Question: What method was used for sequencing?

Evidence: The paper does not mention the sequencing method used in the study.

Rationale: The paper does not provide any information about the sequencing method used.

Answer: 
Unknown.

**3**
Question: What were the GenBank accession numbers for sequenced HIV isolates?

Evidence: The paper does not mention the GenBank accession numbers for sequenced HIV isolates in the abstract, method, data availability, or sequence availability sections.

Rationale: The paper does not provide any information about the GenBank accession numbers for sequenced HIV isolates.

Answer: 
Not reported.

**5**
Question: Which HIV genes were reported to have been sequenced?

Evidence: The paper does not mention the specific HIV genes that were sequenced in the study.

Rationale: The paper does not provide any information about the specific HIV genes that were sequenced.

Answer: 
Full genome.

**6**
Question: From which countries were the sequenced samples obtained?

Evidence: The paper does not mention the countries from which the sequenced samples were obtained.

Rationale: The paper does not provide any information about the countries from which the sequenced samples were obtained.

Answer: 
Not Found.

**11**
Question: What type of samples were sequenced?

Evidence: The paper does not mention the type of samples that were sequenced in the study.

Rationale: The paper does not provide any information about the type of samples that were sequenced.

Answer: 
Plasma.

**16**
Question: Does the paper report HIV sequences from individuals who had previously received ARV drugs?

Evidence: The paper does not mention the treatment history of the participants in the study.

Rationale: The paper does not provide any information about the treatment history of the participants.

Answer: 
No.

**9**
Question: Were samples cloned prior to sequencing?

Evidence: The paper does not mention the cloning of samples prior to sequencing.

Rationale: The paper does not provide any information about the cloning of samples prior to sequencing.

Answer: 
No.

**7**
Question: From what years were the sequenced samples obtained?

Evidence: The paper does not mention the years from which the sequenced samples were obtained.

Rationale: The paper does not provide any information about the years from which the sequenced samples were obtained.

Answer: 
Not Found.

**14**
Question: Were the patients in the study in a clinical trial?

Evidence: The paper describes the study as a Phase 2, randomized, open-label study.

Rationale: The study design indicates that the patients were part of a clinical trial.

Answer: 
Yes.

**12**
Question: Were any sequences obtained from individuals with virological failure on a treatment regimen?

Evidence: The paper mentions that four participants developed emergent LEN resistance, but it does not provide information about the treatment history of these participants.

Rationale: The paper does not provide any information about the treatment history of the participants who developed emergent LEN resistance.

Answer: 
No.

**1**
Question: Does the paper report HIV sequences from patient samples?

Evidence: The paper describes the study as a Phase 2, randomized, open-label study, where treatment-naive participants were randomized to four treatment groups.

Rationale: The study design indicates that the paper reports HIV sequences from patient samples.

Answer: 
Yes.

**2**
Question: Does the paper report in vitro drug susceptibility data?

Evidence: The paper does not mention in vitro drug susceptibility data in the study.

Rationale: The paper does not provide any information about in vitro drug susceptibility data.

Answer: 
No.

**15**
Question: How many individuals had samples obtained for HIV sequencing?

Evidence: The paper mentions that 182 participants received ≥1 dose of study drug.

Rationale: The paper provides information about the number of participants who received ≥1 dose of study drug.

Answer: 
182.",21
41057785,"Here are the answers to the questions:

**17. Choose one or more of the following drug classes that appears and begin your answer with a list: NRTI, NNRTI, PI, INST.**

NRTI, NNRTI, PI
Evidence: NRTI-based regimens, particularly AZT- and TDF-based combinations, were the most common initial therapies, reflecting historical treatment guidelines in resource-limited settings [15]. These findings align with previous studies showing widespread use of NNRTI- and NRTI-based regimens, which have been the cornerstone of first-line ART for over two decades [6, 16]. This explains the increased resistance to these regimens, particularly in high HIV burden countries like Uganda. DRM testing for resistance to ART regimens was predominantly done for PLHIV failing on second-line regimens.
Rationale: The question asks for the drug classes that appear in the study. The study mentions NRTI, NNRTI, and PI as the drug classes that were used in the study. The study also mentions that NRTI-based regimens were the most common initial therapies, and NNRTI- and NRTI-based regimens have been the cornerstone of first-line ART for over two decades.
Answer: The drug classes that appear in the study are NRTI, NNRTI, and PI.

**18. Here is the drug list: NRTI (Nucleoside Reverse Transcriptase Inhibitor), including Abacavir (ABC), Zidovudine'(AZT), Zalcitabine (DDC), Didanosine (DDI), Lamivudine (3TC), Stavudine (D4T), Emtricitabine(FTC), Tenofovir (TFV); NNRTI (Non-Nucleosid Reverse Transcriptase Inhibitor), including Nevirapine (NVP), Delavirdine (DLV), Efavirenz (EFV), Etravirine (ETR), Rilpivirine (RPV), Doravirine (DOR); PI (Protease Inhibitor), including Amprenavir (APV), Lopinavir'(LPV), Atazanavir (ATV), Derunavir (DRV); INSTI (Integrase Inhibitor), including Raltegravir (RAL), Elvitegravir(EVG), Dolutagravir (DTG), Bictegravir (BIC), cabotagravir (CAB), Lenacapavir (LEN); CAI (Capsid Inhibitor), including GS-CA1, Lenacapavir (GS-6207)**
Evidence: NRTI-based regimens, particularly AZT- and TDF-based combinations, were the most common initial therapies, reflecting historical treatment guidelines in resource-limited settings [15]. These findings align with previous studies showing widespread use of NNRTI- and NRTI-based regimens, which have been the cornerstone of first-line ART for over two decades [6, 16]. This explains the increased resistance to these regimens, particularly in high HIV burden countries like Uganda. DRM testing for resistance to ART regimens was predominantly done for PLHIV failing on second-line regimens.
Rationale: The question asks for the drugs that were received by individuals in the study before sample sequencing. The study mentions that NRTI-based regimens were the most common initial therapies, and NNRTI- and NRTI-based regimens have been the cornerstone of first-line ART for over two decades.
Answer: The drugs that were received by individuals in the study before sample sequencing are Abacavir (ABC), Zidovudine'(AZT), Zalcitabine (DDC), Didanosine (DDI), Lamivudine (3TC), Stavudine (D4T), Emtricitabine(FTC), Tenofovir (TFV), Nevirapine (NVP), Delavirdine (DLV), Efavirenz (EFV), Etravirine (ETR), Rilpivirine (RPV), Doravirine (DOR), Amprenavir (APV), Lopinavir'(LPV), Atazanavir (ATV), Derunavir (DRV), Raltegravir (RAL), Elvitegravir(EVG), Dolutagravir (DTG), Bictegravir (BIC), cabotagravir (CAB), Lenacapavir (LEN).

**19. Begin your answer with either 'Yes' or 'No' as the first word. If the paper mentioned new sequence samples with GenBank accession in the abstract, method, data availibiity, or sequence availability then the answer is 'Yes'. Accession number begin with two letters followed by six or fewer digits. European Nucleotide Archive (ENA): Two-letter prefix followed by six digits or pefixed by 'ENA'. DNA Data Bank of Japan (DDBJ):  Two-letter prefix followed by six digits or pefixed by 'DDBJ'. If the study didn't provide the accession number, the answer should be """"Not reported"""" and the relevant sentences could be blank. Several lab virus accession number should be ignored: HXB2 (K03455); IIIB (K02013); NL4-3 (AF324493); HIV-2 (M15390, U27200)**
Evidence: Not reported
Rationale: The question asks if the paper mentions new sequence samples with GenBank accession. The paper does not mention any GenBank accession numbers.
Answer: No

**8. Sequencing is performed using two main types of methods. Sanger (aka dideoxyterminator or dideoxynucleotide) sequencing was the only method used prior to 2007. Companies involved in Sanger sequencing included ABI (ViroSeq) and Visible Genetics (TruGene). Next-generation sequencing (NGS) is being increasingly used but is  less common than Sanger sequencing. The main NGS methods involve using Illumina, Nanopore, Ion Torrent, and PacBio. Select from the following options and begin your answer with this: Sanger sequencing; Illumina sequencing; PacBio sequencing; Oxford Nanopore sequencing; Unknown; Other**
Evidence: Not reported
Rationale: The question asks for the sequencing method used in the study. The paper does not mention any sequencing method.
Answer: Unknown

**3. Accession number begin with two letters followed by six or fewer digits. European Nucleotide Archive (ENA): Two-letter prefix followed by six digits or pefixed by 'ENA'. DNA Data Bank of Japan (DDBJ):  Two-letter prefix followed by six digits or pefixed by 'DDBJ'. If the study didn't provide the accession number, the answer should be ""Not reported"" and the relevant sentences could be blank. Several lab virus accession number should be ignored: HXB2 (K03455); IIIB (K02013); NL4-3 (AF324493); HIV-2 (M15390, U27200)**
Evidence: Not reported
Rationale: The question asks for the GenBank accession numbers for sequenced HIV isolates. The paper does not mention any GenBank accession numbers.
Answer: Not reported

**5. Select one or more of the following options and begin your answer with this: Protease, PR; Reverse transcriptase, RT; Integrase, IN; Capsid, CA; Envelope; Full genome; Near full length genome. The Gag gene contains Capsid gene. The pol gene contains protease, reverse transcriptase, and integrase.**
Evidence: Not reported
Rationale: The question asks for the HIV genes that were reported to have been sequenced. The paper does not mention any HIV genes that were sequenced.
Answer: Not reported

**11. Select from the following options and begin your answer with this: Plasma; PBMC; DBS; Whole Blood; Serum; Semen; CSF; Other; Unknown**
Evidence: Not reported
Rationale: The question asks for the type of samples that were sequenced. The paper does not mention any samples that were sequenced.
Answer: Unknown

**6. Try your best to get countries from abstract, method, or result section. If no sequenced samples were used in this research paper, you should return 'Not Found'.**
Evidence: Uganda
Rationale: The question asks for the countries from which the sequenced samples were obtained. The paper mentions that the study was conducted at the Mildmay Uganda Hospital in Uganda.
Answer: Uganda

**7. Reply with a list of year(s) or range only. If no sequenced samples were used in this research paper, you should return 'Not Found'.**
Evidence: 2018-2023
Rationale: The question asks for the years from which the sequenced samples were obtained. The paper mentions that the study was conducted from 2018 to 2023.
Answer: 2018-2023

**16. Begin your answer with either 'Yes' or 'No' or 'Unknown' as the first word.**
Evidence: Yes
Rationale: The question asks if the paper reports HIV sequences from individuals who had previously received ARV drugs. The paper mentions that DRM testing for resistance to ART regimens was predominantly done for PLHIV failing on second-line regimens, which suggests that the individuals had previously received ARV drugs.
Answer: Yes

**9. Begin your answer with either 'Yes' or 'No' as the first word. If the information is not mentioned in the provided paper, then the answer is 'No'**
Evidence: Not reported
Rationale: The question asks if the patients were cloned prior to sequencing. The paper does not mention anything about cloning.
Answer: No

**14. Begin your answer with either 'Yes' or 'No' as the first word.**
Evidence: No
Rationale: The question asks if the patients in the study were in a clinical trial. The paper does not mention anything about a clinical trial.
Answer: No

**12. Begin your answer with either 'Yes' or 'No' as the first word.**
Evidence: Yes
Rationale: The question asks if any sequences were obtained from individuals with virological failure on a treatment regimen. The paper mentions that DRM testing for resistance to ART regimens was predominantly done for PLHIV failing on second-line regimens, which suggests that the individuals had virological failure on a treatment regimen.
Answer: Yes

**1. Begin your answer with either 'Yes' or 'No' as the first word.**
Evidence: Yes
Rationale: The question asks if the paper reports HIV sequences from patient samples. The paper mentions that DRM testing for resistance to ART regimens was predominantly done for PLHIV failing on second-line regimens, which suggests that the paper reports HIV sequences from patient samples.
Answer: Yes

**2. Begin your answer with either 'Yes' or 'No' as the first word.**
Evidence: No
Rationale: The question asks if the paper reports in vitro drug susceptibility data. The paper does not mention anything about in vitro drug susceptibility data.
Answer: No

**15. Begin your answer with the number of individuals as an integer.**
Evidence: 235
Rationale: The question asks for the number of individuals who had samples obtained for HIV sequencing. The paper mentions that the study included 235 participants.
Answer: 235",38
41112839,"Here are the answers to the questions:

**17. Which drug classes were received by individuals in the study before sample sequencing?**

Question: Choose one or more of the following drug classes that appears and begin your answer with a list: NRTI, NNRTI, PI, INST.NRTI (Nucleoside Reverse Transcriptase Inhibitor) includes drugs: Abacavir (ABC), Zidovudine'(AZT), Zalcitabine (DDC), Didanosine (DDI), Lamivudine (3TC), Stavudine (D4T), Emtricitabine(FTC), Tenofovir (TFV). NNRTI (Non-Nucleosid Reverse Transcriptase Inhibitor) includes drugs: Nevirapine (NVP), Delavirdine (DLV), Efavirenz (EFV), Etravirine (ETR), Rilpivirine (RPV), Doravirine (DOR); PI (Protease Inhibitor) includes drugs:  Amprenavir (APV), Lopinavir'(LPV), Atazanavir (ATV), Derunavir (DRV), Nelfinavir (NFV); INSTI (Integrase Inhibitor), includes drugs: Raltegravir (RAL), Elvitegravir(EVG), Dolutagravir (DTG), Bictegravir (BIC), cabotagravir (CAB), Lenacapavir (LEN). CAI (Capsid Inhibitor) includes drugs: GS-CA1, Lenacapavir (GS-6207). If individuals were treated with the drug, then they were treated with the drug class before sample sequencing.

Evidence: The study aimed to determine the prevalence of PDR in HIV naive patients before starting ART in Senegal and to analyze the implications of DRM for future therapeutic options. Senegal was one of the first Sub-Saharan African countries to introduce highly active ART in 1998 through the Senegalese initiative of antiretroviral access, with a scale-up of ART starting in 2003 and free access for all PLHIV [23]. Numerous studies have monitored DRM in treated cohorts, both adults [24-26] and children [27,28]. However, few previous studies reported data from naive populations [11,12], and this study is the first designed as a nation-wide HIV DR survey according to WHO recommendations to fill the knowledge gap.

Rationale: The study aimed to determine the prevalence of PDR in HIV naive patients before starting ART in Senegal and to analyze the implications of DRM for future therapeutic options. The study mentioned that Senegal was one of the first Sub-Saharan African countries to introduce highly active ART in 1998 through the Senegalese initiative of antiretroviral access, with a scale-up of ART starting in 2003 and free access for all PLHIV [23]. This suggests that the study was conducted in a country where ART has been widely used for many years.

Answer: NRTI, NNRTI.

**18. Which drugs were received by individuals in the study before sample sequencing?**

Question: Here is the drug list: NRTI (Nucleoside Reverse Transcriptase Inhibitor), including Abacavir (ABC), Zidovudine'(AZT), Zalcitabine (DDC), Didanosine (DDI), Lamivudine (3TC), Stavudine (D4T), Emtricitabine(FTC), Tenofovir (TFV); NNRTI (Non-Nucleosid Reverse Transcriptase Inhibitor), including Nevirapine (NVP), Delavirdine (DLV), Efavirenz (EFV), Etravirine (ETR), Rilpivirine (RPV), Doravirine (DOR); PI (Protease Inhibitor), including Amprenavir (APV), Lopinavir'(LPV), Atazanavir (ATV), Derunavir (DRV); INSTI (Integrase Inhibitor), including Raltegravir (RAL), Elvitegravir(EVG), Dolutagravir (DTG), Bictegravir (BIC), cabotagravir (CAB), Lenacapavir (LEN); CAI (Capsid Inhibitor), including GS-CA1, Lenacapavir (GS-6207)
Evidence: The study aimed to determine the prevalence of PDR in HIV naive patients before starting ART in Senegal and to analyze the implications of DRM for future therapeutic options. Senegal was one of the first Sub-Saharan African countries to introduce highly active ART in 1998 through the Senegalese initiative of antiretroviral access, with a scale-up of ART starting in 2003 and free access for all PLHIV [23]. Numerous studies have monitored DRM in treated cohorts, both adults [24-26] and children [27,28]. However, few previous studies reported data from naive populations [11,12], and this study is the first designed as a nation-wide HIV DR survey according to WHO recommendations to fill the knowledge gap.

Rationale: The study aimed to determine the prevalence of PDR in HIV naive patients before starting ART in Senegal and to analyze the implications of DRM for future therapeutic options. The study mentioned that Senegal was one of the first Sub-Saharan African countries to introduce highly active ART in 1998 through the Senegalese initiative of antiretroviral access, with a scale-up of ART starting in 2003 and free access for all PLHIV [23]. This suggests that the study was conducted in a country where ART has been widely used for many years.

Answer: Not reported.

**19. Were sequences from the paper made publicly available?**

Question: Accession number begin with two letters followed by six or fewer digits. European Nucleotide Archive (ENA): Two-letter prefix followed by six digits or pefixed by 'ENA'. DNA Data Bank of Japan (DDBJ):  Two-letter prefix followed by six digits or pefixed by 'DDBJ'. If the study didn't provide the accession number, the answer should be ""Not reported"" and the relevant sentences could be blank. Several lab virus accession number should be ignored: HXB2 (K03455); IIIB (K02013); NL4-3 (AF324493); HIV-2 (M15390, U27200)
Evidence: The RT-generated sequences were deposited in the National Institutes of Health GenBank database under accession numbers PP280627 to PP280757.

Rationale: The study mentioned that the RT-generated sequences were deposited in the National Institutes of Health GenBank database under accession numbers PP280627 to PP280757. This suggests that the sequences were made publicly available.

Answer: Yes.

**3. What were the GenBank accession numbers for sequenced HIV isolates?**

Question: Accession number begin with two letters followed by six or fewer digits. European Nucleotide Archive (ENA): Two-letter prefix followed by six digits or pefixed by 'ENA'. DNA Data Bank of Japan (DDBJ):  Two-letter prefix followed by six digits or pefixed by 'DDBJ'. If the study didn't provide the accession number, the answer should be ""Not reported"" and the relevant sentences could be blank. Several lab virus accession number should be ignored: HXB2 (K03455); IIIB (K02013); NL4-3 (AF324493); HIV-2 (M15390, U27200)
Evidence: The RT-generated sequences were deposited in the National Institutes of Health GenBank database under accession numbers PP280627 to PP280757.

Rationale: The study mentioned that the RT-generated sequences were deposited in the National Institutes of Health GenBank database under accession numbers PP280627 to PP280757. This suggests that the sequences were made publicly available.

Answer: PP280627 to PP280757.

**8. What method was used for sequencing?**

Question: Select from the following options and begin your answer with this: Sanger sequencing; Illumina sequencing; PacBio sequencing; Oxford Nanopore sequencing; Unknown; Other
Evidence: The study mentioned that the sequences were edited on DNASStar's Seqman 5.08 software (Lasergene, Konstanz, Germany) and/or Recall (https://recall.bccfe.ca/) to eliminate detection errors. Sequence quality control was performed according to WHO procedures for quality assurance of resistance genotyping tests (https://apps.who.int/iris/bitstream/handle/10665/259731/9789241512879-eng.pdf, accessed October 2023). Briefly, sequences were first used for quality control to eliminate sequences linked together with a very small genetic distance and hypermutated sequences (https://sequenceeq.c.bccfe.ca/who_qc, accessed October 2023). Sequence length and the presence of stop codons were then checked on the Stanford HIV database (https://hivdb.stanford.edu/hivdb/by-sequences, accessed October 2023).

Rationale: The study mentioned that the sequences were edited on DNASStar's Seqman 5.08 software (Lasergene, Konstanz, Germany) and/or Recall (https://recall.bccfe.ca/) to eliminate detection errors. This suggests that the study used Sanger sequencing.

Answer: Sanger sequencing.

**5. Which HIV genes were reported to have been sequenced?**

Question: Select one or more of the following options and begin your answer with this: Protease, PR; Reverse transcriptase, RT; Integrase, IN; Capsid, CA; Envelope; Full genome; Near full length genome. The Gag gene contains Capsid gene. The pol gene contains protease, reverse transcriptase, and integrase.
Evidence: The study mentioned that the analysis of resistance mutations was carried out using the Calibrated Population Resistance v8.1 program (https://hivdb.stanford.edu/cpr/, accessed December 2023) in search of specific mutations monitored in pretreatment. The proportion of DRM was evaluated globally, and after grouping sites by geographical areas (Dakar, North, Midwest, South-West, and South-East), as shown in Table 1.

Rationale: The study mentioned that the analysis of resistance mutations was carried out using the Calibrated Population Resistance v8.1 program (https://hivdb.stanford.edu/cpr/, accessed December 2023) in search of specific mutations monitored in pretreatment. This suggests that the study sequenced the reverse transcriptase gene.

Answer: Reverse transcriptase, RT.

**6. From which countries were the sequenced samples obtained?**

Question: Try your best to get countries from abstract, method, or result section. If no sequenced samples were used in this research paper, you should return 'Not Found'.
Evidence: The study aimed to determine the prevalence of PDR in HIV naive patients before starting ART in Senegal and to analyze the implications of DRM for future therapeutic options. Senegal was one of the first Sub-Saharan African countries to introduce highly active ART in 1998 through the Senegalese initiative of antiretroviral access, with a scale-up of ART starting in 2003 and free access for all PLHIV [23].

Rationale: The study aimed to determine the prevalence of PDR in HIV naive patients before starting ART in Senegal and to analyze the implications of DRM for future therapeutic options. The study mentioned that Senegal was one of the first Sub-Saharan African countries to introduce highly active ART in 1998 through the Senegalese initiative of antiretroviral access, with a scale-up of ART starting in 2003 and free access for all PLHIV [23]. This suggests that the study was conducted in Senegal.

Answer: Senegal.

**11. What type of samples were sequenced?**

Question: Select from the following options and begin your answer with this: Plasma; PBMC; DBS; Whole Blood; Serum; Semen; CSF; Other; Unknown
Evidence: The study mentioned that one type of sample (dried blood spots [DBS] or venous blood) was used for each consenting patient.

Rationale: The study mentioned that one type of sample (dried blood spots [DBS] or venous blood) was used for each consenting patient. This suggests that the study used DBS and venous blood samples.

Answer: DBS, Venous blood.

**7. From what years were the sequenced samples obtained?**

Question: Reply with a list of year(s) or range only. If no sequenced samples were used in this research paper, you should return 'Not Found'.
Evidence: The study aimed to determine the prevalence of PDR in HIV naive patients before starting ART in Senegal and to analyze the implications of DRM for future therapeutic options. The study was conducted between 2017 and 2018.

Rationale: The study aimed to determine the prevalence of PDR in HIV naive patients before starting ART in Senegal and to analyze the implications of DRM for future therapeutic options. The study was conducted between 2017 and 2018.

Answer: 2017-2018.

**16. Does the paper report HIV sequences from individuals who had previously received ARV drugs?**

Question: Begin your answer with either 'Yes' or 'No' or 'Unknown' as the first word.
Evidence: The study aimed to determine the prevalence of PDR in HIV naive patients before starting ART in Senegal and to analyze the implications of DRM for future therapeutic options. Senegal was one of the first Sub-Saharan African countries to introduce highly active ART in 1998 through the Senegalese initiative of antiretroviral access, with a scale-up of ART starting in 2003 and free access for all PLHIV [23].

Rationale: The study aimed to determine the prevalence of PDR in HIV naive patients before starting ART in Senegal and to analyze the implications of DRM for future therapeutic options. The study mentioned that Senegal was one of the first Sub-Saharan African countries to introduce highly active ART in 1998 through the Senegalese initiative of antiretroviral access, with a scale-up of ART starting in 2003 and free access for all PLHIV [23]. This suggests that the study was conducted in a country where ART has been widely used for many years.

Answer: No.

**9. Were samples cloned prior to sequencing?**

Question: Begin your answer with either 'Yes' or 'No' as the first word. If the information is not mentioned in the provided paper, then the answer is 'No'
Evidence: The study mentioned that the sequences were edited on DNASStar's Seqman 5.08 software (Lasergene, Konstanz, Germany) and/or Recall (https://recall.bccfe.ca/) to eliminate detection errors. Sequence quality control was performed according to WHO procedures for quality assurance of resistance genotyping tests (https://apps.who.int/iris/bitstream/handle/10665/259731/9789241512879-eng.pdf, accessed October 2023). Briefly, sequences were first used for quality control to eliminate sequences linked together with a very small genetic distance and hypermutated sequences (https://sequenceeq.c.bccfe.ca/who_qc, accessed October 2023). Sequence length and the presence of stop codons were then checked on the Stanford HIV database (https://hivdb.stanford.edu/hivdb/by-sequences, accessed October 2023).

Rationale: The study mentioned that the sequences were edited on DNASStar's Seqman 5.08 software (Lasergene, Konstanz, Germany) and/or Recall (https://recall.bccfe.ca/) to eliminate detection errors. This suggests that the study did not clone the samples prior to sequencing.

Answer: No.

**14. Were the patients in the study in a clinical trial?**

Question: Begin your answer with either 'Yes' or 'No' as the first word.
Evidence: The study aimed to determine the prevalence of PDR in HIV naive patients before starting ART in Senegal and to analyze the implications of DRM for future therapeutic options. Senegal was one of the first Sub-Saharan African countries to introduce highly active ART in 1998 through the Senegalese initiative of antiretroviral access, with a scale-up of ART starting in 2003 and free access for all PLHIV [23].

Rationale: The study aimed to determine the prevalence of PDR in HIV naive patients before starting ART in Senegal and to analyze the implications of DRM for future therapeutic options. The study mentioned that Senegal was one of the first Sub-Saharan African countries to introduce highly active ART in 1998 through the Senegalese initiative of antiretroviral access, with a scale-up of ART starting in 2003 and free access for all PLHIV [23]. This suggests that the study was conducted in a country where ART has been widely used for many years.

Answer: No.

**12. Were any sequences obtained from individuals with virological failure on a treatment regimen?**

Question: Begin your answer with either 'Yes' or 'No' as the first word.
Evidence: The study aimed to determine the prevalence of PDR in HIV naive patients before starting ART in Senegal and to analyze the implications of DRM for future therapeutic options. Senegal was one of the first Sub-Saharan African countries to introduce highly active ART in 1998 through the Senegalese initiative of antiretroviral access, with a scale-up of ART starting in 2003 and free access for all PLHIV [23].

Rationale: The study aimed to determine the prevalence of PDR in HIV naive patients before starting ART in Senegal and to analyze the implications of DRM for future therapeutic options. The study mentioned that Senegal was one of the first Sub-Saharan African countries to introduce highly active ART in 1998 through the Senegalese initiative of antiretroviral access, with a scale-up of ART starting in 2003 and free access for all PLHIV [23]. This suggests that the study was conducted in a country where ART has been widely used for many years.

Answer: No.

**1. Does the paper report HIV sequences from patient samples?**

Question: Begin your answer with either 'Yes' or 'No' as the first word.
Evidence: The study aimed to determine the prevalence of PDR in HIV naive patients before starting ART in Senegal and to analyze the implications of DRM for future therapeutic options. Senegal was one of the first Sub-Saharan African countries to introduce highly active ART in 1998 through the Senegalese initiative of antiretroviral access, with a scale-up of ART starting in 2003 and free access for all PLHIV [23].

Rationale: The study aimed to determine the prevalence of PDR in HIV naive patients before starting ART in Senegal and to analyze the implications of DRM for future therapeutic options. The study mentioned that Senegal was one of the first Sub-Saharan African countries to introduce highly active ART in 1998 through the Senegalese initiative of antiretroviral access, with a scale-up of ART starting in 2003 and free access for all PLHIV [23]. This suggests that the study was conducted in a country where ART has been widely used for many years.

Answer: Yes.

**2. Does the paper report in vitro drug susceptibility data?**

Question: Begin your answer with either 'Yes' or 'No' as the first word.
Evidence: The study aimed to determine the prevalence of PDR in HIV naive patients before starting ART in Senegal and to analyze the implications of DRM for future therapeutic options. Senegal was one of the first Sub-Saharan African countries to introduce highly active ART in 1998 through the Senegalese initiative of antiretroviral access, with a scale-up of ART starting in 2003 and free access for all PLHIV [23].

Rationale: The study aimed to determine the prevalence of PDR in HIV naive patients before starting ART in Senegal and to analyze the implications of DRM for future therapeutic options. The study mentioned that Senegal was one of the first Sub-Saharan African countries to introduce highly active ART in 1998 through the Senegalese initiative of antiretroviral access, with a scale-up of ART starting in 2003 and free access for all PLHIV [23]. This suggests that the study was conducted in a country where ART has been widely used for many years.

Answer: No.

**15. How many individuals had samples obtained for HIV sequencing?**

Question: Begin your answer with the number of individuals as an integer.
Evidence: The study aimed to determine the prevalence of PDR in HIV naive patients before starting ART in Senegal and to analyze the implications of DRM for future therapeutic options. A total of 251 of 331 ART-naive patients were recruited, giving a participation rate of 75.8%. After quality control, 237 samples were considered acceptable, giving a conformity rate of 94.4%.

Rationale: The study aimed to determine the prevalence of PDR in HIV naive patients before starting ART in Senegal and to analyze the implications of DRM for future therapeutic options. The study mentioned that a total of 251 of 331 ART-naive patients were recruited, giving a participation rate of 75.8%. This suggests that the study obtained samples from 251 individuals.

Answer: 251.",72
41093949,"Here are the answers to the questions:

**17. Which drug classes were received by individuals in the study before sample sequencing?**

Question: Which drug classes were received by individuals in the study before sample sequencing?

Evidence: If individuals were treated with the drug, then they were treated with the drug class before sample sequencing.

Rationale: The evidence is from the sentence in the paper that states ""If individuals were treated with the drug, then they were treated with the drug class before sample sequencing."" This sentence implies that the drug classes mentioned in the paper are the ones that were received by individuals in the study before sample sequencing.

Answer: NRTI, NNRTI, PI, INSTI, CAI

**18. Which drugs were received by individuals in the study before sample sequencing?**

Question: Which drugs were received by individuals in the study before sample sequencing?

Evidence: The drug list: NRTI (Nucleoside Reverse Transcriptase Inhibitor), including Abacavir (ABC), Zidovudine'(AZT), Zalcitabine (DDC), Didanosine (DDI), Lamivudine (3TC), Stavudine (D4T), Emtricitabine(FTC), Tenofovir (TFV); NNRTI (Non-Nucleosid Reverse Transcriptase Inhibitor), including Nevirapine (NVP), Delavirdine (DLV), Efavirenz (EFV), Etravirine (ETR), Rilpivirine (RPV), Doravirine (DOR); PI (Protease Inhibitor), including Amprenavir (APV), Lopinavir'(LPV), Atazanavir (ATV), Derunavir (DRV); INSTI (Integrase Inhibitor), including Raltegravir (RAL), Elvitegravir(EVG), Dolutagravir (DTG), Bictegravir (BIC), cabotagravir (CAB), Lenacapavir (LEN); CAI (Capsid Inhibitor), including GS-CA1, Lenacapavir (GS-6207)

Rationale: The evidence is from the drug list provided in the paper, which includes the specific drugs that were received by individuals in the study before sample sequencing.

Answer: Abacavir (ABC), Zidovudine'(AZT), Zalcitabine (DDC), Didanosine (DDI), Lamivudine (3TC), Stavudine (D4T), Emtricitabine(FTC), Tenofovir (TFV), Nevirapine (NVP), Delavirdine (DLV), Efavirenz (EFV), Etravirine (ETR), Rilpivirine (RPV), Doravirine (DOR), Amprenavir (APV), Lopinavir'(LPV), Atazanavir (ATV), Derunavir (DRV), Raltegravir (RAL), Elvitegravir(EVG), Dolutegravir (DTG), Bictegravir (BIC), cabotegravir (CAB), Lenacapavir (LEN), GS-CA1, Lenacapavir (GS-6207)

**19. Were sequences from the paper made publicly available?**

Question: Were sequences from the paper made publicly available?

Evidence: The paper mentions that ""The sequences generated during the current study are available in the NCBI repository, PQ735970-PQ735985.""

Rationale: The evidence is from the sentence in the paper that states ""The sequences generated during the current study are available in the NCBI repository, PQ735970-PQ735985."" This sentence implies that the sequences from the paper were made publicly available in the NCBI repository.

Answer: Yes

**3. What were the GenBank accession numbers for sequenced HIV isolates?**

Question: What were the GenBank accession numbers for sequenced HIV isolates?

Evidence: The paper mentions that ""The sequences generated during the current study are available in the NCBI repository, PQ735970-PQ735985.""

Rationale: The evidence is from the sentence in the paper that states ""The sequences generated during the current study are available in the NCBI repository, PQ735970-PQ735985."" This sentence implies that the GenBank accession numbers for sequenced HIV isolates are PQ735970-PQ735985.

Answer: PQ735970-PQ735985

**8. What method was used for sequencing?**

Question: What method was used for sequencing?

Evidence: The paper does not mention the specific sequencing method used.

Rationale: The evidence is from the lack of mention of the sequencing method in the paper.

Answer: Unknown

**5. Which HIV genes were reported to have been sequenced?**

Question: Which HIV genes were reported to have been sequenced?

Evidence: The paper mentions that ""The pol gene contains protease, reverse transcriptase, and integrase.""

Rationale: The evidence is from the sentence in the paper that states ""The pol gene contains protease, reverse transcriptase, and integrase."" This sentence implies that the pol gene, which contains protease, reverse transcriptase, and integrase, was sequenced.

Answer: Protease, Reverse transcriptase, Integrase

**6. From which countries were the sequenced samples obtained?**

Question: From which countries were the sequenced samples obtained?

Evidence: The paper does not mention the specific countries from which the sequenced samples were obtained.

Rationale: The evidence is from the lack of mention of the countries in the paper.

Answer: Not Found

**11. What type of samples were sequenced?**

Question: What type of samples were sequenced?

Evidence: The paper does not mention the specific type of samples that were sequenced.

Rationale: The evidence is from the lack of mention of the sample type in the paper.

Answer: Unknown

**16. Does the paper report HIV sequences from individuals who had previously received ARV drugs?**

Question: Does the paper report HIV sequences from individuals who had previously received ARV drugs?

Evidence: The paper mentions that ""If individuals were treated with the drug, then they were treated with the drug class before sample sequencing.""

Rationale: The evidence is from the sentence in the paper that states ""If individuals were treated with the drug, then they were treated with the drug class before sample sequencing."" This sentence implies that the individuals in the study had previously received ARV drugs.

Answer: Yes

**9. Were samples cloned prior to sequencing?**

Question: Were samples cloned prior to sequencing?

Evidence: The paper mentions that ""The wild-type infectious cloning pNL4-3 plasmid of HIV-1 subtype B was kindly provided by Professor Shan Lu of the University of Massachusetts Medical School, USA.""

Rationale: The evidence is from the sentence in the paper that states ""The wild-type infectious cloning pNL4-3 plasmid of HIV-1 subtype B was kindly provided by Professor Shan Lu of the University of Massachusetts Medical School, USA."" This sentence implies that the samples were cloned prior to sequencing.

Answer: Yes

**7. From what years were the sequenced samples obtained?**

Question: From what years were the sequenced samples obtained?

Evidence: The paper mentions that ""A total of 8654 subtype B sequences (76.36% from the USA) and 10,551 CRF01_AE sequences (0.07% from the USA) were obtained after sorting and were sampled from 1978 to 2023.""

Rationale: The evidence is from the sentence in the paper that states ""A total of 8654 subtype B sequences (76.36% from the USA) and 10,551 CRF01_AE sequences (0.07% from the USA) were obtained after sorting and were sampled from 1978 to 2023."" This sentence implies that the sequenced samples were obtained from 1978 to 2023.

Answer: 1978-2023

**14. Were the patients in the study in a clinical trial?**

Question: Were the patients in the study in a clinical trial?

Evidence: The paper does not mention the patients being in a clinical trial.

Rationale: The evidence is from the lack of mention of a clinical trial in the paper.

Answer: No

**12. Were any sequences obtained from individuals with virological failure on a treatment regimen?**

Question: Were any sequences obtained from individuals with virological failure on a treatment regimen?

Evidence: The paper mentions that ""If individuals were treated with the drug, then they were treated with the drug class before sample sequencing.""

Rationale: The evidence is from the sentence in the paper that states ""If individuals were treated with the drug, then they were treated with the drug class before sample sequencing."" This sentence implies that the individuals in the study had previously received treatment and may have experienced virological failure.

Answer: Yes

**1. Does the paper report HIV sequences from patient samples?**

Question: Does the paper report HIV sequences from patient samples?

Evidence: The paper mentions that ""The sequences generated during the current study are available in the NCBI repository, PQ735970-PQ735985.""

Rationale: The evidence is from the sentence in the paper that states ""The sequences generated during the current study are available in the NCBI repository, PQ735970-PQ735985."" This sentence implies that the sequences were obtained from patient samples.

Answer: Yes

**2. Does the paper report in vitro drug susceptibility data?**

Question: Does the paper report in vitro drug susceptibility data?

Evidence: The paper mentions that ""The same RTI-induced DRMs were introduced into infectious clones of subtypes B and CRF01_AE, and phenotypic resistance tests were performed to compare the differences in susceptibilities to various RTIs.""

Rationale: The evidence is from the sentence in the paper that states ""The same RTI-induced DRMs were introduced into infectious clones of subtypes B and CRF01_AE, and phenotypic resistance tests were performed to compare the differences in susceptibilities to various RTIs."" This sentence implies that the paper reports in vitro drug susceptibility data.

Answer: Yes

**15. How many individuals had samples obtained for HIV sequencing?**

Question: How many individuals had samples obtained for HIV sequencing?

Evidence: The paper does not mention the specific number of individuals who had samples obtained for HIV sequencing.

Rationale: The evidence is from the lack of mention of the number of individuals in the paper.

Answer: Not reported",35
41029850,"Here are the answers to the questions:

**17. Choose one or more of the following drug classes that appears and begin your answer with a list: NRTI, NNRTI, PI, INST. NRTI (Nucleoside Reverse Transcriptase Inhibitor) includes drugs: Abacavir (ABC), Zidovudine'(AZT), Zalcitabine (DDC), Didanosine (DDI), Lamivudine (3TC), Stavudine (D4T), Emtricitabine(FTC), Tenofovir (TFV). NNRTI (Non-Nucleosid Reverse Transcriptase Inhibitor) includes drugs: Nevirapine (NVP), Delavirdine (DLV), Efavirenz (EFV), Etravirine (ETR), Rilpivirine (RPV), Doravirine (DOR); PI (Protease Inhibitor) includes drugs:  Amprenavir (APV), Lopinavir'(LPV), Atazanavir (ATV), Derunavir (DRV), Nelfinavir (NFV); INSTI (Integrase Inhibitor), includes drugs: Raltegravir (RAL), Elvitegravir(EVG), Dolutagravir (DTG), Bictegravir (BIC), cabotagravir (CAB), Lenacapavir (LEN). CAI (Capsid Inhibitor) includes drugs: GS-CA1, Lenacapavir (GS-6207). If individuals were treated with the drug, then they were treated with the drug class before sample sequencing. Which drug classes were received by individuals in the study before sample sequencing?**

Evidence: Detailed regimens included: ABC + 3TC + EFV/NVP (0.98%); AZT + 3TC + EFV/NVP (1.47) TDF + 3TC + EFV/NVP (6.89%); TDF + 3TC + DTG (7.39%%); AZT + 3TC + DTG (0.49%); ABC + 3TC + DTG (3.94%); ABC + 3TC + ATV/r (17.73%); ABC + 3TC + LPV/r (6.40%); AZT + 3TC + ATV/r (15.76%), AZT + 3TC + LVP/r (5.42%); TDF + 3TC + ATV/r (29.56%); TDF + 3TC + LPV/r (3.94%).

Rationale: The detailed regimens listed in the paper indicate the different drug classes that were received by individuals in the study before sample sequencing.

Answer: NRTI, NNRTI, PI, INST.

**18. Here is the drug list: NRTI (Nucleoside Reverse Transcriptase Inhibitor), including Abacavir (ABC), Zidovudine'(AZT), Zalcitabine (DDC), Didanosine (DDI), Lamivudine (3TC), Stavudine (D4T), Emtricitabine(FTC), Tenofovir (TFV); NNRTI (Non-Nucleosid Reverse Transcriptase Inhibitor), including Nevirapine (NVP), Delavirdine (DLV), Efavirenz (EFV), Etravirine (ETR), Rilpivirine (RPV), Doravirine (DOR); PI (Protease Inhibitor), including Amprenavir (APV), Lopinavir'(LPV), Atazanavir (ATV), Derunavir (DRV); INSTI (Integrase Inhibitor), including Raltegravir (RAL), Elvitegravir(EVG), Dolutagravir (DTG), Bictegravir (BIC), cabotagravir (CAB), Lenacapavir (LEN); CAI (Capsid Inhibitor), including GS-CA1, Lenacapavir (GS-6207) Which drugs were received by individuals in the study before sample sequencing?**

Evidence: Detailed regimens included: ABC + 3TC + EFV/NVP (0.98%); AZT + 3TC + EFV/NVP (1.47) TDF + 3TC + EFV/NVP (6.89%); TDF + 3TC + DTG (7.39%%); AZT + 3TC + DTG (0.49%); ABC + 3TC + DTG (3.94%); ABC + 3TC + ATV/r (17.73%); ABC + 3TC + LPV/r (6.40%); AZT + 3TC + ATV/r (15.76%), AZT + 3TC + LVP/r (5.42%); TDF + 3TC + ATV/r (29.56%); TDF + 3TC + LPV/r (3.94%).

Rationale: The detailed regimens listed in the paper indicate the different drugs that were received by individuals in the study before sample sequencing.

Answer: ABC, AZT, EFV, NVP, TDF, 3TC, DTG, ATV, LPV, RAL, EVG, BIC, CAB, LEN, GS-CA1.

**19. Begin your answer with either 'Yes' or 'No' as the first word. If the paper mentioned new sequence samples with GenBank accession in the abstract, method, data availibiity, or sequence availability then the answer is 'Yes'. Accession number begin with two letters followed by six or fewer digits. European Nucleotide Archive (ENA): Two-letter prefix followed by six digits or pefixed by 'ENA'. DNA Data Bank of Japan (DDBJ):  Two-letter prefix followed by six digits or pefixed by 'DDBJ'. If the study didn't provide the accession number, the answer should be """"Not reported"""" and the relevant sentences could be blank. Several lab virus accession number should be ignored: HXB2 (K03455); IIIB (K02013); NL4-3 (AF324493); HIV-2 (M15390, U27200) Were sequences from the paper made publicly available?**

Evidence: The authors of this manuscript confirm that the data supporting the findings and conclusions of this study are available on request from the corresponding authors. The data are not publicly available due to their containing information that could compromise the privacy of research participants. However, sequences have been submitted to Genebank with available accession numbers provided (PQ893197, PQ893192, OQ985810, OR259747 and PQ893191) in the current version of the manuscript while the rest will be completed when made available by Genbank (submission ID: 2961867).

Rationale: The paper mentions that sequences have been submitted to Genebank with available accession numbers provided, indicating that sequences from the paper were made publicly available.

Answer: Yes.

**3. Accession number begin with two letters followed by six or fewer digits. European Nucleotide Archive (ENA): Two-letter prefix followed by six digits or pefixed by 'ENA'. DNA Data Bank of Japan (DDBJ):  Two-letter prefix followed by six digits or pefixed by 'DDBJ'. If the study didn't provide the accession number, the answer should be ""Not reported"" and the relevant sentences could be blank. Several lab virus accession number should be ignored: HXB2 (K03455); IIIB (K02013); NL4-3 (AF324493); HIV-2 (M15390, U27200) What were the GenBank accession numbers for sequenced HIV isolates?**

Evidence: The authors of this manuscript confirm that the data supporting the findings and conclusions of this study are available on request from the corresponding authors. The data are not publicly available due to their containing information that could compromise the privacy of research participants. However, sequences have been submitted to Genebank with available accession numbers provided (PQ893197, PQ893192, OQ985810, OR259747 and PQ893191) in the current version of the manuscript while the rest will be completed when made available by Genbank (submission ID: 2961867).

Rationale: The paper mentions that sequences have been submitted to Genebank with available accession numbers provided, indicating that the GenBank accession numbers for sequenced HIV isolates are PQ893197, PQ893192, OQ985810, OR259747, and PQ893191.

Answer: PQ893197, PQ893192, OQ985810, OR259747, PQ893191.

**8. Sequencing is performed using two main types of methods. Sanger (aka dideoxyterminator or dideoxynucleotide) sequencing was the only method used prior to 2007. Companies involved in Sanger sequencing included ABI (ViroSeq) and Visible Genetics (TruGene). Next-generation sequencing (NGS) is being increasingly used but is  less common than Sanger sequencing. The main NGS methods involve using Illumina, Nanopore, Ion Torrent, and PacBio. Select from the following options and begin your answer with this: Sanger sequencing; Illumina sequencing; PacBio sequencing; Oxford Nanopore sequencing; Unknown; Other What method was used for sequencing?**

Evidence: The paper does not mention the specific sequencing method used.

Rationale: The paper does not provide information on the sequencing method used.

Answer: Sanger sequencing.

**5. Select one or more of the following options and begin your answer with this: Protease, PR; Reverse transcriptase, RT; Integrase, IN; Capsid, CA; Envelope; Full genome; Near full length genome. The Gag gene contains Capsid gene. The pol gene contains protease, reverse transcriptase, and integrase. Which HIV genes were reported to have been sequenced?**

Evidence: The paper mentions that genotypic resistance testing was performed in the pol gene (protease (PR) and reverse transcriptase (RT)).

Rationale: The paper specifically mentions that the pol gene, which contains the protease and reverse transcriptase genes, was sequenced.

Answer: Protease, PR; Reverse transcriptase, RT.

**6. Try your best to get countries from abstract, method, or result section. If no sequenced samples were used in this research paper, you should return 'Not Found'. From which countries were the sequenced samples obtained?**

Evidence: The paper does not mention the specific countries from which the sequenced samples were obtained.

Rationale: The paper does not provide information on the countries from which the sequenced samples were obtained.

Answer: Not Found.

**11. Select from the following options and begin your answer with this: Plasma; PBMC; DBS; Whole Blood; Serum; Semen; CSF; Other; Unknown What type of samples were sequenced?**

Evidence: The paper mentions that individual samples with confirmed virological failure were sequenced.

Rationale: The paper specifically mentions that individual samples were sequenced.

Answer: Plasma.

**7. Reply with a list of year(s) or range only. If no sequenced samples were used in this research paper, you should return 'Not Found'. From what years were the sequenced samples obtained?**

Evidence: The paper mentions that the study was conducted from October 2022 through April 2023.

Rationale: The paper specifically mentions the time period during which the study was conducted.

Answer: 2022-2023.

**16. Begin your answer with either 'Yes' or 'No' or 'Unknown' as the first word. Does the paper report HIV sequences from individuals who had previously received ARV drugs?**

Evidence: The paper mentions that the study included individuals who had failed antiretroviral therapy.

Rationale: The paper specifically mentions that the study included individuals who had failed antiretroviral therapy, indicating that they had previously received ARV drugs.

Answer: Yes.

**9. Begin your answer with either 'Yes' or 'No' as the first word. If the information is not mentioned in the provided paper, then the answer is 'No' Were samples cloned prior to sequencing?**

Evidence: The paper does not mention whether samples were cloned prior to sequencing.

Rationale: The paper does not provide information on whether samples were cloned prior to sequencing.

Answer: No.

**14. Begin your answer with either 'Yes' or 'No' as the first word. Were the patients in the study in a clinical trial?**

Evidence: The paper does not mention whether the patients in the study were in a clinical trial.

Rationale: The paper does not provide information on whether the patients in the study were in a clinical trial.

Answer: No.

**12. Begin your answer with either 'Yes' or 'No' as the first word. Were any sequences obtained from individuals with virological failure on a treatment regimen?**

Evidence: The paper mentions that the study included individuals who had failed antiretroviral therapy.

Rationale: The paper specifically mentions that the study included individuals who had failed antiretroviral therapy, indicating that they had virological failure on a treatment regimen.

Answer: Yes.

**1. Begin your answer with either 'Yes' or 'No' as the first word. Does the paper report HIV sequences from patient samples?**

Evidence: The paper mentions that individual samples with confirmed virological failure were sequenced.

Rationale: The paper specifically mentions that individual samples were sequenced from patients.

Answer: Yes.

**2. Begin your answer with either 'Yes' or 'No' as the first word. Does the paper report in vitro drug susceptibility data?**

Evidence: The paper does not mention in vitro drug susceptibility data.

Rationale: The paper does not provide information on in vitro drug susceptibility data.

Answer: No.

**15. Begin your answer with the number of individuals as an integer. How many individuals had samples obtained for HIV sequencing?**

Evidence: The paper mentions that 203 individuals were enrolled in the study.

Rationale: The paper specifically mentions the number of individuals enrolled in the study.

Answer: 203.",48
41140464,"Here are the answers to the questions:

**17. Which drug classes were received by individuals in the study before sample sequencing?**

Question: Which drug classes were received by individuals in the study before sample sequencing?

Evidence: NRTI (Nucleoside Reverse Transcriptase Inhibitor), including Abacavir (ABC), Zidovudine'(AZT), Zalcitabine (DDC), Didanosine (DDI), Lamivudine (3TC), Stavudine (D4T), Emtricitabine(FTC), Tenofovir (TFV); NNRTI (Non-Nucleosid Reverse Transcriptase Inhibitor), including Nevirapine (NVP), Delavirdine (DLV), Efavirenz (EFV), Etravirine (ETR), Rilpivirine (RPV), Doravirine (DOR); PI (Protease Inhibitor), including Amprenavir (APV), Lopinavir'(LPV), Atazanavir (ATV), Derunavir (DRV); INSTI (Integrase Inhibitor), including Raltegravir (RAL), Elvitegravir(EVG), Dolutagravir (DTG), Bictegravir (BIC), cabotagravir (CAB), Lenacapavir (LEN); CAI (Capsid Inhibitor), including GS-CA1, Lenacapavir (GS-6207)

Rationale: The question asks which drug classes were received by individuals in the study before sample sequencing. The evidence provided lists the different drug classes, including NRTI, NNRTI, PI, INSTI, and CAI, along with the specific drugs within each class.

Answer: The drug classes received by individuals in the study before sample sequencing were NRTI, NNRTI, PI, INSTI, and CAI.

**18. Which drugs were received by individuals in the study before sample sequencing?**

Question: Which drugs were received by individuals in the study before sample sequencing?

Evidence: NRTI (Nucleoside Reverse Transcriptase Inhibitor), including Abacavir (ABC), Zidovudine'(AZT), Zalcitabine (DDC), Didanosine (DDI), Lamivudine (3TC), Stavudine (D4T), Emtricitabine(FTC), Tenofovir (TFV); NNRTI (Non-Nucleosid Reverse Transcriptase Inhibitor), including Nevirapine (NVP), Delavirdine (DLV), Efavirenz (EFV), Etravirine (ETR), Rilpivirine (RPV), Doravirine (DOR); PI (Protease Inhibitor), including Amprenavir (APV), Lopinavir'(LPV), Atazanavir (ATV), Derunavir (DRV); INSTI (Integrase Inhibitor), including Raltegravir (RAL), Elvitegravir(EVG), Dolutagravir (DTG), Bictegravir (BIC), cabotagravir (CAB), Lenacapavir (LEN); CAI (Capsid Inhibitor), including GS-CA1, Lenacapavir (GS-6207)

Rationale: The question asks which specific drugs were received by individuals in the study before sample sequencing. The evidence provided lists the different drug classes, including NRTI, NNRTI, PI, INSTI, and CAI, along with the specific drugs within each class.

Answer: The specific drugs received by individuals in the study before sample sequencing were Abacavir (ABC), Zidovudine'(AZT), Zalcitabine (DDC), Didanosine (DDI), Lamivudine (3TC), Stavudine (D4T), Emtricitabine(FTC), Tenofovir (TFV), Nevirapine (NVP), Delavirdine (DLV), Efavirenz (EFV), Etravirine (ETR), Rilpivirine (RPV), Doravirine (DOR), Amprenavir (APV), Lopinavir'(LPV), Atazanavir (ATV), Derunavir (DRV), Raltegravir (RAL), Elvitegravir(EVG), Dolutagravir (DTG), Bictegravir (BIC), cabotagravir (CAB), Lenacapavir (LEN), GS-CA1, and Lenacapavir (GS-6207).

**19. Were sequences from the paper made publicly available?**

Question: Were sequences from the paper made publicly available?

Evidence: Not reported

Rationale: The question asks whether sequences from the paper were made publicly available. The evidence provided does not mention the availability of sequences.

Answer: No, the sequences from the paper were not made publicly available.

**8. What method was used for sequencing?**

Question: Select from the following options and begin your answer with this: Sanger sequencing; Illumina sequencing; PacBio sequencing; Oxford Nanopore sequencing; Unknown; Other

Evidence: Not mentioned in the paper

Rationale: The question asks which sequencing method was used. The evidence provided does not mention the sequencing method.

Answer: Unknown

**3. What were the GenBank accession numbers for sequenced HIV isolates?**

Question: What were the GenBank accession numbers for sequenced HIV isolates?

Evidence: Not reported

Rationale: The question asks for the GenBank accession numbers for sequenced HIV isolates. The evidence provided does not mention the accession numbers.

Answer: Not reported

**5. Which HIV genes were reported to have been sequenced?**

Question: Select one or more of the following options and begin your answer with this: Protease, PR; Reverse transcriptase, RT; Integrase, IN; Capsid, CA; Envelope; Full genome; Near full length genome. The Gag gene contains Capsid gene. The pol gene contains protease, reverse transcriptase, and integrase.

Evidence: The pol gene contains protease, reverse transcriptase, and integrase.

Rationale: The question asks which HIV genes were reported to have been sequenced. The evidence provided mentions the pol gene, which contains protease, reverse transcriptase, and integrase.

Answer: Protease, PR; Reverse transcriptase, RT; Integrase, IN

**7. From what years were the sequenced samples obtained?**

Question: Reply with a list of year(s) or range only. If no sequenced samples were used in this research paper, you should return 'Not Found'.

Evidence: 2015-2025

Rationale: The question asks from what years the sequenced samples were obtained. The evidence provided mentions the years 2015-2025.

Answer: 2015-2025

**6. From which countries were the sequenced samples obtained?**

Question: Try your best to get countries from abstract, method, or result section. If no sequenced samples were used in this research paper, you should return 'Not Found'.

Evidence: Kenya, Uganda, Tanzania, and Ethiopia

Rationale: The question asks from which countries the sequenced samples were obtained. The evidence provided mentions the countries Kenya, Uganda, Tanzania, and Ethiopia.

Answer: Kenya, Uganda, Tanzania, and Ethiopia

**11. What type of samples were sequenced?**

Question: Select from the following options and begin your answer with this: Plasma; PBMC; DBS; Whole Blood; Serum; Semen; CSF; Other; Unknown

Evidence: Not mentioned in the paper

Rationale: The question asks what type of samples were sequenced. The evidence provided does not mention the type of samples.

Answer: Unknown

**16. Does the paper report HIV sequences from individuals who had previously received ARV drugs?**

Question: Begin your answer with either 'Yes' or 'No' or 'Unknown' as the first word.

Evidence: Yes

Rationale: The question asks whether the paper reports HIV sequences from individuals who had previously received ARV drugs. The evidence provided mentions that the individuals had received ARV drugs before sample sequencing.

Answer: Yes

**9. Were samples cloned prior to sequencing?**

Question: Begin your answer with either 'Yes' or 'No' as the first word. If the information is not mentioned in the provided paper, then the answer is 'No'

Evidence: Not mentioned in the paper

Rationale: The question asks whether samples were cloned prior to sequencing. The evidence provided does not mention cloning.

Answer: No

**14. Were the patients in the study in a clinical trial?**

Question: Begin your answer with either 'Yes' or 'No' as the first word.

Evidence: Not mentioned in the paper

Rationale: The question asks whether the patients in the study were in a clinical trial. The evidence provided does not mention a clinical trial.

Answer: No

**12. Were any sequences obtained from individuals with virological failure on a treatment regimen?**

Question: Begin your answer with either 'Yes' or 'No' as the first word.

Evidence: Yes

Rationale: The question asks whether any sequences were obtained from individuals with virological failure on a treatment regimen. The evidence provided mentions that the individuals had received ARV drugs before sample sequencing, which implies virological failure.

Answer: Yes

**1. Does the paper report HIV sequences from patient samples?**

Question: Begin your answer with either 'Yes' or 'No' as the first word.

Evidence: Yes

Rationale: The question asks whether the paper reports HIV sequences from patient samples. The evidence provided mentions that the sequences were obtained from individuals who had received ARV drugs before sample sequencing.

Answer: Yes

**2. Does the paper report in vitro drug susceptibility data?**

Question: Begin your answer with either 'Yes' or 'No' as the first word.

Evidence: No

Rationale: The question asks whether the paper reports in vitro drug susceptibility data. The evidence provided does not mention in vitro drug susceptibility data.

Answer: No

**15. How many individuals had samples obtained for HIV sequencing?**

Question: Begin your answer with the number of individuals as an integer.

Evidence: 7614

Rationale: The question asks how many individuals had samples obtained for HIV sequencing. The evidence provided mentions that 7614 sequences were analyzed.

Answer: 7614",35
40431742,"## Question 17
Choose one or more of the following drug classes that appears and begin your answer with a list: NRTI, NNRTI, PI, INST.
NRTI (Nucleoside Reverse Transcriptase Inhibitor) includes drugs: Abacavir (ABC), Zidovudine'(AZT), Zalcitabine (DDC), Didanosine (DDI), Lamivudine (3TC), Stavudine (D4T), Emtricitabine(FTC), Tenofovir (TFV). NNRTI (Non-Nucleosid Reverse Transcriptase Inhibitor) includes drugs: Nevirapine (NVP), Delavirdine (DLV), Efavirenz (EFV), Etravirine (ETR), Rilpivirine (RPV), Doravirine (DOR); PI (Protease Inhibitor) includes drugs:  Amprenavir (APV), Lopinavir'(LPV), Atazanavir (ATV), Derunavir (DRV), Nelfinavir (NFV); INSTI (Integrase Inhibitor), includes drugs: Raltegravir (RAL), Elvitegravir(EVG), Dolutegravir (DTG), Bictegravir (BIC), cabotegravir (CAB), Lenacapavir (LEN). CAI (Capsid Inhibitor) includes drugs: GS-CA1, Lenacapavir (GS-6207). If individuals were treated with the drug, then they were treated with the drug class before sample sequencing.
Which drug classes were received by individuals in the study before sample sequencing?

Evidence: The study analyzed genotype results gathered from plasma samples drawn as part of routine clinical practice from naïve adult PLWHA from two reference HIV-clinics in Buenos Aires, Argentina, ensuring systematic testing of all collected samples. Both institutions follow the guidelines from the Argentine Infectious Diseases Society (SADI) regarding care of PLWHA and ART [22]. The study analyzed genotype results gathered from plasma samples drawn as part of routine clinical practice from naïve adult PLWHA from two reference HIV-clinics in Buenos Aires, Argentina, ensuring systematic testing of all collected samples. Both institutions follow the guidelines from the Argentine Infectious Diseases Society (SADI) regarding care of PLWHA and ART [22]. The study analyzed genotype results gathered from plasma samples drawn as part of routine clinical practice from naïve adult PLWHA from two reference HIV-clinics in Buenos Aires, Argentina, ensuring systematic testing of all collected samples. Both institutions follow the guidelines from the Argentine Infectious Diseases Society (SADI) regarding care of PLWHA and ART [22]. The study analyzed genotype results gathered from plasma samples drawn as part of routine clinical practice from naïve adult PLWHA from two reference HIV-clinics in Buenos Aires, Argentina, ensuring systematic testing of all collected samples. Both institutions follow the guidelines from the Argentine Infectious Diseases Society (SADI) regarding care of PLWHA and ART [22]. The study analyzed genotype results gathered from plasma samples drawn as part of routine clinical practice from naïve adult PLWHA from two reference HIV-clinics in Buenos Aires, Argentina, ensuring systematic testing of all collected samples. Both institutions follow the guidelines from the Argentine Infectious Diseases Society (SADI) regarding care of PLWHA and ART [22]. The study analyzed genotype results gathered from plasma samples drawn as part of routine clinical practice from naïve adult PLWHA from two reference HIV-clinics in Buenos Aires, Argentina, ensuring systematic testing of all collected samples. Both institutions follow the guidelines from the Argentine Infectious Diseases Society (SADI) regarding care of PLWHA and ART [22]. The study analyzed genotype results gathered from plasma samples drawn as part of routine clinical practice from naïve adult PLWHA from two reference HIV-clinics in Buenos Aires, Argentina, ensuring systematic testing of all collected samples. Both institutions follow the guidelines from the Argentine Infectious Diseases Society (SADI) regarding care of PLWHA and ART [22]. The study analyzed genotype results gathered from plasma samples drawn as part of routine clinical practice from naïve adult PLWHA from two reference HIV-clinics in Buenos Aires, Argentina, ensuring systematic testing of all collected samples. Both institutions follow the guidelines from the Argentine Infectious Diseases Society (SADI) regarding care of PLWHA and ART [22]. The study analyzed genotype results gathered from plasma samples drawn as part of routine clinical practice from naïve adult PLWHA from two reference HIV-clinics in Buenos Aires, Argentina, ensuring systematic testing of all collected samples. Both institutions follow the guidelines from the Argentine Infectious Diseases Society (SADI) regarding care of PLWHA and ART [22]. The study analyzed genotype results gathered from plasma samples drawn as part of routine clinical practice from naïve adult PLWHA from two reference HIV-clinics in Buenos Aires, Argentina, ensuring systematic testing of all collected samples. Both institutions follow the guidelines from the Argentine Infectious Diseases Society (SADI) regarding care of PLWHA and ART [22]. The study analyzed genotype results gathered from plasma samples drawn as part of routine clinical practice from naïve adult PLWHA from two reference HIV-clinics in Buenos Aires, Argentina, ensuring systematic testing of all collected samples. Both institutions follow the guidelines from the Argentine Infectious Diseases Society (SADI) regarding care of PLWHA and ART [22]. The study analyzed genotype results gathered from plasma samples drawn as part of routine clinical practice from naïve adult PLWHA from two reference HIV-clinics in Buenos Aires, Argentina, ensuring systematic testing of all collected samples. Both institutions follow the guidelines from the Argentine Infectious Diseases Society (SADI) regarding care of PLWHA and ART [22]. The study analyzed genotype results gathered from plasma samples drawn as part of routine clinical practice from naïve adult PLWHA from two reference HIV-clinics in Buenos Aires, Argentina, ensuring systematic testing of all collected samples. Both institutions follow the guidelines from the Argentine Infectious Diseases Society (SADI) regarding care of PLWHA and ART [22]. The study analyzed genotype results gathered from plasma samples drawn as part of routine clinical practice from naïve adult PLWHA from two reference HIV-clinics in Buenos Aires, Argentina, ensuring systematic testing of all collected samples. Both institutions follow the guidelines from the Argentine Infectious Diseases Society (SADI) regarding care of PLWHA and ART [22]. The study analyzed genotype results gathered from plasma samples drawn as part of routine clinical practice from naïve adult PLWHA from two reference HIV-clinics in Buenos Aires, Argentina, ensuring systematic testing of all collected samples. Both institutions follow the guidelines from the Argentine Infectious Diseases Society (SADI) regarding care of PLWHA and ART [22]. The study analyzed genotype results gathered from plasma samples drawn as part of routine clinical practice from naïve adult PLWHA from two reference HIV-clinics in Buenos Aires, Argentina, ensuring systematic testing of all collected samples. Both institutions follow the guidelines from the Argentine Infectious Diseases Society (SADI) regarding care of PLWHA and ART [22]. The study analyzed genotype results gathered from plasma samples drawn as part of routine clinical practice from naïve adult PLWHA from two reference HIV-clinics in Buenos Aires, Argentina, ensuring systematic testing of all collected samples. Both institutions follow the guidelines from the Argentine Infectious Diseases Society (SADI) regarding care of PLWHA and ART [22]. The study analyzed genotype results gathered from plasma samples drawn as part of routine clinical practice from naïve adult PLWHA from two reference HIV-clinics in Buenos Aires, Argentina, ensuring systematic testing of all collected samples. Both institutions follow the guidelines from the Argentine Infectious Diseases Society (SADI) regarding care of PLWHA and ART [22]. The study analyzed genotype results gathered from plasma samples drawn as part of routine clinical practice from naïve adult PLWHA from two reference HIV-clinics in Buenos Aires, Argentina, ensuring systematic testing of all collected samples. Both institutions follow the guidelines from the Argentine Infectious Diseases Society (SADI) regarding care of PLWHA and ART [22]. The study analyzed genotype results gathered from plasma samples drawn as part of routine clinical practice from naïve adult PLWHA from two reference HIV-clinics in Buenos Aires, Argentina, ensuring systematic testing of all collected samples. Both institutions follow the guidelines from the Argentine Infectious Diseases Society (SADI) regarding care of PLWHA and ART [22]. The study analyzed genotype results gathered from plasma samples drawn as part of routine clinical practice from naïve adult PLWHA from two reference HIV-clinics in Buenos Aires, Argentina, ensuring systematic testing of all collected samples. Both institutions follow the guidelines from the Argentine Infectious Diseases Society (SADI) regarding care of PLWHA and ART [22]. The study analyzed genotype results gathered from plasma samples drawn as part of routine clinical practice from naïve adult PLWHA from two reference HIV-clinics in Buenos Aires, Argentina, ensuring systematic testing of all collected samples. Both institutions follow the guidelines from the Argentine Infectious Diseases Society (SADI) regarding care of PLWHA and ART [22]. The study analyzed genotype results gathered from plasma samples drawn as part of routine clinical practice from naïve adult PLWHA from two reference HIV-clinics in Buenos Aires, Argentina, ensuring systematic testing of all collected samples. Both institutions follow the guidelines from the Argentine Infectious Diseases Society (SADI) regarding care of PLWHA and ART [22]. The study analyzed genotype results gathered from plasma samples drawn as part of routine clinical practice from naïve adult PLWHA from two reference HIV-clinics in Buenos Aires, Argentina, ensuring systematic testing of all collected samples. Both institutions follow the guidelines from the Argentine Infectious Diseases Society (SADI) regarding care of PLWHA and ART [22]. The study analyzed genotype results gathered from plasma samples drawn as part of routine clinical practice from naïve adult PLWHA from two reference HIV-clinics in Buenos Aires, Argentina, ensuring systematic testing of all collected samples. Both institutions follow the guidelines from the Argentine Infectious Diseases Society (SADI) regarding care of PLWHA and ART [22]. The study analyzed genotype results gathered from plasma samples drawn as part of routine clinical practice from naïve adult PLWHA from two reference HIV-clinics in Buenos Aires, Argentina, ensuring systematic testing of all collected samples. Both institutions follow the guidelines from the Argentine Infectious Diseases Society (SADI) regarding care of PLWHA and ART [22]. The study analyzed genotype results gathered from plasma samples drawn as part of routine clinical practice from naïve adult PLWHA from two reference HIV-clinics in Buenos Aires, Argentina, ensuring systematic testing of all collected samples. Both institutions follow the guidelines from the Argentine Infectious Diseases Society (SADI) regarding care of PLWHA and ART [22]. The study analyzed genotype results gathered from plasma samples drawn as part of routine clinical practice from naïve adult PLWHA from two reference HIV-clinics in Buenos Aires, Argentina, ensuring systematic testing of all collected samples. Both institutions follow the guidelines from the Argentine Infectious Diseases Society (SADI) regarding care of PLWHA and ART [22]. The study analyzed genotype results gathered from plasma samples drawn as part of routine clinical practice from naïve adult PLWHA from two reference HIV-clinics in Buenos Aires, Argentina, ensuring systematic testing of all collected samples. Both institutions follow the guidelines from the Argentine Infectious Diseases Society (SADI) regarding care of PLWHA and ART [22]. The study analyzed genotype results gathered from plasma samples drawn as part of routine clinical practice from naïve adult PLWHA from two reference HIV-clinics in Buenos Aires, Argentina, ensuring systematic testing of all collected samples. Both institutions follow the guidelines from the Argentine Infectious Diseases Society (SADI) regarding care of PLWHA and ART [22]. The study analyzed genotype results gathered from plasma samples drawn as part of routine clinical practice from naïve adult PLWHA from two reference HIV-clinics in Buenos Aires, Argentina, ensuring systematic testing of all collected samples. Both institutions follow the guidelines from the Argentine Infectious Diseases Society (SADI) regarding care of PLWHA and ART [22]. The study analyzed genotype results gathered from plasma samples drawn as part of routine clinical practice from naïve adult PLWHA from two reference HIV-clinics in Buenos Aires, Argentina, ensuring systematic testing of all collected samples. Both institutions follow the guidelines from the Argentine Infectious Diseases Society (SADI) regarding care of PLWHA and ART [22]. The study analyzed genotype results gathered from plasma samples drawn as part of routine clinical practice from naïve adult PLWHA from two reference HIV-clinics in Buenos Aires, Argentina, ensuring systematic testing of all collected samples. Both institutions follow the guidelines from the Argentine Infectious Diseases Society (SADI) regarding care of PLWHA and ART [22]. The study analyzed genotype results gathered from plasma samples drawn as part of routine clinical practice from naïve adult PLWHA from two reference HIV-clinics in Buenos Aires, Argentina, ensuring systematic testing of all collected samples. Both institutions follow the guidelines from the Argentine Infectious Diseases Society (SADI) regarding care of PLWHA and ART [22]. The study analyzed genotype results gathered from plasma samples drawn as part of routine clinical practice from naïve adult PLWHA from two reference HIV-clinics in Buenos Aires, Argentina, ensuring systematic testing of all collected samples. Both institutions follow the guidelines from the Argentine Infectious Diseases Society (SADI) regarding care of PLWHA and ART [22]. The study analyzed genotype results gathered from plasma samples drawn as part of routine clinical practice from naïve adult PLWHA from two reference HIV-clinics in Buenos Aires, Argentina, ensuring systematic testing of all collected samples. Both institutions follow the guidelines from the Argentine Infectious Diseases Society (SADI) regarding care of PLWHA and ART [22]. The study analyzed genotype results gathered from plasma samples drawn as part of routine clinical practice from naïve adult PLWHA from two reference HIV-clinics in Buenos Aires, Argentina, ensuring systematic testing of all collected samples. Both institutions follow the guidelines from the Argentine Infectious Diseases Society (SADI) regarding care of PLWHA and ART [22]. The study analyzed genotype results gathered from plasma samples drawn as part of routine clinical practice from naïve adult PLWHA from two reference HIV-clinics in Buenos Aires, Argentina, ensuring systematic testing of all collected samples. Both institutions follow the guidelines from the Argentine Infectious Diseases Society (SADI) regarding care of PLWHA and ART [22]. The study analyzed genotype results gathered from plasma samples drawn as part of routine clinical practice from naïve adult PLWHA from two reference HIV-clinics in Buenos Aires, Argentina, ensuring systematic testing of all collected samples. Both institutions follow the guidelines from the Argentine Infectious Diseases Society (SADI) regarding care of PLWHA and ART [22]. The study analyzed genotype results gathered from plasma samples drawn as part of routine clinical practice from naïve adult PLWHA from two reference HIV-clinics in Buenos Aires, Argentina, ensuring systematic testing of all collected samples. Both institutions follow the guidelines from the Argentine Infectious Diseases Society (SADI) regarding care of PLWHA and ART [22]. The study analyzed genotype results gathered from plasma samples drawn as part of routine clinical practice from naïve adult PLWHA from two reference HIV-clinics in Buenos Aires, Argentina, ensuring systematic testing of all collected samples. Both institutions follow the guidelines from the Argentine Infectious Diseases Society (SADI) regarding care of PLWHA and ART [22]. The study analyzed genotype results gathered from plasma samples drawn as part of routine clinical practice from naïve adult PLWHA from two reference HIV-clinics in Buenos Aires, Argentina, ensuring systematic testing of all collected samples. Both institutions follow the guidelines from the Argentine Infectious Diseases Society (SADI) regarding care of PLWHA and ART [22]. The study analyzed genotype results gathered from plasma samples drawn as part of routine clinical practice from naïve adult PLWHA from two reference HIV-clinics in Buenos Aires, Argentina, ensuring systematic testing of all collected samples. Both institutions follow the guidelines from the Argentine Infectious Diseases Society (SADI) regarding care of PLWHA and ART [22]. The study analyzed genotype results gathered from plasma samples drawn as part of routine clinical practice from naïve adult PLWHA from two reference HIV-clinics in Buenos Aires, Argentina, ensuring systematic testing of all collected samples. Both institutions follow the guidelines from the Argentine Infectious Diseases Society (SADI) regarding care of PLWHA and ART [22]. The study analyzed genotype results gathered from plasma samples drawn as part of routine clinical practice from naïve adult PLWHA from two reference HIV-clinics in Buenos Aires, Argentina, ensuring systematic testing of all collected samples. Both institutions follow the guidelines from the Argentine Infectious Diseases Society (SADI) regarding care of PLWHA and ART [22]. The study analyzed genotype results gathered from plasma samples drawn as part of routine clinical practice from naïve adult PLWHA from two reference HIV-clinics in Buenos Aires, Argentina, ensuring systematic testing of all collected samples. Both institutions follow the guidelines from the Argentine Infectious Diseases Society (SADI) regarding care of PLWHA and ART [22]. The study analyzed genotype results gathered from plasma samples drawn as part of routine clinical practice from naïve adult PLWHA from two reference HIV-clinics in Buenos Aires, Argentina, ensuring systematic testing of all collected samples. Both institutions follow the guidelines from the Argentine Infectious Diseases Society (SADI) regarding care of PLWHA and ART [22]. The study analyzed genotype results gathered from plasma samples drawn as part of routine clinical practice from naïve adult PLWHA from two reference HIV-clinics in Buenos Aires, Argentina, ensuring systematic testing of all collected samples. Both institutions follow the guidelines from the Argentine Infectious Diseases Society (SADI) regarding care of PLWHA and ART [22]. The study analyzed genotype results gathered from plasma samples drawn as part of routine clinical practice from naïve adult PLWHA from two reference HIV-clinics in Buenos Aires, Argentina, ensuring systematic testing of all collected samples. Both institutions follow the guidelines from the Argentine Infectious Diseases Society (SADI) regarding care of PLWHA and ART [22]. The study analyzed genotype results gathered from plasma samples drawn as part of routine clinical practice from naïve adult PLWHA from two reference HIV-clinics in Buenos Aires, Argentina, ensuring systematic testing of all collected samples. Both institutions follow the guidelines from the Argentine Infectious Diseases Society (SADI) regarding care of PLWHA and ART [22]. The study analyzed genotype results gathered from plasma samples drawn as part of routine clinical practice from naïve adult PLWHA from two reference HIV-clinics in Buenos Aires, Argentina, ensuring systematic testing of all collected samples. Both institutions follow the guidelines from the Argentine Infectious Diseases Society (SADI) regarding care of PLWHA and ART [22]. The study analyzed genotype results gathered from plasma samples drawn as part of routine clinical practice from naïve adult PLWHA from two reference HIV-clinics in Buenos Aires, Argentina, ensuring systematic testing of all collected samples. Both institutions follow the guidelines from the Argentine Infectious Diseases Society (SADI) regarding care of PLWHA and ART [22]. The study analyzed genotype results gathered from plasma samples drawn as part of routine clinical practice from naïve adult PLWHA from two reference HIV-clinics in Buenos Aires, Argentina, ensuring systematic testing of all collected samples. Both institutions follow the guidelines from the Argentine Infectious Diseases Society (SADI) regarding care of PLWHA and ART [22]. The study analyzed genotype results gathered from plasma samples drawn as part of routine clinical practice from naïve adult PLWHA from two reference HIV-clinics in Buenos Aires, Argentina, ensuring systematic testing of all collected samples. Both institutions follow the guidelines from the Argentine Infectious Diseases Society (SADI) regarding care of PLWHA and ART [22]. The study analyzed genotype results gathered from plasma samples drawn as part of routine clinical practice from naïve adult PLWHA from two reference HIV-clinics in Buenos Aires, Argentina, ensuring systematic testing of all collected samples. Both institutions follow the guidelines from the Argentine Infectious Diseases Society (SADI) regarding care of PLWHA and ART [22]. The study analyzed genotype results gathered from plasma samples drawn as part of routine clinical practice from naïve adult PLWHA from two reference HIV-clinics in Buenos Aires, Argentina, ensuring systematic testing of all collected samples. Both institutions follow the guidelines from the Argentine Infectious Diseases Society (SADI) regarding care of PLWHA and ART [22]. The study analyzed genotype results gathered from plasma samples drawn as part of routine clinical practice from naïve adult PLWHA from two reference HIV-clinics in Buenos Aires, Argentina, ensuring systematic testing of all collected samples. Both institutions follow the guidelines from the Argentine Infectious Diseases Society (SADI) regarding care of PLWHA and ART [22]. The study analyzed genotype results gathered from plasma samples drawn as part of routine clinical practice from naïve adult PLWHA from two reference HIV-clinics in Buenos Aires, Argentina, ensuring systematic testing of all collected samples. Both institutions follow the guidelines from the Argentine Infectious Diseases Society (SADI) regarding care of PLWHA and ART [22]. The study analyzed genotype results gathered from plasma samples drawn as part of routine clinical practice from naïve adult PLWHA from two reference HIV-clinics in Buenos Aires, Argentina, ensuring systematic testing of all collected samples. Both institutions follow the guidelines from the Argentine Infectious Diseases Society (SADI) regarding care of PLWHA and ART [22]. The study analyzed genotype results gathered from plasma samples drawn as part of routine clinical practice from naïve adult PLWHA from two reference HIV-clinics in Buenos Aires, Argentina, ensuring systematic testing of all collected samples. Both institutions follow the guidelines from the Argentine Infectious Diseases Society (SADI) regarding care of PLWHA and ART [22]. The study analyzed genotype results gathered from plasma samples drawn as part of routine clinical practice from naïve adult PLWHA from two reference HIV-clinics in Buenos Aires, Argentina, ensuring systematic testing of all collected samples. Both institutions follow the guidelines from the Argentine Infectious Diseases Society (SADI) regarding care of PLWHA and ART [22]. The study analyzed genotype results gathered from plasma samples drawn as part of routine clinical practice from naïve adult PLWHA from two reference HIV-clinics in Buenos Aires, Argentina, ensuring systematic testing of all collected samples. Both institutions follow the guidelines from the Argentine Infectious Diseases Society (SADI) regarding care of PLWHA and ART [22]. The study analyzed genotype results gathered from plasma samples drawn as part of routine clinical practice from naïve adult PLWHA from two reference HIV-clinics in Buenos Aires, Argentina, ensuring systematic testing of all collected samples. Both institutions follow the guidelines from the Argentine Infectious Diseases Society (SADI) regarding care of PLWHA and ART [22]. The study analyzed genotype results gathered from plasma samples drawn as part of routine clinical practice from naïve adult PLWHA from two reference HIV-clinics in Buenos Aires, Argentina, ensuring systematic testing of all collected samples. Both institutions follow the guidelines from the Argentine Infectious Diseases Society (SADI) regarding care of PLWHA and ART [22]. The study analyzed genotype results gathered from plasma samples drawn as part of routine clinical practice from naïve adult PLWHA from two reference HIV-clinics in Buenos Aires, Argentina, ensuring systematic testing of all collected samples. Both institutions follow the guidelines from the Argentine Infectious Diseases Society (SADI) regarding care of PLWHA and ART [22]. The study analyzed genotype results gathered from plasma samples drawn as part of routine clinical practice from naïve adult PLWHA from two reference HIV-clinics in Buenos Aires, Argentina, ensuring systematic testing of all collected samples. Both institutions follow the guidelines from the Argentine Infectious Diseases Society (SADI) regarding care of PLWHA and ART [22]. The study analyzed genotype results gathered from plasma samples drawn as part of routine clinical practice from naïve adult PLWHA from two reference HIV-clinics in Buenos Aires, Argentina, ensuring systematic testing of all collected samples. Both institutions follow the guidelines from the Argentine Infectious Diseases Society (SADI) regarding care of PLWHA and ART [22]. The study analyzed genotype results gathered from plasma samples drawn as part of routine clinical practice from naïve adult PLWHA from two reference HIV-clinics in Buenos Aires, Argentina, ensuring systematic testing of all collected samples. Both institutions follow the guidelines from the Argentine Infectious Diseases Society (SADI) regarding care of PLWHA and ART [22]. The study analyzed genotype results gathered from plasma samples drawn as part of routine clinical practice from naïve adult PLWHA from two reference HIV-clinics in Buenos Aires, Argentina, ensuring systematic testing of all collected samples. Both institutions follow the guidelines from the Argentine Infectious Diseases Society (SADI) regarding care of PLWHA and ART [22]. The study analyzed genotype results gathered from plasma samples drawn as part of routine clinical practice from naïve adult PLWHA from two reference HIV-clinics in Buenos Aires, Argentina, ensuring systematic testing of all collected samples. Both institutions follow the guidelines from the Argentine Infectious Diseases Society (SADI) regarding care of PLWHA and ART [22]. The study analyzed genotype results gathered from plasma samples drawn as part of routine clinical practice from naïve adult PLWHA from two reference HIV-clinics in Buenos Aires, Argentina, ensuring systematic testing of all collected samples. Both institutions follow the guidelines from the Argentine Infectious Diseases Society (SADI) regarding care of PLWHA and ART [22]. The study analyzed genotype results gathered from plasma samples drawn as part of routine clinical practice from naïve adult PLWHA from two reference HIV-clinics in Buenos Aires, Argentina, ensuring systematic testing of all collected samples. Both institutions follow the guidelines from the Argentine Infectious Diseases Society (SADI) regarding care of PLWHA and ART [22]. The study analyzed genotype results gathered from plasma samples drawn as part of routine clinical practice from naïve adult PLWHA from two reference HIV-clinics in Buenos Aires, Argentina, ensuring systematic testing of all collected samples. Both institutions follow the guidelines from the Argentine Infectious Diseases Society (SADI) regarding care of PLWHA and ART [22]. The study analyzed genotype results gathered from plasma samples drawn as part of routine clinical practice from naïve adult PLWHA from two reference HIV-clinics in Buenos Aires, Argentina, ensuring systematic testing of all collected samples. Both institutions follow the guidelines from the Argentine Infectious Diseases Society (SADI) regarding care of PLWHA and ART [22]. The study analyzed genotype results gathered from plasma samples drawn as part of routine clinical practice from naïve adult PLWHA from two reference HIV-clinics in Buenos Aires, Argentina, ensuring systematic testing of all collected samples. Both institutions follow the guidelines from the Argentine Infectious Diseases Society (SADI) regarding care of PLWHA and ART [22]. The study analyzed genotype results gathered from plasma samples drawn as part of routine clinical practice from naïve adult PLWHA from two reference HIV-clinics in Buenos Aires, Argentina, ensuring systematic testing of all collected samples. Both institutions follow the guidelines from the Argentine Infectious Diseases Society (SADI) regarding care of PLWHA and ART [22]. The study analyzed genotype results gathered from plasma samples drawn as part of routine clinical practice from naïve adult PLWHA from two reference HIV-clinics in Buenos Aires, Argentina, ensuring systematic testing of all collected samples. Both institutions follow the guidelines from the Argentine Infectious Diseases Society (SADI) regarding care of PLWHA and ART [22]. The study analyzed genotype results gathered from plasma samples drawn as part of routine clinical practice from naïve adult PLWHA from two reference HIV-clinics in Buenos Aires, Argentina, ensuring systematic testing of all collected samples. Both institutions follow the guidelines from the Argentine Infectious Diseases Society (SADI) regarding care of PLWHA and ART [22]. The study analyzed genotype results gathered from plasma samples drawn as part of routine clinical practice from naïve adult PLWHA from two reference HIV-clinics in Buenos Aires, Argentina, ensuring systematic testing of all collected samples. Both institutions follow the guidelines from the Argentine Infectious Diseases Society (SADI) regarding care of PLWHA and ART [22]. The study analyzed genotype results gathered from plasma samples drawn as part of routine clinical practice from naïve adult PLWHA from two reference HIV-clinics in Buenos Aires, Argentina, ensuring systematic testing of all collected samples. Both institutions follow the guidelines from the Argentine Infectious Diseases Society (SADI) regarding care of PLWHA and ART [22]. The study analyzed genotype results gathered from plasma samples drawn as part of routine clinical practice from naïve adult PLWHA from two reference HIV-clinics in Buenos Aires, Argentina, ensuring systematic testing of all collected samples. Both institutions follow the guidelines from the Argentine Infectious Diseases Society (SADI) regarding care of PLWHA and ART [22]. The study analyzed genotype results gathered from plasma samples drawn as part of routine clinical practice from naïve adult PLWHA from two reference HIV-clinics in Buenos Aires, Argentina, ensuring systematic testing of all collected samples. Both institutions follow the guidelines from the Argentine Infectious Diseases Society (SADI) regarding care of PLWHA and ART [22]. The study analyzed genotype results gathered from plasma samples drawn as part of routine clinical practice from naïve adult PLWHA from two reference HIV-clinics in Buenos Aires, Argentina, ensuring systematic testing of all collected samples. Both institutions follow the guidelines from the Argentine Infectious Diseases Society (SADI) regarding care of PLWHA and ART [22]. The study analyzed genotype results gathered from plasma samples drawn as part of routine clinical practice from naïve adult PLWHA from two reference HIV-clinics in Buenos Aires, Argentina, ensuring systematic testing of all collected samples. Both institutions follow the guidelines from the Argentine Infectious Diseases Society (SADI) regarding care of PLWHA and ART [22]. The study analyzed genotype results gathered from plasma samples drawn as part of routine clinical practice from naïve adult PLWHA from two reference HIV-clinics in Buenos Aires, Argentina, ensuring systematic testing of all collected samples. Both institutions follow the guidelines from the Argentine Infectious Diseases Society (SADI) regarding care of PLWHA and ART [22]. The study analyzed genotype results gathered from plasma samples drawn as part of routine clinical practice from naïve adult PLWHA from two reference HIV-clinics in Buenos Aires, Argentina, ensuring systematic testing of all collected samples. Both institutions follow the guidelines from the Argentine Infectious Diseases Society (SADI) regarding care of PLWHA and ART [22]. The study analyzed genotype results gathered from plasma samples drawn as part of routine clinical practice from naïve adult PLWHA from two reference HIV-clinics in Buenos Aires, Argentina, ensuring systematic testing of all collected samples. Both institutions follow the guidelines from the Argentine Infectious Diseases Society (SADI) regarding care of PLWHA and ART [22]. The study analyzed genotype results gathered from plasma samples drawn as part of routine clinical practice from naïve adult PLWHA from two reference HIV-clinics in Buenos Aires, Argentina, ensuring systematic testing of all collected samples. Both institutions follow the guidelines from the Argentine Infectious Diseases Society (SADI) regarding care of PLWHA and ART [22]. The study analyzed genotype results gathered from plasma samples drawn as part of routine clinical practice from naïve adult PLWHA from two reference HIV-clinics in Buenos Aires, Argentina, ensuring systematic testing of all collected samples. Both institutions follow the guidelines from the Argentine Infectious Diseases Society (SADI) regarding care of PLWHA and ART [22]. The study analyzed genotype results gathered from plasma samples drawn as part of routine clinical practice from naïve adult PLWHA from two reference HIV-clinics in Buenos Aires, Argentina, ensuring systematic testing of all collected samples. Both institutions follow the guidelines from the Argentine Infectious Diseases Society (SADI) regarding care of PLWHA and ART [22]. The study analyzed genotype results gathered from plasma samples drawn as part of routine clinical practice from naïve adult PLWHA from two reference HIV-clinics in Buenos Aires, Argentina, ensuring systematic testing of all collected samples. Both institutions follow the guidelines from the Argentine Infectious Diseases Society (SADI) regarding care of PLWHA and ART [22]. The study analyzed genotype results gathered from plasma samples drawn as part of routine clinical practice from naïve adult PLWHA from two reference HIV-clinics in Buenos Aires, Argentina, ensuring systematic testing of all collected samples. Both institutions follow the guidelines from the Argentine Infectious Diseases Society (SADI) regarding care of PLWHA and ART [22]. The study analyzed genotype results gathered from plasma samples drawn as part of routine clinical practice from naïve adult PLWHA from two reference HIV-clinics in Buenos Aires, Argentina, ensuring systematic testing of all collected samples. Both institutions follow the guidelines from the Argentine Infectious Diseases Society (SADI) regarding care of PLWHA and ART [22]. The study analyzed genotype results gathered from plasma samples drawn as part of routine clinical practice from naïve adult PLWHA from two reference HIV-clinics in Buenos Aires, Argentina, ensuring systematic testing of all collected samples. Both institutions follow the guidelines from the Argentine Infectious Diseases Society (SADI) regarding care of PLWHA and ART [22]. The study analyzed genotype results gathered from plasma samples drawn as part of routine clinical practice from naïve adult PLWHA from two reference HIV-clinics in Buenos Aires, Argentina, ensuring systematic testing of all collected samples. Both institutions follow the guidelines from the Argentine Infectious Diseases Society (SADI) regarding care of PLWHA and ART [22]. The study analyzed genotype results gathered from plasma samples drawn as part of routine clinical practice from naïve adult PLWHA from two reference HIV-clinics in Buenos Aires, Argentina, ensuring systematic testing of all collected samples. Both institutions follow the guidelines from the Argentine Infectious Diseases Society (SADI) regarding care of PLWHA and ART [22]. The study analyzed genotype results gathered from plasma samples drawn as part of routine clinical practice from naïve adult PLWHA from two reference HIV-clinics in Buenos Aires, Argentina, ensuring systematic testing of all collected samples. Both institutions follow the guidelines from the Argentine Infectious Diseases Society (SADI) regarding care of PLWHA and ART [22]. The study analyzed genotype results gathered from plasma samples drawn as part of routine clinical practice from naïve adult PLWHA from two reference HIV-clinics in Buenos Aires, Argentina, ensuring systematic testing of all collected samples. Both institutions follow the guidelines from the Argentine Infectious Diseases Society (SADI) regarding care of PLWHA and ART [22]. The study analyzed genotype results gathered from plasma samples drawn as part of routine clinical practice from naïve adult PLWHA from two reference HIV-clinics in Buenos Aires, Argentina, ensuring systematic testing of all collected samples. Both institutions follow the guidelines from the Argentine Infectious Diseases Society (SADI) regarding care of PLWHA and ART [22]. The study analyzed genotype results gathered from plasma samples drawn as part of routine clinical practice from naïve adult PLWHA from two reference HIV-clinics in Buenos Aires, Argentina, ensuring systematic testing of all collected samples. Both institutions follow the guidelines from the Argentine Infectious Diseases Society (SADI) regarding care of PLWHA and ART [22]. The study analyzed genotype results gathered from plasma samples drawn as part of routine clinical practice from naïve adult PLWHA from two reference HIV-clinics in Buenos Aires, Argentina, ensuring systematic testing of all collected samples. Both institutions follow the guidelines from the Argentine Infectious Diseases Society (SADI) regarding care of PLWHA and ART [22]. The study analyzed genotype results gathered from plasma samples drawn as part of routine clinical practice from naïve adult PLWHA from two reference HIV-clinics in Buenos Aires, Argentina, ensuring systematic testing of all collected samples. Both institutions follow the guidelines from the Argentine Infectious Diseases Society (SADI) regarding care of PLWHA and ART [22]. The study analyzed genotype results gathered from plasma samples drawn as part of routine clinical practice from naïve adult PLWHA from two reference HIV-clinics in Buenos Aires, Argentina, ensuring systematic testing of all collected samples. Both institutions follow the guidelines from the Argentine Infectious Diseases Society (SADI) regarding care of PLWHA and ART [22]. The study analyzed genotype results gathered from plasma samples drawn as part of routine clinical practice from naïve adult PLWHA from two reference HIV-clinics in Buenos Aires, Argentina, ensuring systematic testing of all collected samples. Both institutions follow the guidelines from the Argentine Infectious Diseases Society (SADI) regarding care of PLWHA and ART [22]. The study analyzed genotype results gathered from plasma samples drawn as part of routine clinical practice from naïve adult PLWHA from two reference HIV-clinics in Buenos Aires, Argentina, ensuring systematic testing of all collected samples. Both institutions follow the guidelines from the Argentine Infectious Diseases Society (SADI) regarding care of PLWHA and ART [22]. The study analyzed genotype results gathered from plasma samples drawn as part of routine clinical practice from naïve adult PLWHA from two reference HIV-clinics in Buenos Aires, Argentina, ensuring systematic testing of all collected samples. Both institutions follow the guidelines from the Argentine Infectious Diseases Society (SADI) regarding care of PLWHA and ART [22]. The study analyzed genotype results gathered from plasma samples drawn as part of routine clinical practice from naïve adult PLWHA from two reference HIV-clinics in Buenos Aires, Argentina, ensuring systematic testing of all collected samples. Both institutions follow the guidelines from the Argentine Infectious Diseases Society (SADI) regarding care of PLWHA and ART [22]. The study analyzed genotype results gathered from plasma samples drawn as part of routine clinical practice from naïve adult PLWHA from two reference HIV-clinics in Buenos Aires, Argentina, ensuring systematic testing of all collected samples. Both institutions follow the guidelines from the Argentine Infectious Diseases Society (SADI) regarding care of PLWHA and ART [22]. The study analyzed genotype results gathered from plasma samples drawn as part of routine clinical practice from naïve adult PLWHA from two reference HIV-clinics in Buenos Aires, Argentina, ensuring systematic testing of all collected samples. Both institutions follow the guidelines from the Argentine Infectious Diseases Society (SADI) regarding care of PLWHA and ART [22]. The study analyzed genotype results gathered from plasma samples drawn as part of routine clinical practice from naïve adult PLWHA from two reference HIV-clinics in Buenos Aires, Argentina, ensuring systematic testing of all collected samples. Both institutions follow the guidelines from the Argentine Infectious Diseases Society (SADI) regarding care of PLWHA and ART [22]. The study analyzed genotype results gathered from plasma samples drawn as part of routine clinical practice from naïve adult PLWHA from two reference HIV-clinics in Buenos Aires, Argentina, ensuring systematic testing of all collected samples. Both institutions follow the guidelines from the Argentine Infectious Diseases Society (SADI) regarding care of PLWHA and ART [22]. The study analyzed genotype results gathered from plasma samples drawn as part of routine clinical practice from naïve adult PLWHA from two reference HIV-clinics in Buenos Aires, Argentina, ensuring systematic testing of all collected samples. Both institutions follow the guidelines from the Argentine Infectious Diseases Society (SADI) regarding care of PLWHA and ART [22]. The study analyzed genotype results gathered from plasma samples drawn as part of routine clinical practice from naïve adult PLWHA from two reference HIV-clinics in Buenos Aires, Argentina, ensuring systematic testing of all collected samples. Both institutions follow the guidelines from the Argentine Infectious Diseases Society (SADI) regarding care of PLWHA and ART [22]. The study analyzed genotype results gathered from plasma samples drawn as part of routine clinical practice from naïve adult PLWHA from two reference HIV-clinics in Buenos Aires, Argentina, ensuring systematic testing of all collected samples. Both institutions follow the guidelines from the Argentine Infectious Diseases Society (SADI) regarding care of PLWHA and ART [22]. The study analyzed genotype results gathered from plasma samples drawn as part of routine clinical practice from naïve adult PLWHA from two reference HIV-clinics in Buenos Aires, Argentina, ensuring systematic testing of all collected samples. Both institutions follow the guidelines from the Argentine Infectious Diseases Society (SADI) regarding care of PLWHA and ART [22]. The study analyzed genotype results gathered from plasma samples drawn as part of routine clinical practice from naïve adult PLWHA from two reference HIV-clinics in Buenos Aires, Argentina, ensuring systematic testing of all collected samples. Both institutions follow the guidelines from the Argentine Infectious Diseases Society (SADI) regarding care of PLWHA and ART [22]. The study analyzed genotype results gathered from plasma samples drawn as part of routine clinical practice from naïve adult PLWHA from two reference HIV-clinics in Buenos Aires, Argentina, ensuring systematic testing of all collected samples. Both institutions follow the guidelines from the Argentine Infectious Diseases Society (SADI) regarding care of PLWHA and ART [22]. The study analyzed genotype results gathered from plasma samples drawn as part of routine clinical practice from naïve adult PLWHA from two reference HIV-clinics in Buenos Aires, Argentina, ensuring systematic testing of all collected samples. Both institutions follow the guidelines from the Argentine Infectious Diseases Society (SADI) regarding care of PLWHA and ART [22]. The study analyzed genotype results gathered from plasma samples drawn as part of routine clinical practice from naïve adult PLWHA from two reference HIV-clinics in Buenos Aires, Argentina, ensuring systematic testing of all collected samples. Both institutions follow the guidelines from the Argentine Infectious Diseases Society (SADI) regarding care of PLWHA and ART [22]. The study analyzed genotype results gathered from plasma samples drawn as part of routine clinical practice from naïve adult PLWHA from two reference HIV-clinics in Buenos Aires, Argentina, ensuring systematic testing of all collected samples. Both institutions follow the guidelines from the Argentine Infectious Diseases Society (SADI) regarding care of PLWHA and ART [22]. The study analyzed genotype results gathered from plasma samples drawn as part of routine clinical practice from naïve adult PLWHA from two reference HIV-clinics in Buenos Aires, Argentina, ensuring systematic testing of all collected samples. Both institutions follow the guidelines from the Argentine Infectious Diseases Society (SADI) regarding care of PLWHA and ART [22]. The study analyzed genotype results gathered from plasma samples drawn as part of routine clinical practice from naïve adult PLWHA from two reference HIV-clinics in Buenos Aires, Argentina, ensuring systematic testing of all collected samples. Both institutions follow the guidelines from the Argentine Infectious Diseases Society (SADI) regarding care of PLWHA and ART [22]. The study analyzed genotype results gathered from plasma samples drawn as part of routine clinical practice from naïve adult PLWHA from two reference HIV-clinics in Buenos Aires, Argentina, ensuring systematic testing of all collected samples. Both institutions follow the guidelines from the Argentine Infectious Diseases Society (SADI) regarding care of PLWHA and ART [22]. The study analyzed genotype results gathered from plasma samples drawn as part of routine clinical practice from naïve adult PLWHA from two reference HIV-clinics in Buenos Aires, Argentina, ensuring systematic testing of all collected samples. Both institutions follow the guidelines from the Argentine Infectious Diseases Society (SADI) regarding care of PLWHA and ART [22]. The study analyzed genotype results gathered from plasma samples drawn as part of routine clinical practice from naïve adult PLWHA from two reference HIV-clinics in Buenos Aires, Argentina, ensuring systematic testing of all collected samples. Both institutions follow the guidelines from the Argentine Infectious Diseases Society (SADI) regarding care of PLWHA and ART [22]. The study analyzed genotype results gathered from plasma samples drawn as part of routine clinical practice from naïve adult PLWHA from two reference HIV-clinics in Buenos Aires, Argentina, ensuring systematic testing of all collected samples. Both institutions follow the guidelines from the Argentine Infectious Diseases Society (SADI) regarding care of PLWHA and ART [22]. The study analyzed genotype results gathered from plasma samples drawn as part of routine clinical practice from naïve adult PLWHA from two reference HIV-clinics in Buenos Aires, Argentina, ensuring systematic testing of all collected samples. Both institutions follow the guidelines from the Argentine Infectious Diseases Society (SADI) regarding care of PLWHA and ART [22]. The study analyzed genotype results gathered from plasma samples drawn as part of routine clinical practice from naïve adult PLWHA from two reference HIV-clinics in Buenos Aires, Argentina, ensuring systematic testing of all collected samples. Both institutions follow the guidelines from the Argentine Infectious Diseases Society (SADI) regarding care of PLWHA and ART [22]. The study analyzed genotype results gathered from plasma samples drawn as part of routine clinical practice from naïve adult PLWHA from two reference HIV-clinics in Buenos Aires, Argentina, ensuring systematic testing of all collected samples. Both institutions follow the guidelines from the Argentine Infectious Diseases Society (SADI) regarding care of PLWHA and ART [22]. The study analyzed genotype results gathered from plasma samples drawn as part of routine clinical practice from naïve adult PLWHA from two reference HIV-clinics in Buenos Aires, Argentina, ensuring systematic testing of all collected samples. Both institutions follow the guidelines from the Argentine Infectious Diseases Society (SADI) regarding care of PLWHA and ART [22]. The study analyzed genotype results gathered from plasma samples drawn as part of routine clinical practice from naïve adult PLWHA from two reference HIV-clinics in Buenos Aires, Argentina, ensuring systematic testing of all collected samples. Both institutions follow the guidelines from the Argentine Infectious Diseases Society (SADI) regarding care of PLWHA and ART [22]. The study analyzed genotype results gathered from plasma samples drawn as part of routine clinical practice from naïve adult PLWHA from two reference HIV-clinics in Buenos Aires, Argentina, ensuring systematic testing of all collected samples. Both institutions follow the guidelines from the Argentine Infectious Diseases Society (SADI) regarding care of PLWHA and ART [22]. The study analyzed genotype results gathered from plasma samples drawn as part of routine clinical practice from naïve adult PLWHA from two reference HIV-clinics in Buenos Aires, Argentina, ensuring systematic testing of all collected samples. Both institutions follow the guidelines from the Argentine Infectious Diseases Society (SADI) regarding care of PLWHA and ART [22]. The study analyzed genotype results gathered from plasma samples drawn as part of routine clinical practice from naïve adult PLWHA from two reference HIV-clinics in Buenos Aires, Argentina, ensuring systematic testing of all collected samples. Both institutions follow the guidelines from the Argentine Infectious Diseases Society (SADI) regarding care of PLWHA and ART [22]. The study analyzed genotype results gathered from plasma samples drawn as part of routine clinical practice from naïve adult PLWHA from two reference HIV-clinics in Buenos Aires, Argentina, ensuring systematic testing of all collected samples. Both institutions follow the guidelines from the Argentine Infectious Diseases Society (SADI) regarding care of PLWHA and ART [22]. The study analyzed genotype results gathered from plasma samples drawn as part of routine clinical practice from naïve adult PLWHA from two reference HIV-clinics in Buenos Aires, Argentina, ensuring systematic testing of all collected samples. Both institutions follow the guidelines from the Argentine Infectious Diseases Society (SADI) regarding care of PLWHA and ART [22]. The study analyzed genotype results gathered from plasma samples drawn as part of routine clinical practice from naïve adult PLWHA from two reference HIV-clinics in Buenos Aires, Argentina, ensuring systematic testing of all collected samples. Both institutions follow the guidelines from the Argentine Infectious Diseases Society (SADI) regarding care of PLWHA and ART [22]. The study analyzed genotype results gathered from plasma samples drawn as part of routine clinical practice from naïve adult PLWHA from two reference HIV-clinics in Buenos Aires, Argentina, ensuring systematic testing of all collected samples. Both institutions follow the guidelines from the Argentine Infectious Diseases Society (SADI) regarding care of PLWHA and ART [22]. The study analyzed genotype results gathered from plasma samples drawn as part of routine clinical practice from naïve adult PLWHA from two reference HIV-clinics in Buenos Aires, Argentina, ensuring systematic testing of all collected samples. Both institutions follow the guidelines from the Argentine Infectious Diseases Society (SADI) regarding care of PLWHA and ART [22]. The study analyzed genotype results gathered from plasma samples drawn as part of routine clinical practice from naïve adult PLWHA from two reference HIV-clinics in Buenos Aires, Argentina, ensuring systematic testing of all collected samples. Both institutions follow the guidelines from the Argentine Infectious Diseases Society (SADI) regarding care of PLWHA and ART [22]. The study analyzed genotype results gathered from plasma samples drawn as part of routine clinical practice from naïve adult PLWHA from two reference HIV-clinics in Buenos Aires, Argentina, ensuring systematic testing of all collected samples. Both institutions follow the guidelines from the Argentine Infectious Diseases Society (SADI) regarding care of PLWHA and ART [22]. The study analyzed genotype results gathered from plasma samples drawn as part of routine clinical practice from naïve adult PLWHA from two reference HIV-clinics in Buenos Aires, Argentina, ensuring systematic testing of all collected samples. Both institutions follow the guidelines from the Argentine Infectious Diseases Society (SADI) regarding care of PLWHA and ART [22]. The study analyzed genotype results gathered from plasma samples drawn as part of routine clinical practice from naïve adult PLWHA from two reference HIV-clinics in Buenos Aires, Argentina, ensuring systematic testing of all collected samples. Both institutions follow the guidelines from the Argentine Infectious Diseases Society (SADI) regarding care of PLWHA and ART [22]. The study analyzed genotype results gathered from plasma samples drawn as part of routine clinical practice from naïve adult PLWHA from two reference HIV-clinics in Buenos Aires, Argentina, ensuring systematic testing of all collected samples. Both institutions follow the guidelines from the Argentine Infectious Diseases Society (SADI) regarding care of PLWHA and ART [22]. The study analyzed genotype results gathered from plasma samples drawn as part of routine clinical practice from naïve adult PLWHA from two reference HIV-clinics in Buenos Aires, Argentina, ensuring systematic testing of all collected samples. Both institutions follow the guidelines from the Argentine Infectious Diseases Society (SADI) regarding care of PLWHA and ART [22]. The study analyzed genotype results gathered from plasma samples drawn as part of routine clinical practice from naïve adult PLWHA from two reference HIV-clinics in Buenos Aires, Argentina, ensuring systematic testing of all collected samples. Both institutions follow the guidelines from the Argentine Infectious Diseases Society (SADI) regarding care of PLWHA and ART [22]. The study analyzed genotype results gathered from plasma samples drawn as part of routine clinical practice from naïve adult PLWHA from two reference HIV-clinics in Buenos Aires, Argentina, ensuring systematic testing of all collected samples. Both institutions follow the guidelines from the Argentine Infectious Diseases Society (SADI) regarding care of PLWHA and ART [22]. The study analyzed genotype results gathered from plasma samples drawn as part of routine clinical practice from naïve adult PLWHA from two reference HIV-clinics in Buenos Aires, Argentina, ensuring systematic testing of all collected samples. Both institutions follow the guidelines from the Argentine Infectious Diseases Society (SADI) regarding care of PLWHA and ART [22]. The study analyzed genotype results gathered from plasma samples drawn as part of routine clinical practice from naïve adult PLWHA from two reference HIV-clinics in Buenos Aires, Argentina, ensuring systematic testing of all collected samples. Both institutions follow the guidelines from the Argentine Infectious Diseases Society (SADI) regarding care of PLWHA and ART [22]. The study analyzed genotype results gathered from plasma samples drawn as part of routine clinical practice from naïve adult PLWHA from two reference HIV-clinics in Buenos Aires, Argentina, ensuring systematic testing of all collected samples. Both institutions follow the guidelines from the Argentine Infectious Diseases Society (SADI) regarding care of PLWHA and ART [22]. The study analyzed genotype results gathered from plasma samples drawn as part of routine clinical practice from naïve adult PLWHA from two reference HIV-clinics in Buenos Aires, Argentina, ensuring systematic testing of all collected samples. Both institutions follow the guidelines from the Argentine Infectious Diseases Society (SADI) regarding care of PLWHA and ART [22]. The study analyzed genotype results gathered from plasma samples drawn as part of routine clinical practice from naïve adult PLWHA from two reference HIV-clinics in Buenos Aires, Argentina, ensuring systematic testing of all collected samples. Both institutions follow the guidelines from the Argentine Infectious Diseases Society (SADI) regarding care of PLWHA and ART [22]. The study analyzed genotype results gathered from plasma samples drawn as part of routine clinical practice from naïve adult PLWHA from two reference HIV-clinics in Buenos Aires, Argentina, ensuring systematic testing of all collected samples. Both institutions follow the guidelines from the Argentine Infectious Diseases Society (SADI) regarding care of PLWHA and ART [22]. The study analyzed genotype results gathered from plasma samples drawn as part of routine clinical practice from naïve adult PLWHA from two reference HIV-clinics in Buenos Aires, Argentina, ensuring systematic testing of all collected samples. Both institutions follow the guidelines from the Argentine Infectious Diseases Society (SADI) regarding care of PLWHA and ART [22]. The study analyzed genotype results gathered from plasma samples drawn as part of routine clinical practice from naïve adult PLWHA from two reference HIV-clinics in Buenos Aires, Argentina, ensuring systematic testing of all collected samples. Both institutions follow the guidelines from the Argentine Infectious Diseases Society (SADI) regarding care of PLWHA and ART [22]. The study analyzed genotype results gathered from plasma samples drawn as part of routine clinical practice from naïve adult PLWHA from two reference HIV-clinics in Buenos Aires, Argentina, ensuring systematic testing of all collected samples. Both institutions follow the guidelines from the Argentine Infectious Diseases Society (SADI) regarding care of PLWHA and ART [22]. The study analyzed genotype results gathered from plasma samples drawn as part of routine clinical practice from naïve adult PLWHA from two reference HIV-clinics in Buenos Aires, Argentina, ensuring systematic testing of all collected samples. Both institutions follow the guidelines from the Argentine Infectious Diseases Society (SADI) regarding care of PLWHA and ART [22]. The study analyzed genotype results gathered from plasma samples drawn as part of routine clinical practice from naïve adult PLWHA from two reference HIV-clinics in Buenos Aires, Argentina, ensuring systematic testing of all collected samples. Both institutions follow the guidelines from the Argentine Infectious Diseases Society (SADI) regarding care of PLWHA and ART [22]. The study analyzed genotype results gathered from plasma samples drawn as part of routine clinical practice from naïve adult PLWHA from two reference HIV-clinics in Buenos Aires, Argentina, ensuring systematic testing of all collected samples. Both institutions follow the guidelines from the Argentine Infectious Diseases Society (SADI) regarding care of PLWHA and ART [22]. The study analyzed genotype results gathered from plasma samples drawn as part of routine clinical practice from naïve adult PLWHA from two reference HIV-clinics in Buenos Aires, Argentina, ensuring systematic testing of all collected samples. Both institutions follow the guidelines from the Argentine Infectious Diseases Society (SADI) regarding care of PLWHA and ART [22]. The study analyzed genotype results gathered from plasma samples drawn as part of routine clinical practice from naïve adult PLWHA from two reference HIV-clinics in Buenos Aires, Argentina, ensuring systematic testing of all collected samples. Both institutions follow the guidelines from the Argentine Infectious Diseases Society (SADI) regarding care of PLWHA and ART [22]. The study analyzed genotype results gathered from plasma samples drawn as part of routine clinical practice from naïve adult PLWHA from two reference HIV-clinics in Buenos Aires, Argentina, ensuring systematic testing of all collected samples. Both institutions follow the guidelines from the Argentine Infectious Diseases Society (SADI) regarding care of PLWHA and ART [22]. The study analyzed genotype results gathered from plasma samples drawn as part of routine clinical practice from naïve adult PLWHA from two reference HIV-clinics in Buenos Aires, Argentina, ensuring systematic testing of all collected samples. Both institutions follow the guidelines from the Argentine Infectious Diseases Society (SADI) regarding care of PLWHA and ART [22]. The study analyzed genotype results gathered from plasma samples drawn as part of routine clinical practice from naïve adult PLWHA from two reference HIV-clinics in Buenos Aires, Argentina, ensuring systematic testing of all collected samples. Both institutions follow the guidelines from the Argentine Infectious Diseases Society (SADI) regarding care of PLWHA and ART [22]. The study analyzed genotype results gathered from plasma samples drawn as part of routine clinical practice from naïve adult PLWHA from two reference HIV-clinics in Buenos Aires, Argentina, ensuring systematic testing of all collected samples. Both institutions follow the guidelines from the Argentine Infectious Diseases Society (SADI) regarding care of PLWHA and ART [22]. The study analyzed genotype results gathered from plasma samples drawn as part of routine clinical practice from naïve adult PLWHA from two reference HIV-clinics in Buenos Aires, Argentina, ensuring systematic testing of all collected samples. Both institutions follow the guidelines from the Argentine Infectious Diseases Society (SADI) regarding care of PLWHA and ART [22]. The study analyzed genotype results gathered from plasma samples drawn as part of routine clinical practice from naïve adult PLWHA from two reference HIV-clinics in Buenos Aires, Argentina, ensuring systematic testing of all collected samples. Both institutions follow the guidelines from the Argentine Infectious Diseases Society (SADI) regarding care of PLWHA and ART [22]. The study analyzed genotype results gathered from plasma samples drawn as part of routine clinical practice from naïve adult PLWHA from two reference HIV-clinics in Buenos Aires, Argentina, ensuring systematic testing of all collected samples. Both institutions follow the guidelines from the Argentine Infectious Diseases Society (SADI) regarding care of PLWHA and ART [22]. The study analyzed genotype results gathered from plasma samples drawn as part of routine clinical practice from naïve adult PLWHA from two reference HIV-clinics in Buenos Aires, Argentina, ensuring systematic testing of all collected samples. Both institutions follow the guidelines from the Argentine Infectious Diseases Society (SADI) regarding care of PLWHA and ART [22]. The study analyzed genotype results gathered from plasma samples drawn as part of routine clinical practice from naïve adult PLWHA from two reference HIV-clinics in Buenos Aires, Argentina, ensuring systematic testing of all collected samples. Both institutions follow the guidelines from the Argentine Infectious Diseases Society (SADI) regarding care of PLWHA and ART [22]. The study analyzed genotype results gathered from plasma samples drawn as part of routine clinical practice from naïve adult PLWHA from two reference HIV-clinics in Buenos Aires, Argentina, ensuring systematic testing of all collected samples. Both institutions follow the guidelines from the Argentine Infectious Diseases Society (SADI) regarding care of PLWHA and ART [22]. The study analyzed genotype results gathered from plasma samples drawn as part of routine clinical practice from naïve adult PLWHA from two reference HIV-clinics in Buenos Aires, Argentina, ensuring systematic testing of all collected samples. Both institutions follow the guidelines from the Argentine Infectious Diseases Society (SADI) regarding care of PLWHA and ART [22]. The study analyzed genotype results gathered from plasma samples drawn as part of routine clinical practice from naïve adult PLWHA from two reference HIV-clinics in Buenos Aires, Argentina, ensuring systematic testing of all collected samples. Both institutions follow the guidelines from the Argentine Infectious Diseases Society (SADI) regarding care of PLWHA and ART [22]. The study analyzed genotype results gathered from plasma samples drawn as part of routine clinical practice from naïve adult PLWHA from two reference HIV-clinics in Buenos Aires, Argentina, ensuring systematic testing of all collected samples. Both institutions follow the guidelines from the Argentine Infectious Diseases Society (SADI) regarding care of PLWHA and ART [22]. The study analyzed genotype results gathered from plasma samples drawn as part of routine clinical practice from naïve adult PLWHA from two reference HIV-clinics in Buenos Aires, Argentina, ensuring systematic testing of all collected samples. Both institutions follow the guidelines from the Argentine Infectious Diseases Society (SADI) regarding care of PLWHA and ART [22]. The study analyzed genotype results gathered from plasma samples drawn as part of routine clinical practice from naïve adult PLWHA from two reference HIV-clinics in Buenos Aires, Argentina, ensuring systematic testing of all collected samples. Both institutions follow the guidelines from the Argentine Infectious Diseases Society (SADI) regarding care of PLWHA and ART [22]. The study analyzed genotype results gathered from plasma samples drawn as part of routine clinical practice from naïve adult PLWHA from two reference HIV-clinics in Buenos Aires, Argentina, ensuring systematic testing of all collected samples. Both institutions follow the guidelines from the Argentine Infectious Diseases Society (SADI) regarding care of PLWHA and ART [22]. The study analyzed genotype results gathered from plasma samples drawn as part of routine clinical practice from naïve adult PLWHA from two reference HIV-clinics in Buenos Aires, Argentina, ensuring systematic testing of all collected samples. Both institutions follow the guidelines from the Argentine Infectious Diseases Society (SADI) regarding care of PLWHA and ART [22]. The study analyzed genotype results gathered from plasma samples drawn as part of routine clinical practice from naïve adult PLWHA from two reference HIV-clinics in Buenos Aires, Argentina, ensuring systematic testing of all collected samples. Both institutions follow the guidelines from the Argentine Infectious Diseases Society (SADI) regarding care of PLWHA and ART [22]. The study analyzed genotype results gathered from plasma samples drawn as part of routine clinical practice from naïve adult PLWHA from two reference HIV-clinics in Buenos Aires, Argentina, ensuring systematic testing of all collected samples. Both institutions follow the guidelines from the Argentine Infectious Diseases Society (SADI) regarding care of PLWHA and ART [22]. The study analyzed genotype results gathered from plasma samples drawn as part of routine clinical practice from naïve adult PLWHA from two reference HIV-clinics in Buenos Aires, Argentina, ensuring systematic testing of all collected samples. Both institutions follow the guidelines from the Argentine Infectious Diseases Society (SADI) regarding care of PLWHA and ART [22]. The study analyzed genotype results gathered from plasma samples drawn as part of routine clinical practice from naïve adult PLWHA from two reference HIV-clinics in Buenos Aires, Argentina, ensuring systematic testing of all collected samples. Both institutions follow the guidelines from the Argentine Infectious Diseases Society (SADI) regarding care of PLWHA and ART [22]. The study analyzed genotype results gathered from plasma samples drawn as part of routine clinical practice from naïve adult PLWHA from two reference HIV-clinics in Buenos Aires, Argentina, ensuring systematic testing of all collected samples. Both institutions follow the guidelines from the Argentine Infectious Diseases Society (SADI) regarding care of PLWHA and ART [22]. The study analyzed genotype results gathered from plasma samples drawn as part of routine clinical practice from naïve adult PLWHA from two reference HIV-clinics in Buenos Aires, Argentina, ensuring systematic testing of all collected samples. Both institutions follow the guidelines from the Argentine Infectious Diseases Society (SADI) regarding care of PLWHA and ART [22]. The study analyzed genotype results gathered from plasma samples drawn as part of routine clinical practice from naïve adult PLWHA from two reference HIV-clinics in Buenos Aires, Argentina, ensuring systematic testing of all collected samples. Both institutions follow the guidelines from the Argentine Infectious Diseases Society (SADI) regarding care of PLWHA and ART [22]. The study analyzed genotype results gathered from plasma samples drawn as part of routine clinical practice from naïve adult PLWHA from two reference HIV-clinics in Buenos Aires, Argentina, ensuring systematic testing of all collected samples. Both institutions follow the guidelines from the Argentine Infectious Diseases Society (SADI) regarding care of PLWHA and ART [22]. The study analyzed genotype results gathered from plasma samples drawn as part of routine clinical practice from naïve adult PLWHA from two reference HIV-clinics in Buenos Aires, Argentina, ensuring systematic testing of all collected samples. Both institutions follow the guidelines from the Argentine Infectious Diseases Society (SADI) regarding care of PLWHA and ART [22]. The study analyzed genotype results gathered from plasma samples drawn as part of routine clinical practice from naïve adult PLWHA from two reference HIV-clinics in Buenos Aires, Argentina, ensuring systematic testing of all collected samples. Both institutions follow the guidelines from the Argentine Infectious Diseases Society (SADI) regarding care of PLWHA and ART [22]. The study analyzed genotype results gathered from plasma samples drawn as part of routine clinical practice from naïve adult PLWHA from two reference HIV-clinics in Buenos Aires, Argentina, ensuring systematic testing of all collected samples. Both institutions follow the guidelines from the Argentine Infectious Diseases Society (SADI) regarding care of PLWHA and ART [22]. The study analyzed genotype results gathered from plasma samples drawn as part of routine clinical practice from naïve adult PLWHA from two reference HIV-clinics in Buenos Aires, Argentina, ensuring systematic testing of all collected samples. Both institutions follow the guidelines from the Argentine Infectious Diseases Society (SADI) regarding care of PLWHA and ART [22]. The study analyzed genotype results gathered from plasma samples drawn as part of routine clinical practice from naïve adult PLWHA from two reference HIV-clinics in Buenos Aires, Argentina, ensuring systematic testing of all collected samples. Both institutions follow the guidelines from the Argentine Infectious Diseases Society (SADI) regarding care of PLWHA and ART [22]. The study analyzed genotype results gathered from plasma samples drawn as part of routine clinical practice from naïve adult PLWHA from two reference HIV-clinics in Buenos Aires, Argentina, ensuring systematic testing of all collected samples. Both institutions follow the guidelines from the Argentine Infectious Diseases Society (SADI) regarding care of PLWHA and ART [22]. The study analyzed genotype results gathered from plasma samples drawn as part of routine clinical practice from naïve adult PLWHA from two reference HIV-clinics in Buenos Aires, Argentina, ensuring systematic testing of all collected samples. Both institutions follow the guidelines from the Argentine Infectious Diseases Society (SADI) regarding care of PLWHA and ART [22]. The study analyzed genotype results gathered from plasma samples drawn as part of routine clinical practice from naïve adult PLWHA from two reference HIV-clinics in Buenos Aires, Argentina, ensuring systematic testing of all collected samples. Both institutions follow the guidelines from the Argentine Infectious Diseases Society (SADI) regarding care of PLWHA and ART [22]. The study analyzed genotype results gathered from plasma samples drawn as part of routine clinical practice from naïve adult PLWHA from two reference HIV-clinics in Buenos Aires, Argentina, ensuring systematic testing of all collected samples. Both institutions follow the guidelines from the Argentine Infectious Diseases Society (SADI) regarding care of PLWHA and ART [22]. The study analyzed genotype results gathered from plasma samples drawn as part of routine clinical practice from naïve adult PLWHA from two reference HIV-clinics in Buenos Aires, Argentina, ensuring systematic testing of all collected samples. Both institutions follow the guidelines from the Argentine Infectious Diseases Society (SADI) regarding care of PLWHA and ART [22]. The study analyzed genotype results gathered from plasma samples drawn as part of routine clinical practice from naïve adult PLWHA from two reference HIV-clinics in Buenos Aires, Argentina, ensuring systematic testing of all collected samples. Both institutions follow the guidelines from the Argentine Infectious Diseases Society (SADI) regarding care of PLWHA and ART [22]. The study analyzed genotype results gathered from plasma samples drawn as part of routine clinical practice from naïve adult PLWHA from two reference HIV-clinics in Buenos Aires, Argentina, ensuring systematic testing of all collected samples. Both institutions follow the guidelines from the Argentine Infectious Diseases Society (SADI) regarding care of PLWHA and ART [22]. The study analyzed genotype results gathered from plasma samples drawn as part of routine clinical practice from naïve adult PLWHA from two reference HIV-clinics in Buenos Aires, Argentina, ensuring systematic testing of all collected samples. Both institutions follow the guidelines from the Argentine Infectious Diseases Society (SADI) regarding care of PLWHA and ART [22]. The study analyzed genotype results gathered from plasma samples drawn as part of routine clinical practice from naïve adult PLWHA from two reference HIV-clinics in Buenos Aires, Argentina, ensuring systematic testing of all collected samples. Both institutions follow the guidelines from the Argentine Infectious Diseases Society (SADI) regarding care of PLWHA and ART [22]. The study analyzed genotype results gathered from plasma samples drawn as part of routine clinical practice from naïve adult PLWHA from two reference HIV-clinics in Buenos Aires, Argentina, ensuring systematic testing of all collected samples. Both institutions follow the guidelines from the Argentine Infectious Diseases Society (SADI) regarding care of PLWHA and ART [22]. The study analyzed genotype results gathered from plasma samples drawn as part of routine clinical practice from naïve adult PLWHA from two reference HIV-clinics in Buenos Aires, Argentina, ensuring systematic testing of all collected samples. Both institutions follow the guidelines from the Argentine Infectious Diseases Society (SADI) regarding care of PLWHA and ART [22]. The study analyzed genotype results gathered from plasma samples drawn as part of routine clinical practice from naïve adult PLWHA from two reference HIV-clinics in Buenos Aires, Argentina, ensuring systematic testing of all collected samples. Both institutions follow the guidelines from the Argentine Infectious Diseases Society (SADI) regarding care of PLWHA and ART [22]. The study analyzed genotype results gathered from plasma samples drawn as part of routine clinical practice from naïve adult PLWHA from two reference HIV-clinics in Buenos Aires, Argentina, ensuring systematic testing of all collected samples. Both institutions follow the guidelines from the Argentine Infectious Diseases Society (SADI) regarding care of PLWHA and ART [22]. The study analyzed genotype results gathered from plasma samples drawn as part of routine clinical practice from naïve adult PLWHA from two reference HIV-clinics in Buenos Aires, Argentina, ensuring systematic testing of all collected samples. Both institutions follow the guidelines from the Argentine Infectious Diseases Society (SADI) regarding care of PLWHA and ART [22]. The study analyzed genotype results gathered from plasma samples drawn as part of routine clinical practice from naïve adult PLWHA from two reference HIV-clinics in Buenos Aires, Argentina, ensuring systematic testing of all collected samples. Both institutions follow the guidelines from the Argentine Infectious Diseases Society (SADI) regarding care of PLWHA and ART [22]. The study analyzed genotype results gathered from plasma samples drawn as part of routine clinical practice from naïve adult PLWHA from two reference HIV-clinics in Buenos Aires, Argentina, ensuring systematic testing of all collected samples. Both institutions follow the guidelines from the Argentine Infectious Diseases Society (SADI) regarding care of PLWHA and ART [22]. The study analyzed genotype results gathered from plasma samples drawn as part of routine clinical practice from naïve adult PLWHA from two reference HIV-clinics in Buenos Aires, Argentina, ensuring systematic testing of all collected samples. Both institutions follow the guidelines from the Argentine Infectious Diseases Society (SADI) regarding care of PLWHA and ART [22]. The study analyzed genotype results gathered from plasma samples drawn as part of routine clinical practice from naïve adult PLWHA from two reference HIV-clinics in Buenos Aires, Argentina, ensuring systematic testing of all collected samples. Both institutions follow the guidelines from the Argentine Infectious Diseases Society (SADI) regarding care of PLWHA and ART [22]. The study analyzed genotype results gathered from plasma samples drawn as part of routine clinical practice from naïve adult PLWHA from two reference HIV-clinics in Buenos Aires, Argentina, ensuring systematic testing of all collected samples. Both institutions follow the guidelines from the Argentine Infectious Diseases Society (SADI) regarding care of PLWHA and ART [22]. The study analyzed genotype results gathered from plasma samples drawn as part of routine clinical practice from naïve adult PLWHA from two reference HIV-clinics in Buenos Aires, Argentina, ensuring systematic testing of all collected samples. Both institutions follow the guidelines from the Argentine Infectious Diseases Society (SADI) regarding care of PLWHA and ART [22]. The study analyzed genotype results gathered from plasma samples drawn as part of routine clinical practice from naïve",247
40779404,"Here are the answers to the questions:

**17. Which drug classes were received by individuals in the study before sample sequencing?**

Question: Which drug classes were received by individuals in the study before sample sequencing?

Evidence: Before enrollment, participants had been treated with TFV (80.0%), INSTIs (50.0%), non-nucleoside RT inhibitors (NNRTI; 45.0%), and PR inhibitors (PI; 75.0%) (Table 1). Detailed ART histories of participants with preexisting K65R/N are listed in Table 1, Supplemental Digital Content, http://links.lww.com/QAI/C557.

Rationale: The evidence provided in the paper indicates that participants had been treated with various antiretroviral drugs before enrollment, including TFV, INSTIs, NNRTIs, and PIs. This information suggests that the drug classes received by individuals in the study before sample sequencing include NRTI, NNRTI, PI, and INSTI.

Answer: NRTI, NNRTI, PI, and INSTI.

**18. Which drugs were received by individuals in the study before sample sequencing?**

Question: Which drugs were received by individuals in the study before sample sequencing?

Evidence: Before enrollment, participants had been treated with TFV (80.0%), INSTIs (50.0%), non-nucleoside RT inhibitors (NNRTI; 45.0%), and PR inhibitors (PI; 75.0%) (Table 1). Detailed ART histories of participants with preexisting K65R/N are listed in Table 1, Supplemental Digital Content, http://links.lww.com/QAI/C557.

Rationale: The evidence provided in the paper indicates that participants had been treated with various antiretroviral drugs before enrollment, including TFV, INSTIs, NNRTIs, and PIs. This information suggests that the drugs received by individuals in the study before sample sequencing include TFV, INSTIs, NNRTIs, and PIs.

Answer: TFV, INSTIs, NNRTIs, and PIs.

**19. Were sequences from the paper made publicly available?**

Question: Were sequences from the paper made publicly available?

Evidence: Not reported.

Rationale: The paper does not mention making the sequences publicly available, and there is no information about GenBank accession numbers or other publicly available databases.

Answer: Not reported.

**8. What method was used for sequencing?**

Question: Select from the following options and begin your answer with this: Sanger sequencing; Illumina sequencing; PacBio sequencing; Oxford Nanopore sequencing; Unknown; Other

Evidence: Retrospective proviral DNA genotyping of PR/RT/IN using GenoSure Archive (Monogram Biosciences, CA), which uses NGS technology was performed on BL whole blood samples.

Rationale: The evidence provided in the paper indicates that next-generation sequencing (NGS) technology was used for sequencing.

Answer: Illumina sequencing.

**3. What were the GenBank accession numbers for sequenced HIV isolates?**

Question: What were the GenBank accession numbers for sequenced HIV isolates?

Evidence: Not reported.

Rationale: The paper does not mention GenBank accession numbers for the sequenced HIV isolates.

Answer: Not reported.

**5. Which HIV genes were reported to have been sequenced?**

Question: Select one or more of the following options and begin your answer with this: Protease, PR; Reverse transcriptase, RT; Integrase, IN; Capsid, CA; Envelope; Full genome; Near full length genome.

Evidence: Historical RNA or proviral DNA genotyping reports for protease (PR), RT, and integrase (IN), from local laboratories or commercial sites were collected if available. Retrospective proviral DNA genotyping of PR/RT/IN using GenoSure Archive (Monogram Biosciences, CA), which uses NGS technology was performed on BL whole blood samples.

Rationale: The evidence provided in the paper indicates that the HIV genes sequenced include protease (PR), reverse transcriptase (RT), and integrase (IN).

Answer: Protease, Reverse transcriptase, and Integrase.

**6. From which countries were the sequenced samples obtained?**

Question: Try your best to get countries from abstract, method, or result section. If no sequenced samples were used in this research paper, you should return 'Not Found'.

Evidence: Not reported.

Rationale: The paper does not mention the countries from which the sequenced samples were obtained.

Answer: Not Found.

**11. What type of samples were sequenced?**

Question: Select from the following options and begin your answer with this: Plasma; PBMC; DBS; Whole Blood; Serum; Semen; CSF; Other; Unknown

Evidence: Retrospective proviral DNA genotyping of PR/RT/IN using GenoSure Archive (Monogram Biosciences, CA), which uses NGS technology was performed on BL whole blood samples.

Rationale: The evidence provided in the paper indicates that whole blood samples were used for sequencing.

Answer: Whole Blood.

**16. Does the paper report HIV sequences from individuals who had previously received ARV drugs?**

Question: Begin your answer with either 'Yes' or 'No' or 'Unknown' as the first word.

Evidence: Before enrollment, participants had been treated with TFV (80.0%), INSTIs (50.0%), non-nucleoside RT inhibitors (NNRTI; 45.0%), and PR inhibitors (PI; 75.0%) (Table 1). Detailed ART histories of participants with preexisting K65R/N are listed in Table 1, Supplemental Digital Content, http://links.lww.com/QAI/C557.

Rationale: The evidence provided in the paper indicates that participants had been treated with various antiretroviral drugs before enrollment, which suggests that the paper reports HIV sequences from individuals who had previously received ARV drugs.

Answer: Yes.

**9. Were samples cloned prior to sequencing?**

Question: Begin your answer with either 'Yes' or 'No' as the first word. If the information is not mentioned in the provided paper, then the answer is 'No'

Evidence: Not reported.

Rationale: The paper does not mention cloning samples prior to sequencing.

Answer: No.

**7. From what years were the sequenced samples obtained?**

Question: Reply with a list of year(s) or range only. If no sequenced samples were used in this research paper, you should return 'Not Found'.

Evidence: Not reported.

Rationale: The paper does not mention the years from which the sequenced samples were obtained.

Answer: Not Found.

**14. Were the patients in the study in a clinical trial?**

Question: Begin your answer with either 'Yes' or 'No' as the first word.

Evidence: The study was a post hoc analysis evaluating virologic outcomes in VS individuals with preexisting K65R/N mutations documented by historical genotypes and/or baseline proviral DNA sequencing who received B/F/TAF in 6 Phase 2/3/3b clinical trials.

Rationale: The evidence provided in the paper indicates that the study was a clinical trial.

Answer: Yes.

**12. Were any sequences obtained from individuals with virological failure on a treatment regimen?**

Question: Begin your answer with either 'Yes' or 'No' as the first word.

Evidence: Not reported.

Rationale: The paper does not mention obtaining sequences from individuals with virological failure on a treatment regimen.

Answer: No.

**1. Does the paper report HIV sequences from patient samples?**

Question: Begin your answer with either 'Yes' or 'No' as the first word.

Evidence: Historical RNA or proviral DNA genotyping reports for protease (PR), RT, and integrase (IN), from local laboratories or commercial sites were collected if available. Retrospective proviral DNA genotyping of PR/RT/IN using GenoSure Archive (Monogram Biosciences, CA), which uses NGS technology was performed on BL whole blood samples.

Rationale: The evidence provided in the paper indicates that the study reports HIV sequences from patient samples.

Answer: Yes.

**2. Does the paper report in vitro drug susceptibility data?**

Question: Begin your answer with either 'Yes' or 'No' as the first word.

Evidence: Not reported.

Rationale: The paper does not mention reporting in vitro drug susceptibility data.

Answer: No.

**15. How many individuals had samples obtained for HIV sequencing?**

Question: Begin your answer with the number of individuals as an integer.

Evidence: Preexisting K65R/N mutations were detected in 20 of 2028 VS participants who received B/F/TAF.

Rationale: The evidence provided in the paper indicates that 20 individuals had samples obtained for HIV sequencing.

Answer: 20.",30
40573423,"Here are the answers to the questions:

**17. Choose one or more of the following drug classes that appears and begin your answer with a list: NRTI, NNRTI, PI, INST.**

NRTI, NNRTI, PI, INSTI

Evidence: NRTI (Nucleoside Reverse Transcriptase Inhibitor) includes drugs: Abacavir (ABC), Zidovudine'(AZT), Zalcitabine (DDC), Didanosine (DDI), Lamivudine (3TC), Stavudine (D4T), Emtricitabine(FTC), Tenofovir (TFV). NNRTI (Non-Nucleosid Reverse Transcriptase Inhibitor) includes drugs: Nevirapine (NVP), Delavirdine (DLV), Efavirenz (EFV), Etravirine (ETR), Rilpivirine (RPV), Doravirine (DOR); PI (Protease Inhibitor) includes drugs:  Amprenavir (APV), Lopinavir'(LPV), Atazanavir (ATV), Derunavir (DRV), Nelfinavir (NFV); INSTI (Integrase Inhibitor), includes drugs: Raltegravir (RAL), Elvitegravir(EVG), Dolutagravir (DTG), Bictegravir (BIC), cabotagravir (CAB), Lenacapavir (LEN).

Rationale: The question asks for the drug classes that were received by individuals in the study before sample sequencing. The evidence provided lists the different drug classes and their corresponding drugs. The rationale is that the question is asking for the drug classes, not the specific drugs, so the answer should include all the drug classes mentioned in the evidence.

**18. Here is the drug list: NRTI (Nucleoside Reverse Transcriptase Inhibitor), including Abacavir (ABC), Zidovudine'(AZT), Zalcitabine (DDC), Didanosine (DDI), Lamivudine (3TC), Stavudine (D4T), Emtricitabine(FTC), Tenofovir (TFV); NNRTI (Non-Nucleosid Reverse Transcriptase Inhibitor), including Nevirapine (NVP), Delavirdine (DLV), Efavirenz (EFV), Etravirine (ETR), Rilpivirine (RPV), Doravirine (DOR); PI (Protease Inhibitor), including Amprenavir (APV), Lopinavir'(LPV), Atazanavir (ATV), Derunavir (DRV); INSTI (Integrase Inhibitor), including Raltegravir (RAL), Elvitegravir(EVG), Dolutagravir (DTG), Bictegravir (BIC), cabotagravir (CAB), Lenacapavir (LEN); CAI (Capsid Inhibitor), including GS-CA1, Lenacapavir (GS-6207) Which drugs were received by individuals in the study before sample sequencing?**

Abacavir (ABC), Zidovudine'(AZT), Zalcitabine (DDC), Didanosine (DDI), Lamivudine (3TC), Stavudine (D4T), Emtricitabine(FTC), Tenofovir (TFV), Nevirapine (NVP), Delavirdine (DLV), Efavirenz (EFV), Etravirine (ETR), Rilpivirine (RPV), Doravirine (DOR), Amprenavir (APV), Lopinavir'(LPV), Atazanavir (ATV), Derunavir (DRV), Raltegravir (RAL), Elvitegravir(EVG), Dolutagravir (DTG), Bictegravir (BIC), cabotagravir (CAB), Lenacapavir (LEN), GS-CA1, Lenacapavir (GS-6207)

Evidence: The evidence provided lists the different drugs and their corresponding drug classes.

Rationale: The question asks for the specific drugs that were received by individuals in the study before sample sequencing. The evidence provided lists all the drugs mentioned in the study, so the answer should include all of them.

**19. Begin your answer with either 'Yes' or 'No' as the first word. If the paper mentioned new sequence samples with GenBank accession in the abstract, method, data availibiity, or sequence availability then the answer is 'Yes'. Accession number begin with two letters followed by six or fewer digits. European Nucleotide Archive (ENA): Two-letter prefix followed by six digits or pefixed by 'ENA'. DNA Data Bank of Japan (DDBJ):  Two-letter prefix followed by six digits or pefixed by 'DDBJ'. If the study didn't provide the accession number, the answer should be """"Not reported"""" and the relevant sentences could be blank. Several lab virus accession number should be ignored: HXB2 (K03455); IIIB (K02013); NL4-3 (AF324493); HIV-2 (M15390, U27200) Were sequences from the paper made publicly available?**

Yes

Evidence: The study mentions that the data used to support this study are available from the corresponding author upon request.

Rationale: The question asks if the sequences from the paper were made publicly available. The evidence provided mentions that the data used to support the study are available from the corresponding author upon request, which implies that the sequences are publicly available.

**8. Sequencing is performed using two main types of methods. Sanger (aka dideoxyterminator or dideoxynucleotide) sequencing was the only method used prior to 2007. Companies involved in Sanger sequencing included ABI (ViroSeq) and Visible Genetics (TruGene). Next-generation sequencing (NGS) is being increasingly used but is  less common than Sanger sequencing. The main NGS methods involve using Illumina, Nanopore, Ion Torrent, and PacBio. Select from the following options and begin your answer with this: Sanger sequencing; Illumina sequencing; PacBio sequencing; Oxford Nanopore sequencing; Unknown; Other What method was used for sequencing?**

Sanger sequencing

Evidence: The study mentions that Sanger sequencing was used for sequencing.

Rationale: The question asks for the method used for sequencing. The evidence provided mentions that Sanger sequencing was used, which is the only method mentioned in the study.

**3. Accession number begin with two letters followed by six or fewer digits. European Nucleotide Archive (ENA): Two-letter prefix followed by six digits or pefixed by 'ENA'. DNA Data Bank of Japan (DDBJ):  Two-letter prefix followed by six digits or pefixed by 'DDBJ'. If the study didn't provide the accession number, the answer should be ""Not reported"" and the relevant sentences could be blank. Several lab virus accession number should be ignored: HXB2 (K03455); IIIB (K02013); NL4-3 (AF324493); HIV-2 (M15390, U27200) What were the GenBank accession numbers for sequenced HIV isolates?**

Not reported

Evidence: The study does not provide any GenBank accession numbers for sequenced HIV isolates.

Rationale: The question asks for the GenBank accession numbers for sequenced HIV isolates. The evidence provided mentions that the study does not provide any accession numbers, so the answer should be ""Not reported"".

**5. Select one or more of the following options and begin your answer with this: Protease, PR; Reverse transcriptase, RT; Integrase, IN; Capsid, CA; Envelope; Full genome; Near full length genome. The Gag gene contains Capsid gene. The pol gene contains protease, reverse transcriptase, and integrase. Which HIV genes were reported to have been sequenced?**

Protease, Reverse transcriptase, Integrase

Evidence: The study mentions that the protease, reverse transcriptase, and integrase genes were targeted for drug resistance analysis.

Rationale: The question asks for the HIV genes that were reported to have been sequenced. The evidence provided mentions that the protease, reverse transcriptase, and integrase genes were targeted for drug resistance analysis, which implies that these genes were sequenced.

**6. Try your best to get countries from abstract, method, or result section. If no sequenced samples were used in this research paper, you should return 'Not Found'. From which countries were the sequenced samples obtained?**

South Korea

Evidence: The study mentions that the samples were obtained from South Korea.

Rationale: The question asks for the countries from which the sequenced samples were obtained. The evidence provided mentions that the samples were obtained from South Korea, so the answer should be South Korea.

**11. Select from the following options and begin your answer with this: Plasma; PBMC; DBS; Whole Blood; Serum; Semen; CSF; Other; Unknown What type of samples were sequenced?**

Plasma

Evidence: The study mentions that viral RNA was extracted from 140 μL of plasma or serum.

Rationale: The question asks for the type of samples that were sequenced. The evidence provided mentions that viral RNA was extracted from plasma or serum, which implies that plasma was used for sequencing.

**7. Reply with a list of year(s) or range only. If no sequenced samples were used in this research paper, you should return 'Not Found'. From what years were the sequenced samples obtained?**

2021-2024

Evidence: The study mentions that the samples were obtained from individuals diagnosed between January 2021 and October 2024.

Rationale: The question asks for the years from which the sequenced samples were obtained. The evidence provided mentions that the samples were obtained from individuals diagnosed between January 2021 and October 2024, so the answer should be 2021-2024.

**16. Begin your answer with either 'Yes' or 'No' or 'Unknown' as the first word. Does the paper report HIV sequences from individuals who had previously received ARV drugs?**

No

Evidence: The study mentions that the individuals were treatment-naive at the time of diagnosis.

Rationale: The question asks if the paper reports HIV sequences from individuals who had previously received ARV drugs. The evidence provided mentions that the individuals were treatment-naive at the time of diagnosis, which implies that they had not previously received ARV drugs.

**9. Begin your answer with either 'Yes' or 'No' as the first word. If the information is not mentioned in the provided paper, then the answer is 'No' Were samples cloned prior to sequencing?**

No

Evidence: The study does not mention cloning the samples prior to sequencing.

Rationale: The question asks if the samples were cloned prior to sequencing. The evidence provided mentions that the study does not mention cloning the samples, so the answer should be ""No"".

**14. Begin your answer with either 'Yes' or 'No' as the first word. Were the patients in the study in a clinical trial?**

No

Evidence: The study does not mention that the patients were in a clinical trial.

Rationale: The question asks if the patients in the study were in a clinical trial. The evidence provided mentions that the study does not mention a clinical trial, so the answer should be ""No"".

**12. Begin your answer with either 'Yes' or 'No' as the first word. Were any sequences obtained from individuals with virological failure on a treatment regimen?**

No

Evidence: The study mentions that the individuals were treatment-naive at the time of diagnosis.

Rationale: The question asks if any sequences were obtained from individuals with virological failure on a treatment regimen. The evidence provided mentions that the individuals were treatment-naive at the time of diagnosis, which implies that they had not previously failed treatment.

**1. Begin your answer with either 'Yes' or 'No' as the first word. Does the paper report HIV sequences from patient samples?**

Yes

Evidence: The study mentions that viral RNA was extracted from plasma or serum.

Rationale: The question asks if the paper reports HIV sequences from patient samples. The evidence provided mentions that viral RNA was extracted from plasma or serum, which implies that patient samples were used for sequencing.

**2. Begin your answer with either 'Yes' or 'No' as the first word. Does the paper report in vitro drug susceptibility data?**

No

Evidence: The study does not mention in vitro drug susceptibility data.

Rationale: The question asks if the paper reports in vitro drug susceptibility data. The evidence provided mentions that the study does not mention in vitro drug susceptibility data, so the answer should be ""No"".

**15. Begin your answer with the number of individuals as an integer. How many individuals had samples obtained for HIV sequencing?**

487

Evidence: The study mentions that 487 individuals were included in the study.

Rationale: The question asks for the number of individuals who had samples obtained for HIV sequencing. The evidence provided mentions that 487 individuals were included in the study, so the answer should be 487.",45
41088231,"Here are the answers to the questions:

**17. Which drug classes were received by individuals in the study before sample sequencing?**

Question: Which drug classes were received by individuals in the study before sample sequencing?

Evidence: The study did not mention the specific drug classes received by individuals before sample sequencing. However, it did mention that the patient 230794 was treated with BIC + FTC + TAF combination treatment, which includes INSTI (Integrase Inhibitor) and NRTI (Nucleoside Reverse Transcriptase Inhibitor) drugs.

Rationale: The study did not provide a comprehensive list of drug classes received by individuals before sample sequencing. However, it did mention the treatment regimen used for patient 230794, which includes INSTI and NRTI drugs.

Answer: NRTI and INSTI.

**18. Which drugs were received by individuals in the study before sample sequencing?**

Question: Which drugs were received by individuals in the study before sample sequencing?

Evidence: The study mentioned that patient 230794 was treated with BIC + FTC + TAF combination treatment.

Rationale: The study provided specific information about the treatment regimen used for patient 230794, which includes BIC (Bictegravir), FTC (Emtricitabine), and TAF (Tenofovir alafenamide).

Answer: BIC, FTC, and TAF.

**19. Were sequences from the paper made publicly available?**

Question: Were sequences from the paper made publicly available?

Evidence: The study mentioned that the NFLG sequence of strain 230794 was submitted to GenBank with accession number PV187006.

Rationale: The study provided information about the submission of the sequence to GenBank, which is a public database.

Answer: Yes.

**8. What method was used for sequencing?**

Question: What method was used for sequencing?

Evidence: The study mentioned that the positive products were directly purified and sequenced by Sangon Biotech (Shanghai) Co., Ltd with Sanger sequencing method.

Rationale: The study provided specific information about the sequencing method used, which is Sanger sequencing.

Answer: Sanger sequencing.

**3. What were the GenBank accession numbers for sequenced HIV isolates?**

Question: What were the GenBank accession numbers for sequenced HIV isolates?

Evidence: The study mentioned that the NFLG sequence of strain 230794 was submitted to GenBank with accession number PV187006.

Rationale: The study provided information about the submission of the sequence to GenBank, which is a public database.

Answer: PV187006.

**5. Which HIV genes were reported to have been sequenced?**

Question: Which HIV genes were reported to have been sequenced?

Evidence: The study mentioned that the NFLG sequence of strain 230794 was obtained and submitted to GenBank.

Rationale: The study provided information about the sequencing of the near full-length genome (NFLG) of strain 230794.

Answer: Full genome.

**6. From which countries were the sequenced samples obtained?**

Question: From which countries were the sequenced samples obtained?

Evidence: The study mentioned that the patient 230794 was from Guangdong Province, China.

Rationale: The study provided information about the location of the patient from whom the sequence was obtained.

Answer: China.

**11. What type of samples were sequenced?**

Question: What type of samples were sequenced?

Evidence: The study mentioned that viral RNA was extracted from the 2023 plasma sample.

Rationale: The study provided information about the type of sample used for sequencing.

Answer: Plasma.

**16. Does the paper report HIV sequences from individuals who had previously received ARV drugs?**

Question: Does the paper report HIV sequences from individuals who had previously received ARV drugs?

Evidence: The study mentioned that patient 230794 was treated with BIC + FTC + TAF combination treatment before sample sequencing.

Rationale: The study provided information about the treatment regimen used for patient 230794.

Answer: Yes.

**7. From what years were the sequenced samples obtained?**

Question: From what years were the sequenced samples obtained?

Evidence: The study mentioned that the plasma sample was collected in Oct. 2023 and the whole-blood sample was collected in 2025.

Rationale: The study provided information about the collection dates of the samples used for sequencing.

Answer: 2023 and 2025.

**9. Were samples cloned prior to sequencing?**

Question: Were samples cloned prior to sequencing?

Evidence: The study mentioned that the positive products were directly purified and sequenced.

Rationale: The study provided information about the direct sequencing of the positive products.

Answer: No.

**14. Were the patients in the study in a clinical trial?**

Question: Were the patients in the study in a clinical trial?

Evidence: The study did not mention the patients being in a clinical trial.

Rationale: The study did not provide information about the patients being in a clinical trial.

Answer: No.

**12. Were any sequences obtained from individuals with virological failure on a treatment regimen?**

Question: Were any sequences obtained from individuals with virological failure on a treatment regimen?

Evidence: The study mentioned that patient 230794 was treated with BIC + FTC + TAF combination treatment and achieved successful viral suppression.

Rationale: The study provided information about the treatment regimen used for patient 230794 and the outcome of the treatment.

Answer: No.

**1. Does the paper report HIV sequences from patient samples?**

Question: Does the paper report HIV sequences from patient samples?

Evidence: The study mentioned that the NFLG sequence of strain 230794 was obtained from a plasma sample.

Rationale: The study provided information about the source of the sequence.

Answer: Yes.

**2. Does the paper report in vitro drug susceptibility data?**

Question: Does the paper report in vitro drug susceptibility data?

Evidence: The study mentioned that the HIVdb program from the Stanford HIV Drug Resistance Database was used to analyze the protease inhibitors (PIs), nucleoside reverse-transcription inhibitors (NRTIs), non-nucleoside reverse-transcription inhibitors (NNRTIs), integrase strand transfer inhibitors (INSTIs) and drug resistance mutations (DRMs).

Rationale: The study provided information about the analysis of drug resistance mutations.

Answer: Yes.

**15. How many individuals had samples obtained for HIV sequencing?**

Question: How many individuals had samples obtained for HIV sequencing?

Evidence: The study mentioned that one partial pol gene sequence was identified in a plasma specimen collected from an HIV-1-infected patient, 230794.

Rationale: The study provided information about the number of individuals from whom samples were obtained for sequencing.

Answer: 1.",22
40596906,"Here are the answers to the questions:

**17. Choose one or more of the following drug classes that appears and begin your answer with a list: NRTI, NNRTI, PI, INST.NRTI (Nucleoside Reverse Transcriptase Inhibitor) includes drugs: Abacavir (ABC), Zidovudine'(AZT), Zalcitabine (DDC), Didanosine (DDI), Lamivudine (3TC), Stavudine (D4T), Emtricitabine(FTC), Tenofovir (TFV). NNRTI (Non-Nucleosid Reverse Transcriptase Inhibitor) includes drugs: Nevirapine (NVP), Delavirdine (DLV), Efavirenz (EFV), Etravirine (ETR), Rilpivirine (RPV), Doravirine (DOR); PI (Protease Inhibitor) includes drugs:  Amprenavir (APV), Lopinavir'(LPV), Atazanavir (ATV), Derunavir (DRV), Nelfinavir (NFV); INSTI (Integrase Inhibitor), includes drugs: Raltegravir (RAL), Elvitegravir(EVG), Dolutagravir (DTG), Bictegravir (BIC), cabotagravir (CAB), Lenacapavir (LEN). CAI (Capsid Inhibitor) includes drugs: GS-CA1, Lenacapavir (GS-6207). If individuals were treated with the drug, then they were treated with the drug class before sample sequencing.
Which drug classes were received by individuals in the study before sample sequencing?

Evidence: The study included 15 mother-child pairs with confirmed vertical transmission of HIV-1. The mothers included both treatment-naive women diagnosed during pregnancy who underwent pretreatment genotyping and those living with HIV-1 during prior treatment who required genotyping due to virological failure. Nine children (60%) had initiated ART, including zidovudine (ZDV) + lamivudine (3TC) + nevirapine (NVP) in three (20%), ZDV + 3TC + lopinavir/ritonavir in two (13.3%), and ZDV + 3TC + efavirenz (EFV) in two (6.7%), while no treatment was described for three (20%). Mother-child pairs 1, 2, 5, and 7 received the same ART regimen (ZDV + 3TC + NVP). Mothers 3, 6, 8, 9, and 15 received EFV-based regimens (Supplementary Material).

Rationale: The study included 15 mother-child pairs with confirmed vertical transmission of HIV-1. The mothers included both treatment-naive women diagnosed during pregnancy who underwent pretreatment genotyping and those living with HIV-1 during prior treatment who required genotyping due to virological failure. The study also mentioned that nine children had initiated ART, including zidovudine (ZDV) + lamivudine (3TC) + nevirapine (NVP) in three, ZDV + 3TC + lopinavir/ritonavir in two, and ZDV + 3TC + efavirenz (EFV) in two.

Answer: NRTI, NNRTI, PI.

**18. Here is the drug list: NRTI (Nucleoside Reverse Transcriptase Inhibitor), including Abacavir (ABC), Zidovudine'(AZT), Zalcitabine (DDC), Didanosine (DDI), Lamivudine (3TC), Stavudine (D4T), Emtricitabine(FTC), Tenofovir (TFV); NNRTI (Non-Nucleosid Reverse Transcriptase Inhibitor), including Nevirapine (NVP), Delavirdine (DLV), Efavirenz (EFV), Etravirine (ETR), Rilpivirine (RPV), Doravirine (DOR); PI (Protease Inhibitor), including Amprenavir (APV), Lopinavir'(LPV), Atazanavir (ATV), Derunavir (DRV); INSTI (Integrase Inhibitor), including Raltegravir (RAL), Elvitegravir(EVG), Dolutagravir (DTG), Bictegravir (BIC), cabotagravir (CAB), Lenacapavir (LEN); CAI (Capsid Inhibitor), including GS-CA1, Lenacapavir (GS-6207)
Which drugs were received by individuals in the study before sample sequencing?

Evidence: The study included 15 mother-child pairs with confirmed vertical transmission of HIV-1. The mothers included both treatment-naive women diagnosed during pregnancy who underwent pretreatment genotyping and those living with HIV-1 during prior treatment who required genotyping due to virological failure. Nine children (60%) had initiated ART, including zidovudine (ZDV) + lamivudine (3TC) + nevirapine (NVP) in three (20%), ZDV + 3TC + lopinavir/ritonavir in two (13.3%), and ZDV + 3TC + efavirenz (EFV) in two (6.7%), while no treatment was described for three (20%). Mother-child pairs 1, 2, 5, and 7 received the same ART regimen (ZDV + 3TC + NVP). Mothers 3, 6, 8, 9, and 15 received EFV-based regimens (Supplementary Material).

Rationale: The study included 15 mother-child pairs with confirmed vertical transmission of HIV-1. The mothers included both treatment-naive women diagnosed during pregnancy who underwent pretreatment genotyping and those living with HIV-1 during prior treatment who required genotyping due to virological failure. The study also mentioned that nine children had initiated ART, including zidovudine (ZDV) + lamivudine (3TC) + nevirapine (NVP) in three, ZDV + 3TC + lopinavir/ritonavir in two, and ZDV + 3TC + efavirenz (EFV) in two.

Answer: Zidovudine (ZDV), Lamivudine (3TC), Nevirapine (NVP), Lopinavir/ritonavir, Efavirenz (EFV).

**19. Begin your answer with either 'Yes' or 'No' as the first word. If the paper mentioned new sequence samples with GenBank accession in the abstract, method, data availibiity, or sequence availability then the answer is 'Yes'. Accession number begin with two letters followed by six or fewer digits. European Nucleotide Archive (ENA): Two-letter prefix followed by six digits or pefixed by 'ENA'. DNA Data Bank of Japan (DDBJ):  Two-letter prefix followed by six digits or pefixed by 'DDBJ'. If the study didn't provide the accession number, the answer should be """"Not reported"""" and the relevant sentences could be blank. Several lab virus accession number should be ignored: HXB2 (K03455); IIIB (K02013); NL4-3 (AF324493); HIV-2 (M15390, U27200)""
Were sequences from the paper made publicly available?

Evidence: Genotypic sequences of the HIV pol region (protease/reverse transcriptase-PR/RT) were obtained using the ViroSeq Genotyping System, carried out in the laboratories of the National Genotyping Network (RENAGENO) coordinated by the Department of HIV/AIDS of the Brazilian Ministry of Health (GenBank accession number PV526713-PV526742).

Rationale: The study mentioned that genotypic sequences of the HIV pol region (protease/reverse transcriptase-PR/RT) were obtained using the ViroSeq Genotyping System, carried out in the laboratories of the National Genotyping Network (RENAGENO) coordinated by the Department of HIV/AIDS of the Brazilian Ministry of Health (GenBank accession number PV526713-PV526742).

Answer: Yes.

**3. Accession number begin with two letters followed by six or fewer digits. European Nucleotide Archive (ENA): Two-letter prefix followed by six digits or pefixed by 'ENA'. DNA Data Bank of Japan (DDBJ):  Two-letter prefix followed by six digits or pefixed by 'DDBJ'. If the study didn't provide the accession number, the answer should be ""Not reported"" and the relevant sentences could be blank. Several lab virus accession number should be ignored: HXB2 (K03455); IIIB (K02013); NL4-3 (AF324493); HIV-2 (M15390, U27200)
What were the GenBank accession numbers for sequenced HIV isolates?

Evidence: Genotypic sequences of the HIV pol region (protease/reverse transcriptase-PR/RT) were obtained using the ViroSeq Genotyping System, carried out in the laboratories of the National Genotyping Network (RENAGENO) coordinated by the Department of HIV/AIDS of the Brazilian Ministry of Health (GenBank accession number PV526713-PV526742).

Rationale: The study mentioned that genotypic sequences of the HIV pol region (protease/reverse transcriptase-PR/RT) were obtained using the ViroSeq Genotyping System, carried out in the laboratories of the National Genotyping Network (RENAGENO) coordinated by the Department of HIV/AIDS of the Brazilian Ministry of Health (GenBank accession number PV526713-PV526742).

Answer: PV526713-PV526742.

**8. Sequencing is performed using two main types of methods. Sanger (aka dideoxyterminator or dideoxynucleotide) sequencing was the only method used prior to 2007. Companies involved in Sanger sequencing included ABI (ViroSeq) and Visible Genetics (TruGene). Next-generation sequencing (NGS) is being increasingly used but is  less common than Sanger sequencing. The main NGS methods involve using Illumina, Nanopore, Ion Torrent, and PacBio. Select from the following options and begin your answer with this: Sanger sequencing; Illumina sequencing; PacBio sequencing; Oxford Nanopore sequencing; Unknown; Other
What method was used for sequencing?

Evidence: The study mentioned that genotypic sequences of the HIV pol region (protease/reverse transcriptase-PR/RT) were obtained using the ViroSeq Genotyping System, carried out in the laboratories of the National Genotyping Network (RENAGENO) coordinated by the Department of HIV/AIDS of the Brazilian Ministry of Health.

Rationale: The study mentioned that genotypic sequences of the HIV pol region (protease/reverse transcriptase-PR/RT) were obtained using the ViroSeq Genotyping System, carried out in the laboratories of the National Genotyping Network (RENAGENO) coordinated by the Department of HIV/AIDS of the Brazilian Ministry of Health.

Answer: Sanger sequencing.

**5. Select one or more of the following options and begin your answer with this: Protease, PR; Reverse transcriptase, RT; Integrase, IN; Capsid, CA; Envelope; Full genome; Near full length genome. The Gag gene contains Capsid gene. The pol gene contains protease, reverse transcriptase, and integrase.
Which HIV genes were reported to have been sequenced?

Evidence: The study mentioned that genotypic sequences of the HIV pol region (protease/reverse transcriptase-PR/RT) were obtained using the ViroSeq Genotyping System, carried out in the laboratories of the National Genotyping Network (RENAGENO) coordinated by the Department of HIV/AIDS of the Brazilian Ministry of Health.

Rationale: The study mentioned that genotypic sequences of the HIV pol region (protease/reverse transcriptase-PR/RT) were obtained using the ViroSeq Genotyping System, carried out in the laboratories of the National Genotyping Network (RENAGENO) coordinated by the Department of HIV/AIDS of the Brazilian Ministry of Health.

Answer: Protease, Reverse transcriptase.

**6. Try your best to get countries from abstract, method, or result section. If no sequenced samples were used in this research paper, you should return 'Not Found'.
From which countries were the sequenced samples obtained?

Evidence: The study was conducted from October 2021 to September 2023 in São Luís, Maranhão, and Recife, Pernambuco, at the High-Risk Maternity Hospital in Imperatriz, Pediatric Infectious Disease Outpatient Clinic at the University Hospital of the Federal University of Maranhão, and Pediatric Infectious Disease Outpatient Clinic at the University Hospital Oswaldo Cruz of the University of Pernambuco.

Rationale: The study was conducted from October 2021 to September 2023 in São Luís, Maranhão, and Recife, Pernambuco, at the High-Risk Maternity Hospital in Imperatriz, Pediatric Infectious Disease Outpatient Clinic at the University Hospital of the Federal University of Maranhão, and Pediatric Infectious Disease Outpatient Clinic at the University Hospital Oswaldo Cruz of the University of Pernambuco.

Answer: Brazil.

**11. Select from the following options and begin your answer with this: Plasma; PBMC; DBS; Whole Blood; Serum; Semen; CSF; Other; Unknown
What type of samples were sequenced?

Evidence: The study mentioned that genotypic sequences of the HIV pol region (protease/reverse transcriptase-PR/RT) were obtained using the ViroSeq Genotyping System, carried out in the laboratories of the National Genotyping Network (RENAGENO) coordinated by the Department of HIV/AIDS of the Brazilian Ministry of Health.

Rationale: The study mentioned that genotypic sequences of the HIV pol region (protease/reverse transcriptase-PR/RT) were obtained using the ViroSeq Genotyping System, carried out in the laboratories of the National Genotyping Network (RENAGENO) coordinated by the Department of HIV/AIDS of the Brazilian Ministry of Health.

Answer: Not reported.

**7. Reply with a list of year(s) or range only. If no sequenced samples were used in this research paper, you should return 'Not Found'.
From what years were the sequenced samples obtained?

Evidence: The study was conducted from October 2021 to September 2023.

Rationale: The study was conducted from October 2021 to September 2023.

Answer: 2021-2023.

**16. Begin your answer with either 'Yes' or 'No' or 'Unknown' as the first word.
Does the paper report HIV sequences from individuals who had previously received ARV drugs?

Evidence: The study included 15 mother-child pairs with confirmed vertical transmission of HIV-1. The mothers included both treatment-naive women diagnosed during pregnancy who underwent pretreatment genotyping and those living with HIV-1 during prior treatment who required genotyping due to virological failure. Nine children (60%) had initiated ART, including zidovudine (ZDV) + lamivudine (3TC) + nevirapine (NVP) in three (20%), ZDV + 3TC + lopinavir/ritonavir in two (13.3%), and ZDV + 3TC + efavirenz (EFV) in two (6.7%), while no treatment was described for three (20%). Mother-child pairs 1, 2, 5, and 7 received the same ART regimen (ZDV + 3TC + NVP). Mothers 3, 6, 8, 9, and 15 received EFV-based regimens (Supplementary Material).

Rationale: The study included 15 mother-child pairs with confirmed vertical transmission of HIV-1. The mothers included both treatment-naive women diagnosed during pregnancy who underwent pretreatment genotyping and those living with HIV-1 during prior treatment who required genotyping due to virological failure. The study also mentioned that nine children had initiated ART, including zidovudine (ZDV) + lamivudine (3TC) + nevirapine (NVP) in three, ZDV + 3TC + lopinavir/ritonavir in two, and ZDV + 3TC + efavirenz (EFV) in two.

Answer: Yes.

**9. Begin your answer with either 'Yes' or 'No' as the first word. If the information is not mentioned in the provided paper, then the answer is 'No'
Were samples cloned prior to sequencing?

Evidence: Not reported.

Rationale: The study did not mention whether samples were cloned prior to sequencing.

Answer: No.

**14. Begin your answer with either 'Yes' or 'No' as the first word.
Were the patients in the study in a clinical trial?

Evidence: Not reported.

Rationale: The study did not mention whether the patients were in a clinical trial.

Answer: No.

**12. Begin your answer with either 'Yes' or 'No' as the first word.
Were any sequences obtained from individuals with virological failure on a treatment regimen?

Evidence: The study included 15 mother-child pairs with confirmed vertical transmission of HIV-1. The mothers included both treatment-naive women diagnosed during pregnancy who underwent pretreatment genotyping and those living with HIV-1 during prior treatment who required genotyping due to virological failure.

Rationale: The study included 15 mother-child pairs with confirmed vertical transmission of HIV-1. The mothers included both treatment-naive women diagnosed during pregnancy who underwent pretreatment genotyping and those living with HIV-1 during prior treatment who required genotyping due to virological failure.

Answer: Yes.

**1. Begin your answer with either 'Yes' or 'No' as the first word.
Does the paper report HIV sequences from patient samples?

Evidence: The study mentioned that genotypic sequences of the HIV pol region (protease/reverse transcriptase-PR/RT) were obtained using the ViroSeq Genotyping System, carried out in the laboratories of the National Genotyping Network (RENAGENO) coordinated by the Department of HIV/AIDS of the Brazilian Ministry of Health.

Rationale: The study mentioned that genotypic sequences of the HIV pol region (protease/reverse transcriptase-PR/RT) were obtained using the ViroSeq Genotyping System, carried out in the laboratories of the National Genotyping Network (RENAGENO) coordinated by the Department of HIV/AIDS of the Brazilian Ministry of Health.

Answer: Yes.

**2. Begin your answer with either 'Yes' or 'No' as the first word.
Does the paper report in vitro drug susceptibility data?

Evidence: Not reported.

Rationale: The study did not mention in vitro drug susceptibility data.

Answer: No.

**15. Begin your answer with the number of individuals as an integer.
How many individuals had samples obtained for HIV sequencing?

Evidence: The study included 15 mother-child pairs with confirmed vertical transmission of HIV-1.

Rationale: The study included 15 mother-child pairs with confirmed vertical transmission of HIV-1.

Answer: 30.",66
40839365,"Here are the answers to the questions:

**17. Which drug classes were received by individuals in the study before sample sequencing?**

Question: Which drug classes were received by individuals in the study before sample sequencing?

Evidence: The study included participants who were on a dolutegravir-based regimen (DBR) for at least 9 months. The DBR included drugs such as abacavir (ABC), lamivudine (3TC), and tenofovir disoproxil fumarate (TDF) for NRTIs, efavirenz (EFV) for NNRTIs, and dolutegravir (DTG) for INSTIs.

Rationale: The study mentioned that the participants were on a DBR, which includes a combination of NRTIs, NNRTIs, and INSTIs. The specific drugs mentioned in the study are abacavir (ABC), lamivudine (3TC), tenofovir disoproxil fumarate (TDF) for NRTIs, efavirenz (EFV) for NNRTIs, and dolutegravir (DTG) for INSTIs.

Answer: The drug classes received by individuals in the study before sample sequencing were NRTI, NNRTI, and INSTI.

**18. Which drugs were received by individuals in the study before sample sequencing?**

Question: Which drugs were received by individuals in the study before sample sequencing?

Evidence: The study included participants who were on a dolutegravir-based regimen (DBR) for at least 9 months. The DBR included drugs such as abacavir (ABC), lamivudine (3TC), and tenofovir disoproxil fumarate (TDF) for NRTIs, efavirenz (EFV) for NNRTIs, and dolutegravir (DTG) for INSTIs.

Rationale: The study mentioned that the participants were on a DBR, which includes a combination of NRTIs, NNRTIs, and INSTIs. The specific drugs mentioned in the study are abacavir (ABC), lamivudine (3TC), tenofovir disoproxil fumarate (TDF) for NRTIs, efavirenz (EFV) for NNRTIs, and dolutegravir (DTG) for INSTIs.

Answer: The drugs received by individuals in the study before sample sequencing were abacavir (ABC), lamivudine (3TC), tenofovir disoproxil fumarate (TDF), efavirenz (EFV), and dolutegravir (DTG).

**19. Were sequences from the paper made publicly available?**

Question: Were sequences from the paper made publicly available?

Evidence: The study did not mention making the sequences publicly available.

Rationale: The study did not provide any information about making the sequences publicly available.

Answer: No, the sequences from the paper were not made publicly available.

**8. What method was used for sequencing?**

Question: What method was used for sequencing?

Evidence: The study used Sanger sequencing for genotyping.

Rationale: The study mentioned that the genotyping was performed using the Stanford University HIV Drug Resistance Database (version 9.4), which is a Sanger sequencing-based method.

Answer: Sanger sequencing.

**3. What were the GenBank accession numbers for sequenced HIV isolates?**

Question: What were the GenBank accession numbers for sequenced HIV isolates?

Evidence: The study did not provide any GenBank accession numbers for the sequenced HIV isolates.

Rationale: The study did not mention providing GenBank accession numbers for the sequenced HIV isolates.

Answer: Not reported.

**5. Which HIV genes were reported to have been sequenced?**

Question: Which HIV genes were reported to have been sequenced?

Evidence: The study sequenced the protease (PR), reverse transcriptase (RT), and integrase (IN) regions.

Rationale: The study mentioned that the genotyping was performed using the Stanford University HIV Drug Resistance Database (version 9.4), which includes sequencing of the PR, RT, and IN regions.

Answer: Protease (PR), reverse transcriptase (RT), and integrase (IN).

**6. From which countries were the sequenced samples obtained?**

Question: From which countries were the sequenced samples obtained?

Evidence: The study was conducted in Malawi.

Rationale: The study mentioned that the survey was conducted in Malawi.

Answer: Malawi.

**11. What type of samples were sequenced?**

Question: What type of samples were sequenced?

Evidence: The study used plasma samples for sequencing.

Rationale: The study mentioned that the plasma samples were collected from the participants and used for sequencing.

Answer: Plasma.

**7. From what years were the sequenced samples obtained?**

Question: From what years were the sequenced samples obtained?

Evidence: The study was conducted between July 2022 and February 2023.

Rationale: The study mentioned that the survey was conducted between July 2022 and February 2023.

Answer: 2022-2023.

**16. Does the paper report HIV sequences from individuals who had previously received ARV drugs?**

Question: Does the paper report HIV sequences from individuals who had previously received ARV drugs?

Evidence: The study included participants who were on a dolutegravir-based regimen (DBR) for at least 9 months.

Rationale: The study mentioned that the participants were on a DBR, which includes a combination of antiretroviral drugs.

Answer: Yes.

**9. Were samples cloned prior to sequencing?**

Question: Were samples cloned prior to sequencing?

Evidence: The study did not mention cloning the samples prior to sequencing.

Rationale: The study did not provide any information about cloning the samples prior to sequencing.

Answer: No.

**14. Were the patients in the study in a clinical trial?**

Question: Were the patients in the study in a clinical trial?

Evidence: The study was a cross-sectional survey, not a clinical trial.

Rationale: The study mentioned that it was a cross-sectional survey, not a clinical trial.

Answer: No.

**12. Were any sequences obtained from individuals with virological failure on a treatment regimen?**

Question: Were any sequences obtained from individuals with virological failure on a treatment regimen?

Evidence: The study included participants who had virological failure on a dolutegravir-based regimen (DBR).

Rationale: The study mentioned that the participants had virological failure on a DBR.

Answer: Yes.

**1. Does the paper report HIV sequences from patient samples?**

Question: Does the paper report HIV sequences from patient samples?

Evidence: The study included participants who were on a dolutegravir-based regimen (DBR) for at least 9 months.

Rationale: The study mentioned that the participants were on a DBR, which includes a combination of antiretroviral drugs.

Answer: Yes.

**2. Does the paper report in vitro drug susceptibility data?**

Question: Does the paper report in vitro drug susceptibility data?

Evidence: The study did not mention in vitro drug susceptibility data.

Rationale: The study did not provide any information about in vitro drug susceptibility data.

Answer: No.

**15. How many individuals had samples obtained for HIV sequencing?**

Question: How many individuals had samples obtained for HIV sequencing?

Evidence: The study included 213 participants who had samples obtained for HIV sequencing.

Rationale: The study mentioned that 213 participants had samples obtained for HIV sequencing.

Answer: 213.",25
41012586,"Here are the answers to the questions:

**17. Which drug classes were received by individuals in the study before sample sequencing?**

Question: Which drug classes were received by individuals in the study before sample sequencing?

Evidence: The study did not provide information on the drug classes received by individuals before sample sequencing. However, it mentioned that the individuals were people with HIV with 4-class drug resistance (4DR-PWH), which implies that they had received various antiretroviral drugs before the study.

Rationale: The study focused on the effectiveness of the DTG + DRV/b combination in people with 4-class drug-resistant HIV. It did not provide information on the specific drug classes received by individuals before sample sequencing.

Answer: Not reported.

**18. Which drugs were received by individuals in the study before sample sequencing?**

Question: Which drugs were received by individuals in the study before sample sequencing?

Evidence: The study did not provide information on the specific drugs received by individuals before sample sequencing. However, it mentioned that the individuals were people with HIV with 4-class drug resistance (4DR-PWH), which implies that they had received various antiretroviral drugs before the study.

Rationale: The study focused on the effectiveness of the DTG + DRV/b combination in people with 4-class drug-resistant HIV. It did not provide information on the specific drugs received by individuals before sample sequencing.

Answer: Not reported.

**19. Were sequences from the paper made publicly available?**

Question: Were sequences from the paper made publicly available?

Evidence: The study mentioned that the data presented in this study are available on request from the corresponding author.

Rationale: The study did not provide information on the GenBank accession numbers for sequenced HIV isolates or the European Nucleotide Archive (ENA) or DNA Data Bank of Japan (DDBJ) accession numbers.

Answer: Yes.

**8. What method was used for sequencing?**

Question: Select from the following options and begin your answer with this: Sanger sequencing; Illumina sequencing; PacBio sequencing; Oxford Nanopore sequencing; Unknown; Other

Evidence: The study did not provide information on the sequencing method used.

Rationale: The study focused on the effectiveness of the DTG + DRV/b combination in people with 4-class drug-resistant HIV. It did not provide information on the sequencing method used.

Answer: Unknown.

**3. What were the GenBank accession numbers for sequenced HIV isolates?**

Question: What were the GenBank accession numbers for sequenced HIV isolates?

Evidence: The study did not provide information on the GenBank accession numbers for sequenced HIV isolates.

Rationale: The study focused on the effectiveness of the DTG + DRV/b combination in people with 4-class drug-resistant HIV. It did not provide information on the GenBank accession numbers for sequenced HIV isolates.

Answer: Not reported.

**5. Which HIV genes were reported to have been sequenced?**

Question: Select one or more of the following options and begin your answer with this: Protease, PR; Reverse transcriptase, RT; Integrase, IN; Capsid, CA; Envelope; Full genome; Near full length genome.

Evidence: The study did not provide information on the specific HIV genes sequenced.

Rationale: The study focused on the effectiveness of the DTG + DRV/b combination in people with 4-class drug-resistant HIV. It did not provide information on the specific HIV genes sequenced.

Answer: Not reported.

**11. What type of samples were sequenced?**

Question: Select from the following options and begin your answer with this: Plasma; PBMC; DBS; Whole Blood; Serum; Semen; CSF; Other; Unknown

Evidence: The study did not provide information on the type of samples sequenced.

Rationale: The study focused on the effectiveness of the DTG + DRV/b combination in people with 4-class drug-resistant HIV. It did not provide information on the type of samples sequenced.

Answer: Unknown.

**6. From which countries were the sequenced samples obtained?**

Question: Try your best to get countries from abstract, method, or result section. If no sequenced samples were used in this research paper, you should return 'Not Found'.

Evidence: The study did not provide information on the countries from which the sequenced samples were obtained.

Rationale: The study focused on the effectiveness of the DTG + DRV/b combination in people with 4-class drug-resistant HIV. It did not provide information on the countries from which the sequenced samples were obtained.

Answer: Not Found.

**16. Does the paper report HIV sequences from individuals who had previously received ARV drugs?**

Question: Begin your answer with either 'Yes' or 'No' or 'Unknown' as the first word.

Evidence: The study mentioned that the individuals were people with HIV with 4-class drug resistance (4DR-PWH), which implies that they had received various antiretroviral drugs before the study.

Rationale: The study focused on the effectiveness of the DTG + DRV/b combination in people with 4-class drug-resistant HIV.

Answer: Yes.

**9. Were samples cloned prior to sequencing?**

Question: Begin your answer with either 'Yes' or 'No' as the first word. If the information is not mentioned in the provided paper, then the answer is 'No'

Evidence: The study did not provide information on whether samples were cloned prior to sequencing.

Rationale: The study focused on the effectiveness of the DTG + DRV/b combination in people with 4-class drug-resistant HIV. It did not provide information on whether samples were cloned prior to sequencing.

Answer: No.

**7. From what years were the sequenced samples obtained?**

Question: Reply with a list of year(s) or range only. If no sequenced samples were used in this research paper, you should return 'Not Found'.

Evidence: The study did not provide information on the years from which the sequenced samples were obtained.

Rationale: The study focused on the effectiveness of the DTG + DRV/b combination in people with 4-class drug-resistant HIV. It did not provide information on the years from which the sequenced samples were obtained.

Answer: Not Found.

**14. Were the patients in the study in a clinical trial?**

Question: Begin your answer with either 'Yes' or 'No' as the first word.

Evidence: The study did not provide information on whether the patients were in a clinical trial.

Rationale: The study focused on the effectiveness of the DTG + DRV/b combination in people with 4-class drug-resistant HIV. It did not provide information on whether the patients were in a clinical trial.

Answer: No.

**12. Were any sequences obtained from individuals with virological failure on a treatment regimen?**

Question: Begin your answer with either 'Yes' or 'No' as the first word.

Evidence: The study mentioned that the individuals were people with HIV with 4-class drug resistance (4DR-PWH), which implies that they had experienced virological failure on a treatment regimen.

Rationale: The study focused on the effectiveness of the DTG + DRV/b combination in people with 4-class drug-resistant HIV.

Answer: Yes.

**1. Does the paper report HIV sequences from patient samples?**

Question: Begin your answer with either 'Yes' or 'No' as the first word.

Evidence: The study mentioned that the individuals were people with HIV with 4-class drug resistance (4DR-PWH), which implies that the study reported HIV sequences from patient samples.

Rationale: The study focused on the effectiveness of the DTG + DRV/b combination in people with 4-class drug-resistant HIV.

Answer: Yes.

**2. Does the paper report in vitro drug susceptibility data?**

Question: Begin your answer with either 'Yes' or 'No' as the first word.

Evidence: The study did not provide information on in vitro drug susceptibility data.

Rationale: The study focused on the effectiveness of the DTG + DRV/b combination in people with 4-class drug-resistant HIV. It did not provide information on in vitro drug susceptibility data.

Answer: No.

**15. How many individuals had samples obtained for HIV sequencing?**

Question: Begin your answer with the number of individuals as an integer.

Evidence: The study mentioned that the individuals were people with HIV with 4-class drug resistance (4DR-PWH), and that a total of 249 individuals were included in the analysis.

Rationale: The study focused on the effectiveness of the DTG + DRV/b combination in people with 4-class drug-resistant HIV.

Answer: 249.",29
40431710,"## Question 17
Choose one or more of the following drug classes that appears and begin your answer with a list: NRTI, NNRTI, PI, INST.
NRTI (Nucleoside Reverse Transcriptase Inhibitor) includes drugs: Abacavir (ABC), Zidovudine'(AZT), Zalcitabine (DDC), Didanosine (DDI), Lamivudine (3TC), Stavudine (D4T), Emtricitabine(FTC), Tenofovir (TFV). NNRTI (Non-Nucleosid Reverse Transcriptase Inhibitor) includes drugs: Nevirapine (NVP), Delavirdine (DLV), Efavirenz (EFV), Etravirine (ETR), Rilpivirine (RPV), Doravirine (DOR); PI (Protease Inhibitor) includes drugs:  Amprenavir (APV), Lopinavir'(LPV), Atazanavir (ATV), Derunavir (DRV), Nelfinavir (NFV); INSTI (Integrase Inhibitor), includes drugs: Raltegravir (RAL), Elvitegravir(EVG), Dolutagravir (DTG), Bictegravir (BIC), cabotagravir (CAB), Lenacapavir (LEN). CAI (Capsid Inhibitor) includes drugs: GS-CA1, Lenacapavir (GS-6207). If individuals were treated with the drug, then they were treated with the drug class before sample sequencing.
Evidence: The patient was treated with a quadruple regimen including BIC and DOR. The patient was also treated with TAF, FTC, and DRV. The patient was previously treated with AZT, 3TC, and TDF. The patient was also treated with RAL and DTG.
Rationale: The patient was treated with a combination of drugs from different classes, including BIC and DOR from the INSTI class, TAF and FTC from the NRTI class, and DRV from the PI class. The patient was also previously treated with AZT, 3TC, and TDF from the NRTI class, RAL from the INSTI class, and DTG from the INSTI class.
Answer: 
NRTI (Nucleoside Reverse Transcriptase Inhibitor) includes drugs: Abacavir (ABC), Zidovudine'(AZT), Zalcitabine (DDC), Didanosine (DDI), Lamivudine (3TC), Stavudine (D4T), Emtricitabine(FTC), Tenofovir (TFV). 
NNRTI (Non-Nucleosid Reverse Transcriptase Inhibitor) includes drugs: Nevirapine (NVP), Delavirdine (DLV), Efavirenz (EFV), Etravirine (ETR), Rilpivirine (RPV), Doravirine (DOR).
INSTI (Integrase Inhibitor), includes drugs: Raltegravir (RAL), Elvitegravir(EVG), Dolutagravir (DTG), Bictegravir (BIC), cabotagravir (CAB), Lenacapavir (LEN).

## Question 18
Here is the drug list: NRTI (Nucleoside Reverse Transcriptase Inhibitor), including Abacavir (ABC), Zidovudine'(AZT), Zalcitabine (DDC), Didanosine (DDI), Lamivudine (3TC), Stavudine (D4T), Emtricitabine(FTC), Tenofovir (TFV); NNRTI (Non-Nucleosid Reverse Transcriptase Inhibitor), including Nevirapine (NVP), Delavirdine (DLV), Efavirenz (EFV), Etravirine (ETR), Rilpivirine (RPV), Doravirine (DOR); PI (Protease Inhibitor), including Amprenavir (APV), Lopinavir'(LPV), Atazanavir (ATV), Derunavir (DRV); INSTI (Integrase Inhibitor), including Raltegravir (RAL), Elvitegravir(EVG), Dolutagravir (DTG), Bictegravir (BIC), cabotagravir (CAB), Lenacapavir (LEN); CAI (Capsid Inhibitor), including GS-CA1, Lenacapavir (GS-6207)
Evidence: The patient was treated with a quadruple regimen including BIC and DOR. The patient was also treated with TAF, FTC, and DRV. The patient was previously treated with AZT, 3TC, and TDF. The patient was also treated with RAL and DTG.
Rationale: The patient was treated with a combination of drugs from different classes, including BIC and DOR from the INSTI class, TAF and FTC from the NRTI class, and DRV from the PI class. The patient was also previously treated with AZT, 3TC, and TDF from the NRTI class, RAL from the INSTI class, and DTG from the INSTI class.
Answer: 
Abacavir (ABC), Zidovudine'(AZT), Zalcitabine (DDC), Didanosine (DDI), Lamivudine (3TC), Stavudine (D4T), Emtricitabine(FTC), Tenofovir (TFV), Nevirapine (NVP), Delavirdine (DLV), Efavirenz (EFV), Etravirine (ETR), Rilpivirine (RPV), Doravirine (DOR), Amprenavir (APV), Lopinavir'(LPV), Atazanavir (ATV), Derunavir (DRV), Raltegravir (RAL), Elvitegravir(EVG), Dolutagravir (DTG), Bictegravir (BIC), cabotagravir (CAB), Lenacapavir (LEN), GS-CA1, Lenacapavir (GS-6207)

## Question 19
Begin your answer with either 'Yes' or 'No' as the first word. If the paper mentioned new sequence samples with GenBank accession in the abstract, method, data availibiity, or sequence availability then the answer is 'Yes'. Accession number begin with two letters followed by six or fewer digits. European Nucleotide Archive (ENA): Two-letter prefix followed by six digits or pefixed by 'ENA'. DNA Data Bank of Japan (DDBJ):  Two-letter prefix followed by six digits or pefixed by 'DDBJ'. If the study didn't provide the accession number, the answer should be """"Not reported"""" and the relevant sentences could be blank. Several lab virus accession number should be ignored: HXB2 (K03455); IIIB (K02013); NL4-3 (AF324493); HIV-2 (M15390, U27200)""
Evidence: The paper does not mention new sequence samples with GenBank accession in the abstract, method, data availability, or sequence availability.
Rationale: The paper does not provide any information about GenBank accession numbers for sequenced HIV isolates.
Answer: No

## Question 8
Sequencing is performed using two main types of methods. Sanger (aka dideoxyterminator or dideoxynucleotide) sequencing was the only method used prior to 2007. Companies involved in Sanger sequencing included ABI (ViroSeq) and Visible Genetics (TruGene). Next-generation sequencing (NGS) is being increasingly used but is  less common than Sanger sequencing. The main NGS methods involve using Illumina, Nanopore, Ion Torrent, and PacBio. Select from the following options and begin your answer with this: Sanger sequencing; Illumina sequencing; PacBio sequencing; Oxford Nanopore sequencing; Unknown; Other
Evidence: The paper does not mention the sequencing method used.
Rationale: The paper does not provide any information about the sequencing method used.
Answer: Unknown

## Question 3
Accession number begin with two letters followed by six or fewer digits. European Nucleotide Archive (ENA): Two-letter prefix followed by six digits or pefixed by 'ENA'. DNA Data Bank of Japan (DDBJ):  Two-letter prefix followed by six digits or pefixed by 'DDBJ'. If the study didn't provide the accession number, the answer should be ""Not reported"" and the relevant sentences could be blank. Several lab virus accession number should be ignored: HXB2 (K03455); IIIB (K02013); NL4-3 (AF324493); HIV-2 (M15390, U27200)""
Evidence: The paper does not mention GenBank accession numbers for sequenced HIV isolates.
Rationale: The paper does not provide any information about GenBank accession numbers for sequenced HIV isolates.
Answer: Not reported

## Question 5
Select one or more of the following options and begin your answer with this: Protease, PR; Reverse transcriptase, RT; Integrase, IN; Capsid, CA; Envelope; Full genome; Near full length genome. The Gag gene contains Capsid gene. The pol gene contains protease, reverse transcriptase, and integrase.
Evidence: The paper mentions sequencing of the HIV protease and reverse transcriptase genes.
Rationale: The paper mentions sequencing of the HIV protease and reverse transcriptase genes, which are part of the pol gene.
Answer: Protease, PR; Reverse transcriptase, RT

## Question 6
Try your best to get countries from abstract, method, or result section. If no sequenced samples were used in this research paper, you should return 'Not Found'.
Evidence: The paper does not mention the countries from which the sequenced samples were obtained.
Rationale: The paper does not provide any information about the countries from which the sequenced samples were obtained.
Answer: Not Found

## Question 11
Select from the following options and begin your answer with this: Plasma; PBMC; DBS; Whole Blood; Serum; Semen; CSF; Other; Unknown
Evidence: The paper mentions sequencing of HIV isolates from plasma.
Rationale: The paper mentions sequencing of HIV isolates from plasma.
Answer: Plasma

## Question 7
Reply with a list of year(s) or range only. If no sequenced samples were used in this research paper, you should return 'Not Found'.
Evidence: The paper does not mention the years from which the sequenced samples were obtained.
Rationale: The paper does not provide any information about the years from which the sequenced samples were obtained.
Answer: Not Found

## Question 16
Begin your answer with either 'Yes' or 'No' or 'Unknown' as the first word.
Evidence: The paper mentions sequencing of HIV isolates from individuals who had previously received ARV drugs.
Rationale: The paper mentions sequencing of HIV isolates from individuals who had previously received ARV drugs.
Answer: Yes

## Question 9
Begin your answer with either 'Yes' or 'No' as the first word. If the information is not mentioned in the provided paper, then the answer is 'No'
Evidence: The paper does not mention cloning of samples prior to sequencing.
Rationale: The paper does not provide any information about cloning of samples prior to sequencing.
Answer: No

## Question 14
Begin your answer with either 'Yes' or 'No' as the first word.
Evidence: The paper mentions that the patient was not in a clinical trial.
Rationale: The paper mentions that the patient was not in a clinical trial.
Answer: No

## Question 12
Begin your answer with either 'Yes' or 'No' as the first word.
Evidence: The paper mentions that the patient was not in a clinical trial.
Rationale: The paper mentions that the patient was not in a clinical trial.
Answer: No

## Question 1
Begin your answer with either 'Yes' or 'No' as the first word.
Evidence: The paper mentions sequencing of HIV isolates from patient samples.
Rationale: The paper mentions sequencing of HIV isolates from patient samples.
Answer: Yes

## Question 2
Begin your answer with either 'Yes' or 'No' as the first word.
Evidence: The paper does not mention in vitro drug susceptibility data.
Rationale: The paper does not provide any information about in vitro drug susceptibility data.
Answer: No

## Question 15
Begin your answer with the number of individuals as an integer.
Evidence: The paper mentions sequencing of HIV isolates from one patient.
Rationale: The paper mentions sequencing of HIV isolates from one patient.
Answer: 1",44
40857111,"Here are the answers to the questions:

**17. Which drug classes were received by individuals in the study before sample sequencing?**

Question: Which drug classes were received by individuals in the study before sample sequencing?

Evidence: The study used bictegravir/emtricitabine/tenofovir alafenamide (B/F/TAF) and dolutegravir plus emtricitabine/tenofovir disoproxil fumarate (DTG+F/TDF) as the treatment regimens. B/F/TAF is an NRTI-based regimen, and DTG+F/TDF is an INSTI-based regimen.

Rationale: The study used two different treatment regimens, B/F/TAF and DTG+F/TDF, which are based on different drug classes. B/F/TAF is an NRTI-based regimen, and DTG+F/TDF is an INSTI-based regimen.

Answer: NRTI, INSTI.

**18. Which drugs were received by individuals in the study before sample sequencing?**

Question: Which drugs were received by individuals in the study before sample sequencing?

Evidence: The study used bictegravir/emtricitabine/tenofovir alafenamide (B/F/TAF) and dolutegravir plus emtricitabine/tenofovir disoproxil fumarate (DTG+F/TDF) as the treatment regimens.

Rationale: The study used two different treatment regimens, B/F/TAF and DTG+F/TDF, which contain specific drugs.

Answer: Bictegravir, Emtricitabine, Tenofovir alafenamide, Dolutegravir, Emtricitabine, Tenofovir disoproxil fumarate.

**19. Were sequences from the paper made publicly available?**

Question: Were sequences from the paper made publicly available?

Evidence: The paper does not mention the GenBank accession numbers for the sequenced HIV isolates.

Rationale: The paper does not provide any information about the public availability of the sequences.

Answer: Not reported.

**8. What method was used for sequencing?**

Question: Select from the following options and begin your answer with this: Sanger sequencing; Illumina sequencing; PacBio sequencing; Oxford Nanopore sequencing; Unknown; Other

Evidence: The paper does not mention the sequencing method used.

Rationale: The paper does not provide any information about the sequencing method used.

Answer: Unknown.

**3. What were the GenBank accession numbers for sequenced HIV isolates?**

Question: What were the GenBank accession numbers for sequenced HIV isolates?

Evidence: The paper does not mention the GenBank accession numbers for the sequenced HIV isolates.

Rationale: The paper does not provide any information about the GenBank accession numbers.

Answer: Not reported.

**5. Which HIV genes were reported to have been sequenced?**

Question: Select one or more of the following options and begin your answer with this: Protease, PR; Reverse transcriptase, RT; Integrase, IN; Capsid, CA; Envelope; Full genome; Near full length genome.

Evidence: The paper mentions that the participants had postbaseline genotypic data for ≥1 HIV-1 gene product (PR, RT, and/or IN).

Rationale: The paper mentions that the participants had postbaseline genotypic data for ≥1 HIV-1 gene product, which includes PR, RT, and/or IN.

Answer: Protease, Reverse transcriptase, Integrase.

**6. From which countries were the sequenced samples obtained?**

Question: Try your best to get countries from abstract, method, or result section. If no sequenced samples were used in this research paper, you should return 'Not Found'.

Evidence: The paper does not mention the countries from which the sequenced samples were obtained.

Rationale: The paper does not provide any information about the countries from which the sequenced samples were obtained.

Answer: Not Found.

**11. What type of samples were sequenced?**

Question: Select from the following options and begin your answer with this: Plasma; PBMC; DBS; Whole Blood; Serum; Semen; CSF; Other; Unknown

Evidence: The paper does not mention the type of samples used for sequencing.

Rationale: The paper does not provide any information about the type of samples used for sequencing.

Answer: Unknown.

**16. Does the paper report HIV sequences from individuals who had previously received ARV drugs?**

Question: Begin your answer with either 'Yes' or 'No' or 'Unknown' as the first word.

Evidence: The paper mentions that the participants were receiving B/F/TAF or DTG+F/TDF as the treatment regimens.

Rationale: The paper mentions that the participants were receiving B/F/TAF or DTG+F/TDF as the treatment regimens, which implies that they had previously received ARV drugs.

Answer: Yes.

**9. Were samples cloned prior to sequencing?**

Question: Begin your answer with either 'Yes' or 'No' as the first word. If the information is not mentioned in the provided paper, then the answer is 'No'

Evidence: The paper does not mention the cloning of samples prior to sequencing.

Rationale: The paper does not provide any information about the cloning of samples prior to sequencing.

Answer: No.

**7. From what years were the sequenced samples obtained?**

Question: Reply with a list of year(s) or range only. If no sequenced samples were used in this research paper, you should return 'Not Found'.

Evidence: The paper does not mention the years from which the sequenced samples were obtained.

Rationale: The paper does not provide any information about the years from which the sequenced samples were obtained.

Answer: Not Found.

**14. Were the patients in the study in a clinical trial?**

Question: Begin your answer with either 'Yes' or 'No' as the first word.

Evidence: The paper mentions that the study was a phase 3 randomized study.

Rationale: The paper mentions that the study was a phase 3 randomized study, which implies that the patients were in a clinical trial.

Answer: Yes.

**12. Were any sequences obtained from individuals with virological failure on a treatment regimen?**

Question: Begin your answer with either 'Yes' or 'No' as the first word.

Evidence: The paper mentions that the participants with virologic failure had postbaseline resistance testing of PR/RT/IN.

Rationale: The paper mentions that the participants with virologic failure had postbaseline resistance testing of PR/RT/IN, which implies that sequences were obtained from individuals with virological failure on a treatment regimen.

Answer: Yes.

**1. Does the paper report HIV sequences from patient samples?**

Question: Begin your answer with either 'Yes' or 'No' as the first word.

Evidence: The paper mentions that the participants had postbaseline genotypic data for ≥1 HIV-1 gene product (PR, RT, and/or IN).

Rationale: The paper mentions that the participants had postbaseline genotypic data for ≥1 HIV-1 gene product, which implies that HIV sequences were obtained from patient samples.

Answer: Yes.

**2. Does the paper report in vitro drug susceptibility data?**

Question: Begin your answer with either 'Yes' or 'No' as the first word.

Evidence: The paper mentions that the participants had postbaseline resistance testing of PR/RT/IN.

Rationale: The paper mentions that the participants had postbaseline resistance testing of PR/RT/IN, which implies that in vitro drug susceptibility data were reported.

Answer: Yes.

**15. How many individuals had samples obtained for HIV sequencing?**

Question: Begin your answer with the number of individuals as an integer.

Evidence: The paper mentions that 208 participants received ≥1 dose of B/F/TAF in either phase and had ≥1 on-treatment, postbaseline HIV-1 RNA and HBV DNA result.

Rationale: The paper mentions that 208 participants received ≥1 dose of B/F/TAF in either phase and had ≥1 on-treatment, postbaseline HIV-1 RNA and HBV DNA result, which implies that 208 individuals had samples obtained for HIV sequencing.

Answer: 208.",27
41023944,"## Question 17
Choose one or more of the following drug classes that appears and begin your answer with a list: NRTI, NNRTI, PI, INST.
NRTI, NNRTI, INST.

Evidence: The most frequent mutations were M184V and K65R, while no major PI resistance mutations were detected. The burden of co-resistance increased with the severity of DTG resistance, with multi-drug resistance for NRTI and/or NNRTI predominantly observed among those with HLR. All DTG-resistant individuals who underwent testing for other drug classes (n = 9) also showed co-resistance to NRTIs and/or NNRTIs.

Rationale: The question asks for the drug classes that were received by individuals in the study before sample sequencing. The evidence provided mentions the presence of co-resistance to NRTIs and NNRTIs among DTG-resistant individuals. This suggests that the individuals in the study were treated with NRTIs and/or NNRTIs before sample sequencing.

Answer: NRTI, NNRTI, INST.

## Question 18
Here is the drug list: NRTI (Nucleoside Reverse Transcriptase Inhibitor), including Abacavir (ABC), Zidovudine'(AZT), Zalcitabine (DDC), Didanosine (DDI), Lamivudine (3TC), Stavudine (D4T), Emtricitabine(FTC), Tenofovir (TFV); NNRTI (Non-Nucleosid Reverse Transcriptase Inhibitor), including Nevirapine (NVP), Delavirdine (DLV), Efavirenz (EFV), Etravirine (ETR), Rilpivirine (RPV), Doravirine (DOR); PI (Protease Inhibitor), including Amprenavir (APV), Lopinavir'(LPV), Atazanavir (ATV), Derunavir (DRV); INSTI (Integrase Inhibitor), including Raltegravir (RAL), Elvitegravir(EVG), Dolutagravir (DTG), Bictegravir (BIC), cabotagravir (CAB), Lenacapavir (LEN); CAI (Capsid Inhibitor), including GS-CA1, Lenacapavir (GS-6207)
Abacavir (ABC), Zidovudine'(AZT), Zalcitabine (DDC), Didanosine (DDI), Lamivudine (3TC), Stavudine (D4T), Emtricitabine(FTC), Tenofovir (TFV), Nevirapine (NVP), Delavirdine (DLV), Efavirenz (EFV), Etravirine (ETR), Rilpivirine (RPV), Doravirine (DOR), Amprenavir (APV), Lopinavir'(LPV), Atazanavir (ATV), Derunavir (DRV), Raltegravir (RAL), Elvitegravir(EVG), Bictegravir (BIC), cabotagravir (CAB), Lenacapavir (LEN).

Evidence: The most frequent mutations were M184V and K65R, while no major PI resistance mutations were detected. The burden of co-resistance increased with the severity of DTG resistance, with multi-drug resistance for NRTI and/or NNRTI predominantly observed among those with HLR. All DTG-resistant individuals who underwent testing for other drug classes (n = 9) also showed co-resistance to NRTIs and/or NNRTIs.

Rationale: The question asks for the specific drugs that were received by individuals in the study before sample sequencing. The evidence provided mentions the presence of co-resistance to NRTIs and NNRTIs among DTG-resistant individuals. This suggests that the individuals in the study were treated with the listed NRTIs and NNRTIs before sample sequencing.

Answer: Abacavir (ABC), Zidovudine'(AZT), Zalcitabine (DDC), Didanosine (DDI), Lamivudine (3TC), Stavudine (D4T), Emtricitabine(FTC), Tenofovir (TFV), Nevirapine (NVP), Delavirdine (DLV), Efavirenz (EFV), Etravirine (ETR), Rilpivirine (RPV), Doravirine (DOR), Amprenavir (APV), Lopinavir'(LPV), Atazanavir (ATV), Derunavir (DRV), Raltegravir (RAL), Elvitegravir(EVG), Bictegravir (BIC), cabotagravir (CAB), Lenacapavir (LEN).

## Question 19
Begin your answer with either 'Yes' or 'No' as the first word. If the paper mentioned new sequence samples with GenBank accession in the abstract, method, data availibiity, or sequence availability then the answer is 'Yes'. Accession number begin with two letters followed by six or fewer digits. European Nucleotide Archive (ENA): Two-letter prefix followed by six digits or pefixed by 'ENA'. DNA Data Bank of Japan (DDBJ):  Two-letter prefix followed by six digits or pefixed by 'DDBJ'. If the study didn't provide the accession number, the answer should be """"Not reported"""" and the relevant sentences could be blank. Several lab virus accession number should be ignored: HXB2 (K03455); IIIB (K02013); NL4-3 (AF324493); HIV-2 (M15390, U27200)""
Not reported.

Evidence: The paper does not mention new sequence samples with GenBank accession in the abstract, method, data availability, or sequence availability.

Rationale: The question asks whether the paper reports GenBank accession numbers for new sequence samples. The evidence provided does not mention any GenBank accession numbers for new sequence samples.

Answer: Not reported.

## Question 8
Sequencing is performed using two main types of methods. Sanger (aka dideoxyterminator or dideoxynucleotide) sequencing was the only method used prior to 2007. Companies involved in Sanger sequencing included ABI (ViroSeq) and Visible Genetics (TruGene). Next-generation sequencing (NGS) is being increasingly used but is  less common than Sanger sequencing. The main NGS methods involve using Illumina, Nanopore, Ion Torrent, and PacBio. Select from the following options and begin your answer with this: Sanger sequencing; Illumina sequencing; PacBio sequencing; Oxford Nanopore sequencing; Unknown; Other
Sanger sequencing.

Evidence: The paper does not mention the use of next-generation sequencing (NGS) methods such as Illumina, Nanopore, Ion Torrent, or PacBio. However, it does mention the use of Sanger sequencing.

Rationale: The question asks which sequencing method was used in the study. The evidence provided mentions the use of Sanger sequencing, which was the only method used prior to 2007.

Answer: Sanger sequencing.

## Question 3
Accession number begin with two letters followed by six or fewer digits. European Nucleotide Archive (ENA): Two-letter prefix followed by six digits or pefixed by 'ENA'. DNA Data Bank of Japan (DDBJ):  Two-letter prefix followed by six digits or pefixed by 'DDBJ'. If the study didn't provide the accession number, the answer should be ""Not reported"" and the relevant sentences could be blank. Several lab virus accession number should be ignored: HXB2 (K03455); IIIB (K02013); NL4-3 (AF324493); HIV-2 (M15390, U27200)
Not reported.

Evidence: The paper does not mention any GenBank accession numbers for sequenced HIV isolates.

Rationale: The question asks for the GenBank accession numbers for sequenced HIV isolates. The evidence provided does not mention any accession numbers.

Answer: Not reported.

## Question 5
Select one or more of the following options and begin your answer with this: Protease, PR; Reverse transcriptase, RT; Integrase, IN; Capsid, CA; Envelope; Full genome; Near full length genome. The Gag gene contains Capsid gene. The pol gene contains protease, reverse transcriptase, and integrase.
Integrase, IN.

Evidence: The paper mentions the sequencing of the HIV integrase region.

Rationale: The question asks which HIV genes were reported to have been sequenced. The evidence provided mentions the sequencing of the HIV integrase region.

Answer: Integrase, IN.

## Question 6
Try your best to get countries from abstract, method, or result section. If no sequenced samples were used in this research paper, you should return 'Not Found'.
Mozambique.

Evidence: The paper mentions the study was conducted in five DREAM centers in Mozambique.

Rationale: The question asks from which countries the sequenced samples were obtained. The evidence provided mentions the study was conducted in Mozambique.

Answer: Mozambique.

## Question 11
Select from the following options and begin your answer with this: Plasma; PBMC; DBS; Whole Blood; Serum; Semen; CSF; Other; Unknown
Plasma.

Evidence: The paper mentions the use of plasma samples for sequencing.

Rationale: The question asks what type of samples were sequenced. The evidence provided mentions the use of plasma samples.

Answer: Plasma.

## Question 7
Reply with a list of year(s) or range only. If no sequenced samples were used in this research paper, you should return 'Not Found'.
2022-2024.

Evidence: The paper mentions the study was conducted between July 2022 and December 2024.

Rationale: The question asks from what years the sequenced samples were obtained. The evidence provided mentions the study was conducted between 2022 and 2024.

Answer: 2022-2024.

## Question 16
Begin your answer with either 'Yes' or 'No' or 'Unknown' as the first word.
Yes.

Evidence: The paper mentions the study included individuals who had previously received ARV drugs.

Rationale: The question asks whether the paper reports HIV sequences from individuals who had previously received ARV drugs. The evidence provided mentions the inclusion of individuals who had previously received ARV drugs.

Answer: Yes.

## Question 9
Begin your answer with either 'Yes' or 'No' as the first word. If the information is not mentioned in the provided paper, then the answer is 'No'
No.

Evidence: The paper does not mention the cloning of samples prior to sequencing.

Rationale: The question asks whether the patients in the study had their samples cloned prior to sequencing. The evidence provided does not mention any cloning.

Answer: No.

## Question 14
Begin your answer with either 'Yes' or 'No' as the first word.
No.

Evidence: The paper does not mention the study being a clinical trial.

Rationale: The question asks whether the patients in the study were in a clinical trial. The evidence provided does not mention any clinical trial.

Answer: No.

## Question 12
Begin your answer with either 'Yes' or 'No' as the first word.
Yes.

Evidence: The paper mentions the study included individuals who were on a treatment regimen and had virological failure.

Rationale: The question asks whether the paper reports HIV sequences from individuals with virological failure on a treatment regimen. The evidence provided mentions the inclusion of individuals who were on a treatment regimen and had virological failure.

Answer: Yes.

## Question 1
Begin your answer with either 'Yes' or 'No' as the first word.
Yes.

Evidence: The paper mentions the study included HIV sequences from patient samples.

Rationale: The question asks whether the paper reports HIV sequences from patient samples. The evidence provided mentions the inclusion of HIV sequences from patient samples.

Answer: Yes.

## Question 2
Begin your answer with either 'Yes' or 'No' as the first word.
No.

Evidence: The paper does not mention in vitro drug susceptibility data.

Rationale: The question asks whether the paper reports in vitro drug susceptibility data. The evidence provided does not mention any in vitro drug susceptibility data.

Answer: No.

## Question 15
Begin your answer with the number of individuals as an integer.
28.

Evidence: The paper mentions the study included 28 individuals.

Rationale: The question asks how many individuals had samples obtained for HIV sequencing. The evidence provided mentions the inclusion of 28 individuals.

Answer: 28.",43
40713598,"Here are the answers to the questions:

**17. Which drug classes were received by individuals in the study before sample sequencing?**

Question: Which drug classes were received by individuals in the study before sample sequencing?

Evidence: NRTI (Nucleoside Reverse Transcriptase Inhibitor), including Abacavir (ABC), Zidovudine'(AZT), Zalcitabine (DDC), Didanosine (DDI), Lamivudine (3TC), Stavudine (D4T), Emtricitabine(FTC), Tenofovir (TFV); NNRTI (Non-Nucleosid Reverse Transcriptase Inhibitor), including Nevirapine (NVP), Delavirdine (DLV), Efavirenz (EFV), Etravirine (ETR), Rilpivirine (RPV), Doravirine (DOR); PI (Protease Inhibitor), including Amprenavir (APV), Lopinavir'(LPV), Atazanavir (ATV), Derunavir (DRV); INSTI (Integrase Inhibitor), including Raltegravir (RAL), Elvitegravir(EVG), Dolutagravir (DTG), Bictegravir (BIC), cabotagravir (CAB), Lenacapavir (LEN); CAI (Capsid Inhibitor), including GS-CA1, Lenacapavir (GS-6207)

Rationale: The question asks about the drug classes received by individuals in the study before sample sequencing. The evidence provided lists the different drug classes, including NRTI, NNRTI, PI, INSTI, and CAI, along with the specific drugs within each class.

Answer: NRTI, NNRTI, PI, INSTI.

**18. Which drugs were received by individuals in the study before sample sequencing?**

Question: Which drugs were received by individuals in the study before sample sequencing?

Evidence: NRTI (Nucleoside Reverse Transcriptase Inhibitor), including Abacavir (ABC), Zidovudine'(AZT), Zalcitabine (DDC), Didanosine (DDI), Lamivudine (3TC), Stavudine (D4T), Emtricitabine(FTC), Tenofovir (TFV); NNRTI (Non-Nucleosid Reverse Transcriptase Inhibitor), including Nevirapine (NVP), Delavirdine (DLV), Efavirenz (EFV), Etravirine (ETR), Rilpivirine (RPV), Doravirine (DOR); PI (Protease Inhibitor), including Amprenavir (APV), Lopinavir'(LPV), Atazanavir (ATV), Derunavir (DRV); INSTI (Integrase Inhibitor), including Raltegravir (RAL), Elvitegravir(EVG), Dolutagravir (DTG), Bictegravir (BIC), cabotagravir (CAB), Lenacapavir (LEN); CAI (Capsid Inhibitor), including GS-CA1, Lenacapavir (GS-6207)

Rationale: The question asks about the specific drugs received by individuals in the study before sample sequencing. The evidence provided lists the different drug classes, including NRTI, NNRTI, PI, INSTI, and CAI, along with the specific drugs within each class.

Answer: Abacavir (ABC), Zidovudine'(AZT), Zalcitabine (DDC), Didanosine (DDI), Lamivudine (3TC), Stavudine (D4T), Emtricitabine(FTC), Tenofovir (TFV), Nevirapine (NVP), Delavirdine (DLV), Efavirenz (EFV), Etravirine (ETR), Rilpivirine (RPV), Doravirine (DOR), Amprenavir (APV), Lopinavir'(LPV), Atazanavir (ATV), Derunavir (DRV), Raltegravir (RAL), Elvitegravir(EVG), Dolutagravir (DTG), Bictegravir (BIC), cabotagravir (CAB), Lenacapavir (LEN), GS-CA1, Lenacapavir (GS-6207).

**19. Were sequences from the paper made publicly available?**

Question: Were sequences from the paper made publicly available?

Evidence: No datasets were generated or analysed during the current study.

Rationale: The question asks about the availability of the sequences from the paper. The evidence provided states that no datasets were generated or analyzed during the current study, which implies that the sequences are not publicly available.

Answer: No.

**8. What method was used for sequencing?**

Question: Select from the following options and begin your answer with this: Sanger sequencing; Illumina sequencing; PacBio sequencing; Oxford Nanopore sequencing; Unknown; Other

Evidence: Briefly, frozen plasma samples were shipped on dry ice to the Virology Quality Assurance-approved laboratory at the Providence-Boston Center for AIDS Research Laboratory. RNA extraction was performed using the Qiagen EZ1 Advanced XL and DSP Virus Kit. HIV-1 pol was amplified using two-round PCR, and next-generation sequencing (NGS) was conducted on the Illumina MiSeq platform following previously published protocols.

Rationale: The question asks about the method used for sequencing. The evidence provided mentions the use of next-generation sequencing (NGS) on the Illumina MiSeq platform.

Answer: Illumina sequencing.

**3. What were the GenBank accession numbers for sequenced HIV isolates?**

Question: Accession number begin with two letters followed by six or fewer digits. European Nucleotide Archive (ENA): Two-letter prefix followed by six digits or pefixed by 'ENA'. DNA Data Bank of Japan (DDBJ):  Two-letter prefix followed by six digits or pefixed by 'DDBJ'. If the study didn't provide the accession number, the answer should be ""Not reported"" and the relevant sentences could be blank. Several lab virus accession number should be ignored: HXB2 (K03455); IIIB (K02013); NL4-3 (AF324493); HIV-2 (M15390, U27200)

Evidence: No datasets were generated or analysed during the current study.

Rationale: The question asks about the GenBank accession numbers for sequenced HIV isolates. The evidence provided states that no datasets were generated or analyzed during the current study, which implies that the accession numbers are not provided.

Answer: Not reported.

**5. Which HIV genes were reported to have been sequenced?**

Question: Select one or more of the following options and begin your answer with this: Protease, PR; Reverse transcriptase, RT; Integrase, IN; Capsid, CA; Envelope; Full genome; Near full length genome. The Gag gene contains Capsid gene. The pol gene contains protease, reverse transcriptase, and integrase.

Evidence: RNA extraction was performed using the Qiagen EZ1 Advanced XL and DSP Virus Kit. HIV-1 pol was amplified using two-round PCR, and next-generation sequencing (NGS) was conducted on the Illumina MiSeq platform following previously published protocols.

Rationale: The question asks about the HIV genes that were reported to have been sequenced. The evidence provided mentions the amplification of the HIV-1 pol gene.

Answer: Reverse transcriptase, RT; Integrase, IN; Protease, PR.

**6. From which countries were the sequenced samples obtained?**

Question: Try your best to get countries from abstract, method, or result section. If no sequenced samples were used in this research paper, you should return 'Not Found'.

Evidence: Participants included CAWH from a previous study that examined the virologic response to NNRTI-based ART from the Pediatric HIV/AIDS Care Program at Korle-Bu Teaching Hospital in Ghana [8].

Rationale: The question asks about the countries from which the sequenced samples were obtained. The evidence provided mentions the Pediatric HIV/AIDS Care Program at Korle-Bu Teaching Hospital in Ghana.

Answer: Ghana.

**11. What type of samples were sequenced?**

Question: Select from the following options and begin your answer with this: Plasma; PBMC; DBS; Whole Blood; Serum; Semen; CSF; Other; Unknown

Evidence: Briefly, frozen plasma samples were shipped on dry ice to the Virology Quality Assurance-approved laboratory at the Providence-Boston Center for AIDS Research Laboratory.

Rationale: The question asks about the type of samples that were sequenced. The evidence provided mentions the use of frozen plasma samples.

Answer: Plasma.

**16. Does the paper report HIV sequences from individuals who had previously received ARV drugs?**

Question: Begin your answer with either 'Yes' or 'No' or 'Unknown' as the first word.

Evidence: All participants had at least one NNRTI resistance mutation, most commonly K103N (N = 12) and 15 (75%) had nucleoside reverse transcriptase inhibitor (NRTI) resistance mutations, most commonly M184I/V (N = 15).

Rationale: The question asks about the presence of HIV sequences from individuals who had previously received ARV drugs. The evidence provided mentions the presence of resistance mutations, which implies that the individuals had previously received ARV drugs.

Answer: Yes.

**9. Were samples cloned prior to sequencing?**

Question: Begin your answer with either 'Yes' or 'No' as the first word. If the information is not mentioned in the provided paper, then the answer is 'No'

Evidence: RNA extraction was performed using the Qiagen EZ1 Advanced XL and DSP Virus Kit. HIV-1 pol was amplified using two-round PCR, and next-generation sequencing (NGS) was conducted on the Illumina MiSeq platform following previously published protocols.

Rationale: The question asks about the cloning of samples prior to sequencing. The evidence provided mentions the use of PCR, which implies that the samples were amplified but not cloned.

Answer: No.

**7. From what years were the sequenced samples obtained?**

Question: Reply with a list of year(s) or range only. If no sequenced samples were used in this research paper, you should return 'Not Found'.

Evidence: Participants included CAWH from a previous study that examined the virologic response to NNRTI-based ART from the Pediatric HIV/AIDS Care Program at Korle-Bu Teaching Hospital in Ghana [8].

Rationale: The question asks about the years from which the sequenced samples were obtained. The evidence provided mentions a previous study, but the exact years are not specified.

Answer: Not Found.

**14. Were the patients in the study in a clinical trial?**

Question: Begin your answer with either 'Yes' or 'No' as the first word.

Evidence: No datasets were generated or analysed during the current study.

Rationale: The question asks about the presence of clinical trials in the study. The evidence provided states that no datasets were generated or analyzed during the current study, which implies that the study is not a clinical trial.

Answer: No.

**12. Were any sequences obtained from individuals with virological failure on a treatment regimen?**

Question: Begin your answer with either 'Yes' or 'No' as the first word.

Evidence: All participants had at least one NNRTI resistance mutation, most commonly K103N (N = 12) and 15 (75%) had nucleoside reverse transcriptase inhibitor (NRTI) resistance mutations, most commonly M184I/V (N = 15).

Rationale: The question asks about the presence of sequences from individuals with virological failure on a treatment regimen. The evidence provided mentions the presence of resistance mutations, which implies that the individuals had virological failure on a treatment regimen.

Answer: Yes.

**1. Does the paper report HIV sequences from patient samples?**

Question: Begin your answer with either 'Yes' or 'No' as the first word.

Evidence: Briefly, frozen plasma samples were shipped on dry ice to the Virology Quality Assurance-approved laboratory at the Providence-Boston Center for AIDS Research Laboratory.

Rationale: The question asks about the presence of HIV sequences from patient samples. The evidence provided mentions the use of frozen plasma samples, which implies that the sequences are from patient samples.

Answer: Yes.

**2. Does the paper report in vitro drug susceptibility data?**

Question: Begin your answer with either 'Yes' or 'No' as the first word.

Evidence: No datasets were generated or analysed during the current study.

Rationale: The question asks about the presence of in vitro drug susceptibility data in the paper. The evidence provided states that no datasets were generated or analyzed during the current study, which implies that the paper does not report in vitro drug susceptibility data.

Answer: No.

**15. How many individuals had samples obtained for HIV sequencing?**

Question: Begin your answer with the number of individuals as an integer.

Evidence: Twenty samples were successfully amplified and sequenced (Figure S1).

Rationale: The question asks about the number of individuals who had samples obtained for HIV sequencing. The evidence provided mentions the successful amplification and sequencing of 20 samples.

Answer: 20.",45
40391923,"Here are the answers to the questions:

**17**
Question: Which drug classes were received by individuals in the study before sample sequencing?

Evidence: Most participants (n = 447, 91.6%) were on a regimen that contained DTG with 2 Nucleos(t)ide Reverse Transcriptase Inhibitors (NRTIs), with 336 of 447 (75.2%) receiving tenofovir/lamivudine/dolutegravir (TLD). Most participants (n = 415, 85%) had 2 or more consecutive VL measurements >1000 copies/mL before enrollment. The median time between the most recent routine VL >1000 copies/mL and enrollment was 36 days (IQR, 22-69).

Rationale: The question asks about the drug classes received by individuals in the study before sample sequencing. The evidence provided mentions that most participants were on a regimen that contained DTG with 2 NRTIs, specifically tenofovir/lamivudine/dolutegravir (TLD). This indicates that the individuals in the study were receiving NRTIs as part of their treatment regimen.

Answer: NRTI.

**18**
Question: Which drugs were received by individuals in the study before sample sequencing?

Evidence: Most participants (n = 447, 91.6%) were on a regimen that contained DTG with 2 Nucleos(t)ide Reverse Transcriptase Inhibitors (NRTIs), with 336 of 447 (75.2%) receiving tenofovir/lamivudine/dolutegravir (TLD).

Rationale: The question asks about the specific drugs received by individuals in the study before sample sequencing. The evidence provided mentions that most participants were receiving tenofovir/lamivudine/dolutegravir (TLD) as part of their treatment regimen.

Answer: Tenofovir, Lamivudine, and Dolutegravir.

**19**
Question: Were sequences from the paper made publicly available?

Evidence: The sequences have been uploaded to GenBank under accession numbers PV008448-PV008641, PV407014-PV407203, and PV419497-PV419583.

Rationale: The question asks about the availability of the sequences from the paper. The evidence provided mentions that the sequences have been uploaded to GenBank, which indicates that they are publicly available.

Answer: Yes.

**3**
Question: What were the GenBank accession numbers for sequenced HIV isolates?

Evidence: The sequences have been uploaded to GenBank under accession numbers PV008448-PV008641, PV407014-PV407203, and PV419497-PV419583.

Rationale: The question asks about the GenBank accession numbers for the sequenced HIV isolates. The evidence provided lists the accession numbers for the sequences.

Answer: PV008448-PV008641, PV407014-PV407203, and PV419497-PV419583.

**8**
Question: What method was used for sequencing?

Evidence: Sanger sequencing of integrase (IN) and protease/reverse transcriptase (PR/RT) regions was conducted using the ThermoFisher HIV-1 Genotyping Kit [9].

Rationale: The question asks about the method used for sequencing. The evidence provided mentions Sanger sequencing, which is a type of sequencing method.

Answer: Sanger sequencing.

**5**
Question: Which HIV genes were reported to have been sequenced?

Evidence: Sanger sequencing of integrase (IN) and protease/reverse transcriptase (PR/RT) regions was conducted using the ThermoFisher HIV-1 Genotyping Kit [9].

Rationale: The question asks about the HIV genes that were reported to have been sequenced. The evidence provided mentions the sequencing of integrase (IN) and protease/reverse transcriptase (PR/RT) regions.

Answer: Integrase (IN), Protease (PR), and Reverse transcriptase (RT).

**6**
Question: From which countries were the sequenced samples obtained?

Evidence: Here, we present data from participants enrolled between June 2022 and December 2024 at 16 study sites in 7 African countries: Cameroon (n = 2), Côte d'Ivoire (n = 2), Malawi (n = 2), Republic of Congo (n = 2), Uganda (n = 2), Zambia (n = 5), and Zimbabwe (n = 1).

Rationale: The question asks about the countries from which the sequenced samples were obtained. The evidence provided lists the 7 African countries from which the samples were obtained.

Answer: Cameroon, Côte d'Ivoire, Malawi, Republic of Congo, Uganda, Zambia, and Zimbabwe.

**11**
Question: What type of samples were sequenced?

Evidence: Of the 488 samples (420 plasma, 68 DBS samples), 234 (48%) had a VL >1000 copies/mL and underwent sequencing.

Rationale: The question asks about the type of samples that were sequenced. The evidence provided mentions plasma and DBS samples.

Answer: Plasma and DBS samples.

**7**
Question: From what years were the sequenced samples obtained?

Evidence: Enrollment began in June 2022 and will continue until May 2025.

Rationale: The question asks about the years from which the sequenced samples were obtained. The evidence provided mentions the start and end dates of the enrollment period.

Answer: 2022-2025.

**16**
Question: Does the paper report HIV sequences from individuals who had previously received ARV drugs?

Evidence: Most participants (n = 447, 91.6%) were on a regimen that contained DTG with 2 Nucleos(t)ide Reverse Transcriptase Inhibitors (NRTIs), with 336 of 447 (75.2%) receiving tenofovir/lamivudine/dolutegravir (TLD). Most participants (n = 415, 85%) had 2 or more consecutive VL measurements >1000 copies/mL before enrollment.

Rationale: The question asks about the presence of HIV sequences from individuals who had previously received ARV drugs. The evidence provided mentions that most participants were on a regimen that contained DTG with 2 NRTIs, which indicates that they had previously received ARV drugs.

Answer: Yes.

**9**
Question: Were samples cloned prior to sequencing?

Evidence: Not mentioned in the paper.

Rationale: The question asks about the cloning of samples prior to sequencing. The evidence provided does not mention cloning, which indicates that the answer is ""No"".

Answer: No.

**14**
Question: Were the patients in the study in a clinical trial?

Evidence: The study is nested within the International Epidemiology Databases to Evaluate AIDS (IeDEA) network [8].

Rationale: The question asks about the presence of a clinical trial. The evidence provided mentions the IeDEA network, which is a collaboration of routine ART programs in sub-Saharan Africa.

Answer: No.

**12**
Question: Were any sequences obtained from individuals with virological failure on a treatment regimen?

Evidence: Of the 488 samples (420 plasma, 68 DBS samples), 234 (48%) had a VL >1000 copies/mL and underwent sequencing.

Rationale: The question asks about the presence of sequences from individuals with virological failure on a treatment regimen. The evidence provided mentions that 234 samples had a VL >1000 copies/mL, which indicates that they were experiencing virological failure.

Answer: Yes.

**1**
Question: Does the paper report HIV sequences from patient samples?

Evidence: Of the 488 samples (420 plasma, 68 DBS samples), 234 (48%) had a VL >1000 copies/mL and underwent sequencing.

Rationale: The question asks about the presence of HIV sequences from patient samples. The evidence provided mentions that 234 samples were sequenced, which indicates that they were from patient samples.

Answer: Yes.

**2**
Question: Does the paper report in vitro drug susceptibility data?

Evidence: Not mentioned in the paper.

Rationale: The question asks about the presence of in vitro drug susceptibility data. The evidence provided does not mention in vitro drug susceptibility data, which indicates that the answer is ""No"".

Answer: No.

**15**
Question: How many individuals had samples obtained for HIV sequencing?

Evidence: Of the 488 samples (420 plasma, 68 DBS samples), 234 (48%) had a VL >1000 copies/mL and underwent sequencing.

Rationale: The question asks about the number of individuals who had samples obtained for HIV sequencing. The evidence provided mentions that 234 samples were sequenced, which indicates that 234 individuals had samples obtained for HIV sequencing.

Answer: 234.",29
40400229,"Here are the answers to the questions:

**17**
Question: Which drug classes were received by individuals in the study before sample sequencing?

Evidence: The starting regimen of participants who seroconverted is presented in Table 1. A three-drug regimen was reported for 30 patients; 29 had a TDF/TAF and FTC/3TC backbone with the third drug as follows: 10 (29.4%) bictegravir, 9 (26.5%) boosted darunavir, 5 (14.7%) dolutegravir (DTG) and 5 (14.7%) raltegravir. One patient had an ABC/3TC backbone with the third drug as DTG (2.9%). There were three patients who commenced a four-drug regimen: one (2.9%) TDF/FTC/DTG plus boosted darunavir, one (2.9%) TDF/FTC/DTG plus rilpivirine and one (2.9%) TDF/FTC plus boosted darunavir and raltegravir.

Rationale: The table provides information on the starting regimen of participants who seroconverted, which includes the drug classes used.

Answer: The drug classes received by individuals in the study before sample sequencing were NRTI (TDF/TAF and FTC/3TC backbone), PI (bictegravir, boosted darunavir, dolutegravir, and raltegravir), and INSTI (dolutegravir).

**18**
Question: Which drugs were received by individuals in the study before sample sequencing?

Evidence: The starting regimen of participants who seroconverted is presented in Table 1. A three-drug regimen was reported for 30 patients; 29 had a TDF/TAF and FTC/3TC backbone with the third drug as follows: 10 (29.4%) bictegravir, 9 (26.5%) boosted darunavir, 5 (14.7%) dolutegravir (DTG) and 5 (14.7%) raltegravir. One patient had an ABC/3TC backbone with the third drug as DTG (2.9%). There were three patients who commenced a four-drug regimen: one (2.9%) TDF/FTC/DTG plus boosted darunavir, one (2.9%) TDF/FTC/DTG plus rilpivirine and one (2.9%) TDF/FTC plus boosted darunavir and raltegravir.

Rationale: The table provides information on the starting regimen of participants who seroconverted, which includes the specific drugs used.

Answer: The drugs received by individuals in the study before sample sequencing were bictegravir, boosted darunavir, dolutegravir, raltegravir, and rilpivirine.

**19**
Question: Were sequences from the paper made publicly available?

Evidence: The paper does not mention the GenBank accession numbers for sequenced HIV isolates.

Rationale: The paper does not provide any information on the availability of sequence data.

Answer: Not reported.

**8**
Question: What method was used for sequencing?

Evidence: The paper does not mention the sequencing method used.

Rationale: The paper does not provide any information on the sequencing method.

Answer: Unknown.

**3**
Question: What were the GenBank accession numbers for sequenced HIV isolates?

Evidence: The paper does not mention the GenBank accession numbers for sequenced HIV isolates.

Rationale: The paper does not provide any information on the GenBank accession numbers.

Answer: Not reported.

**5**
Question: Which HIV genes were reported to have been sequenced?

Evidence: The paper does not mention the specific HIV genes that were sequenced.

Rationale: The paper does not provide any information on the specific HIV genes that were sequenced.

Answer: Not reported.

**6**
Question: From which countries were the sequenced samples obtained?

Evidence: The paper does not mention the countries from which the sequenced samples were obtained.

Rationale: The paper does not provide any information on the countries from which the sequenced samples were obtained.

Answer: Not Found.

**11**
Question: What type of samples were sequenced?

Evidence: The paper does not mention the type of samples that were sequenced.

Rationale: The paper does not provide any information on the type of samples that were sequenced.

Answer: Not reported.

**7**
Question: From what years were the sequenced samples obtained?

Evidence: The paper does not mention the years from which the sequenced samples were obtained.

Rationale: The paper does not provide any information on the years from which the sequenced samples were obtained.

Answer: Not Found.

**16**
Question: Does the paper report HIV sequences from individuals who had previously received ARV drugs?

Evidence: The paper mentions that participants who seroconverted were treated with antiretroviral regimens, but it does not specifically mention whether the sequenced samples were from individuals who had previously received ARV drugs.

Rationale: The paper provides information on the treatment regimens used by participants who seroconverted, but it does not provide explicit information on whether the sequenced samples were from individuals who had previously received ARV drugs.

Answer: Unknown.

**9**
Question: Were samples cloned prior to sequencing?

Evidence: The paper does not mention whether samples were cloned prior to sequencing.

Rationale: The paper does not provide any information on the cloning of samples prior to sequencing.

Answer: No.

**12**
Question: Were any sequences obtained from individuals with virological failure on a treatment regimen?

Evidence: The paper does not mention whether any sequences were obtained from individuals with virological failure on a treatment regimen.

Rationale: The paper provides information on the treatment regimens used by participants who seroconverted, but it does not provide explicit information on whether any sequences were obtained from individuals with virological failure on a treatment regimen.

Answer: No.

**14**
Question: Were the patients in the study in a clinical trial?

Evidence: The paper mentions that the study was a prospective, open-label, single-arm, multicentre trial.

Rationale: The paper provides information on the study design, which indicates that the patients were part of a clinical trial.

Answer: Yes.

**1**
Question: Does the paper report HIV sequences from patient samples?

Evidence: The paper mentions that genotypic viral resistance profiles were available for 47 of the participants who seroconverted.

Rationale: The paper provides information on the genotypic viral resistance profiles, which suggests that HIV sequences were obtained from patient samples.

Answer: Yes.

**2**
Question: Does the paper report in vitro drug susceptibility data?

Evidence: The paper does not mention in vitro drug susceptibility data.

Rationale: The paper provides information on the treatment regimens used by participants who seroconverted, but it does not provide explicit information on in vitro drug susceptibility data.

Answer: No.

**15**
Question: How many individuals had samples obtained for HIV sequencing?

Evidence: The paper mentions that genotypic viral resistance profiles were available for 47 of the participants who seroconverted.

Rationale: The paper provides information on the number of participants for whom genotypic viral resistance profiles were available.

Answer: 47.",24
