PMID,QID,Question,Answer
18715920,1,Does the paper report HIV sequences from patient samples?,No
18715920,2,Does the paper report in vitro drug susceptibility data?,Yes
18715920,3,Were sequences from the paper made publicly available?,No
18715920,4,What were the GenBank accession numbers for sequenced HIV isolates?,Not reported
18715920,5,How many individuals had samples obtained for HIV sequencing?,0
18715920,6,From which countries were the sequenced samples obtained?,Not reported
18715920,7,From what years were the sequenced samples obtained?,Not reported
18715920,8,Were samples cloned prior to sequencing?,No
18715920,9,Which HIV genes were reported to have been sequenced?,"Integrase, IN"
18715920,10,What method was used for sequencing?,Not reported
18715920,11,What type of samples were sequenced?,Not reported
18715920,12,Were any sequences obtained from individuals with virological failure on a treatment regimen?,No
18715920,13,Were the patients in the study in a clinical trial?,No
18715920,14,Does the paper report HIV sequences from individuals who had previously received ARV drugs?,No
18715920,15,Which drug classes were received by individuals in the study before sample sequencing?,Not reported
18715920,16,Which drugs were received by individuals in the study before sample sequencing?,Not reported
19104010,1,Does the paper report HIV sequences from patient samples?,No
19104010,2,Does the paper report in vitro drug susceptibility data?,Yes
19104010,3,Were sequences from the paper made publicly available?,No
19104010,4,What were the GenBank accession numbers for sequenced HIV isolates?,Not reported
19104010,5,How many individuals had samples obtained for HIV sequencing?,0
19104010,6,From which countries were the sequenced samples obtained?,Not reported
19104010,7,From what years were the sequenced samples obtained?,Not reported
19104010,8,Were samples cloned prior to sequencing?,No
19104010,9,Which HIV genes were reported to have been sequenced?,Not reported
19104010,10,What method was used for sequencing?,Not reported
19104010,11,What type of samples were sequenced?,Not reported
19104010,12,Were any sequences obtained from individuals with virological failure on a treatment regimen?,No
19104010,13,Were the patients in the study in a clinical trial?,No
19104010,14,Does the paper report HIV sequences from individuals who had previously received ARV drugs?,No
19104010,15,Which drug classes were received by individuals in the study before sample sequencing?,Not reported
19104010,16,Which drugs were received by individuals in the study before sample sequencing?,Not reported
21115794,1,Does the paper report HIV sequences from patient samples?,No
21115794,2,Does the paper report in vitro drug susceptibility data?,Yes
21115794,3,Were sequences from the paper made publicly available?,No
21115794,4,What were the GenBank accession numbers for sequenced HIV isolates?,Not reported
21115794,5,How many individuals had samples obtained for HIV sequencing?,Not reported
21115794,6,From which countries were the sequenced samples obtained?,Not reported
21115794,7,From what years were the sequenced samples obtained?,Not reported
21115794,8,Were samples cloned prior to sequencing?,Not reported
21115794,9,Which HIV genes were reported to have been sequenced?,Not reported
21115794,10,What method was used for sequencing?,Not reported
21115794,11,What type of samples were sequenced?,Not reported
21115794,12,Were any sequences obtained from individuals with virological failure on a treatment regimen?,No
21115794,13,Were the patients in the study in a clinical trial?,No
21115794,14,Does the paper report HIV sequences from individuals who had previously received ARV drugs?,No
21115794,15,Which drug classes were received by individuals in the study before sample sequencing?,Not reported
21115794,16,Which drugs were received by individuals in the study before sample sequencing?,Not reported
23749954,1,Does the paper report HIV sequences from patient samples?,No
23749954,2,Does the paper report in vitro drug susceptibility data?,Yes
23749954,3,Were sequences from the paper made publicly available?,No
23749954,4,What were the GenBank accession numbers for sequenced HIV isolates?,Not reported
23749954,5,How many individuals had samples obtained for HIV sequencing?,0
23749954,6,From which countries were the sequenced samples obtained?,Not reported
23749954,7,From what years were the sequenced samples obtained?,Not reported
23749954,8,Were samples cloned prior to sequencing?,Yes
23749954,9,Which HIV genes were reported to have been sequenced?,RT
23749954,10,What method was used for sequencing?,Not reported
23749954,11,What type of samples were sequenced?,Not reported
23749954,12,Were any sequences obtained from individuals with virological failure on a treatment regimen?,No
23749954,13,Were the patients in the study in a clinical trial?,No
23749954,14,Does the paper report HIV sequences from individuals who had previously received ARV drugs?,No
23749954,15,Which drug classes were received by individuals in the study before sample sequencing?,Not reported
23749954,16,Which drugs were received by individuals in the study before sample sequencing?,Not reported
24227862,1,Does the paper report HIV sequences from patient samples?,No
24227862,2,Does the paper report in vitro drug susceptibility data?,
24227862,3,Were sequences from the paper made publicly available?,
24227862,4,What were the GenBank accession numbers for sequenced HIV isolates?,
24227862,5,How many individuals had samples obtained for HIV sequencing?,
24227862,6,From which countries were the sequenced samples obtained?,
24227862,7,From what years were the sequenced samples obtained?,
24227862,8,Were samples cloned prior to sequencing?,
24227862,9,Which HIV genes were reported to have been sequenced?,
24227862,10,What method was used for sequencing?,
24227862,11,What type of samples were sequenced?,
24227862,12,Were any sequences obtained from individuals with virological failure on a treatment regimen?,
24227862,13,Were the patients in the study in a clinical trial?,
24227862,14,Does the paper report HIV sequences from individuals who had previously received ARV drugs?,
24227862,15,Which drug classes were received by individuals in the study before sample sequencing?,
24227862,16,Which drugs were received by individuals in the study before sample sequencing?,
25637519,1,Does the paper report HIV sequences from patient samples?,
25637519,2,Does the paper report in vitro drug susceptibility data?,
25637519,3,Were sequences from the paper made publicly available?,
25637519,4,What were the GenBank accession numbers for sequenced HIV isolates?,
25637519,5,How many individuals had samples obtained for HIV sequencing?,
25637519,6,From which countries were the sequenced samples obtained?,
25637519,7,From what years were the sequenced samples obtained?,
25637519,8,Were samples cloned prior to sequencing?,
25637519,9,Which HIV genes were reported to have been sequenced?,
25637519,10,What method was used for sequencing?,
25637519,11,What type of samples were sequenced?,
25637519,12,Were any sequences obtained from individuals with virological failure on a treatment regimen?,
25637519,13,Were the patients in the study in a clinical trial?,
25637519,14,Does the paper report HIV sequences from individuals who had previously received ARV drugs?,
25637519,15,Which drug classes were received by individuals in the study before sample sequencing?,
25637519,16,Which drugs were received by individuals in the study before sample sequencing?,
26246578,1,Does the paper report HIV sequences from patient samples?,No
26246578,2,Does the paper report in vitro drug susceptibility data?,Yes
26246578,3,Were sequences from the paper made publicly available?,No
26246578,4,What were the GenBank accession numbers for sequenced HIV isolates?,Not reported
26246578,5,How many individuals had samples obtained for HIV sequencing?,0
26246578,6,From which countries were the sequenced samples obtained?,Not reported
26246578,7,From what years were the sequenced samples obtained?,Not reported
26246578,8,Were samples cloned prior to sequencing?,No
26246578,9,Which HIV genes were reported to have been sequenced?,Integrase
26246578,10,What method was used for sequencing?,Not reported
26246578,11,What type of samples were sequenced?,Not reported
26246578,12,Were any sequences obtained from individuals with virological failure on a treatment regimen?,No
26246578,13,Were the patients in the study in a clinical trial?,No
26246578,14,Does the paper report HIV sequences from individuals who had previously received ARV drugs?,
26246578,15,Which drug classes were received by individuals in the study before sample sequencing?,Not reported
26246578,16,Which drugs were received by individuals in the study before sample sequencing?,Not reported
26311878,1,Does the paper report HIV sequences from patient samples?,No
26311878,2,Does the paper report in vitro drug susceptibility data?,Yes
26311878,3,Were sequences from the paper made publicly available?,No
26311878,4,What were the GenBank accession numbers for sequenced HIV isolates?,Not reported
26311878,5,How many individuals had samples obtained for HIV sequencing?,0
26311878,6,From which countries were the sequenced samples obtained?,Not Found
26311878,7,From what years were the sequenced samples obtained?,Not Found
26311878,8,Were samples cloned prior to sequencing?,No
26311878,9,Which HIV genes were reported to have been sequenced?,Integrase
26311878,10,What method was used for sequencing?,Not reported
26311878,11,What type of samples were sequenced?,Not reported
26311878,12,Were any sequences obtained from individuals with virological failure on a treatment regimen?,No
26311878,13,Were the patients in the study in a clinical trial?,No
26311878,14,Does the paper report HIV sequences from individuals who had previously received ARV drugs?,No
26311878,15,Which drug classes were received by individuals in the study before sample sequencing?,Not reported
26311878,16,Which drugs were received by individuals in the study before sample sequencing?,Not reported
26559830,1,Does the paper report HIV sequences from patient samples?,No
26559830,2,Does the paper report in vitro drug susceptibility data?,Yes
26559830,3,Were sequences from the paper made publicly available?,
26559830,4,What were the GenBank accession numbers for sequenced HIV isolates?,Not reported
26559830,5,How many individuals had samples obtained for HIV sequencing?,0
26559830,6,From which countries were the sequenced samples obtained?,Not Found
26559830,7,From what years were the sequenced samples obtained?,Not Found
26559830,8,Were samples cloned prior to sequencing?,No
26559830,9,Which HIV genes were reported to have been sequenced?,None
26559830,10,What method was used for sequencing?,Not reported
26559830,11,What type of samples were sequenced?,Not reported
26559830,12,Were any sequences obtained from individuals with virological failure on a treatment regimen?,No
26559830,13,Were the patients in the study in a clinical trial?,No
26559830,14,Does the paper report HIV sequences from individuals who had previously received ARV drugs?,
26559830,15,Which drug classes were received by individuals in the study before sample sequencing?,None
26559830,16,Which drugs were received by individuals in the study before sample sequencing?,None
27009474,1,Does the paper report HIV sequences from patient samples?,Yes
27009474,2,Does the paper report in vitro drug susceptibility data?,Yes
27009474,3,Were sequences from the paper made publicly available?,Yes
27009474,4,What were the GenBank accession numbers for sequenced HIV isolates?,KU761565
27009474,5,How many individuals had samples obtained for HIV sequencing?,1
27009474,6,From which countries were the sequenced samples obtained?,United States
27009474,7,From what years were the sequenced samples obtained?,"2014, 2015"
27009474,8,Were samples cloned prior to sequencing?,Yes
27009474,9,Which HIV genes were reported to have been sequenced?,Pol
27009474,10,What method was used for sequencing?,Sanger sequencing
27009474,11,What type of samples were sequenced?,Plasma
27009474,12,Were any sequences obtained from individuals with virological failure on a treatment regimen?,No
27009474,13,Were the patients in the study in a clinical trial?,No
27009474,14,Does the paper report HIV sequences from individuals who had previously received ARV drugs?,
27009474,15,Which drug classes were received by individuals in the study before sample sequencing?,INSTI
27009474,16,Which drugs were received by individuals in the study before sample sequencing?,"Tenofovir, Emtricitabine, Elvitegravir, Cobicistat"
27124362,1,Does the paper report HIV sequences from patient samples?,No
27124362,2,Does the paper report in vitro drug susceptibility data?,Yes
27124362,3,Were sequences from the paper made publicly available?,No
27124362,4,What were the GenBank accession numbers for sequenced HIV isolates?,Not reported
27124362,5,How many individuals had samples obtained for HIV sequencing?,Not reported
27124362,6,From which countries were the sequenced samples obtained?,Not reported
27124362,7,From what years were the sequenced samples obtained?,Not reported
27124362,8,Were samples cloned prior to sequencing?,Not reported
27124362,9,Which HIV genes were reported to have been sequenced?,Not reported
27124362,10,What method was used for sequencing?,Not reported
27124362,11,What type of samples were sequenced?,Not reported
27124362,12,Were any sequences obtained from individuals with virological failure on a treatment regimen?,No
27124362,13,Were the patients in the study in a clinical trial?,No
27124362,14,Does the paper report HIV sequences from individuals who had previously received ARV drugs?,No
27124362,15,Which drug classes were received by individuals in the study before sample sequencing?,Not reported
27124362,16,Which drugs were received by individuals in the study before sample sequencing?,Not reported
28559249,1,Does the paper report HIV sequences from patient samples?,Yes
28559249,2,Does the paper report in vitro drug susceptibility data?,Yes
28559249,3,Were sequences from the paper made publicly available?,No
28559249,4,What were the GenBank accession numbers for sequenced HIV isolates?,Not reported
28559249,5,How many individuals had samples obtained for HIV sequencing?,Not reported
28559249,6,From which countries were the sequenced samples obtained?,Not reported
28559249,7,From what years were the sequenced samples obtained?,Not reported
28559249,8,Were samples cloned prior to sequencing?,No
28559249,9,Which HIV genes were reported to have been sequenced?,Not reported
28559249,10,What method was used for sequencing?,Not reported
28559249,11,What type of samples were sequenced?,Not reported
28559249,12,Were any sequences obtained from individuals with virological failure on a treatment regimen?,No
28559249,13,Were the patients in the study in a clinical trial?,No
28559249,14,Does the paper report HIV sequences from individuals who had previously received ARV drugs?,No
28559249,15,Which drug classes were received by individuals in the study before sample sequencing?,Not reported
28559249,16,Which drugs were received by individuals in the study before sample sequencing?,Not reported
29373677,1,Does the paper report HIV sequences from patient samples?,Yes
29373677,2,Does the paper report in vitro drug susceptibility data?,
29373677,3,Were sequences from the paper made publicly available?,
29373677,4,What were the GenBank accession numbers for sequenced HIV isolates?,
29373677,5,How many individuals had samples obtained for HIV sequencing?,
29373677,6,From which countries were the sequenced samples obtained?,
29373677,7,From what years were the sequenced samples obtained?,
29373677,8,Were samples cloned prior to sequencing?,
29373677,9,Which HIV genes were reported to have been sequenced?,
29373677,10,What method was used for sequencing?,
29373677,11,What type of samples were sequenced?,
29373677,12,Were any sequences obtained from individuals with virological failure on a treatment regimen?,
29373677,13,Were the patients in the study in a clinical trial?,
29373677,14,Does the paper report HIV sequences from individuals who had previously received ARV drugs?,
29373677,15,Which drug classes were received by individuals in the study before sample sequencing?,
29373677,16,Which drugs were received by individuals in the study before sample sequencing?,
30053052,1,Does the paper report HIV sequences from patient samples?,
30053052,2,Does the paper report in vitro drug susceptibility data?,
30053052,3,Were sequences from the paper made publicly available?,
30053052,4,What were the GenBank accession numbers for sequenced HIV isolates?,
30053052,5,How many individuals had samples obtained for HIV sequencing?,
30053052,6,From which countries were the sequenced samples obtained?,
30053052,7,From what years were the sequenced samples obtained?,
30053052,8,Were samples cloned prior to sequencing?,
30053052,9,Which HIV genes were reported to have been sequenced?,
30053052,10,What method was used for sequencing?,
30053052,11,What type of samples were sequenced?,
30053052,12,Were any sequences obtained from individuals with virological failure on a treatment regimen?,
30053052,13,Were the patients in the study in a clinical trial?,
30053052,14,Does the paper report HIV sequences from individuals who had previously received ARV drugs?,
30053052,15,Which drug classes were received by individuals in the study before sample sequencing?,
30053052,16,Which drugs were received by individuals in the study before sample sequencing?,
30803972,1,Does the paper report HIV sequences from patient samples?,
30803972,2,Does the paper report in vitro drug susceptibility data?,
30803972,3,Were sequences from the paper made publicly available?,
30803972,4,What were the GenBank accession numbers for sequenced HIV isolates?,
30803972,5,How many individuals had samples obtained for HIV sequencing?,
30803972,6,From which countries were the sequenced samples obtained?,
30803972,7,From what years were the sequenced samples obtained?,
30803972,8,Were samples cloned prior to sequencing?,
30803972,9,Which HIV genes were reported to have been sequenced?,
30803972,10,What method was used for sequencing?,
30803972,11,What type of samples were sequenced?,
30803972,12,Were any sequences obtained from individuals with virological failure on a treatment regimen?,
30803972,13,Were the patients in the study in a clinical trial?,
30803972,14,Does the paper report HIV sequences from individuals who had previously received ARV drugs?,
30803972,15,Which drug classes were received by individuals in the study before sample sequencing?,
30803972,16,Which drugs were received by individuals in the study before sample sequencing?,
31988104,1,Does the paper report HIV sequences from patient samples?,No
31988104,2,Does the paper report in vitro drug susceptibility data?,Yes
31988104,3,Were sequences from the paper made publicly available?,No
31988104,4,What were the GenBank accession numbers for sequenced HIV isolates?,Not reported
31988104,5,How many individuals had samples obtained for HIV sequencing?,0
31988104,6,From which countries were the sequenced samples obtained?,Not reported
31988104,7,From what years were the sequenced samples obtained?,Not reported
31988104,8,Were samples cloned prior to sequencing?,No
31988104,9,Which HIV genes were reported to have been sequenced?,RT
31988104,10,What method was used for sequencing?,Not reported
31988104,11,What type of samples were sequenced?,Not reported
31988104,12,Were any sequences obtained from individuals with virological failure on a treatment regimen?,No
31988104,13,Were the patients in the study in a clinical trial?,No
31988104,14,Does the paper report HIV sequences from individuals who had previously received ARV drugs?,No
31988104,15,Which drug classes were received by individuals in the study before sample sequencing?,Not reported
31988104,16,Which drugs were received by individuals in the study before sample sequencing?,Not reported
32601157,1,Does the paper report HIV sequences from patient samples?,No
32601157,2,Does the paper report in vitro drug susceptibility data?,
32601157,3,Were sequences from the paper made publicly available?,
32601157,4,What were the GenBank accession numbers for sequenced HIV isolates?,
32601157,5,How many individuals had samples obtained for HIV sequencing?,
32601157,6,From which countries were the sequenced samples obtained?,
32601157,7,From what years were the sequenced samples obtained?,
32601157,8,Were samples cloned prior to sequencing?,
32601157,9,Which HIV genes were reported to have been sequenced?,
32601157,10,What method was used for sequencing?,
32601157,11,What type of samples were sequenced?,
32601157,12,Were any sequences obtained from individuals with virological failure on a treatment regimen?,
32601157,13,Were the patients in the study in a clinical trial?,
32601157,14,Does the paper report HIV sequences from individuals who had previously received ARV drugs?,
32601157,15,Which drug classes were received by individuals in the study before sample sequencing?,
32601157,16,Which drugs were received by individuals in the study before sample sequencing?,
33855437,1,Does the paper report HIV sequences from patient samples?,Yes
33855437,2,Does the paper report in vitro drug susceptibility data?,Yes
33855437,3,Were sequences from the paper made publicly available?,Yes
33855437,4,What were the GenBank accession numbers for sequenced HIV isolates?,"MW484894, MW484895, MW484893, DQ380549, AF492618"
33855437,5,How many individuals had samples obtained for HIV sequencing?,6
33855437,6,From which countries were the sequenced samples obtained?,"Canada, Ethiopia"
33855437,7,From what years were the sequenced samples obtained?,Not reported
33855437,8,Were samples cloned prior to sequencing?,No
33855437,9,Which HIV genes were reported to have been sequenced?,RT
33855437,10,What method was used for sequencing?,Not reported
33855437,11,What type of samples were sequenced?,PBMC
33855437,12,Were any sequences obtained from individuals with virological failure on a treatment regimen?,No
33855437,13,Were the patients in the study in a clinical trial?,No
33855437,14,Does the paper report HIV sequences from individuals who had previously received ARV drugs?,No
33855437,15,Which drug classes were received by individuals in the study before sample sequencing?,None
33855437,16,Which drugs were received by individuals in the study before sample sequencing?,None
34516245,1,Does the paper report HIV sequences from patient samples?,No
34516245,2,Does the paper report in vitro drug susceptibility data?,Yes
34516245,3,Were sequences from the paper made publicly available?,No
34516245,4,What were the GenBank accession numbers for sequenced HIV isolates?,Not reported
34516245,5,How many individuals had samples obtained for HIV sequencing?,0
34516245,6,From which countries were the sequenced samples obtained?,Not reported
34516245,7,From what years were the sequenced samples obtained?,Not reported
34516245,8,Were samples cloned prior to sequencing?,No
34516245,9,Which HIV genes were reported to have been sequenced?,Reverse transcriptase (RT)
34516245,10,What method was used for sequencing?,Not reported
34516245,11,What type of samples were sequenced?,Not reported
34516245,12,Were any sequences obtained from individuals with virological failure on a treatment regimen?,No
34516245,13,Were the patients in the study in a clinical trial?,No
34516245,14,Does the paper report HIV sequences from individuals who had previously received ARV drugs?,No
34516245,15,Which drug classes were received by individuals in the study before sample sequencing?,Not reported
34516245,16,Which drugs were received by individuals in the study before sample sequencing?,Not reported
35730213,1,Does the paper report HIV sequences from patient samples?,No
35730213,2,Does the paper report in vitro drug susceptibility data?,No
35730213,3,Were sequences from the paper made publicly available?,No
35730213,4,What were the GenBank accession numbers for sequenced HIV isolates?,Not reported
35730213,5,How many individuals had samples obtained for HIV sequencing?,0
35730213,6,From which countries were the sequenced samples obtained?,Lesotho
35730213,7,From what years were the sequenced samples obtained?,2020
35730213,8,Were samples cloned prior to sequencing?,No
35730213,9,Which HIV genes were reported to have been sequenced?,Not reported
35730213,10,What method was used for sequencing?,Not reported
35730213,11,What type of samples were sequenced?,Not reported
35730213,12,Were any sequences obtained from individuals with virological failure on a treatment regimen?,No
35730213,13,Were the patients in the study in a clinical trial?,No
35730213,14,Does the paper report HIV sequences from individuals who had previously received ARV drugs?,No
35730213,15,Which drug classes were received by individuals in the study before sample sequencing?,Not reported
35730213,16,Which drugs were received by individuals in the study before sample sequencing?,Not reported
35945163,1,Does the paper report HIV sequences from patient samples?,No
35945163,2,Does the paper report in vitro drug susceptibility data?,No
35945163,3,Were sequences from the paper made publicly available?,No
35945163,4,What were the GenBank accession numbers for sequenced HIV isolates?,Not reported
35945163,5,How many individuals had samples obtained for HIV sequencing?,35
35945163,6,From which countries were the sequenced samples obtained?,Not reported
35945163,7,From what years were the sequenced samples obtained?,Not reported
35945163,8,Were samples cloned prior to sequencing?,No
35945163,9,Which HIV genes were reported to have been sequenced?,Not reported
35945163,10,What method was used for sequencing?,Not reported
35945163,11,What type of samples were sequenced?,Not reported
35945163,12,Were any sequences obtained from individuals with virological failure on a treatment regimen?,No
35945163,13,Were the patients in the study in a clinical trial?,No
35945163,14,Does the paper report HIV sequences from individuals who had previously received ARV drugs?,No
35945163,15,Which drug classes were received by individuals in the study before sample sequencing?,Not reported
35945163,16,Which drugs were received by individuals in the study before sample sequencing?,Not reported
36415058,1,Does the paper report HIV sequences from patient samples?,No
36415058,2,Does the paper report in vitro drug susceptibility data?,No
36415058,3,Were sequences from the paper made publicly available?,No
36415058,4,What were the GenBank accession numbers for sequenced HIV isolates?,Not reported
36415058,5,How many individuals had samples obtained for HIV sequencing?,0
36415058,6,From which countries were the sequenced samples obtained?,Not reported
36415058,7,From what years were the sequenced samples obtained?,Not reported
36415058,8,Were samples cloned prior to sequencing?,No
36415058,9,Which HIV genes were reported to have been sequenced?,Not reported
36415058,10,What method was used for sequencing?,Not reported
36415058,11,What type of samples were sequenced?,Not reported
36415058,12,Were any sequences obtained from individuals with virological failure on a treatment regimen?,No
36415058,13,Were the patients in the study in a clinical trial?,No
36415058,14,Does the paper report HIV sequences from individuals who had previously received ARV drugs?,No
36415058,15,Which drug classes were received by individuals in the study before sample sequencing?,Not reported
36415058,16,Which drugs were received by individuals in the study before sample sequencing?,Not reported
36519389,1,Does the paper report HIV sequences from patient samples?,No
36519389,2,Does the paper report in vitro drug susceptibility data?,No
36519389,3,Were sequences from the paper made publicly available?,No
36519389,4,What were the GenBank accession numbers for sequenced HIV isolates?,Not reported
36519389,5,How many individuals had samples obtained for HIV sequencing?,0
36519389,6,From which countries were the sequenced samples obtained?,Not reported
36519389,7,From what years were the sequenced samples obtained?,Not reported
36519389,8,Were samples cloned prior to sequencing?,Not reported
36519389,9,Which HIV genes were reported to have been sequenced?,Not reported
36519389,10,What method was used for sequencing?,Not reported
36519389,11,What type of samples were sequenced?,Not reported
36519389,12,Were any sequences obtained from individuals with virological failure on a treatment regimen?,No
36519389,13,Were the patients in the study in a clinical trial?,Yes
36519389,14,Does the paper report HIV sequences from individuals who had previously received ARV drugs?,No
36519389,15,Which drug classes were received by individuals in the study before sample sequencing?,Not reported
36519389,16,Which drugs were received by individuals in the study before sample sequencing?,Not reported
36597160,1,Does the paper report HIV sequences from patient samples?,No
36597160,2,Does the paper report in vitro drug susceptibility data?,No
36597160,3,Were sequences from the paper made publicly available?,
36597160,4,What were the GenBank accession numbers for sequenced HIV isolates?,Not reported
36597160,5,How many individuals had samples obtained for HIV sequencing?,Not reported
36597160,6,From which countries were the sequenced samples obtained?,Not reported
36597160,7,From what years were the sequenced samples obtained?,Not reported
36597160,8,Were samples cloned prior to sequencing?,No
36597160,9,Which HIV genes were reported to have been sequenced?,Not reported
36597160,10,What method was used for sequencing?,
36597160,11,What type of samples were sequenced?,Not reported
36597160,12,Were any sequences obtained from individuals with virological failure on a treatment regimen?,No
36597160,13,Were the patients in the study in a clinical trial?,No
36597160,14,Does the paper report HIV sequences from individuals who had previously received ARV drugs?,No
36597160,15,Which drug classes were received by individuals in the study before sample sequencing?,Not reported
36597160,16,Which drugs were received by individuals in the study before sample sequencing?,Not reported
36645792,1,Does the paper report HIV sequences from patient samples?,No
36645792,2,Does the paper report in vitro drug susceptibility data?,No
36645792,3,Were sequences from the paper made publicly available?,No
36645792,4,What were the GenBank accession numbers for sequenced HIV isolates?,Not reported
36645792,5,How many individuals had samples obtained for HIV sequencing?,0
36645792,6,From which countries were the sequenced samples obtained?,Not reported
36645792,7,From what years were the sequenced samples obtained?,Not reported
36645792,8,Were samples cloned prior to sequencing?,Not reported
36645792,9,Which HIV genes were reported to have been sequenced?,Not reported
36645792,10,What method was used for sequencing?,Not reported
36645792,11,What type of samples were sequenced?,Not reported
36645792,12,Were any sequences obtained from individuals with virological failure on a treatment regimen?,No
36645792,13,Were the patients in the study in a clinical trial?,Yes
36645792,14,Does the paper report HIV sequences from individuals who had previously received ARV drugs?,
36645792,15,Which drug classes were received by individuals in the study before sample sequencing?,"NRTI, NNRTI"
36645792,16,Which drugs were received by individuals in the study before sample sequencing?,"Tenofovir, Emtricitabine, Efavirenz"
36659824,1,Does the paper report HIV sequences from patient samples?,No
36659824,2,Does the paper report in vitro drug susceptibility data?,No
36659824,3,Were sequences from the paper made publicly available?,No
36659824,4,What were the GenBank accession numbers for sequenced HIV isolates?,Not reported
36659824,5,How many individuals had samples obtained for HIV sequencing?,Not reported
36659824,6,From which countries were the sequenced samples obtained?,Not reported
36659824,7,From what years were the sequenced samples obtained?,Not reported
36659824,8,Were samples cloned prior to sequencing?,No
36659824,9,Which HIV genes were reported to have been sequenced?,Not reported
36659824,10,What method was used for sequencing?,Not reported
36659824,11,What type of samples were sequenced?,Not reported
36659824,12,Were any sequences obtained from individuals with virological failure on a treatment regimen?,No
36659824,13,Were the patients in the study in a clinical trial?,Yes
36659824,14,Does the paper report HIV sequences from individuals who had previously received ARV drugs?,No
36659824,15,Which drug classes were received by individuals in the study before sample sequencing?,Not reported
36659824,16,Which drugs were received by individuals in the study before sample sequencing?,Not reported
36694270,1,Does the paper report HIV sequences from patient samples?,Yes
36694270,2,Does the paper report in vitro drug susceptibility data?,No
36694270,3,Were sequences from the paper made publicly available?,No
36694270,4,What were the GenBank accession numbers for sequenced HIV isolates?,Not reported
36694270,5,How many individuals had samples obtained for HIV sequencing?,62
36694270,6,From which countries were the sequenced samples obtained?,China
36694270,7,From what years were the sequenced samples obtained?,2020-2022
36694270,8,Were samples cloned prior to sequencing?,No
36694270,9,Which HIV genes were reported to have been sequenced?,"PR, RT, IN"
36694270,10,What method was used for sequencing?,Sanger sequencing
36694270,11,What type of samples were sequenced?,"CSF, Plasma"
36694270,12,Were any sequences obtained from individuals with virological failure on a treatment regimen?,No
36694270,13,Were the patients in the study in a clinical trial?,No
36694270,14,Does the paper report HIV sequences from individuals who had previously received ARV drugs?,Yes
36694270,15,Which drug classes were received by individuals in the study before sample sequencing?,"NRTI, NNRTI, PI"
36694270,16,Which drugs were received by individuals in the study before sample sequencing?,"3TC, TDF, EFV, LPV/r"
36706364,1,Does the paper report HIV sequences from patient samples?,Yes
36706364,2,Does the paper report in vitro drug susceptibility data?,No
36706364,3,Were sequences from the paper made publicly available?,No
36706364,4,What were the GenBank accession numbers for sequenced HIV isolates?,Not reported
36706364,5,How many individuals had samples obtained for HIV sequencing?,62
36706364,6,From which countries were the sequenced samples obtained?,South Africa
36706364,7,From what years were the sequenced samples obtained?,2019-2020
36706364,8,Were samples cloned prior to sequencing?,No
36706364,9,Which HIV genes were reported to have been sequenced?,Not reported
36706364,10,What method was used for sequencing?,Not reported
36706364,11,What type of samples were sequenced?,Not reported
36706364,12,Were any sequences obtained from individuals with virological failure on a treatment regimen?,Yes
36706364,13,Were the patients in the study in a clinical trial?,Yes
36706364,14,Does the paper report HIV sequences from individuals who had previously received ARV drugs?,
36706364,15,Which drug classes were received by individuals in the study before sample sequencing?,"NRTI, NNRTI"
36706364,16,Which drugs were received by individuals in the study before sample sequencing?,"Tenofovir, Lamivudine, Efavirenz, Nevirapine"
36751650,1,Does the paper report HIV sequences from patient samples?,Yes
36751650,2,Does the paper report in vitro drug susceptibility data?,No
36751650,3,Were sequences from the paper made publicly available?,No
36751650,4,What were the GenBank accession numbers for sequenced HIV isolates?,Not reported
36751650,5,How many individuals had samples obtained for HIV sequencing?,1653
36751650,6,From which countries were the sequenced samples obtained?,China
36751650,7,From what years were the sequenced samples obtained?,2016-2020
36751650,8,Were samples cloned prior to sequencing?,No
36751650,9,Which HIV genes were reported to have been sequenced?,"PR, RT"
36751650,10,What method was used for sequencing?,Sanger sequencing
36751650,11,What type of samples were sequenced?,Plasma
36751650,12,Were any sequences obtained from individuals with virological failure on a treatment regimen?,No
36751650,13,Were the patients in the study in a clinical trial?,No
36751650,14,Does the paper report HIV sequences from individuals who had previously received ARV drugs?,No
36751650,15,Which drug classes were received by individuals in the study before sample sequencing?,None
36751650,16,Which drugs were received by individuals in the study before sample sequencing?,None
36779485,1,Does the paper report HIV sequences from patient samples?,Yes
36779485,2,Does the paper report in vitro drug susceptibility data?,No
36779485,3,Were sequences from the paper made publicly available?,No
36779485,4,What were the GenBank accession numbers for sequenced HIV isolates?,Not reported
36779485,5,How many individuals had samples obtained for HIV sequencing?,1649
36779485,6,From which countries were the sequenced samples obtained?,South Africa
36779485,7,From what years were the sequenced samples obtained?,Not reported
36779485,8,Were samples cloned prior to sequencing?,Not reported
36779485,9,Which HIV genes were reported to have been sequenced?,Pol
36779485,10,What method was used for sequencing?,Not reported
36779485,11,What type of samples were sequenced?,Not reported
36779485,12,Were any sequences obtained from individuals with virological failure on a treatment regimen?,Yes
36779485,13,Were the patients in the study in a clinical trial?,No
36779485,14,Does the paper report HIV sequences from individuals who had previously received ARV drugs?,Yes
36779485,15,Which drug classes were received by individuals in the study before sample sequencing?,NNRTI
36779485,16,Which drugs were received by individuals in the study before sample sequencing?,Not reported
36795586,1,Does the paper report HIV sequences from patient samples?,No
36795586,2,Does the paper report in vitro drug susceptibility data?,No
36795586,3,Were sequences from the paper made publicly available?,No
36795586,4,What were the GenBank accession numbers for sequenced HIV isolates?,Not reported
36795586,5,How many individuals had samples obtained for HIV sequencing?,Not reported
36795586,6,From which countries were the sequenced samples obtained?,Not reported
36795586,7,From what years were the sequenced samples obtained?,Not reported
36795586,8,Were samples cloned prior to sequencing?,No
36795586,9,Which HIV genes were reported to have been sequenced?,Not reported
36795586,10,What method was used for sequencing?,Not reported
36795586,11,What type of samples were sequenced?,Not reported
36795586,12,Were any sequences obtained from individuals with virological failure on a treatment regimen?,No
36795586,13,Were the patients in the study in a clinical trial?,No
36795586,14,Does the paper report HIV sequences from individuals who had previously received ARV drugs?,No
36795586,15,Which drug classes were received by individuals in the study before sample sequencing?,Not reported
36795586,16,Which drugs were received by individuals in the study before sample sequencing?,Not reported
36851704,1,Does the paper report HIV sequences from patient samples?,Yes
36851704,2,Does the paper report in vitro drug susceptibility data?,No
36851704,3,Were sequences from the paper made publicly available?,No
36851704,4,What were the GenBank accession numbers for sequenced HIV isolates?,Not reported
36851704,5,How many individuals had samples obtained for HIV sequencing?,206
36851704,6,From which countries were the sequenced samples obtained?,Uruguay
36851704,7,From what years were the sequenced samples obtained?,2018-2019
36851704,8,Were samples cloned prior to sequencing?,No
36851704,9,Which HIV genes were reported to have been sequenced?,"Protease, RT, IN"
36851704,10,What method was used for sequencing?,Sanger sequencing
36851704,11,What type of samples were sequenced?,Plasma
36851704,12,Were any sequences obtained from individuals with virological failure on a treatment regimen?,No
36851704,13,Were the patients in the study in a clinical trial?,No
36851704,14,Does the paper report HIV sequences from individuals who had previously received ARV drugs?,Yes
36851704,15,Which drug classes were received by individuals in the study before sample sequencing?,"NRTI, NNRTI, PI, INSTI"
36851704,16,Which drugs were received by individuals in the study before sample sequencing?,"EFV, NVP, TDF, FTC, 3TC, ATV/r, LPV/r, DTG, RAL, EVG, BIC, CAB, RAL"
36851760,1,Does the paper report HIV sequences from patient samples?,Yes
36851760,2,Does the paper report in vitro drug susceptibility data?,No
36851760,3,Were sequences from the paper made publicly available?,Yes
36851760,4,What were the GenBank accession numbers for sequenced HIV isolates?,OQ435656-OQ435729
36851760,5,How many individuals had samples obtained for HIV sequencing?,107
36851760,6,From which countries were the sequenced samples obtained?,"Benin, Mali"
36851760,7,From what years were the sequenced samples obtained?,"2015-2016, 2018-2020"
36851760,8,Were samples cloned prior to sequencing?,No
36851760,9,Which HIV genes were reported to have been sequenced?,Integrase
36851760,10,What method was used for sequencing?,Sanger sequencing
36851760,11,What type of samples were sequenced?,DBS
36851760,12,Were any sequences obtained from individuals with virological failure on a treatment regimen?,Yes
36851760,13,Were the patients in the study in a clinical trial?,No
36851760,14,Does the paper report HIV sequences from individuals who had previously received ARV drugs?,Yes
36851760,15,Which drug classes were received by individuals in the study before sample sequencing?,"NRTI, NNRTI, PI"
36851760,16,Which drugs were received by individuals in the study before sample sequencing?,Not reported
36920025,1,Does the paper report HIV sequences from patient samples?,No
36920025,2,Does the paper report in vitro drug susceptibility data?,Yes
36920025,3,Were sequences from the paper made publicly available?,Yes
36920025,4,What were the GenBank accession numbers for sequenced HIV isolates?,Not reported
36920025,5,How many individuals had samples obtained for HIV sequencing?,0
36920025,6,From which countries were the sequenced samples obtained?,Not reported
36920025,7,From what years were the sequenced samples obtained?,Not reported
36920025,8,Were samples cloned prior to sequencing?,Yes
36920025,9,Which HIV genes were reported to have been sequenced?,Protease
36920025,10,What method was used for sequencing?,Illumina sequencing
36920025,11,What type of samples were sequenced?,Not reported
36920025,12,Were any sequences obtained from individuals with virological failure on a treatment regimen?,No
36920025,13,Were the patients in the study in a clinical trial?,No
36920025,14,Does the paper report HIV sequences from individuals who had previously received ARV drugs?,No
36920025,15,Which drug classes were received by individuals in the study before sample sequencing?,Not reported
36920025,16,Which drugs were received by individuals in the study before sample sequencing?,Not reported
36931676,1,Does the paper report HIV sequences from patient samples?,Yes
36931676,2,Does the paper report in vitro drug susceptibility data?,No
36931676,3,Were sequences from the paper made publicly available?,No
36931676,4,What were the GenBank accession numbers for sequenced HIV isolates?,Not reported
36931676,5,How many individuals had samples obtained for HIV sequencing?,Not reported
36931676,6,From which countries were the sequenced samples obtained?,Not reported
36931676,7,From what years were the sequenced samples obtained?,Not reported
36931676,8,Were samples cloned prior to sequencing?,No
36931676,9,Which HIV genes were reported to have been sequenced?,Pol
36931676,10,What method was used for sequencing?,Not reported
36931676,11,What type of samples were sequenced?,Not reported
36931676,12,Were any sequences obtained from individuals with virological failure on a treatment regimen?,No
36931676,13,Were the patients in the study in a clinical trial?,No
36931676,14,Does the paper report HIV sequences from individuals who had previously received ARV drugs?,
36931676,15,Which drug classes were received by individuals in the study before sample sequencing?,Not reported
36931676,16,Which drugs were received by individuals in the study before sample sequencing?,Not reported
36961945,1,Does the paper report HIV sequences from patient samples?,Yes
36961945,2,Does the paper report in vitro drug susceptibility data?,No
36961945,3,Were sequences from the paper made publicly available?,No
36961945,4,What were the GenBank accession numbers for sequenced HIV isolates?,Not reported
36961945,5,How many individuals had samples obtained for HIV sequencing?,190
36961945,6,From which countries were the sequenced samples obtained?,Not reported
36961945,7,From what years were the sequenced samples obtained?,Not reported
36961945,8,Were samples cloned prior to sequencing?,No
36961945,9,Which HIV genes were reported to have been sequenced?,"PR, RT, IN"
36961945,10,What method was used for sequencing?,Next-generation sequencing
36961945,11,What type of samples were sequenced?,"PBMC, Plasma"
36961945,12,Were any sequences obtained from individuals with virological failure on a treatment regimen?,No
36961945,13,Were the patients in the study in a clinical trial?,No
36961945,14,Does the paper report HIV sequences from individuals who had previously received ARV drugs?,No
36961945,15,Which drug classes were received by individuals in the study before sample sequencing?,None
36961945,16,Which drugs were received by individuals in the study before sample sequencing?,None
37017009,1,Does the paper report HIV sequences from patient samples?,Yes
37017009,2,Does the paper report in vitro drug susceptibility data?,No
37017009,3,Were sequences from the paper made publicly available?,No
37017009,4,What were the GenBank accession numbers for sequenced HIV isolates?,Not reported
37017009,5,How many individuals had samples obtained for HIV sequencing?,899
37017009,6,From which countries were the sequenced samples obtained?,South Africa
37017009,7,From what years were the sequenced samples obtained?,2017-2019
37017009,8,Were samples cloned prior to sequencing?,No
37017009,9,Which HIV genes were reported to have been sequenced?,"PR, RT"
37017009,10,What method was used for sequencing?,Illumina sequencing
37017009,11,What type of samples were sequenced?,Whole Blood
37017009,12,Were any sequences obtained from individuals with virological failure on a treatment regimen?,Yes
37017009,13,Were the patients in the study in a clinical trial?,No
37017009,14,Does the paper report HIV sequences from individuals who had previously received ARV drugs?,
37017009,15,Which drug classes were received by individuals in the study before sample sequencing?,"NRTI, NNRTI"
37017009,16,Which drugs were received by individuals in the study before sample sequencing?,"Abacavir, Lamivudine, Efavirenz, Nevirapine, Tenofovir"
37029656,1,Does the paper report HIV sequences from patient samples?,Yes
37029656,2,Does the paper report in vitro drug susceptibility data?,No
37029656,3,Were sequences from the paper made publicly available?,No
37029656,4,What were the GenBank accession numbers for sequenced HIV isolates?,Not reported
37029656,5,How many individuals had samples obtained for HIV sequencing?,1223
37029656,6,From which countries were the sequenced samples obtained?,Italy
37029656,7,From what years were the sequenced samples obtained?,2009-2019
37029656,8,Were samples cloned prior to sequencing?,No
37029656,9,Which HIV genes were reported to have been sequenced?,Not reported
37029656,10,What method was used for sequencing?,Sanger sequencing
37029656,11,What type of samples were sequenced?,Not reported
37029656,12,Were any sequences obtained from individuals with virological failure on a treatment regimen?,No
37029656,13,Were the patients in the study in a clinical trial?,No
37029656,14,Does the paper report HIV sequences from individuals who had previously received ARV drugs?,
37029656,15,Which drug classes were received by individuals in the study before sample sequencing?,None
37029656,16,Which drugs were received by individuals in the study before sample sequencing?,None
37052343,1,Does the paper report HIV sequences from patient samples?,No
37052343,2,Does the paper report in vitro drug susceptibility data?,No
37052343,3,Were sequences from the paper made publicly available?,No
37052343,4,What were the GenBank accession numbers for sequenced HIV isolates?,Not reported
37052343,5,How many individuals had samples obtained for HIV sequencing?,0
37052343,6,From which countries were the sequenced samples obtained?,Not reported
37052343,7,From what years were the sequenced samples obtained?,Not reported
37052343,8,Were samples cloned prior to sequencing?,Not reported
37052343,9,Which HIV genes were reported to have been sequenced?,Not reported
37052343,10,What method was used for sequencing?,Not reported
37052343,11,What type of samples were sequenced?,Not reported
37052343,12,Were any sequences obtained from individuals with virological failure on a treatment regimen?,No
37052343,13,Were the patients in the study in a clinical trial?,No
37052343,14,Does the paper report HIV sequences from individuals who had previously received ARV drugs?,No
37052343,15,Which drug classes were received by individuals in the study before sample sequencing?,Not reported
37052343,16,Which drugs were received by individuals in the study before sample sequencing?,Not reported
37071019,1,Does the paper report HIV sequences from patient samples?,No
37071019,2,Does the paper report in vitro drug susceptibility data?,Yes
37071019,3,Were sequences from the paper made publicly available?,
37071019,4,What were the GenBank accession numbers for sequenced HIV isolates?,Not reported
37071019,5,How many individuals had samples obtained for HIV sequencing?,Not reported
37071019,6,From which countries were the sequenced samples obtained?,Not reported
37071019,7,From what years were the sequenced samples obtained?,Not reported
37071019,8,Were samples cloned prior to sequencing?,No
37071019,9,Which HIV genes were reported to have been sequenced?,Not reported
37071019,10,What method was used for sequencing?,Not reported
37071019,11,What type of samples were sequenced?,Not reported
37071019,12,Were any sequences obtained from individuals with virological failure on a treatment regimen?,No
37071019,13,Were the patients in the study in a clinical trial?,No
37071019,14,Does the paper report HIV sequences from individuals who had previously received ARV drugs?,No
37071019,15,Which drug classes were received by individuals in the study before sample sequencing?,Not reported
37071019,16,Which drugs were received by individuals in the study before sample sequencing?,Not reported
37085698,1,Does the paper report HIV sequences from patient samples?,Yes
37085698,2,Does the paper report in vitro drug susceptibility data?,No
37085698,3,Were sequences from the paper made publicly available?,Yes
37085698,4,What were the GenBank accession numbers for sequenced HIV isolates?,MW560010 to MW560058
37085698,5,How many individuals had samples obtained for HIV sequencing?,49
37085698,6,From which countries were the sequenced samples obtained?,Ethiopia
37085698,7,From what years were the sequenced samples obtained?,2018
37085698,8,Were samples cloned prior to sequencing?,No
37085698,9,Which HIV genes were reported to have been sequenced?,IN
37085698,10,What method was used for sequencing?,Sanger sequencing
37085698,11,What type of samples were sequenced?,Plasma
37085698,12,Were any sequences obtained from individuals with virological failure on a treatment regimen?,No
37085698,13,Were the patients in the study in a clinical trial?,No
37085698,14,Does the paper report HIV sequences from individuals who had previously received ARV drugs?,No
37085698,15,Which drug classes were received by individuals in the study before sample sequencing?,None
37085698,16,Which drugs were received by individuals in the study before sample sequencing?,None
37104815,1,Does the paper report HIV sequences from patient samples?,Yes
37104815,2,Does the paper report in vitro drug susceptibility data?,No
37104815,3,Were sequences from the paper made publicly available?,No
37104815,4,What were the GenBank accession numbers for sequenced HIV isolates?,Not reported
37104815,5,How many individuals had samples obtained for HIV sequencing?,121
37104815,6,From which countries were the sequenced samples obtained?,Not Found
37104815,7,From what years were the sequenced samples obtained?,Not Found
37104815,8,Were samples cloned prior to sequencing?,No
37104815,9,Which HIV genes were reported to have been sequenced?,Full genome
37104815,10,What method was used for sequencing?,Illumina sequencing
37104815,11,What type of samples were sequenced?,"Plasma, Semen"
37104815,12,Were any sequences obtained from individuals with virological failure on a treatment regimen?,Yes
37104815,13,Were the patients in the study in a clinical trial?,Yes
37104815,14,Does the paper report HIV sequences from individuals who had previously received ARV drugs?,Yes
37104815,15,Which drug classes were received by individuals in the study before sample sequencing?,"NRTI, NNRTI, PI"
37104815,16,Which drugs were received by individuals in the study before sample sequencing?,"Abacavir (ABC), Zidovudine'(AZT), Zalcitabine (DDC), Didanosine (DDI), Lamivudine (3TC), Stavudine (D4T), Emtricitabine(FTC), Tenofovir (TFV), Nevirapine (NVP), Delavirdine (DLV), Efavirenz (EFV), Etravirine (ETR), Rilpivirine (RPV), Doravirine (DOR), Amprenavir (APV), Lopinavir'(LPV), Atazanavir (ATV), Derunavir (DRV), Raltegravir (RAL), Elvitegravir(EVG), Dolutagravir (DTG), Bictegravir (BIC), cabotagravir (CAB), Lenacapavir (LEN)"
37147875,1,Does the paper report HIV sequences from patient samples?,Yes
37147875,2,Does the paper report in vitro drug susceptibility data?,No
37147875,3,Were sequences from the paper made publicly available?,No
37147875,4,What were the GenBank accession numbers for sequenced HIV isolates?,Not reported
37147875,5,How many individuals had samples obtained for HIV sequencing?,1
37147875,6,From which countries were the sequenced samples obtained?,Not reported
37147875,7,From what years were the sequenced samples obtained?,2022
37147875,8,Were samples cloned prior to sequencing?,No
37147875,9,Which HIV genes were reported to have been sequenced?,"PR, RT, IN"
37147875,10,What method was used for sequencing?,Illumina sequencing
37147875,11,What type of samples were sequenced?,Not reported
37147875,12,Were any sequences obtained from individuals with virological failure on a treatment regimen?,No
37147875,13,Were the patients in the study in a clinical trial?,No
37147875,14,Does the paper report HIV sequences from individuals who had previously received ARV drugs?,
37147875,15,Which drug classes were received by individuals in the study before sample sequencing?,INSTI
37147875,16,Which drugs were received by individuals in the study before sample sequencing?,"DTG, FTC, TDF"
37272233,1,Does the paper report HIV sequences from patient samples?,Yes
37272233,2,Does the paper report in vitro drug susceptibility data?,No
37272233,3,Were sequences from the paper made publicly available?,No
37272233,4,What were the GenBank accession numbers for sequenced HIV isolates?,Not reported
37272233,5,How many individuals had samples obtained for HIV sequencing?,248
37272233,6,From which countries were the sequenced samples obtained?,Not reported
37272233,7,From what years were the sequenced samples obtained?,2010-2020
37272233,8,Were samples cloned prior to sequencing?,No
37272233,9,Which HIV genes were reported to have been sequenced?,"NRTI, NNRTI, PI, INSTI"
37272233,10,What method was used for sequencing?,Sanger sequencing
37272233,11,What type of samples were sequenced?,Not reported
37272233,12,Were any sequences obtained from individuals with virological failure on a treatment regimen?,No
37272233,13,Were the patients in the study in a clinical trial?,No
37272233,14,Does the paper report HIV sequences from individuals who had previously received ARV drugs?,No
37272233,15,Which drug classes were received by individuals in the study before sample sequencing?,Not reported
37272233,16,Which drugs were received by individuals in the study before sample sequencing?,Not reported
37279764,1,Does the paper report HIV sequences from patient samples?,Yes
37279764,2,Does the paper report in vitro drug susceptibility data?,No
37279764,3,Were sequences from the paper made publicly available?,Yes
37279764,4,What were the GenBank accession numbers for sequenced HIV isolates?,Not reported
37279764,5,How many individuals had samples obtained for HIV sequencing?,12320
37279764,6,From which countries were the sequenced samples obtained?,China
37279764,7,From what years were the sequenced samples obtained?,2011-2019
37279764,8,Were samples cloned prior to sequencing?,No
37279764,9,Which HIV genes were reported to have been sequenced?,"PR, RT"
37279764,10,What method was used for sequencing?,Not reported
37279764,11,What type of samples were sequenced?,Plasma
37279764,12,Were any sequences obtained from individuals with virological failure on a treatment regimen?,No
37279764,13,Were the patients in the study in a clinical trial?,No
37279764,14,Does the paper report HIV sequences from individuals who had previously received ARV drugs?,
37279764,15,Which drug classes were received by individuals in the study before sample sequencing?,Not reported
37279764,16,Which drugs were received by individuals in the study before sample sequencing?,Not reported
37340869,1,Does the paper report HIV sequences from patient samples?,Yes
37340869,2,Does the paper report in vitro drug susceptibility data?,No
37340869,3,Were sequences from the paper made publicly available?,No
37340869,4,What were the GenBank accession numbers for sequenced HIV isolates?,Not reported
37340869,5,How many individuals had samples obtained for HIV sequencing?,1651
37340869,6,From which countries were the sequenced samples obtained?,Not reported
37340869,7,From what years were the sequenced samples obtained?,Not reported
37340869,8,Were samples cloned prior to sequencing?,No
37340869,9,Which HIV genes were reported to have been sequenced?,Not reported
37340869,10,What method was used for sequencing?,Not reported
37340869,11,What type of samples were sequenced?,Not reported
37340869,12,Were any sequences obtained from individuals with virological failure on a treatment regimen?,No
37340869,13,Were the patients in the study in a clinical trial?,Yes
37340869,14,Does the paper report HIV sequences from individuals who had previously received ARV drugs?,Yes
37340869,15,Which drug classes were received by individuals in the study before sample sequencing?,Not reported
37340869,16,Which drugs were received by individuals in the study before sample sequencing?,Not reported
37358226,1,Does the paper report HIV sequences from patient samples?,No
37358226,2,Does the paper report in vitro drug susceptibility data?,No
37358226,3,Were sequences from the paper made publicly available?,No
37358226,4,What were the GenBank accession numbers for sequenced HIV isolates?,Not reported
37358226,5,How many individuals had samples obtained for HIV sequencing?,0
37358226,6,From which countries were the sequenced samples obtained?,Lesotho
37358226,7,From what years were the sequenced samples obtained?,Not reported
37358226,8,Were samples cloned prior to sequencing?,No
37358226,9,Which HIV genes were reported to have been sequenced?,Not reported
37358226,10,What method was used for sequencing?,Not reported
37358226,11,What type of samples were sequenced?,Not reported
37358226,12,Were any sequences obtained from individuals with virological failure on a treatment regimen?,No
37358226,13,Were the patients in the study in a clinical trial?,No
37358226,14,Does the paper report HIV sequences from individuals who had previously received ARV drugs?,
37358226,15,Which drug classes were received by individuals in the study before sample sequencing?,Not reported
37358226,16,Which drugs were received by individuals in the study before sample sequencing?,Not reported
37381002,1,Does the paper report HIV sequences from patient samples?,Yes
37381002,2,Does the paper report in vitro drug susceptibility data?,Yes
37381002,3,Were sequences from the paper made publicly available?,No
37381002,4,What were the GenBank accession numbers for sequenced HIV isolates?,Not reported
37381002,5,How many individuals had samples obtained for HIV sequencing?,398
37381002,6,From which countries were the sequenced samples obtained?,China
37381002,7,From what years were the sequenced samples obtained?,2017-2020
37381002,8,Were samples cloned prior to sequencing?,No
37381002,9,Which HIV genes were reported to have been sequenced?,"PR, RT, Gag, Envelope, Near full length genome"
37381002,10,What method was used for sequencing?,"Sanger sequencing, Illumina sequencing"
37381002,11,What type of samples were sequenced?,Plasma
37381002,12,Were any sequences obtained from individuals with virological failure on a treatment regimen?,Yes
37381002,13,Were the patients in the study in a clinical trial?,No
37381002,14,Does the paper report HIV sequences from individuals who had previously received ARV drugs?,Yes
37381002,15,Which drug classes were received by individuals in the study before sample sequencing?,"NRTI, NNRTI"
37381002,16,Which drugs were received by individuals in the study before sample sequencing?,Not reported
37439411,1,Does the paper report HIV sequences from patient samples?,Yes
37439411,2,Does the paper report in vitro drug susceptibility data?,Yes
37439411,3,Were sequences from the paper made publicly available?,Yes
37439411,4,What were the GenBank accession numbers for sequenced HIV isolates?,Not reported
37439411,5,How many individuals had samples obtained for HIV sequencing?,9387
37439411,6,From which countries were the sequenced samples obtained?,Italy
37439411,7,From what years were the sequenced samples obtained?,2000-2020
37439411,8,Were samples cloned prior to sequencing?,Not reported
37439411,9,Which HIV genes were reported to have been sequenced?,"PR, RT"
37439411,10,What method was used for sequencing?,Not reported
37439411,11,What type of samples were sequenced?,Plasma
37439411,12,Were any sequences obtained from individuals with virological failure on a treatment regimen?,Yes
37439411,13,Were the patients in the study in a clinical trial?,No
37439411,14,Does the paper report HIV sequences from individuals who had previously received ARV drugs?,
37439411,15,Which drug classes were received by individuals in the study before sample sequencing?,"NNRTI, INSTI"
37439411,16,Which drugs were received by individuals in the study before sample sequencing?,"NVP, EFV, RPV, ETR, DOR"
37495103,1,Does the paper report HIV sequences from patient samples?,Yes
37495103,2,Does the paper report in vitro drug susceptibility data?,No
37495103,3,Were sequences from the paper made publicly available?,No
37495103,4,What were the GenBank accession numbers for sequenced HIV isolates?,Not reported
37495103,5,How many individuals had samples obtained for HIV sequencing?,271
37495103,6,From which countries were the sequenced samples obtained?,Russia
37495103,7,From what years were the sequenced samples obtained?,2018-2022
37495103,8,Were samples cloned prior to sequencing?,No
37495103,9,Which HIV genes were reported to have been sequenced?,"PR, RT"
37495103,10,What method was used for sequencing?,Sanger sequencing
37495103,11,What type of samples were sequenced?,Plasma
37495103,12,Were any sequences obtained from individuals with virological failure on a treatment regimen?,Yes
37495103,13,Were the patients in the study in a clinical trial?,No
37495103,14,Does the paper report HIV sequences from individuals who had previously received ARV drugs?,Yes
37495103,15,Which drug classes were received by individuals in the study before sample sequencing?,Not reported
37495103,16,Which drugs were received by individuals in the study before sample sequencing?,Not reported
37498738,1,Does the paper report HIV sequences from patient samples?,Yes
37498738,2,Does the paper report in vitro drug susceptibility data?,No
37498738,3,Were sequences from the paper made publicly available?,No
37498738,4,What were the GenBank accession numbers for sequenced HIV isolates?,Not reported
37498738,5,How many individuals had samples obtained for HIV sequencing?,101
37498738,6,From which countries were the sequenced samples obtained?,Not reported
37498738,7,From what years were the sequenced samples obtained?,Not reported
37498738,8,Were samples cloned prior to sequencing?,No
37498738,9,Which HIV genes were reported to have been sequenced?,Near full length genome
37498738,10,What method was used for sequencing?,Illumina sequencing
37498738,11,What type of samples were sequenced?,PBMC
37498738,12,Were any sequences obtained from individuals with virological failure on a treatment regimen?,No
37498738,13,Were the patients in the study in a clinical trial?,Yes
37498738,14,Does the paper report HIV sequences from individuals who had previously received ARV drugs?,Yes
37498738,15,Which drug classes were received by individuals in the study before sample sequencing?,INSTI
37498738,16,Which drugs were received by individuals in the study before sample sequencing?,Dolutegravir
37515095,1,Does the paper report HIV sequences from patient samples?,Yes
37515095,2,Does the paper report in vitro drug susceptibility data?,No
37515095,3,Were sequences from the paper made publicly available?,Not reported
37515095,4,What were the GenBank accession numbers for sequenced HIV isolates?,Not reported
37515095,5,How many individuals had samples obtained for HIV sequencing?,968
37515095,6,From which countries were the sequenced samples obtained?,Kazakhstan
37515095,7,From what years were the sequenced samples obtained?,2017-2020
37515095,8,Were samples cloned prior to sequencing?,No
37515095,9,Which HIV genes were reported to have been sequenced?,"PR, RT"
37515095,10,What method was used for sequencing?,Sanger sequencing
37515095,11,What type of samples were sequenced?,Whole Blood
37515095,12,Were any sequences obtained from individuals with virological failure on a treatment regimen?,No
37515095,13,Were the patients in the study in a clinical trial?,No
37515095,14,Does the paper report HIV sequences from individuals who had previously received ARV drugs?,Yes
37515095,15,Which drug classes were received by individuals in the study before sample sequencing?,"NRTI, NNRTI, PI"
37515095,16,Which drugs were received by individuals in the study before sample sequencing?,"3TC, ABC, AZT, D4T, DDI, FTC, TDF, ETR, EFV, NVP, RPV, DRV/r, LPV/r"
37515146,1,Does the paper report HIV sequences from patient samples?,Yes
37515146,2,Does the paper report in vitro drug susceptibility data?,No
37515146,3,Were sequences from the paper made publicly available?,Yes
37515146,4,What were the GenBank accession numbers for sequenced HIV isolates?,"MK702015-MK702057, MK867695-MK867757, MK995397-MK995457"
37515146,5,How many individuals had samples obtained for HIV sequencing?,379
37515146,6,From which countries were the sequenced samples obtained?,Cameroon
37515146,7,From what years were the sequenced samples obtained?,2014-2019
37515146,8,Were samples cloned prior to sequencing?,No
37515146,9,Which HIV genes were reported to have been sequenced?,"PR, RT"
37515146,10,What method was used for sequencing?,Sanger sequencing
37515146,11,What type of samples were sequenced?,Plasma
37515146,12,Were any sequences obtained from individuals with virological failure on a treatment regimen?,No
37515146,13,Were the patients in the study in a clinical trial?,No
37515146,14,Does the paper report HIV sequences from individuals who had previously received ARV drugs?,Yes
37515146,15,Which drug classes were received by individuals in the study before sample sequencing?,"NRTI, NNRTI"
37515146,16,Which drugs were received by individuals in the study before sample sequencing?,Not reported
37520425,1,Does the paper report HIV sequences from patient samples?,Yes
37520425,2,Does the paper report in vitro drug susceptibility data?,No
37520425,3,Were sequences from the paper made publicly available?,Yes
37520425,4,What were the GenBank accession numbers for sequenced HIV isolates?,OQ627458-OQ627474
37520425,5,How many individuals had samples obtained for HIV sequencing?,30
37520425,6,From which countries were the sequenced samples obtained?,Tanzania
37520425,7,From what years were the sequenced samples obtained?,Not Found
37520425,8,Were samples cloned prior to sequencing?,No
37520425,9,Which HIV genes were reported to have been sequenced?,"PR, RT, IN"
37520425,10,What method was used for sequencing?,Sanger sequencing
37520425,11,What type of samples were sequenced?,Plasma
37520425,12,Were any sequences obtained from individuals with virological failure on a treatment regimen?,Yes
37520425,13,Were the patients in the study in a clinical trial?,No
37520425,14,Does the paper report HIV sequences from individuals who had previously received ARV drugs?,
37520425,15,Which drug classes were received by individuals in the study before sample sequencing?,"NRTI, NNRTI"
37520425,16,Which drugs were received by individuals in the study before sample sequencing?,Not Found
37537871,1,Does the paper report HIV sequences from patient samples?,Yes
37537871,2,Does the paper report in vitro drug susceptibility data?,No
37537871,3,Were sequences from the paper made publicly available?,Yes
37537871,4,What were the GenBank accession numbers for sequenced HIV isolates?,Not reported
37537871,5,How many individuals had samples obtained for HIV sequencing?,77
37537871,6,From which countries were the sequenced samples obtained?,Hong Kong
37537871,7,From what years were the sequenced samples obtained?,2002-2014
37537871,8,Were samples cloned prior to sequencing?,No
37537871,9,Which HIV genes were reported to have been sequenced?,Full genome
37537871,10,What method was used for sequencing?,Oxford Nanopore sequencing
37537871,11,What type of samples were sequenced?,Plasma
37537871,12,Were any sequences obtained from individuals with virological failure on a treatment regimen?,No
37537871,13,Were the patients in the study in a clinical trial?,No
37537871,14,Does the paper report HIV sequences from individuals who had previously received ARV drugs?,No
37537871,15,Which drug classes were received by individuals in the study before sample sequencing?,Not reported
37537871,16,Which drugs were received by individuals in the study before sample sequencing?,Not reported
37540331,1,Does the paper report HIV sequences from patient samples?,No
37540331,2,Does the paper report in vitro drug susceptibility data?,No
37540331,3,Were sequences from the paper made publicly available?,No
37540331,4,What were the GenBank accession numbers for sequenced HIV isolates?,Not reported
37540331,5,How many individuals had samples obtained for HIV sequencing?,0
37540331,6,From which countries were the sequenced samples obtained?,Not reported
37540331,7,From what years were the sequenced samples obtained?,Not reported
37540331,8,Were samples cloned prior to sequencing?,Not reported
37540331,9,Which HIV genes were reported to have been sequenced?,Not reported
37540331,10,What method was used for sequencing?,Not reported
37540331,11,What type of samples were sequenced?,Not reported
37540331,12,Were any sequences obtained from individuals with virological failure on a treatment regimen?,No
37540331,13,Were the patients in the study in a clinical trial?,Yes
37540331,14,Does the paper report HIV sequences from individuals who had previously received ARV drugs?,No
37540331,15,Which drug classes were received by individuals in the study before sample sequencing?,Not reported
37540331,16,Which drugs were received by individuals in the study before sample sequencing?,Not reported
37541705,1,Does the paper report HIV sequences from patient samples?,No
37541705,2,Does the paper report in vitro drug susceptibility data?,No
37541705,3,Were sequences from the paper made publicly available?,No
37541705,4,What were the GenBank accession numbers for sequenced HIV isolates?,Not reported
37541705,5,How many individuals had samples obtained for HIV sequencing?,0
37541705,6,From which countries were the sequenced samples obtained?,Not reported
37541705,7,From what years were the sequenced samples obtained?,Not reported
37541705,8,Were samples cloned prior to sequencing?,No
37541705,9,Which HIV genes were reported to have been sequenced?,Not reported
37541705,10,What method was used for sequencing?,Not reported
37541705,11,What type of samples were sequenced?,Not reported
37541705,12,Were any sequences obtained from individuals with virological failure on a treatment regimen?,No
37541705,13,Were the patients in the study in a clinical trial?,No
37541705,14,Does the paper report HIV sequences from individuals who had previously received ARV drugs?,No
37541705,15,Which drug classes were received by individuals in the study before sample sequencing?,Not reported
37541705,16,Which drugs were received by individuals in the study before sample sequencing?,Not reported
37554471,1,Does the paper report HIV sequences from patient samples?,No
37554471,2,Does the paper report in vitro drug susceptibility data?,No
37554471,3,Were sequences from the paper made publicly available?,No
37554471,4,What were the GenBank accession numbers for sequenced HIV isolates?,Not reported
37554471,5,How many individuals had samples obtained for HIV sequencing?,1
37554471,6,From which countries were the sequenced samples obtained?,Not reported
37554471,7,From what years were the sequenced samples obtained?,Not reported
37554471,8,Were samples cloned prior to sequencing?,No
37554471,9,Which HIV genes were reported to have been sequenced?,Not reported
37554471,10,What method was used for sequencing?,Not reported
37554471,11,What type of samples were sequenced?,Not reported
37554471,12,Were any sequences obtained from individuals with virological failure on a treatment regimen?,No
37554471,13,Were the patients in the study in a clinical trial?,No
37554471,14,Does the paper report HIV sequences from individuals who had previously received ARV drugs?,No
37554471,15,Which drug classes were received by individuals in the study before sample sequencing?,Not reported
37554471,16,Which drugs were received by individuals in the study before sample sequencing?,Not reported
37574435,1,Does the paper report HIV sequences from patient samples?,Yes
37574435,2,Does the paper report in vitro drug susceptibility data?,No
37574435,3,Were sequences from the paper made publicly available?,No
37574435,4,What were the GenBank accession numbers for sequenced HIV isolates?,Not reported
37574435,5,How many individuals had samples obtained for HIV sequencing?,79
37574435,6,From which countries were the sequenced samples obtained?,Not reported
37574435,7,From what years were the sequenced samples obtained?,Not reported
37574435,8,Were samples cloned prior to sequencing?,No
37574435,9,Which HIV genes were reported to have been sequenced?,"PR, RT, IN"
37574435,10,What method was used for sequencing?,Not reported
37574435,11,What type of samples were sequenced?,Not reported
37574435,12,Were any sequences obtained from individuals with virological failure on a treatment regimen?,Yes
37574435,13,Were the patients in the study in a clinical trial?,No
37574435,14,Does the paper report HIV sequences from individuals who had previously received ARV drugs?,Yes
37574435,15,Which drug classes were received by individuals in the study before sample sequencing?,"NRTI, INSTI"
37574435,16,Which drugs were received by individuals in the study before sample sequencing?,Not reported
37593123,1,Does the paper report HIV sequences from patient samples?,Yes
37593123,2,Does the paper report in vitro drug susceptibility data?,Yes
37593123,3,Were sequences from the paper made publicly available?,Yes
37593123,4,What were the GenBank accession numbers for sequenced HIV isolates?,Not reported
37593123,5,How many individuals had samples obtained for HIV sequencing?,"67,739"
37593123,6,From which countries were the sequenced samples obtained?,China
37593123,7,From what years were the sequenced samples obtained?,2004-2022
37593123,8,Were samples cloned prior to sequencing?,No
37593123,9,Which HIV genes were reported to have been sequenced?,"PR, RT"
37593123,10,What method was used for sequencing?,Not reported
37593123,11,What type of samples were sequenced?,Not reported
37593123,12,Were any sequences obtained from individuals with virological failure on a treatment regimen?,No
37593123,13,Were the patients in the study in a clinical trial?,No
37593123,14,Does the paper report HIV sequences from individuals who had previously received ARV drugs?,No
37593123,15,Which drug classes were received by individuals in the study before sample sequencing?,Not reported
37593123,16,Which drugs were received by individuals in the study before sample sequencing?,Not reported
37626789,1,Does the paper report HIV sequences from patient samples?,Yes
37626789,2,Does the paper report in vitro drug susceptibility data?,No
37626789,3,Were sequences from the paper made publicly available?,No
37626789,4,What were the GenBank accession numbers for sequenced HIV isolates?,Not reported
37626789,5,How many individuals had samples obtained for HIV sequencing?,551
37626789,6,From which countries were the sequenced samples obtained?,Ethiopia
37626789,7,From what years were the sequenced samples obtained?,2017-2019
37626789,8,Were samples cloned prior to sequencing?,No
37626789,9,Which HIV genes were reported to have been sequenced?,Pol
37626789,10,What method was used for sequencing?,Sanger sequencing
37626789,11,What type of samples were sequenced?,Not reported
37626789,12,Were any sequences obtained from individuals with virological failure on a treatment regimen?,
37626789,13,Were the patients in the study in a clinical trial?,No
37626789,14,Does the paper report HIV sequences from individuals who had previously received ARV drugs?,Yes
37626789,15,Which drug classes were received by individuals in the study before sample sequencing?,"NRTI, NNRTI"
37626789,16,Which drugs were received by individuals in the study before sample sequencing?,"AZT, 3TC, NVP, D4T, EFV"
37632026,1,Does the paper report HIV sequences from patient samples?,Yes
37632026,2,Does the paper report in vitro drug susceptibility data?,No
37632026,3,Were sequences from the paper made publicly available?,
37632026,4,What were the GenBank accession numbers for sequenced HIV isolates?,"MK580543-MK580618; JF273935-JF273965; JQ796152-JQ796169, MK867721-MK867755; OQ985493-OQ985958"
37632026,5,How many individuals had samples obtained for HIV sequencing?,
37632026,6,From which countries were the sequenced samples obtained?,
37632026,7,From what years were the sequenced samples obtained?,
37632026,8,Were samples cloned prior to sequencing?,
37632026,9,Which HIV genes were reported to have been sequenced?,"PR, RT"
37632026,10,What method was used for sequencing?,
37632026,11,What type of samples were sequenced?,
37632026,12,Were any sequences obtained from individuals with virological failure on a treatment regimen?,
37632026,13,Were the patients in the study in a clinical trial?,
37632026,14,Does the paper report HIV sequences from individuals who had previously received ARV drugs?,
37632026,15,Which drug classes were received by individuals in the study before sample sequencing?,
37632026,16,Which drugs were received by individuals in the study before sample sequencing?,
37632071,1,Does the paper report HIV sequences from patient samples?,No
37632071,2,Does the paper report in vitro drug susceptibility data?,No
37632071,3,Were sequences from the paper made publicly available?,No
37632071,4,What were the GenBank accession numbers for sequenced HIV isolates?,Not reported
37632071,5,How many individuals had samples obtained for HIV sequencing?,Not reported
37632071,6,From which countries were the sequenced samples obtained?,Not reported
37632071,7,From what years were the sequenced samples obtained?,Not reported
37632071,8,Were samples cloned prior to sequencing?,No
37632071,9,Which HIV genes were reported to have been sequenced?,Not reported
37632071,10,What method was used for sequencing?,Not reported
37632071,11,What type of samples were sequenced?,Not reported
37632071,12,Were any sequences obtained from individuals with virological failure on a treatment regimen?,No
37632071,13,Were the patients in the study in a clinical trial?,No
37632071,14,Does the paper report HIV sequences from individuals who had previously received ARV drugs?,No
37632071,15,Which drug classes were received by individuals in the study before sample sequencing?,Not reported
37632071,16,Which drugs were received by individuals in the study before sample sequencing?,Not reported
37649807,1,Does the paper report HIV sequences from patient samples?,No
37649807,2,Does the paper report in vitro drug susceptibility data?,No
37649807,3,Were sequences from the paper made publicly available?,No
37649807,4,What were the GenBank accession numbers for sequenced HIV isolates?,Not reported
37649807,5,How many individuals had samples obtained for HIV sequencing?,Not reported
37649807,6,From which countries were the sequenced samples obtained?,Not reported
37649807,7,From what years were the sequenced samples obtained?,Not reported
37649807,8,Were samples cloned prior to sequencing?,No
37649807,9,Which HIV genes were reported to have been sequenced?,Not reported
37649807,10,What method was used for sequencing?,Not reported
37649807,11,What type of samples were sequenced?,Not reported
37649807,12,Were any sequences obtained from individuals with virological failure on a treatment regimen?,No
37649807,13,Were the patients in the study in a clinical trial?,No
37649807,14,Does the paper report HIV sequences from individuals who had previously received ARV drugs?,
37649807,15,Which drug classes were received by individuals in the study before sample sequencing?,Not reported
37649807,16,Which drugs were received by individuals in the study before sample sequencing?,Not reported
37662576,1,Does the paper report HIV sequences from patient samples?,No
37662576,2,Does the paper report in vitro drug susceptibility data?,No
37662576,3,Were sequences from the paper made publicly available?,No
37662576,4,What were the GenBank accession numbers for sequenced HIV isolates?,Not reported
37662576,5,How many individuals had samples obtained for HIV sequencing?,Not reported
37662576,6,From which countries were the sequenced samples obtained?,Not reported
37662576,7,From what years were the sequenced samples obtained?,Not reported
37662576,8,Were samples cloned prior to sequencing?,No
37662576,9,Which HIV genes were reported to have been sequenced?,Not reported
37662576,10,What method was used for sequencing?,Not reported
37662576,11,What type of samples were sequenced?,Not reported
37662576,12,Were any sequences obtained from individuals with virological failure on a treatment regimen?,No
37662576,13,Were the patients in the study in a clinical trial?,No
37662576,14,Does the paper report HIV sequences from individuals who had previously received ARV drugs?,No
37662576,15,Which drug classes were received by individuals in the study before sample sequencing?,Not reported
37662576,16,Which drugs were received by individuals in the study before sample sequencing?,Not reported
37674678,1,Does the paper report HIV sequences from patient samples?,Yes
37674678,2,Does the paper report in vitro drug susceptibility data?,No
37674678,3,Were sequences from the paper made publicly available?,No
37674678,4,What were the GenBank accession numbers for sequenced HIV isolates?,Not reported
37674678,5,How many individuals had samples obtained for HIV sequencing?,1161
37674678,6,From which countries were the sequenced samples obtained?,China
37674678,7,From what years were the sequenced samples obtained?,2019-2021
37674678,8,Were samples cloned prior to sequencing?,No
37674678,9,Which HIV genes were reported to have been sequenced?,Pol
37674678,10,What method was used for sequencing?,Sanger sequencing
37674678,11,What type of samples were sequenced?,Plasma
37674678,12,Were any sequences obtained from individuals with virological failure on a treatment regimen?,No
37674678,13,Were the patients in the study in a clinical trial?,No
37674678,14,Does the paper report HIV sequences from individuals who had previously received ARV drugs?,No
37674678,15,Which drug classes were received by individuals in the study before sample sequencing?,None
37674678,16,Which drugs were received by individuals in the study before sample sequencing?,None
37701387,1,Does the paper report HIV sequences from patient samples?,Yes
37701387,2,Does the paper report in vitro drug susceptibility data?,No
37701387,3,Were sequences from the paper made publicly available?,No
37701387,4,What were the GenBank accession numbers for sequenced HIV isolates?,Not reported
37701387,5,How many individuals had samples obtained for HIV sequencing?,
37701387,6,From which countries were the sequenced samples obtained?,Not reported
37701387,7,From what years were the sequenced samples obtained?,Not reported
37701387,8,Were samples cloned prior to sequencing?,No
37701387,9,Which HIV genes were reported to have been sequenced?,Not reported
37701387,10,What method was used for sequencing?,Not reported
37701387,11,What type of samples were sequenced?,Not reported
37701387,12,Were any sequences obtained from individuals with virological failure on a treatment regimen?,
37701387,13,Were the patients in the study in a clinical trial?,
37701387,14,Does the paper report HIV sequences from individuals who had previously received ARV drugs?,No
37701387,15,Which drug classes were received by individuals in the study before sample sequencing?,Not reported
37701387,16,Which drugs were received by individuals in the study before sample sequencing?,Not reported
37716367,1,Does the paper report HIV sequences from patient samples?,No
37716367,2,Does the paper report in vitro drug susceptibility data?,No
37716367,3,Were sequences from the paper made publicly available?,No
37716367,4,What were the GenBank accession numbers for sequenced HIV isolates?,Not reported
37716367,5,How many individuals had samples obtained for HIV sequencing?,Not reported
37716367,6,From which countries were the sequenced samples obtained?,Not reported
37716367,7,From what years were the sequenced samples obtained?,Not reported
37716367,8,Were samples cloned prior to sequencing?,Not reported
37716367,9,Which HIV genes were reported to have been sequenced?,Not reported
37716367,10,What method was used for sequencing?,Not reported
37716367,11,What type of samples were sequenced?,Not reported
37716367,12,Were any sequences obtained from individuals with virological failure on a treatment regimen?,No
37716367,13,Were the patients in the study in a clinical trial?,No
37716367,14,Does the paper report HIV sequences from individuals who had previously received ARV drugs?,No
37716367,15,Which drug classes were received by individuals in the study before sample sequencing?,Not reported
37716367,16,Which drugs were received by individuals in the study before sample sequencing?,Not reported
37775947,1,Does the paper report HIV sequences from patient samples?,Yes
37775947,2,Does the paper report in vitro drug susceptibility data?,No
37775947,3,Were sequences from the paper made publicly available?,No
37775947,4,What were the GenBank accession numbers for sequenced HIV isolates?,Not reported
37775947,5,How many individuals had samples obtained for HIV sequencing?,1380
37775947,6,From which countries were the sequenced samples obtained?,Not reported
37775947,7,From what years were the sequenced samples obtained?,2009-2013
37775947,8,Were samples cloned prior to sequencing?,No
37775947,9,Which HIV genes were reported to have been sequenced?,"PR, RT, IN"
37775947,10,What method was used for sequencing?,Illumina sequencing
37775947,11,What type of samples were sequenced?,Plasma
37775947,12,Were any sequences obtained from individuals with virological failure on a treatment regimen?,No
37775947,13,Were the patients in the study in a clinical trial?,Yes
37775947,14,Does the paper report HIV sequences from individuals who had previously received ARV drugs?,No
37775947,15,Which drug classes were received by individuals in the study before sample sequencing?,None
37775947,16,Which drugs were received by individuals in the study before sample sequencing?,None
37817087,1,Does the paper report HIV sequences from patient samples?,Yes
37817087,2,Does the paper report in vitro drug susceptibility data?,No
37817087,3,Were sequences from the paper made publicly available?,
37817087,4,What were the GenBank accession numbers for sequenced HIV isolates?,Not reported
37817087,5,How many individuals had samples obtained for HIV sequencing?,4559
37817087,6,From which countries were the sequenced samples obtained?,Germany
37817087,7,From what years were the sequenced samples obtained?,2017-2020
37817087,8,Were samples cloned prior to sequencing?,No
37817087,9,Which HIV genes were reported to have been sequenced?,"PR, RT, IN"
37817087,10,What method was used for sequencing?,Illumina sequencing
37817087,11,What type of samples were sequenced?,"Serum, Plasma, DBS"
37817087,12,Were any sequences obtained from individuals with virological failure on a treatment regimen?,No
37817087,13,Were the patients in the study in a clinical trial?,No
37817087,14,Does the paper report HIV sequences from individuals who had previously received ARV drugs?,
37817087,15,Which drug classes were received by individuals in the study before sample sequencing?,
37817087,16,Which drugs were received by individuals in the study before sample sequencing?,
37823653,1,Does the paper report HIV sequences from patient samples?,Yes
37823653,2,Does the paper report in vitro drug susceptibility data?,No
37823653,3,Were sequences from the paper made publicly available?,No
37823653,4,What were the GenBank accession numbers for sequenced HIV isolates?,Not reported
37823653,5,How many individuals had samples obtained for HIV sequencing?,6078
37823653,6,From which countries were the sequenced samples obtained?,Botswana
37823653,7,From what years were the sequenced samples obtained?,2013-2018
37823653,8,Were samples cloned prior to sequencing?,No
37823653,9,Which HIV genes were reported to have been sequenced?,Envelope
37823653,10,What method was used for sequencing?,Next-generation sequencing
37823653,11,What type of samples were sequenced?,Proviral DNA
37823653,12,Were any sequences obtained from individuals with virological failure on a treatment regimen?,Yes
37823653,13,Were the patients in the study in a clinical trial?,No
37823653,14,Does the paper report HIV sequences from individuals who had previously received ARV drugs?,Yes
37823653,15,Which drug classes were received by individuals in the study before sample sequencing?,"NNRTI, PI"
37823653,16,Which drugs were received by individuals in the study before sample sequencing?,"Efavirenz, Nevirapine"
37878637,1,Does the paper report HIV sequences from patient samples?,Yes
37878637,2,Does the paper report in vitro drug susceptibility data?,No
37878637,3,Were sequences from the paper made publicly available?,
37878637,4,What were the GenBank accession numbers for sequenced HIV isolates?,Not reported
37878637,5,How many individuals had samples obtained for HIV sequencing?,
37878637,6,From which countries were the sequenced samples obtained?,Cameroon
37878637,7,From what years were the sequenced samples obtained?,2018-2020
37878637,8,Were samples cloned prior to sequencing?,No
37878637,9,Which HIV genes were reported to have been sequenced?,"Protease, RT"
37878637,10,What method was used for sequencing?,Sanger sequencing
37878637,11,What type of samples were sequenced?,Plasma
37878637,12,Were any sequences obtained from individuals with virological failure on a treatment regimen?,Yes
37878637,13,Were the patients in the study in a clinical trial?,
37878637,14,Does the paper report HIV sequences from individuals who had previously received ARV drugs?,
37878637,15,Which drug classes were received by individuals in the study before sample sequencing?,
37878637,16,Which drugs were received by individuals in the study before sample sequencing?,
37880705,1,Does the paper report HIV sequences from patient samples?,Yes
37880705,2,Does the paper report in vitro drug susceptibility data?,No
37880705,3,Were sequences from the paper made publicly available?,Yes
37880705,4,What were the GenBank accession numbers for sequenced HIV isolates?,Not reported
37880705,5,How many individuals had samples obtained for HIV sequencing?,1070
37880705,6,From which countries were the sequenced samples obtained?,Ethiopia
37880705,7,From what years were the sequenced samples obtained?,2003-2018
37880705,8,Were samples cloned prior to sequencing?,Not reported
37880705,9,Which HIV genes were reported to have been sequenced?,"PR, RT"
37880705,10,What method was used for sequencing?,Not reported
37880705,11,What type of samples were sequenced?,Not reported
37880705,12,Were any sequences obtained from individuals with virological failure on a treatment regimen?,No
37880705,13,Were the patients in the study in a clinical trial?,No
37880705,14,Does the paper report HIV sequences from individuals who had previously received ARV drugs?,No
37880705,15,Which drug classes were received by individuals in the study before sample sequencing?,Not reported
37880705,16,Which drugs were received by individuals in the study before sample sequencing?,Not reported
37896785,1,Does the paper report HIV sequences from patient samples?,Yes
37896785,2,Does the paper report in vitro drug susceptibility data?,No
37896785,3,Were sequences from the paper made publicly available?,Yes
37896785,4,What were the GenBank accession numbers for sequenced HIV isolates?,OQ215322-OQ215382
37896785,5,How many individuals had samples obtained for HIV sequencing?,61
37896785,6,From which countries were the sequenced samples obtained?,Vietnam
37896785,7,From what years were the sequenced samples obtained?,2021
37896785,8,Were samples cloned prior to sequencing?,No
37896785,9,Which HIV genes were reported to have been sequenced?,"PR, RT"
37896785,10,What method was used for sequencing?,Sanger sequencing
37896785,11,What type of samples were sequenced?,Plasma
37896785,12,Were any sequences obtained from individuals with virological failure on a treatment regimen?,Yes
37896785,13,Were the patients in the study in a clinical trial?,No
37896785,14,Does the paper report HIV sequences from individuals who had previously received ARV drugs?,Yes
37896785,15,Which drug classes were received by individuals in the study before sample sequencing?,"NRTI, NNRTI, PI"
37896785,16,Which drugs were received by individuals in the study before sample sequencing?,"NRTI, NNRTI, PI"
37896860,1,Does the paper report HIV sequences from patient samples?,No
37896860,2,Does the paper report in vitro drug susceptibility data?,No
37896860,3,Were sequences from the paper made publicly available?,No
37896860,4,What were the GenBank accession numbers for sequenced HIV isolates?,Not reported
37896860,5,How many individuals had samples obtained for HIV sequencing?,0
37896860,6,From which countries were the sequenced samples obtained?,Not reported
37896860,7,From what years were the sequenced samples obtained?,Not reported
37896860,8,Were samples cloned prior to sequencing?,No
37896860,9,Which HIV genes were reported to have been sequenced?,Not reported
37896860,10,What method was used for sequencing?,Not reported
37896860,11,What type of samples were sequenced?,Not reported
37896860,12,Were any sequences obtained from individuals with virological failure on a treatment regimen?,No
37896860,13,Were the patients in the study in a clinical trial?,No
37896860,14,Does the paper report HIV sequences from individuals who had previously received ARV drugs?,
37896860,15,Which drug classes were received by individuals in the study before sample sequencing?,Not reported
37896860,16,Which drugs were received by individuals in the study before sample sequencing?,Not reported
37910452,1,Does the paper report HIV sequences from patient samples?,No
37910452,2,Does the paper report in vitro drug susceptibility data?,No
37910452,3,Were sequences from the paper made publicly available?,No
37910452,4,What were the GenBank accession numbers for sequenced HIV isolates?,Not reported
37910452,5,How many individuals had samples obtained for HIV sequencing?,0
37910452,6,From which countries were the sequenced samples obtained?,Not reported
37910452,7,From what years were the sequenced samples obtained?,Not reported
37910452,8,Were samples cloned prior to sequencing?,No
37910452,9,Which HIV genes were reported to have been sequenced?,Not reported
37910452,10,What method was used for sequencing?,Not reported
37910452,11,What type of samples were sequenced?,Not reported
37910452,12,Were any sequences obtained from individuals with virological failure on a treatment regimen?,No
37910452,13,Were the patients in the study in a clinical trial?,No
37910452,14,Does the paper report HIV sequences from individuals who had previously received ARV drugs?,No
37910452,15,Which drug classes were received by individuals in the study before sample sequencing?,Not reported
37910452,16,Which drugs were received by individuals in the study before sample sequencing?,Not reported
37914679,1,Does the paper report HIV sequences from patient samples?,Yes
37914679,2,Does the paper report in vitro drug susceptibility data?,No
37914679,3,Were sequences from the paper made publicly available?,Not reported
37914679,4,What were the GenBank accession numbers for sequenced HIV isolates?,Not reported
37914679,5,How many individuals had samples obtained for HIV sequencing?,Not reported
37914679,6,From which countries were the sequenced samples obtained?,Not reported
37914679,7,From what years were the sequenced samples obtained?,Not reported
37914679,8,Were samples cloned prior to sequencing?,Not reported
37914679,9,Which HIV genes were reported to have been sequenced?,Not reported
37914679,10,What method was used for sequencing?,Not reported
37914679,11,What type of samples were sequenced?,Not reported
37914679,12,Were any sequences obtained from individuals with virological failure on a treatment regimen?,Not reported
37914679,13,Were the patients in the study in a clinical trial?,Not reported
37914679,14,Does the paper report HIV sequences from individuals who had previously received ARV drugs?,Not reported
37914679,15,Which drug classes were received by individuals in the study before sample sequencing?,Not reported
37914679,16,Which drugs were received by individuals in the study before sample sequencing?,Not reported
37920909,1,Does the paper report HIV sequences from patient samples?,Yes
37920909,2,Does the paper report in vitro drug susceptibility data?,No
37920909,3,Were sequences from the paper made publicly available?,No
37920909,4,What were the GenBank accession numbers for sequenced HIV isolates?,Not reported
37920909,5,How many individuals had samples obtained for HIV sequencing?,601
37920909,6,From which countries were the sequenced samples obtained?,China
37920909,7,From what years were the sequenced samples obtained?,2020-2023
37920909,8,Were samples cloned prior to sequencing?,No
37920909,9,Which HIV genes were reported to have been sequenced?,Integrase
37920909,10,What method was used for sequencing?,Sanger sequencing
37920909,11,What type of samples were sequenced?,Plasma
37920909,12,Were any sequences obtained from individuals with virological failure on a treatment regimen?,No
37920909,13,Were the patients in the study in a clinical trial?,No
37920909,14,Does the paper report HIV sequences from individuals who had previously received ARV drugs?,No
37920909,15,Which drug classes were received by individuals in the study before sample sequencing?,None
37920909,16,Which drugs were received by individuals in the study before sample sequencing?,None
37938856,1,Does the paper report HIV sequences from patient samples?,No
37938856,2,Does the paper report in vitro drug susceptibility data?,No
37938856,3,Were sequences from the paper made publicly available?,No
37938856,4,What were the GenBank accession numbers for sequenced HIV isolates?,Not reported
37938856,5,How many individuals had samples obtained for HIV sequencing?,Not reported
37938856,6,From which countries were the sequenced samples obtained?,Kenya
37938856,7,From what years were the sequenced samples obtained?,2019-2022
37938856,8,Were samples cloned prior to sequencing?,No
37938856,9,Which HIV genes were reported to have been sequenced?,Not reported
37938856,10,What method was used for sequencing?,Not reported
37938856,11,What type of samples were sequenced?,Not reported
37938856,12,Were any sequences obtained from individuals with virological failure on a treatment regimen?,No
37938856,13,Were the patients in the study in a clinical trial?,No
37938856,14,Does the paper report HIV sequences from individuals who had previously received ARV drugs?,No
37938856,15,Which drug classes were received by individuals in the study before sample sequencing?,Not reported
37938856,16,Which drugs were received by individuals in the study before sample sequencing?,Not reported
37941373,1,Does the paper report HIV sequences from patient samples?,Yes
37941373,2,Does the paper report in vitro drug susceptibility data?,No
37941373,3,Were sequences from the paper made publicly available?,No
37941373,4,What were the GenBank accession numbers for sequenced HIV isolates?,Not reported
37941373,5,How many individuals had samples obtained for HIV sequencing?,1032
37941373,6,From which countries were the sequenced samples obtained?,China
37941373,7,From what years were the sequenced samples obtained?,2019-2022
37941373,8,Were samples cloned prior to sequencing?,No
37941373,9,Which HIV genes were reported to have been sequenced?,IN
37941373,10,What method was used for sequencing?,Not reported
37941373,11,What type of samples were sequenced?,Plasma
37941373,12,Were any sequences obtained from individuals with virological failure on a treatment regimen?,No
37941373,13,Were the patients in the study in a clinical trial?,No
37941373,14,Does the paper report HIV sequences from individuals who had previously received ARV drugs?,Yes
37941373,15,Which drug classes were received by individuals in the study before sample sequencing?,"NRTI, NNRTI, INSTI"
37941373,16,Which drugs were received by individuals in the study before sample sequencing?,"Dolutegravir, Rilpivirine, Lamivudine, Tenofovir, Crizaline, Efavirenz"
37946329,1,Does the paper report HIV sequences from patient samples?,Yes
37946329,2,Does the paper report in vitro drug susceptibility data?,No
37946329,3,Were sequences from the paper made publicly available?,No
37946329,4,What were the GenBank accession numbers for sequenced HIV isolates?,Not reported
37946329,5,How many individuals had samples obtained for HIV sequencing?,921
37946329,6,From which countries were the sequenced samples obtained?,China
37946329,7,From what years were the sequenced samples obtained?,2018-2022
37946329,8,Were samples cloned prior to sequencing?,No
37946329,9,Which HIV genes were reported to have been sequenced?,"Pol, IN"
37946329,10,What method was used for sequencing?,Not reported
37946329,11,What type of samples were sequenced?,Plasma
37946329,12,Were any sequences obtained from individuals with virological failure on a treatment regimen?,Yes
37946329,13,Were the patients in the study in a clinical trial?,No
37946329,14,Does the paper report HIV sequences from individuals who had previously received ARV drugs?,Yes
37946329,15,Which drug classes were received by individuals in the study before sample sequencing?,"NRTI, NNRTI, PI, INSTI"
37946329,16,Which drugs were received by individuals in the study before sample sequencing?,"NRTI, NNRTI, PI, INSTI"
37957382,1,Does the paper report HIV sequences from patient samples?,Yes
37957382,2,Does the paper report in vitro drug susceptibility data?,No
37957382,3,Were sequences from the paper made publicly available?,Yes
37957382,4,What were the GenBank accession numbers for sequenced HIV isolates?,Not reported
37957382,5,How many individuals had samples obtained for HIV sequencing?,8
37957382,6,From which countries were the sequenced samples obtained?,Not reported
37957382,7,From what years were the sequenced samples obtained?,Not reported
37957382,8,Were samples cloned prior to sequencing?,No
37957382,9,Which HIV genes were reported to have been sequenced?,pol-env
37957382,10,What method was used for sequencing?,Illumina sequencing
37957382,11,What type of samples were sequenced?,Plasma
37957382,12,Were any sequences obtained from individuals with virological failure on a treatment regimen?,No
37957382,13,Were the patients in the study in a clinical trial?,No
37957382,14,Does the paper report HIV sequences from individuals who had previously received ARV drugs?,Yes
37957382,15,Which drug classes were received by individuals in the study before sample sequencing?,"NRTI, INSTI, PI, NNRTI"
37957382,16,Which drugs were received by individuals in the study before sample sequencing?,"Dolutegravir, Darunavir, Tenofovir, Emtricitabine"
37973713,1,Does the paper report HIV sequences from patient samples?,Yes
37973713,2,Does the paper report in vitro drug susceptibility data?,No
37973713,3,Were sequences from the paper made publicly available?,Yes
37973713,4,What were the GenBank accession numbers for sequenced HIV isolates?,Not reported
37973713,5,How many individuals had samples obtained for HIV sequencing?,117
37973713,6,From which countries were the sequenced samples obtained?,"Poland, Ukraine"
37973713,7,From what years were the sequenced samples obtained?,"2020, 2021, 2022"
37973713,8,Were samples cloned prior to sequencing?,No
37973713,9,Which HIV genes were reported to have been sequenced?,"PR, RT"
37973713,10,What method was used for sequencing?,Sanger sequencing
37973713,11,What type of samples were sequenced?,Not reported
37973713,12,Were any sequences obtained from individuals with virological failure on a treatment regimen?,No
37973713,13,Were the patients in the study in a clinical trial?,Yes
37973713,14,Does the paper report HIV sequences from individuals who had previously received ARV drugs?,
37973713,15,Which drug classes were received by individuals in the study before sample sequencing?,None
37973713,16,Which drugs were received by individuals in the study before sample sequencing?,None
37976080,1,Does the paper report HIV sequences from patient samples?,Yes
37976080,2,Does the paper report in vitro drug susceptibility data?,No
37976080,3,Were sequences from the paper made publicly available?,No
37976080,4,What were the GenBank accession numbers for sequenced HIV isolates?,Not reported
37976080,5,How many individuals had samples obtained for HIV sequencing?,2568
37976080,6,From which countries were the sequenced samples obtained?,China
37976080,7,From what years were the sequenced samples obtained?,2022
37976080,8,Were samples cloned prior to sequencing?,No
37976080,9,Which HIV genes were reported to have been sequenced?,"PR, RT"
37976080,10,What method was used for sequencing?,Sanger sequencing
37976080,11,What type of samples were sequenced?,Plasma
37976080,12,Were any sequences obtained from individuals with virological failure on a treatment regimen?,No
37976080,13,Were the patients in the study in a clinical trial?,No
37976080,14,Does the paper report HIV sequences from individuals who had previously received ARV drugs?,Yes
37976080,15,Which drug classes were received by individuals in the study before sample sequencing?,"NRTI, NNRTI"
37976080,16,Which drugs were received by individuals in the study before sample sequencing?,"Abacavir, Zidovudine, Lamivudine, Tenofovir, Emtricitabine, Stavudine, Didanosine, Nevirapine, Efavirenz, Lopinavir/Ritonavir, Atazanavir/Ritonavir, Darunavir/Ritonavir"
37976185,1,Does the paper report HIV sequences from patient samples?,Yes
37976185,2,Does the paper report in vitro drug susceptibility data?,No
37976185,3,Were sequences from the paper made publicly available?,No
37976185,4,What were the GenBank accession numbers for sequenced HIV isolates?,Not reported
37976185,5,How many individuals had samples obtained for HIV sequencing?,4246
37976185,6,From which countries were the sequenced samples obtained?,United States
37976185,7,From what years were the sequenced samples obtained?,2015-2022
37976185,8,Were samples cloned prior to sequencing?,No
37976185,9,Which HIV genes were reported to have been sequenced?,Reverse transcriptase
37976185,10,What method was used for sequencing?,Not reported
37976185,11,What type of samples were sequenced?,Not reported
37976185,12,Were any sequences obtained from individuals with virological failure on a treatment regimen?,No
37976185,13,Were the patients in the study in a clinical trial?,No
37976185,14,Does the paper report HIV sequences from individuals who had previously received ARV drugs?,Yes
37976185,15,Which drug classes were received by individuals in the study before sample sequencing?,"NRTI, NNRTI, INSTI"
37976185,16,Which drugs were received by individuals in the study before sample sequencing?,"Tenofovir disoproxil fumarate, Tenofovir alafenamide, Emtricitabine"
37993493,1,Does the paper report HIV sequences from patient samples?,Yes
37993493,2,Does the paper report in vitro drug susceptibility data?,No
37993493,3,Were sequences from the paper made publicly available?,No
37993493,4,What were the GenBank accession numbers for sequenced HIV isolates?,Not reported
37993493,5,How many individuals had samples obtained for HIV sequencing?,598
37993493,6,From which countries were the sequenced samples obtained?,Tanzania
37993493,7,From what years were the sequenced samples obtained?,2023
37993493,8,Were samples cloned prior to sequencing?,No
37993493,9,Which HIV genes were reported to have been sequenced?,"Protease, Reverse transcriptase, Integrase"
37993493,10,What method was used for sequencing?,Sanger sequencing
37993493,11,What type of samples were sequenced?,Plasma
37993493,12,Were any sequences obtained from individuals with virological failure on a treatment regimen?,Yes
37993493,13,Were the patients in the study in a clinical trial?,No
37993493,14,Does the paper report HIV sequences from individuals who had previously received ARV drugs?,
37993493,15,Which drug classes were received by individuals in the study before sample sequencing?,"NRTI, INSTI"
37993493,16,Which drugs were received by individuals in the study before sample sequencing?,"Tenofovir, Lamivudine, Dolutegravir"
38005921,1,Does the paper report HIV sequences from patient samples?,Yes
38005921,2,Does the paper report in vitro drug susceptibility data?,Yes
38005921,3,Were sequences from the paper made publicly available?,Yes
38005921,4,What were the GenBank accession numbers for sequenced HIV isolates?,Not reported
38005921,5,How many individuals had samples obtained for HIV sequencing?,5664
38005921,6,From which countries were the sequenced samples obtained?,Not reported
38005921,7,From what years were the sequenced samples obtained?,Not reported
38005921,8,Were samples cloned prior to sequencing?,Not reported
38005921,9,Which HIV genes were reported to have been sequenced?,"Protease, RT, IN"
38005921,10,What method was used for sequencing?,Not reported
38005921,11,What type of samples were sequenced?,Plasma
38005921,12,Were any sequences obtained from individuals with virological failure on a treatment regimen?,Not reported
38005921,13,Were the patients in the study in a clinical trial?,Not reported
38005921,14,Does the paper report HIV sequences from individuals who had previously received ARV drugs?,Yes
38005921,15,Which drug classes were received by individuals in the study before sample sequencing?,"NRTI, NNRTI, PI"
38005921,16,Which drugs were received by individuals in the study before sample sequencing?,"Abacavir (ABC), Zidovudine'(AZT), Zalcitabine (DDC), Didanosine (DDI), Lamivudine (3TC), Stavudine (D4T), Emtricitabine(FTC), Tenofovir (TFV), Nevirapine (NVP), Delavirdine (DLV), Efavirenz (EFV), Etravirine (ETR), Rilpivirine (RPV), Doravirine (DOR), Amprenavir (APV), Lopinavir'(LPV), Atazanavir (ATV), Derunavir (DRV), Raltegravir (RAL), Elvitegravir(EVG), Dolutagravir (DTG), Bictegravir (BIC), cabotagravir (CAB), Lenacapavir (LEN)"
38020274,1,Does the paper report HIV sequences from patient samples?,Yes
38020274,2,Does the paper report in vitro drug susceptibility data?,No
38020274,3,Were sequences from the paper made publicly available?,No
38020274,4,What were the GenBank accession numbers for sequenced HIV isolates?,Not reported
38020274,5,How many individuals had samples obtained for HIV sequencing?,311
38020274,6,From which countries were the sequenced samples obtained?,Cameroon
38020274,7,From what years were the sequenced samples obtained?,2018-2020
38020274,8,Were samples cloned prior to sequencing?,No
38020274,9,Which HIV genes were reported to have been sequenced?,Not reported
38020274,10,What method was used for sequencing?,Not reported
38020274,11,What type of samples were sequenced?,Plasma
38020274,12,Were any sequences obtained from individuals with virological failure on a treatment regimen?,Yes
38020274,13,Were the patients in the study in a clinical trial?,No
38020274,14,Does the paper report HIV sequences from individuals who had previously received ARV drugs?,Yes
38020274,15,Which drug classes were received by individuals in the study before sample sequencing?,"NRTI, NNRTI, PI"
38020274,16,Which drugs were received by individuals in the study before sample sequencing?,Not reported
38022124,1,Does the paper report HIV sequences from patient samples?,No
38022124,2,Does the paper report in vitro drug susceptibility data?,No
38022124,3,Were sequences from the paper made publicly available?,No
38022124,4,What were the GenBank accession numbers for sequenced HIV isolates?,Not reported
38022124,5,How many individuals had samples obtained for HIV sequencing?,0
38022124,6,From which countries were the sequenced samples obtained?,Not reported
38022124,7,From what years were the sequenced samples obtained?,Not reported
38022124,8,Were samples cloned prior to sequencing?,Not reported
38022124,9,Which HIV genes were reported to have been sequenced?,Not reported
38022124,10,What method was used for sequencing?,Not reported
38022124,11,What type of samples were sequenced?,Not reported
38022124,12,Were any sequences obtained from individuals with virological failure on a treatment regimen?,Not reported
38022124,13,Were the patients in the study in a clinical trial?,No
38022124,14,Does the paper report HIV sequences from individuals who had previously received ARV drugs?,No
38022124,15,Which drug classes were received by individuals in the study before sample sequencing?,Not reported
38022124,16,Which drugs were received by individuals in the study before sample sequencing?,Not reported
38031075,1,Does the paper report HIV sequences from patient samples?,Yes
38031075,2,Does the paper report in vitro drug susceptibility data?,No
38031075,3,Were sequences from the paper made publicly available?,No
38031075,4,What were the GenBank accession numbers for sequenced HIV isolates?,Not reported
38031075,5,How many individuals had samples obtained for HIV sequencing?,2253
38031075,6,From which countries were the sequenced samples obtained?,Sierra Leone
38031075,7,From what years were the sequenced samples obtained?,2022-2023
38031075,8,Were samples cloned prior to sequencing?,No
38031075,9,Which HIV genes were reported to have been sequenced?,Not reported
38031075,10,What method was used for sequencing?,Not reported
38031075,11,What type of samples were sequenced?,Plasma
38031075,12,Were any sequences obtained from individuals with virological failure on a treatment regimen?,No
38031075,13,Were the patients in the study in a clinical trial?,No
38031075,14,Does the paper report HIV sequences from individuals who had previously received ARV drugs?,Yes
38031075,15,Which drug classes were received by individuals in the study before sample sequencing?,"NRTI, INSTI"
38031075,16,Which drugs were received by individuals in the study before sample sequencing?,"Tenofovir, Lamivudine, Dolutegravir"
38033131,1,Does the paper report HIV sequences from patient samples?,No
38033131,2,Does the paper report in vitro drug susceptibility data?,No
38033131,3,Were sequences from the paper made publicly available?,No
38033131,4,What were the GenBank accession numbers for sequenced HIV isolates?,Not reported
38033131,5,How many individuals had samples obtained for HIV sequencing?,0
38033131,6,From which countries were the sequenced samples obtained?,Not reported
38033131,7,From what years were the sequenced samples obtained?,Not reported
38033131,8,Were samples cloned prior to sequencing?,No
38033131,9,Which HIV genes were reported to have been sequenced?,Not reported
38033131,10,What method was used for sequencing?,Not reported
38033131,11,What type of samples were sequenced?,Not reported
38033131,12,Were any sequences obtained from individuals with virological failure on a treatment regimen?,No
38033131,13,Were the patients in the study in a clinical trial?,No
38033131,14,Does the paper report HIV sequences from individuals who had previously received ARV drugs?,No
38033131,15,Which drug classes were received by individuals in the study before sample sequencing?,Not reported
38033131,16,Which drugs were received by individuals in the study before sample sequencing?,Not reported
38090027,1,Does the paper report HIV sequences from patient samples?,Yes
38090027,2,Does the paper report in vitro drug susceptibility data?,No
38090027,3,Were sequences from the paper made publicly available?,No
38090027,4,What were the GenBank accession numbers for sequenced HIV isolates?,Not reported
38090027,5,How many individuals had samples obtained for HIV sequencing?,200
38090027,6,From which countries were the sequenced samples obtained?,Not reported
38090027,7,From what years were the sequenced samples obtained?,Not reported
38090027,8,Were samples cloned prior to sequencing?,No
38090027,9,Which HIV genes were reported to have been sequenced?,"PR, RT, IN"
38090027,10,What method was used for sequencing?,Not reported
38090027,11,What type of samples were sequenced?,"Plasma, PBMC"
38090027,12,Were any sequences obtained from individuals with virological failure on a treatment regimen?,Yes
38090027,13,Were the patients in the study in a clinical trial?,No
38090027,14,Does the paper report HIV sequences from individuals who had previously received ARV drugs?,Yes
38090027,15,Which drug classes were received by individuals in the study before sample sequencing?,"NRTI, INSTI"
38090027,16,Which drugs were received by individuals in the study before sample sequencing?,"Elvitegravir, Cobicistat, Tenofovir alafenamide"
38140553,1,Does the paper report HIV sequences from patient samples?,Yes
38140553,2,Does the paper report in vitro drug susceptibility data?,No
38140553,3,Were sequences from the paper made publicly available?,Yes
38140553,4,What were the GenBank accession numbers for sequenced HIV isolates?,Not reported
38140553,5,How many individuals had samples obtained for HIV sequencing?,3178
38140553,6,From which countries were the sequenced samples obtained?,Russia
38140553,7,From what years were the sequenced samples obtained?,2011-2020
38140553,8,Were samples cloned prior to sequencing?,No
38140553,9,Which HIV genes were reported to have been sequenced?,"PR, RT"
38140553,10,What method was used for sequencing?,Sanger sequencing
38140553,11,What type of samples were sequenced?,"Plasma, PBMC, Whole Blood"
38140553,12,Were any sequences obtained from individuals with virological failure on a treatment regimen?,No
38140553,13,Were the patients in the study in a clinical trial?,No
38140553,14,Does the paper report HIV sequences from individuals who had previously received ARV drugs?,Yes
38140553,15,Which drug classes were received by individuals in the study before sample sequencing?,"NRTI, NNRTI"
38140553,16,Which drugs were received by individuals in the study before sample sequencing?,Not reported
38140649,1,Does the paper report HIV sequences from patient samples?,Yes
38140649,2,Does the paper report in vitro drug susceptibility data?,No
38140649,3,Were sequences from the paper made publicly available?,
38140649,4,What were the GenBank accession numbers for sequenced HIV isolates?,"OR605755-OR606279, OR613869-OR613875, E-MTAB-13563"
38140649,5,How many individuals had samples obtained for HIV sequencing?,270
38140649,6,From which countries were the sequenced samples obtained?,Croatia
38140649,7,From what years were the sequenced samples obtained?,"2019, 2020, 2021, 2022"
38140649,8,Were samples cloned prior to sequencing?,No
38140649,9,Which HIV genes were reported to have been sequenced?,"PR, RT, IN"
38140649,10,What method was used for sequencing?,Sanger sequencing
38140649,11,What type of samples were sequenced?,Plasma
38140649,12,Were any sequences obtained from individuals with virological failure on a treatment regimen?,No
38140649,13,Were the patients in the study in a clinical trial?,No
38140649,14,Does the paper report HIV sequences from individuals who had previously received ARV drugs?,
38140649,15,Which drug classes were received by individuals in the study before sample sequencing?,None
38140649,16,Which drugs were received by individuals in the study before sample sequencing?,
38140667,1,Does the paper report HIV sequences from patient samples?,No
38140667,2,Does the paper report in vitro drug susceptibility data?,No
38140667,3,Were sequences from the paper made publicly available?,No
38140667,4,What were the GenBank accession numbers for sequenced HIV isolates?,Not reported
38140667,5,How many individuals had samples obtained for HIV sequencing?,Not reported
38140667,6,From which countries were the sequenced samples obtained?,Not reported
38140667,7,From what years were the sequenced samples obtained?,Not reported
38140667,8,Were samples cloned prior to sequencing?,No
38140667,9,Which HIV genes were reported to have been sequenced?,Not reported
38140667,10,What method was used for sequencing?,Not reported
38140667,11,What type of samples were sequenced?,Not reported
38140667,12,Were any sequences obtained from individuals with virological failure on a treatment regimen?,No
38140667,13,Were the patients in the study in a clinical trial?,No
38140667,14,Does the paper report HIV sequences from individuals who had previously received ARV drugs?,
38140667,15,Which drug classes were received by individuals in the study before sample sequencing?,Not reported
38140667,16,Which drugs were received by individuals in the study before sample sequencing?,Not reported
38142692,1,Does the paper report HIV sequences from patient samples?,No
38142692,2,Does the paper report in vitro drug susceptibility data?,No
38142692,3,Were sequences from the paper made publicly available?,No
38142692,4,What were the GenBank accession numbers for sequenced HIV isolates?,Not reported
38142692,5,How many individuals had samples obtained for HIV sequencing?,Not reported
38142692,6,From which countries were the sequenced samples obtained?,South Africa
38142692,7,From what years were the sequenced samples obtained?,Not reported
38142692,8,Were samples cloned prior to sequencing?,No
38142692,9,Which HIV genes were reported to have been sequenced?,Not reported
38142692,10,What method was used for sequencing?,Not reported
38142692,11,What type of samples were sequenced?,Not reported
38142692,12,Were any sequences obtained from individuals with virological failure on a treatment regimen?,Yes
38142692,13,Were the patients in the study in a clinical trial?,No
38142692,14,Does the paper report HIV sequences from individuals who had previously received ARV drugs?,Yes
38142692,15,Which drug classes were received by individuals in the study before sample sequencing?,NNRTI
38142692,16,Which drugs were received by individuals in the study before sample sequencing?,Not reported
38152686,1,Does the paper report HIV sequences from patient samples?,Yes
38152686,2,Does the paper report in vitro drug susceptibility data?,No
38152686,3,Were sequences from the paper made publicly available?,No
38152686,4,What were the GenBank accession numbers for sequenced HIV isolates?,Not reported
38152686,5,How many individuals had samples obtained for HIV sequencing?,1
38152686,6,From which countries were the sequenced samples obtained?,Not reported
38152686,7,From what years were the sequenced samples obtained?,Not reported
38152686,8,Were samples cloned prior to sequencing?,Not reported
38152686,9,Which HIV genes were reported to have been sequenced?,"Integrase, Reverse transcriptase"
38152686,10,What method was used for sequencing?,Not reported
38152686,11,What type of samples were sequenced?,Not reported
38152686,12,Were any sequences obtained from individuals with virological failure on a treatment regimen?,Yes
38152686,13,Were the patients in the study in a clinical trial?,No
38152686,14,Does the paper report HIV sequences from individuals who had previously received ARV drugs?,Yes
38152686,15,Which drug classes were received by individuals in the study before sample sequencing?,"NRTI (Tenofovir, Lamivudine), NNRTI (Efavirenz), INSTI (Dolutegravir)"
38152686,16,Which drugs were received by individuals in the study before sample sequencing?,"Tenofovir, Lamivudine, Dolutegravir, Efavirenz, Darunavir, Ritonavir"
38314093,1,Does the paper report HIV sequences from patient samples?,Yes
38314093,2,Does the paper report in vitro drug susceptibility data?,No
38314093,3,Were sequences from the paper made publicly available?,No
38314093,4,What were the GenBank accession numbers for sequenced HIV isolates?,Not reported
38314093,5,How many individuals had samples obtained for HIV sequencing?,195
38314093,6,From which countries were the sequenced samples obtained?,China
38314093,7,From what years were the sequenced samples obtained?,2018-2019
38314093,8,Were samples cloned prior to sequencing?,No
38314093,9,Which HIV genes were reported to have been sequenced?,"PR, RT"
38314093,10,What method was used for sequencing?,Next-generation sequencing
38314093,11,What type of samples were sequenced?,Plasma
38314093,12,Were any sequences obtained from individuals with virological failure on a treatment regimen?,No
38314093,13,Were the patients in the study in a clinical trial?,No
38314093,14,Does the paper report HIV sequences from individuals who had previously received ARV drugs?,Yes
38314093,15,Which drug classes were received by individuals in the study before sample sequencing?,"NRTI, NNRTI"
38314093,16,Which drugs were received by individuals in the study before sample sequencing?,"AZT, 3TC, EFV, NVP"
38427738,1,Does the paper report HIV sequences from patient samples?,
38427738,2,Does the paper report in vitro drug susceptibility data?,
38427738,3,Were sequences from the paper made publicly available?,
38427738,4,What were the GenBank accession numbers for sequenced HIV isolates?,
38427738,5,How many individuals had samples obtained for HIV sequencing?,
38427738,6,From which countries were the sequenced samples obtained?,
38427738,7,From what years were the sequenced samples obtained?,
38427738,8,Were samples cloned prior to sequencing?,
38427738,9,Which HIV genes were reported to have been sequenced?,
38427738,10,What method was used for sequencing?,
38427738,11,What type of samples were sequenced?,
38427738,12,Were any sequences obtained from individuals with virological failure on a treatment regimen?,
38427738,13,Were the patients in the study in a clinical trial?,
38427738,14,Does the paper report HIV sequences from individuals who had previously received ARV drugs?,
38427738,15,Which drug classes were received by individuals in the study before sample sequencing?,
38427738,16,Which drugs were received by individuals in the study before sample sequencing?,
38864613,1,Does the paper report HIV sequences from patient samples?,No
38864613,2,Does the paper report in vitro drug susceptibility data?,Yes
38864613,3,Were sequences from the paper made publicly available?,Yes
38864613,4,What were the GenBank accession numbers for sequenced HIV isolates?,PP827803 -- PP828572
38864613,5,How many individuals had samples obtained for HIV sequencing?,Not Found
38864613,6,From which countries were the sequenced samples obtained?,Not Found
38864613,7,From what years were the sequenced samples obtained?,Not Found
38864613,8,Were samples cloned prior to sequencing?,No
38864613,9,Which HIV genes were reported to have been sequenced?,"CA, RT"
38864613,10,What method was used for sequencing?,Sanger sequencing
38864613,11,What type of samples were sequenced?,Plasma
38864613,12,Were any sequences obtained from individuals with virological failure on a treatment regimen?,No
38864613,13,Were the patients in the study in a clinical trial?,No
38864613,14,Does the paper report HIV sequences from individuals who had previously received ARV drugs?,No
38864613,15,Which drug classes were received by individuals in the study before sample sequencing?,Not Found
38864613,16,Which drugs were received by individuals in the study before sample sequencing?,Not Found
35913500,1,Does the paper report HIV sequences from patient samples?,No
35913500,2,Does the paper report in vitro drug susceptibility data?,No
35913500,3,Were sequences from the paper made publicly available?,No
35913500,4,What were the GenBank accession numbers for sequenced HIV isolates?,Not reported
35913500,5,How many individuals had samples obtained for HIV sequencing?,0
35913500,6,From which countries were the sequenced samples obtained?,Not reported
35913500,7,From what years were the sequenced samples obtained?,Not reported
35913500,8,Were samples cloned prior to sequencing?,No
35913500,9,Which HIV genes were reported to have been sequenced?,Not reported
35913500,10,What method was used for sequencing?,Not reported
35913500,11,What type of samples were sequenced?,Not reported
35913500,12,Were any sequences obtained from individuals with virological failure on a treatment regimen?,No
35913500,13,Were the patients in the study in a clinical trial?,No
35913500,14,Does the paper report HIV sequences from individuals who had previously received ARV drugs?,No
35913500,15,Which drug classes were received by individuals in the study before sample sequencing?,Not reported
35913500,16,Which drugs were received by individuals in the study before sample sequencing?,Not reported
36454248,1,Does the paper report HIV sequences from patient samples?,Yes
36454248,2,Does the paper report in vitro drug susceptibility data?,No
36454248,3,Were sequences from the paper made publicly available?,Yes
36454248,4,What were the GenBank accession numbers for sequenced HIV isolates?,OM201778 -- OM201846
36454248,5,How many individuals had samples obtained for HIV sequencing?,76
36454248,6,From which countries were the sequenced samples obtained?,Panama
36454248,7,From what years were the sequenced samples obtained?,2018-2019
36454248,8,Were samples cloned prior to sequencing?,No
36454248,9,Which HIV genes were reported to have been sequenced?,"PR, RT, IN"
36454248,10,What method was used for sequencing?,Sanger sequencing
36454248,11,What type of samples were sequenced?,Plasma
36454248,12,Were any sequences obtained from individuals with virological failure on a treatment regimen?,Yes
36454248,13,Were the patients in the study in a clinical trial?,No
36454248,14,Does the paper report HIV sequences from individuals who had previously received ARV drugs?,Yes
36454248,15,Which drug classes were received by individuals in the study before sample sequencing?,"NRTI, NNRTI, PI, INSTI"
36454248,16,Which drugs were received by individuals in the study before sample sequencing?,"Zidovudine, Lamivudine, Lopinavir/Ritonavir, Efavirenz, Raltegravir"
36571282,1,Does the paper report HIV sequences from patient samples?,Yes
36571282,2,Does the paper report in vitro drug susceptibility data?,No
36571282,3,Were sequences from the paper made publicly available?,No
36571282,4,What were the GenBank accession numbers for sequenced HIV isolates?,Not reported
36571282,5,How many individuals had samples obtained for HIV sequencing?,2705
36571282,6,From which countries were the sequenced samples obtained?,"France, Greece, Italy, Portugal, Spain"
36571282,7,From what years were the sequenced samples obtained?,"2018, 2019, 2020, 2021"
36571282,8,Were samples cloned prior to sequencing?,No
36571282,9,Which HIV genes were reported to have been sequenced?,"RT, IN"
36571282,10,What method was used for sequencing?,"Sanger sequencing, NGS"
36571282,11,What type of samples were sequenced?,Not reported
36571282,12,Were any sequences obtained from individuals with virological failure on a treatment regimen?,No
36571282,13,Were the patients in the study in a clinical trial?,No
36571282,14,Does the paper report HIV sequences from individuals who had previously received ARV drugs?,No
36571282,15,Which drug classes were received by individuals in the study before sample sequencing?,Not reported
36571282,16,Which drugs were received by individuals in the study before sample sequencing?,Not reported
36660819,1,Does the paper report HIV sequences from patient samples?,No
36660819,2,Does the paper report in vitro drug susceptibility data?,No
36660819,3,Were sequences from the paper made publicly available?,No
36660819,4,What were the GenBank accession numbers for sequenced HIV isolates?,Not reported
36660819,5,How many individuals had samples obtained for HIV sequencing?,Not reported
36660819,6,From which countries were the sequenced samples obtained?,Not reported
36660819,7,From what years were the sequenced samples obtained?,Not reported
36660819,8,Were samples cloned prior to sequencing?,No
36660819,9,Which HIV genes were reported to have been sequenced?,Not reported
36660819,10,What method was used for sequencing?,Not reported
36660819,11,What type of samples were sequenced?,Not reported
36660819,12,Were any sequences obtained from individuals with virological failure on a treatment regimen?,No
36660819,13,Were the patients in the study in a clinical trial?,Yes
36660819,14,Does the paper report HIV sequences from individuals who had previously received ARV drugs?,No
36660819,15,Which drug classes were received by individuals in the study before sample sequencing?,Not reported
36660819,16,Which drugs were received by individuals in the study before sample sequencing?,Not reported
36738248,1,Does the paper report HIV sequences from patient samples?,Yes
36738248,2,Does the paper report in vitro drug susceptibility data?,No
36738248,3,Were sequences from the paper made publicly available?,No
36738248,4,What were the GenBank accession numbers for sequenced HIV isolates?,Not reported
36738248,5,How many individuals had samples obtained for HIV sequencing?,527
36738248,6,From which countries were the sequenced samples obtained?,Switzerland
36738248,7,From what years were the sequenced samples obtained?,Not reported
36738248,8,Were samples cloned prior to sequencing?,No
36738248,9,Which HIV genes were reported to have been sequenced?,"PR, RT, IN"
36738248,10,What method was used for sequencing?,Illumina sequencing
36738248,11,What type of samples were sequenced?,Plasma
36738248,12,Were any sequences obtained from individuals with virological failure on a treatment regimen?,No
36738248,13,Were the patients in the study in a clinical trial?,No
36738248,14,Does the paper report HIV sequences from individuals who had previously received ARV drugs?,Yes
36738248,15,Which drug classes were received by individuals in the study before sample sequencing?,Not reported
36738248,16,Which drugs were received by individuals in the study before sample sequencing?,Not reported
36967989,1,Does the paper report HIV sequences from patient samples?,No
36967989,2,Does the paper report in vitro drug susceptibility data?,No
36967989,3,Were sequences from the paper made publicly available?,No
36967989,4,What were the GenBank accession numbers for sequenced HIV isolates?,Not reported
36967989,5,How many individuals had samples obtained for HIV sequencing?,Not reported
36967989,6,From which countries were the sequenced samples obtained?,Not reported
36967989,7,From what years were the sequenced samples obtained?,Not reported
36967989,8,Were samples cloned prior to sequencing?,Not reported
36967989,9,Which HIV genes were reported to have been sequenced?,Protease
36967989,10,What method was used for sequencing?,Not reported
36967989,11,What type of samples were sequenced?,Not reported
36967989,12,Were any sequences obtained from individuals with virological failure on a treatment regimen?,Not reported
36967989,13,Were the patients in the study in a clinical trial?,Not reported
36967989,14,Does the paper report HIV sequences from individuals who had previously received ARV drugs?,Yes
36967989,15,Which drug classes were received by individuals in the study before sample sequencing?,PI
36967989,16,Which drugs were received by individuals in the study before sample sequencing?,"ATV, DRV, FPV, IDV, LPV, NFV, SQV, TPV"
36982978,1,Does the paper report HIV sequences from patient samples?,No
36982978,2,Does the paper report in vitro drug susceptibility data?,No
36982978,3,Were sequences from the paper made publicly available?,No
36982978,4,What were the GenBank accession numbers for sequenced HIV isolates?,Not reported
36982978,5,How many individuals had samples obtained for HIV sequencing?,Not reported
36982978,6,From which countries were the sequenced samples obtained?,Not reported
36982978,7,From what years were the sequenced samples obtained?,Not reported
36982978,8,Were samples cloned prior to sequencing?,No
36982978,9,Which HIV genes were reported to have been sequenced?,Not reported
36982978,10,What method was used for sequencing?,Not reported
36982978,11,What type of samples were sequenced?,Not reported
36982978,12,Were any sequences obtained from individuals with virological failure on a treatment regimen?,No
36982978,13,Were the patients in the study in a clinical trial?,No
36982978,14,Does the paper report HIV sequences from individuals who had previously received ARV drugs?,No
36982978,15,Which drug classes were received by individuals in the study before sample sequencing?,Not reported
36982978,16,Which drugs were received by individuals in the study before sample sequencing?,Not reported
37039023,1,Does the paper report HIV sequences from patient samples?,Yes
37039023,2,Does the paper report in vitro drug susceptibility data?,No
37039023,3,Were sequences from the paper made publicly available?,Yes
37039023,4,What were the GenBank accession numbers for sequenced HIV isolates?,Not reported
37039023,5,How many individuals had samples obtained for HIV sequencing?,86
37039023,6,From which countries were the sequenced samples obtained?,Brazil
37039023,7,From what years were the sequenced samples obtained?,Not reported
37039023,8,Were samples cloned prior to sequencing?,No
37039023,9,Which HIV genes were reported to have been sequenced?,Not reported
37039023,10,What method was used for sequencing?,Illumina sequencing
37039023,11,What type of samples were sequenced?,Peripheral blood mononuclear cells (PBMCs)
37039023,12,Were any sequences obtained from individuals with virological failure on a treatment regimen?,No
37039023,13,Were the patients in the study in a clinical trial?,No
37039023,14,Does the paper report HIV sequences from individuals who had previously received ARV drugs?,Yes
37039023,15,Which drug classes were received by individuals in the study before sample sequencing?,"NRTI, NNRTI, PI"
37039023,16,Which drugs were received by individuals in the study before sample sequencing?,"Tenofovir disoproxil fumarate (TDF), Lamivudine (3TC), Efavirenz (EFV)"
37042390,1,Does the paper report HIV sequences from patient samples?,Yes
37042390,2,Does the paper report in vitro drug susceptibility data?,No
37042390,3,Were sequences from the paper made publicly available?,No
37042390,4,What were the GenBank accession numbers for sequenced HIV isolates?,Not reported
37042390,5,How many individuals had samples obtained for HIV sequencing?,85
37042390,6,From which countries were the sequenced samples obtained?,India
37042390,7,From what years were the sequenced samples obtained?,2016-2019
37042390,8,Were samples cloned prior to sequencing?,No
37042390,9,Which HIV genes were reported to have been sequenced?,"PR, RT, IN"
37042390,10,What method was used for sequencing?,Sanger sequencing
37042390,11,What type of samples were sequenced?,Plasma
37042390,12,Were any sequences obtained from individuals with virological failure on a treatment regimen?,Yes
37042390,13,Were the patients in the study in a clinical trial?,No
37042390,14,Does the paper report HIV sequences from individuals who had previously received ARV drugs?,Yes
37042390,15,Which drug classes were received by individuals in the study before sample sequencing?,"NRTI, NNRTI, PI"
37042390,16,Which drugs were received by individuals in the study before sample sequencing?,"NRTI, NNRTI, PI"
37112971,1,Does the paper report HIV sequences from patient samples?,Yes
37112971,2,Does the paper report in vitro drug susceptibility data?,No
37112971,3,Were sequences from the paper made publicly available?,No
37112971,4,What were the GenBank accession numbers for sequenced HIV isolates?,Not reported
37112971,5,How many individuals had samples obtained for HIV sequencing?,4481
37112971,6,From which countries were the sequenced samples obtained?,Russia
37112971,7,From what years were the sequenced samples obtained?,2006-2022
37112971,8,Were samples cloned prior to sequencing?,Not reported
37112971,9,Which HIV genes were reported to have been sequenced?,"PR, RT, IN"
37112971,10,What method was used for sequencing?,Not reported
37112971,11,What type of samples were sequenced?,Not reported
37112971,12,Were any sequences obtained from individuals with virological failure on a treatment regimen?,No
37112971,13,Were the patients in the study in a clinical trial?,No
37112971,14,Does the paper report HIV sequences from individuals who had previously received ARV drugs?,No
37112971,15,Which drug classes were received by individuals in the study before sample sequencing?,Not reported
37112971,16,Which drugs were received by individuals in the study before sample sequencing?,Not reported
37327289,1,Does the paper report HIV sequences from patient samples?,Yes
37327289,2,Does the paper report in vitro drug susceptibility data?,No
37327289,3,Were sequences from the paper made publicly available?,Yes
37327289,4,What were the GenBank accession numbers for sequenced HIV isolates?,LC723952-LC724015
37327289,5,How many individuals had samples obtained for HIV sequencing?,64
37327289,6,From which countries were the sequenced samples obtained?,Kenya
37327289,7,From what years were the sequenced samples obtained?,"2020, 2021"
37327289,8,Were samples cloned prior to sequencing?,No
37327289,9,Which HIV genes were reported to have been sequenced?,"PR, RT, IN"
37327289,10,What method was used for sequencing?,Sanger sequencing
37327289,11,What type of samples were sequenced?,Plasma
37327289,12,Were any sequences obtained from individuals with virological failure on a treatment regimen?,No
37327289,13,Were the patients in the study in a clinical trial?,No
37327289,14,Does the paper report HIV sequences from individuals who had previously received ARV drugs?,No
37327289,15,Which drug classes were received by individuals in the study before sample sequencing?,None
37327289,16,Which drugs were received by individuals in the study before sample sequencing?,None
37376649,1,Does the paper report HIV sequences from patient samples?,Yes
37376649,2,Does the paper report in vitro drug susceptibility data?,No
37376649,3,Were sequences from the paper made publicly available?,No
37376649,4,What were the GenBank accession numbers for sequenced HIV isolates?,Not reported
37376649,5,How many individuals had samples obtained for HIV sequencing?,734
37376649,6,From which countries were the sequenced samples obtained?,Not reported
37376649,7,From what years were the sequenced samples obtained?,Not reported
37376649,8,Were samples cloned prior to sequencing?,No
37376649,9,Which HIV genes were reported to have been sequenced?,Pol
37376649,10,What method was used for sequencing?,Next-generation sequencing (NGS)
37376649,11,What type of samples were sequenced?,Whole blood
37376649,12,Were any sequences obtained from individuals with virological failure on a treatment regimen?,No
37376649,13,Were the patients in the study in a clinical trial?,Yes
37376649,14,Does the paper report HIV sequences from individuals who had previously received ARV drugs?,Yes
37376649,15,Which drug classes were received by individuals in the study before sample sequencing?,"NRTI, INSTI"
37376649,16,Which drugs were received by individuals in the study before sample sequencing?,"Lamivudine, Dolutegravir, Tenofovir alafenamide"
37546367,1,Does the paper report HIV sequences from patient samples?,Yes
37546367,2,Does the paper report in vitro drug susceptibility data?,No
37546367,3,Were sequences from the paper made publicly available?,Yes
37546367,4,What were the GenBank accession numbers for sequenced HIV isolates?,OQ886077 - OQ888150
37546367,5,How many individuals had samples obtained for HIV sequencing?,2074
37546367,6,From which countries were the sequenced samples obtained?,China
37546367,7,From what years were the sequenced samples obtained?,2011-2022
37546367,8,Were samples cloned prior to sequencing?,No
37546367,9,Which HIV genes were reported to have been sequenced?,"PR, RT"
37546367,10,What method was used for sequencing?,Sanger sequencing
37546367,11,What type of samples were sequenced?,Plasma
37546367,12,Were any sequences obtained from individuals with virological failure on a treatment regimen?,Yes
37546367,13,Were the patients in the study in a clinical trial?,No
37546367,14,Does the paper report HIV sequences from individuals who had previously received ARV drugs?,Yes
37546367,15,Which drug classes were received by individuals in the study before sample sequencing?,"NRTI, NNRTI, PI"
37546367,16,Which drugs were received by individuals in the study before sample sequencing?,"ABC, 3TC, FTC, TDF, D4T, DDI, NVP, EFV, RPV, DOR"
37573167,1,Does the paper report HIV sequences from patient samples?,Yes
37573167,2,Does the paper report in vitro drug susceptibility data?,No
37573167,3,Were sequences from the paper made publicly available?,No
37573167,4,What were the GenBank accession numbers for sequenced HIV isolates?,Not reported
37573167,5,How many individuals had samples obtained for HIV sequencing?,1126
37573167,6,From which countries were the sequenced samples obtained?,Italy
37573167,7,From what years were the sequenced samples obtained?,2010-2021
37573167,8,Were samples cloned prior to sequencing?,No
37573167,9,Which HIV genes were reported to have been sequenced?,"PR/RT, IN"
37573167,10,What method was used for sequencing?,Sanger sequencing
37573167,11,What type of samples were sequenced?,"Whole Blood, PBMC"
37573167,12,Were any sequences obtained from individuals with virological failure on a treatment regimen?,Yes
37573167,13,Were the patients in the study in a clinical trial?,No
37573167,14,Does the paper report HIV sequences from individuals who had previously received ARV drugs?,
37573167,15,Which drug classes were received by individuals in the study before sample sequencing?,"NRTI, NNRTI, PI, INSTI"
37573167,16,Which drugs were received by individuals in the study before sample sequencing?,"Abacavir (ABC), Zidovudine'(AZT), Zalcitabine (DDC), Didanosine (DDI), Lamivudine (3TC), Stavudine (D4T), Emtricitabine(FTC), Tenofovir (TFV), Nevirapine (NVP), Delavirdine (DLV), Efavirenz (EFV), Etravirine (ETR), Rilpivirine (RPV), Doravirine (DOR), Amprenavir (APV), Lopinavir'(LPV), Atazanavir (ATV), Derunavir (DRV), Raltegravir (RAL), Elvitegravir(EVG), Dolutagravir (DTG), Bictegravir (BIC), cabotagravir (CAB), Lenacapavir (LEN)"
37585352,1,Does the paper report HIV sequences from patient samples?,Yes
37585352,2,Does the paper report in vitro drug susceptibility data?,No
37585352,3,Were sequences from the paper made publicly available?,Yes
37585352,4,What were the GenBank accession numbers for sequenced HIV isolates?,Not reported
37585352,5,How many individuals had samples obtained for HIV sequencing?,5805
37585352,6,From which countries were the sequenced samples obtained?,Botswana
37585352,7,From what years were the sequenced samples obtained?,2013-2018
37585352,8,Were samples cloned prior to sequencing?,No
37585352,9,Which HIV genes were reported to have been sequenced?,Pol
37585352,10,What method was used for sequencing?,Illumina sequencing
37585352,11,What type of samples were sequenced?,Proviral DNA
37585352,12,Were any sequences obtained from individuals with virological failure on a treatment regimen?,No
37585352,13,Were the patients in the study in a clinical trial?,No
37585352,14,Does the paper report HIV sequences from individuals who had previously received ARV drugs?,Yes
37585352,15,Which drug classes were received by individuals in the study before sample sequencing?,NNRTI
37585352,16,Which drugs were received by individuals in the study before sample sequencing?,"Efavirenz, Nevirapine"
37755428,1,Does the paper report HIV sequences from patient samples?,Yes
37755428,2,Does the paper report in vitro drug susceptibility data?,No
37755428,3,Were sequences from the paper made publicly available?,No
37755428,4,What were the GenBank accession numbers for sequenced HIV isolates?,Not reported
37755428,5,How many individuals had samples obtained for HIV sequencing?,1
37755428,6,From which countries were the sequenced samples obtained?,Haiti
37755428,7,From what years were the sequenced samples obtained?,2020-2021
37755428,8,Were samples cloned prior to sequencing?,No
37755428,9,Which HIV genes were reported to have been sequenced?,"PR, RT, IN"
37755428,10,What method was used for sequencing?,Sanger sequencing
37755428,11,What type of samples were sequenced?,DBS
37755428,12,Were any sequences obtained from individuals with virological failure on a treatment regimen?,No
37755428,13,Were the patients in the study in a clinical trial?,No
37755428,14,Does the paper report HIV sequences from individuals who had previously received ARV drugs?,No
37755428,15,Which drug classes were received by individuals in the study before sample sequencing?,None
37755428,16,Which drugs were received by individuals in the study before sample sequencing?,None
37872202,1,Does the paper report HIV sequences from patient samples?,No
37872202,2,Does the paper report in vitro drug susceptibility data?,Yes
37872202,3,Were sequences from the paper made publicly available?,No
37872202,4,What were the GenBank accession numbers for sequenced HIV isolates?,Not reported
37872202,5,How many individuals had samples obtained for HIV sequencing?,Not reported
37872202,6,From which countries were the sequenced samples obtained?,Not Found
37872202,7,From what years were the sequenced samples obtained?,Not Found
37872202,8,Were samples cloned prior to sequencing?,No
37872202,9,Which HIV genes were reported to have been sequenced?,Envelope
37872202,10,What method was used for sequencing?,Not reported
37872202,11,What type of samples were sequenced?,Not reported
37872202,12,Were any sequences obtained from individuals with virological failure on a treatment regimen?,No
37872202,13,Were the patients in the study in a clinical trial?,No
37872202,14,Does the paper report HIV sequences from individuals who had previously received ARV drugs?,
37872202,15,Which drug classes were received by individuals in the study before sample sequencing?,Not reported
37872202,16,Which drugs were received by individuals in the study before sample sequencing?,Not reported
37966701,1,Does the paper report HIV sequences from patient samples?,No
37966701,2,Does the paper report in vitro drug susceptibility data?,No
37966701,3,Were sequences from the paper made publicly available?,No
37966701,4,What were the GenBank accession numbers for sequenced HIV isolates?,Not reported
37966701,5,How many individuals had samples obtained for HIV sequencing?,Not reported
37966701,6,From which countries were the sequenced samples obtained?,Not reported
37966701,7,From what years were the sequenced samples obtained?,Not reported
37966701,8,Were samples cloned prior to sequencing?,No
37966701,9,Which HIV genes were reported to have been sequenced?,Not reported
37966701,10,What method was used for sequencing?,Not reported
37966701,11,What type of samples were sequenced?,Not reported
37966701,12,Were any sequences obtained from individuals with virological failure on a treatment regimen?,No
37966701,13,Were the patients in the study in a clinical trial?,No
37966701,14,Does the paper report HIV sequences from individuals who had previously received ARV drugs?,No
37966701,15,Which drug classes were received by individuals in the study before sample sequencing?,Not reported
37966701,16,Which drugs were received by individuals in the study before sample sequencing?,Not reported
38058846,1,Does the paper report HIV sequences from patient samples?,Yes
38058846,2,Does the paper report in vitro drug susceptibility data?,No
38058846,3,Were sequences from the paper made publicly available?,No
38058846,4,What were the GenBank accession numbers for sequenced HIV isolates?,Not reported
38058846,5,How many individuals had samples obtained for HIV sequencing?,Not reported
38058846,6,From which countries were the sequenced samples obtained?,Not reported
38058846,7,From what years were the sequenced samples obtained?,Not reported
38058846,8,Were samples cloned prior to sequencing?,No
38058846,9,Which HIV genes were reported to have been sequenced?,Not reported
38058846,10,What method was used for sequencing?,Not reported
38058846,11,What type of samples were sequenced?,Not reported
38058846,12,Were any sequences obtained from individuals with virological failure on a treatment regimen?,No
38058846,13,Were the patients in the study in a clinical trial?,No
38058846,14,Does the paper report HIV sequences from individuals who had previously received ARV drugs?,No
38058846,15,Which drug classes were received by individuals in the study before sample sequencing?,Not reported
38058846,16,Which drugs were received by individuals in the study before sample sequencing?,Not reported
38072961,1,Does the paper report HIV sequences from patient samples?,No
38072961,2,Does the paper report in vitro drug susceptibility data?,No
38072961,3,Were sequences from the paper made publicly available?,No
38072961,4,What were the GenBank accession numbers for sequenced HIV isolates?,Not reported
38072961,5,How many individuals had samples obtained for HIV sequencing?,1
38072961,6,From which countries were the sequenced samples obtained?,Not reported
38072961,7,From what years were the sequenced samples obtained?,Not reported
38072961,8,Were samples cloned prior to sequencing?,No
38072961,9,Which HIV genes were reported to have been sequenced?,Not reported
38072961,10,What method was used for sequencing?,Not reported
38072961,11,What type of samples were sequenced?,Not reported
38072961,12,Were any sequences obtained from individuals with virological failure on a treatment regimen?,No
38072961,13,Were the patients in the study in a clinical trial?,No
38072961,14,Does the paper report HIV sequences from individuals who had previously received ARV drugs?,No
38072961,15,Which drug classes were received by individuals in the study before sample sequencing?,Not reported
38072961,16,Which drugs were received by individuals in the study before sample sequencing?,Not reported
40391923,1,Does the paper report HIV sequences from patient samples?,Yes
40391923,2,Does the paper report in vitro drug susceptibility data?,No
40391923,3,Were sequences from the paper made publicly available?,Yes
40391923,4,What were the GenBank accession numbers for sequenced HIV isolates?,"PV008448-PV008641, PV407014-PV407203, PV419497-PV419583"
40391923,5,How many individuals had samples obtained for HIV sequencing?,227
40391923,6,From which countries were the sequenced samples obtained?,
40391923,7,From what years were the sequenced samples obtained?,
40391923,8,Were samples cloned prior to sequencing?,
40391923,9,Which HIV genes were reported to have been sequenced?,
40391923,10,What method was used for sequencing?,
40391923,11,What type of samples were sequenced?,
40391923,12,Were any sequences obtained from individuals with virological failure on a treatment regimen?,
40391923,13,Were the patients in the study in a clinical trial?,
40391923,14,Does the paper report HIV sequences from individuals who had previously received ARV drugs?,
40391923,15,Which drug classes were received by individuals in the study before sample sequencing?,
40391923,16,Which drugs were received by individuals in the study before sample sequencing?,
40400229,1,Does the paper report HIV sequences from patient samples?,"Yes

```

```"
40400229,2,Does the paper report in vitro drug susceptibility data?,"No

```

```"
40400229,3,Were sequences from the paper made publicly available?,"Yes

```

```"
40400229,4,What were the GenBank accession numbers for sequenced HIV isolates?,
40400229,5,How many individuals had samples obtained for HIV sequencing?,
40400229,6,From which countries were the sequenced samples obtained?,"Not reported

```

```"
40400229,7,From what years were the sequenced samples obtained?,"Not reported

```

```"
40400229,8,Were samples cloned prior to sequencing?,"Not reported

```

```"
40400229,9,Which HIV genes were reported to have been sequenced?,"Not reported

```

```"
40400229,10,What method was used for sequencing?,"Not reported

```

```"
40400229,11,What type of samples were sequenced?,"Plasma, serum, PBMCs, proviral DNA, dried blood spots

```

```"
40400229,12,Were any sequences obtained from individuals with virological failure on a treatment regimen?,"No

```

```"
40400229,13,Were the patients in the study in a clinical trial?,"Yes

```

```"
40400229,14,Does the paper report HIV sequences from individuals who had previously received ARV drugs?,"Yes

```

```"
40400229,15,Which drug classes were received by individuals in the study before sample sequencing?,"Not reported

```

```"
40400229,16,Which drugs were received by individuals in the study before sample sequencing?,"Not reported

```

```"
40431710,1,Does the paper report HIV sequences from patient samples?,Yes
40431710,2,Does the paper report in vitro drug susceptibility data?,No
40431710,3,Were sequences from the paper made publicly available?,
40431710,4,What were the GenBank accession numbers for sequenced HIV isolates?,
40431710,5,How many individuals had samples obtained for HIV sequencing?,
40431710,6,From which countries were the sequenced samples obtained?,
40431710,7,From what years were the sequenced samples obtained?,
40431710,8,Were samples cloned prior to sequencing?,
40431710,9,Which HIV genes were reported to have been sequenced?,
40431710,10,What method was used for sequencing?,
40431710,11,What type of samples were sequenced?,
40431710,12,Were any sequences obtained from individuals with virological failure on a treatment regimen?,
40431710,13,Were the patients in the study in a clinical trial?,
40431710,14,Does the paper report HIV sequences from individuals who had previously received ARV drugs?,
40431710,15,Which drug classes were received by individuals in the study before sample sequencing?,
40431710,16,Which drugs were received by individuals in the study before sample sequencing?,
40431742,1,Does the paper report HIV sequences from patient samples?,Yes
40431742,2,Does the paper report in vitro drug susceptibility data?,No
40431742,3,Were sequences from the paper made publicly available?,No
40431742,4,What were the GenBank accession numbers for sequenced HIV isolates?,Not reported
40431742,5,How many individuals had samples obtained for HIV sequencing?,1667
40431742,6,From which countries were the sequenced samples obtained?,Argentina
40431742,7,From what years were the sequenced samples obtained?,2017-2021
40431742,8,Were samples cloned prior to sequencing?,No
40431742,9,Which HIV genes were reported to have been sequenced?,Pol
40431742,10,What method was used for sequencing?,Not reported
40431742,11,What type of samples were sequenced?,Plasma
40431742,12,Were any sequences obtained from individuals with virological failure on a treatment regimen?,No
40431742,13,Were the patients in the study in a clinical trial?,No
40431742,14,Does the paper report HIV sequences from individuals who had previously received ARV drugs?,No
40431742,15,Which drug classes were received by individuals in the study before sample sequencing?,None
40431742,16,Which drugs were received by individuals in the study before sample sequencing?,"None
```"
40490983,1,Does the paper report HIV sequences from patient samples?,Yes
40490983,2,Does the paper report in vitro drug susceptibility data?,No
40490983,3,Were sequences from the paper made publicly available?,No
40490983,4,What were the GenBank accession numbers for sequenced HIV isolates?,Not reported
40490983,5,How many individuals had samples obtained for HIV sequencing?,187
40490983,6,From which countries were the sequenced samples obtained?,Kenya
40490983,7,From what years were the sequenced samples obtained?,2011-2021
40490983,8,Were samples cloned prior to sequencing?,No
40490983,9,Which HIV genes were reported to have been sequenced?,"PR, RT"
40490983,10,What method was used for sequencing?,Not reported
40490983,11,What type of samples were sequenced?,Plasma
40490983,12,Were any sequences obtained from individuals with virological failure on a treatment regimen?,Yes
40490983,13,Were the patients in the study in a clinical trial?,No
40490983,14,Does the paper report HIV sequences from individuals who had previously received ARV drugs?,Yes
40490983,15,Which drug classes were received by individuals in the study before sample sequencing?,"NRTI, NNRTI, PI"
40490983,16,Which drugs were received by individuals in the study before sample sequencing?,"Atazanavir/ritonavir, Lopinavir/ritonavir, Efavirenz, Nevirapine, Abacavir, Lamivudine, Tenofovir disoproxil fumarate, Zidovudine, Emtricitabine, Raltegravir, Dolutegravir, Darunavir/ritonavir, Etravirine, Rilpivirine
```"
40573423,1,Does the paper report HIV sequences from patient samples?,Yes
40573423,2,Does the paper report in vitro drug susceptibility data?,Yes
40573423,3,Were sequences from the paper made publicly available?,No
40573423,4,What were the GenBank accession numbers for sequenced HIV isolates?,
40573423,5,How many individuals had samples obtained for HIV sequencing?,487
40573423,6,From which countries were the sequenced samples obtained?,"South Korea, Asia, Americas"
40573423,7,From what years were the sequenced samples obtained?,2021-2024
40573423,8,Were samples cloned prior to sequencing?,No
40573423,9,Which HIV genes were reported to have been sequenced?,"PR, RT, IN, Pol, Env"
40573423,10,What method was used for sequencing?,Sanger sequencing
40573423,11,What type of samples were sequenced?,"Plasma, Serum"
40573423,12,Were any sequences obtained from individuals with virological failure on a treatment regimen?,No
40573423,13,Were the patients in the study in a clinical trial?,No
40573423,14,Does the paper report HIV sequences from individuals who had previously received ARV drugs?,Yes
40573423,15,Which drug classes were received by individuals in the study before sample sequencing?,"NRTI, NNRTI, PI, INSTI"
40573423,16,Which drugs were received by individuals in the study before sample sequencing?,"Not reported

```"
40596906,1,Does the paper report HIV sequences from patient samples?,
40596906,2,Does the paper report in vitro drug susceptibility data?,
40596906,3,Were sequences from the paper made publicly available?,
40596906,4,What were the GenBank accession numbers for sequenced HIV isolates?,
40596906,5,How many individuals had samples obtained for HIV sequencing?,
40596906,6,From which countries were the sequenced samples obtained?,
40596906,7,From what years were the sequenced samples obtained?,
40596906,8,Were samples cloned prior to sequencing?,
40596906,9,Which HIV genes were reported to have been sequenced?,
40596906,10,What method was used for sequencing?,
40596906,11,What type of samples were sequenced?,
40596906,12,Were any sequences obtained from individuals with virological failure on a treatment regimen?,
40596906,13,Were the patients in the study in a clinical trial?,
40596906,14,Does the paper report HIV sequences from individuals who had previously received ARV drugs?,
40596906,15,Which drug classes were received by individuals in the study before sample sequencing?,
40596906,16,Which drugs were received by individuals in the study before sample sequencing?,
40713598,1,Does the paper report HIV sequences from patient samples?,Yes
40713598,2,Does the paper report in vitro drug susceptibility data?,No
40713598,3,Were sequences from the paper made publicly available?,Yes
40713598,4,What were the GenBank accession numbers for sequenced HIV isolates?,
40713598,5,How many individuals had samples obtained for HIV sequencing?,20
40713598,6,From which countries were the sequenced samples obtained?,Not reported
40713598,7,From what years were the sequenced samples obtained?,Not reported
40713598,8,Were samples cloned prior to sequencing?,Not reported
40713598,9,Which HIV genes were reported to have been sequenced?,"PR, RT"
40713598,10,What method was used for sequencing?,NGS
40713598,11,What type of samples were sequenced?,Plasma
40713598,12,Were any sequences obtained from individuals with virological failure on a treatment regimen?,Yes
40713598,13,Were the patients in the study in a clinical trial?,
40713598,14,Does the paper report HIV sequences from individuals who had previously received ARV drugs?,Yes
40713598,15,Which drug classes were received by individuals in the study before sample sequencing?,NNRTIs
40713598,16,Which drugs were received by individuals in the study before sample sequencing?,Not reported
40763144,1,Does the paper report HIV sequences from patient samples?,Yes
40763144,2,Does the paper report in vitro drug susceptibility data?,No
40763144,3,Were sequences from the paper made publicly available?,No
40763144,4,What were the GenBank accession numbers for sequenced HIV isolates?,
40763144,5,How many individuals had samples obtained for HIV sequencing?,295
40763144,6,From which countries were the sequenced samples obtained?,Uganda
40763144,7,From what years were the sequenced samples obtained?,2021-2023
40763144,8,Were samples cloned prior to sequencing?,No
40763144,9,Which HIV genes were reported to have been sequenced?,Not reported
40763144,10,What method was used for sequencing?,Not reported
40763144,11,What type of samples were sequenced?,Not reported
40763144,12,Were any sequences obtained from individuals with virological failure on a treatment regimen?,Yes
40763144,13,Were the patients in the study in a clinical trial?,No
40763144,14,Does the paper report HIV sequences from individuals who had previously received ARV drugs?,Yes
40763144,15,Which drug classes were received by individuals in the study before sample sequencing?,"NRTI, NNRTI, PI, INSTI"
40763144,16,Which drugs were received by individuals in the study before sample sequencing?,"TDF, 3TC, ABC, AZT, DTG, ATVr, LPVr, EFV, NVP, RAL, EVG, BIC, CAB, MVC, LEN, FTV, DOR, RPV, ETR, NFV, IDV, SQV, TPV, FPV"
40779404,1,Does the paper report HIV sequences from patient samples?,Yes
40779404,2,Does the paper report in vitro drug susceptibility data?,Yes
40779404,3,Were sequences from the paper made publicly available?,No
40779404,4,What were the GenBank accession numbers for sequenced HIV isolates?,
40779404,5,How many individuals had samples obtained for HIV sequencing?,20
40779404,6,From which countries were the sequenced samples obtained?,Not reported
40779404,7,From what years were the sequenced samples obtained?,Not reported
40779404,8,Were samples cloned prior to sequencing?,Yes
40779404,9,Which HIV genes were reported to have been sequenced?,"PR, RT, IN"
40779404,10,What method was used for sequencing?,NGS
40779404,11,What type of samples were sequenced?,Whole blood
40779404,12,Were any sequences obtained from individuals with virological failure on a treatment regimen?,No
40779404,13,Were the patients in the study in a clinical trial?,Yes
40779404,14,Does the paper report HIV sequences from individuals who had previously received ARV drugs?,Yes
40779404,15,Which drug classes were received by individuals in the study before sample sequencing?,"NRTI, INSTI"
40779404,16,Which drugs were received by individuals in the study before sample sequencing?,"Bictegravir, Emtricitabine, Tenofovir alafenamide
```"
40839365,1,Does the paper report HIV sequences from patient samples?,Yes
40839365,2,Does the paper report in vitro drug susceptibility data?,No
40839365,3,Were sequences from the paper made publicly available?,No
40839365,4,What were the GenBank accession numbers for sequenced HIV isolates?,Not reported
40839365,5,How many individuals had samples obtained for HIV sequencing?,213
40839365,6,From which countries were the sequenced samples obtained?,Malawi
40839365,7,From what years were the sequenced samples obtained?,Not reported
40839365,8,Were samples cloned prior to sequencing?,No
40839365,9,Which HIV genes were reported to have been sequenced?,"PR, RT, IN"
40839365,10,What method was used for sequencing?,Sanger sequencing
40839365,11,What type of samples were sequenced?,Plasma
40839365,12,Were any sequences obtained from individuals with virological failure on a treatment regimen?,Yes
40839365,13,Were the patients in the study in a clinical trial?,No
40839365,14,Does the paper report HIV sequences from individuals who had previously received ARV drugs?,Yes
40839365,15,Which drug classes were received by individuals in the study before sample sequencing?,"NRTI, NNRTI, INSTI"
40839365,16,Which drugs were received by individuals in the study before sample sequencing?,"DTG, 3TC, FTC, TDF, ABC, D4T, DDI, EFV, NVP, RAL, EVG, BIC, CAB, ATV, LPV/r, SQV, IDV, NFV, TPV, FPV"
40857111,1,Does the paper report HIV sequences from patient samples?,Yes
40857111,2,Does the paper report in vitro drug susceptibility data?,Yes
40857111,3,Were sequences from the paper made publicly available?,Yes
40857111,4,What were the GenBank accession numbers for sequenced HIV isolates?,
40857111,5,How many individuals had samples obtained for HIV sequencing?,208
40857111,6,From which countries were the sequenced samples obtained?,Not reported
40857111,7,From what years were the sequenced samples obtained?,Not reported
40857111,8,Were samples cloned prior to sequencing?,Not reported
40857111,9,Which HIV genes were reported to have been sequenced?,Not reported
40857111,10,What method was used for sequencing?,Not reported
40857111,11,What type of samples were sequenced?,Not reported
40857111,12,Were any sequences obtained from individuals with virological failure on a treatment regimen?,Not reported
40857111,13,Were the patients in the study in a clinical trial?,Not reported
40857111,14,Does the paper report HIV sequences from individuals who had previously received ARV drugs?,Not reported
40857111,15,Which drug classes were received by individuals in the study before sample sequencing?,Not reported
40857111,16,Which drugs were received by individuals in the study before sample sequencing?,Not reported
40872801,1,Does the paper report HIV sequences from patient samples?,Yes
40872801,2,Does the paper report in vitro drug susceptibility data?,Yes
40872801,3,Were sequences from the paper made publicly available?,Yes
40872801,4,What were the GenBank accession numbers for sequenced HIV isolates?,
40872801,5,How many individuals had samples obtained for HIV sequencing?,9685
40872801,6,From which countries were the sequenced samples obtained?,Tanzania
40872801,7,From what years were the sequenced samples obtained?,2004-2024
40872801,8,Were samples cloned prior to sequencing?,No
40872801,9,Which HIV genes were reported to have been sequenced?,"PR, RT, IN, CA, Env"
40872801,10,What method was used for sequencing?,"Sanger sequencing, NGS"
40872801,11,What type of samples were sequenced?,"Plasma, PBMC, Whole blood, DBS"
40872801,12,Were any sequences obtained from individuals with virological failure on a treatment regimen?,Yes
40872801,13,Were the patients in the study in a clinical trial?,Yes
40872801,14,Does the paper report HIV sequences from individuals who had previously received ARV drugs?,Yes
40872801,15,Which drug classes were received by individuals in the study before sample sequencing?,"NRTIs, NNRTIs, PIs, INSTIs"
40872801,16,Which drugs were received by individuals in the study before sample sequencing?,"AZT, 3TC, FTC, TDF, EFV, NVP, LPV/r, ATV, DRV, RAL, EVG, DTG, BIC, CAB, LEN, MVC, FTV, GS-6207, GS-CA1, GS-CA1r, GS-CA1s, GS-CA1t, GS-CA1v, GS-CA1w, GS-CA1x, GS-CA1y, GS-CA1z, GS-CA2, GS-CA2r, GS-CA2s, GS-CA2t, GS-CA2v, GS-CA2w, GS-CA2x, GS-CA2y, GS-CA2z, GS-CA3, GS-CA3r, GS-CA3s, GS-CA3t, GS-CA3v, GS-CA3w, GS-CA3x, GS-CA3y, GS-CA3z, GS-CA4, GS-CA4r, GS-CA4s, GS-CA4t, GS-CA4v, GS-CA4w, GS-CA4x, GS-CA4y, GS-CA4z, GS-CA5, GS-CA5r, GS-CA5s, GS-CA5t, GS-CA5v, GS-CA5w, GS-CA5x, GS-CA5y, GS-CA5z, GS-CA6, GS-CA6r, GS-CA6s, GS-CA6t, GS-CA6v, GS-CA6w, GS-CA6x, GS-CA6y, GS-CA6z, GS-CA7, GS-CA7r, GS-CA7s, GS-CA7t, GS-CA7v, GS-CA7w, GS-CA7x, GS-CA7y, GS-CA7z, GS-CA8, GS-CA8r, GS-CA8s, GS-CA8t, GS-CA8v, GS-CA8w, GS-CA8x, GS-CA8y, GS-CA8z, GS-CA9, GS-CA9r, GS-CA9s, GS-CA9t, GS-CA9v, GS-CA9w, GS-CA9x, GS-CA9y, GS-CA9z, GS-CA10, GS-CA10r, GS-CA10s, GS-CA10t, GS-CA10v, GS-CA10w, GS-CA10x, GS-CA10y, GS-CA10z, GS-CA11, GS-CA11r, GS-CA11s, GS-CA11t, GS-CA11v, GS-CA11w, GS-CA11x, GS-CA11y, GS-CA11z, GS-CA12, GS-CA12r, GS-CA12s, GS-CA12t, GS-CA12v, GS-CA12w, GS-CA12x, GS-CA12y, GS-CA12z, GS-CA13, GS-CA13r, GS-CA13s, GS-CA13t, GS-CA13v, GS-CA13w, GS-CA13x, GS-CA13y, GS-CA13z, GS-CA14, GS-CA14r, GS-CA14s, GS-CA14t, GS-CA14v, GS-CA14w, GS-CA14x, GS-CA14y, GS-CA14z, GS-CA15, GS-CA15r, GS-CA15s, GS-CA15t, GS-CA15v, GS-CA15w, GS-CA15x, GS-CA15y, GS-CA15z, GS-CA16, GS-CA16r, GS-CA16s, GS-CA16t, GS-CA16v, GS-CA16w, GS-CA16x, GS-CA16y, GS-CA16z, GS-CA17, GS-CA17r, GS-CA17s, GS-CA17t, GS-CA17v, GS-CA17w, GS-CA17x, GS-CA17y, GS-CA17z, GS-CA18, GS-CA18r, GS-CA18s, GS-CA18t, GS-CA18v, GS-CA18w, GS-CA18x, GS-CA18y, GS-CA18z, GS-CA19, GS-CA19r, GS-CA19s, GS-CA19t, GS-CA19v, GS-CA19w, GS-CA19x, GS-CA19y, GS-CA19z, GS-CA20, GS-CA20r, GS-CA20s, GS-CA20t, GS-CA20v, GS-CA20w, GS-CA20x, GS-CA20y, GS-CA20z, GS-CA21, GS-CA21r, GS-CA21s, GS-CA21t, GS-CA21v, GS-CA21w, GS-CA21x, GS-CA21y, GS-CA21z, GS-CA22, GS-CA22r, GS-CA22s, GS-CA22t, GS-CA22v, GS-CA22w, GS-CA22x, GS-CA22y, GS-CA22z, GS-CA23, GS-CA23r, GS-CA23s, GS-CA23t, GS-CA23v, GS-CA23w, GS-CA23x, GS-CA23y, GS-CA23z, GS-CA24, GS-CA24r, GS-CA24s, GS-CA24t, GS-CA24v, GS-CA24w, GS-CA24x, GS-CA24y, GS-CA24z, GS-CA25, GS-CA25r, GS-CA25s, GS-CA25t, GS-CA25v, GS-CA25w, GS-CA25x, GS-CA25y, GS-CA25z, GS-CA26, GS-CA26r, GS-CA26s, GS-CA26t, GS-CA26v, GS-CA26w, GS-CA26x, GS-CA26y, GS-CA26z, GS-CA27, GS-CA27r, GS-CA27s, GS-CA27t, GS-CA27v, GS-CA27w, GS-CA27x, GS-CA27y, GS-CA27z, GS-CA28, GS-CA28r, GS-CA28s, GS-CA28t, GS-CA28v, GS-CA28w, GS-CA28x, GS-CA28y, GS-CA28z, GS-CA29, GS-CA29r, GS-CA29s, GS-CA29t, GS-CA29v, GS-CA29w, GS-CA29x, GS-CA29y, GS-CA29z, GS-CA30, GS-CA30r, GS-CA30s, GS-CA30t, GS-CA30v, GS-CA30w, GS-CA30x, GS-CA30y, GS-CA30z, GS-CA31, GS-CA31r, GS-CA31s, GS-CA31t, GS-CA31v, GS-CA31w, GS-CA31x, GS-CA31y, GS-CA31z, GS-CA32, GS-CA32r, GS-CA32s, GS-CA32t, GS-CA32v, GS-CA32w, GS-CA32x, GS-CA32y, GS-CA32z, GS-CA33, GS-CA33r, GS-CA33s, GS-CA33t, GS-CA33v, GS-CA33w, GS-CA33x, GS-CA33y, GS-CA33z, GS-CA34, GS-CA34r, GS-CA34s, GS-CA34t, GS-CA34v, GS-CA34w, GS-CA34x, GS-CA34y, GS-CA34z, GS-CA35, GS-CA35r, GS-CA35s, GS-CA35t, GS-CA35v, GS-CA35w, GS-CA35x, GS-CA35y, GS-CA35z, GS-CA36, GS-CA36r, GS-CA36s, GS-CA36t, GS-CA36v, GS-CA36w, GS-CA36x, GS-CA36y, GS-CA36z, GS-CA37, GS-CA37r, GS-CA37s, GS-CA37t, GS-CA37v, GS-CA37w, GS-CA37x, GS-CA37y, GS-CA37z, GS-CA38, GS-CA38r, GS-CA38s, GS-CA38t, GS-CA38v, GS-CA38w, GS-CA38x, GS-CA38y, GS-CA38z, GS-CA39, GS-CA39r, GS-CA39s, GS-CA39t, GS-CA39v, GS-CA39w, GS-CA39x, GS-CA39y, GS-CA39z, GS-CA40, GS-CA40r, GS-CA40s, GS-CA40t, GS-CA40v, GS-CA40w, GS-CA40x, GS-CA40y, GS-CA40z, GS-CA41, GS-CA41r, GS-CA41s, GS-CA41t, GS-CA41v, GS-CA41w, GS-CA41x, GS-CA41y, GS-CA41z, GS-CA42, GS-CA42r, GS-CA42s, GS-CA42t, GS-CA42v, GS-CA42w, GS-CA42x, GS-CA42y, GS-CA42z, GS-CA43, GS-CA43r, GS-CA43s, GS-CA43t, GS-CA43v, GS-CA43w, GS-CA43x, GS-CA43y, GS-CA43z, GS-CA44, GS-CA44r, GS-CA44s, GS-CA44t, GS-CA44v, GS-CA44w, GS-CA44x, GS-CA44y, GS-CA44z, GS-CA45, GS-CA45r, GS-CA45s, GS-CA45t, GS-CA45v, GS-CA45w, GS-CA45x, GS-CA45y, GS-CA45z, GS-CA46, GS-CA46r, GS-CA46s, GS-CA46t, GS-CA46v, GS-CA46w, GS-CA46x, GS-CA46y, GS-CA46z, GS-CA47, GS-CA47r, GS-CA47s, GS-CA47t, GS-CA47v, GS-CA47w, GS-CA47x, GS-CA47y, GS-CA47z, GS-CA48, GS-CA48r, GS-CA48s, GS-CA48t, GS-CA48v, GS-CA48w, GS-CA48x, GS-CA48y, GS-CA48z, GS-CA49, GS-CA49r, GS-CA49s, GS-CA49t, GS-CA49v, GS-CA49w, GS-CA49x, GS-CA49y, GS-CA49z, GS-CA50, GS-CA50r, GS-CA50s, GS-CA50t, GS-CA50v, GS-CA50w, GS-CA50x, GS-CA50y, GS-CA50z, GS-CA51, GS-CA51r, GS-CA51s, GS-CA51t, GS-CA51v, GS-CA51w, GS-CA51x, GS-CA51y, GS-CA51z, GS-CA52, GS-CA52r, GS-CA52s, GS-CA52t, GS-CA52v, GS-CA52w, GS-CA52x, GS-CA52y, GS-CA52z, GS-CA53, GS-CA53r, GS-CA53s, GS-CA53t, GS-CA53v, GS-CA53w, GS-CA53x, GS-CA53y, GS-CA53z, GS-CA54, GS-CA54r, GS-CA54s, GS-CA54t, GS-CA54v, GS-CA54w, GS-CA54x, GS-CA54y, GS-CA54z, GS-CA55, GS-CA55r, GS-CA55s, GS-CA55t, GS-CA55v, GS-CA55w, GS-CA55x, GS-CA55y, GS-CA55z, GS-CA56, GS-CA56r, GS-CA56s, GS-CA56t, GS-CA56v, GS-CA56w, GS-CA56x, GS-CA56y, GS-CA56z, GS-CA57, GS-CA57r, GS-CA57s, GS-CA57t, GS-CA57v, GS-CA57w, GS-CA57x, GS-CA57y, GS-CA57z, GS-CA58, GS-CA58r, GS-CA58s, GS-CA58t, GS-CA58v, GS-CA58w, GS-CA58x, GS-CA58y, GS-CA58z, GS-CA59, GS-CA59r, GS-CA59s, GS-CA59t, GS-CA59v, GS-CA59w, GS-CA59x, GS-CA59y, GS-CA59z, GS-CA60, GS-CA60r, GS-CA60s, GS-CA60t, GS-CA60v, GS-CA60w, GS-CA60x, GS-CA60y, GS-CA60z, GS-CA61, GS-CA61r, GS-CA61s, GS-CA61t, GS-CA61v, GS-CA61w, GS-CA61x, GS-CA61y, GS-CA61z, GS-CA62, GS-CA62r, GS-CA62s, GS-CA62t, GS-CA62v, GS-CA62w, GS-CA62x, GS-CA62y, GS-CA62z, GS-CA63, GS-CA63r, GS-CA63s, GS-CA63t, GS-CA63v, GS-CA63w, GS-CA63x, GS-CA63y, GS-CA63z, GS-CA64, GS-CA64r, GS-CA64s, GS-CA64t, GS-CA64v, GS-CA64w, GS-CA64x, GS-CA64y, GS-CA64z, GS-CA65, GS-CA65r, GS-CA65s, GS-CA65t, GS-CA65v, GS-CA65w, GS-CA65x, GS-CA65y, GS-CA65z, GS-CA66, GS-CA66r, GS-CA66s, GS-CA66t, GS-CA66v, GS-CA66w, GS-CA66x, GS-CA66y, GS-CA66z, GS-CA67, GS-CA67r, GS-CA67s, GS-CA67t, GS-CA67v, GS-CA67w, GS-CA67x, GS-CA67y, GS-CA67z, GS-CA68, GS-CA68r, GS-CA68s, GS-CA68t, GS-CA68v, GS-CA68w, GS-CA68x, GS-CA68y, GS-CA68z, GS-CA69, GS-CA69r, GS-CA69s, GS-CA69t, GS-CA69v, GS-CA69w, GS-CA69x, GS-CA69y, GS-CA69z, GS-CA70, GS-CA70r, GS-CA70s, GS-CA70t, GS-CA70v, GS-CA70w, GS-CA70x, GS-CA70y, GS-CA70z, GS-CA71, GS-CA71r, GS-CA71s, GS-CA71t, GS-CA71v, GS-CA71w, GS-CA71x, GS-CA71y, GS-CA71z, GS-CA72, GS-CA72r, GS-CA72s, GS-CA72t, GS-CA72v, GS-CA72w, GS-CA72x, GS-CA72y, GS-CA72z, GS-CA73, GS-CA73r, GS-CA73s, GS-CA73t, GS-CA73v, GS-CA73w, GS-CA73x, GS-CA73y, GS-CA73z, GS-CA74, GS-CA74r, GS-CA74s, GS-CA74t, GS-CA74v, GS-CA74w, GS-CA74x, GS-CA74y, GS-CA74z, GS-CA75, GS-CA75r, GS-CA75s, GS-CA75t, GS-CA75v, GS-CA75w, GS-CA75x, GS-CA75y, GS-CA75z, GS-CA76, GS-CA76r, GS-CA76s, GS-CA76t, GS-CA76v, GS-CA76w, GS-CA76x, GS-CA76y, GS-CA76z, GS-CA77, GS-CA77r, GS-CA77s, GS-CA77t, GS-CA77v, GS-CA77w, GS-CA77x, GS-CA77y, GS-CA77z, GS-CA78, GS-CA78r, GS-CA78s, GS-CA78t, GS-CA78v, GS-CA78w, GS-CA78x, GS-CA78y, GS-CA78z, GS-CA79, GS-CA79r, GS-CA79s, GS-CA79t, GS-CA79v, GS-CA79w, GS-CA79x, GS-CA79y, GS-CA79z, GS-CA80, GS-CA80r, GS-CA80s, GS-CA80t, GS-CA80v, GS-CA80w, GS-CA80x, GS-CA80y, GS-CA80z, GS-CA81, GS-CA81r, GS-CA81s, GS-CA81t, GS-CA81v, GS-CA81w, GS-CA81x, GS-CA81y, GS-CA81z, GS-CA82, GS-CA82r, GS-CA82s, GS-CA82t, GS-CA82v, GS-CA82w, GS-CA82x, GS-CA82y, GS-CA82z, GS-CA83, GS-CA83r, GS-CA83s, GS-CA83t, GS-CA83v, GS-CA83w, GS-CA83x, GS-CA83y, GS-CA83z, GS-CA84, GS-CA84r, GS-CA84s, GS-CA84t, GS-CA84v, GS-CA84w, GS-CA84x, GS-CA84y, GS-CA84z, GS-CA85, GS-CA85r, GS-CA85s, GS-CA85t, GS-CA85v, GS-CA85w, GS-CA85x, GS-CA85y, GS-CA85z, GS-CA86, GS-CA86r, GS-CA86s, GS-CA86t, GS-CA86v, GS-CA86w, GS-CA86x, GS-CA86y, GS-CA86z, GS-CA87, GS-CA87r, GS-CA87s, GS-CA87t, GS-CA87v, GS-CA87w, GS-CA87x, GS-CA87y, GS-CA87z, GS-CA88, GS-CA88r, GS-CA88s, GS-CA88t, GS-CA88v, GS-CA88w, GS-CA88x, GS-CA88y, GS-CA88z, GS-CA89, GS-CA89r, GS-CA89s, GS-CA89t, GS-CA89v, GS-CA89w, GS-CA89x, GS-CA89y, GS-CA89z, GS-CA90, GS-CA90r, GS-CA90s, GS-CA90t, GS-CA90v, GS-CA90w, GS-CA90x, GS-CA90y, GS-CA90z, GS-CA91, GS-CA91r, GS-CA91s, GS-CA91t, GS-CA91v, GS-CA91w, GS-CA91x, GS-CA91y, GS-CA91z, GS-CA92, GS-CA92r, GS-CA92s, GS-CA92t, GS-CA92v, GS-CA92w, GS-CA92x, GS-CA92y, GS-CA92z, GS-CA93, GS-CA93r, GS-CA93s, GS-CA93t, GS-CA93v, GS-CA93w, GS-CA93x, GS-CA93y, GS-CA93z, GS-CA94, GS-CA94r, GS-CA94s, GS-CA94t, GS-CA94v, GS-CA94w, GS-CA94x, GS-CA94y, GS-CA94z, GS-CA95, GS-CA95r, GS-CA95s, GS-CA95t, GS-CA95v, GS-CA95w, GS-CA95x, GS-CA95y, GS-CA95z, GS-CA96, GS-CA96r, GS-CA96s, GS-CA96t, GS-CA96v, GS-CA96w, GS-CA96x, GS-CA96y, GS-CA96z, GS-CA97, GS-CA97r, GS-CA97s, GS-CA97t, GS-CA97v, GS-CA97w, GS-CA97x, GS-CA97y, GS-CA97z, GS-CA98, GS-CA98r, GS-CA98s, GS-CA98t, GS-CA98v, GS-CA98w, GS-CA98x, GS-CA98y, GS-CA98z, GS-CA99, GS-CA99r, GS-CA99s, GS-CA99t, GS-CA99v, GS-CA99w, GS-CA99x, GS-CA99y, GS-CA99z, GS-CA100, GS-CA100r, GS-CA100s, GS-CA100t, GS-CA100v, GS-CA100w, GS-CA100x, GS-CA100y, GS-CA100z, GS-CA101, GS-CA101r, GS-CA101s, GS-CA101t, GS-CA101v, GS-CA101w, GS-CA101x, GS-CA101y, GS-CA101z, GS-CA102, GS-CA102r, GS-CA102s, GS-CA102t, GS-CA102v, GS-CA102w, GS-CA102x, GS-CA102y, GS-CA102z, GS-CA103, GS-CA103r, GS-CA103s, GS-CA103t, GS-CA103v, GS-CA103w, GS-CA103x, GS-CA103y, GS-CA103z, GS-CA104, GS-CA104r, GS-CA104s, GS-CA104t, GS-CA104v, GS-CA104w, GS-CA104x, GS-CA104y, GS-CA104z, GS-CA105, GS-CA105r, GS-CA105s, GS-CA105t, GS-CA105v, GS-CA105w, GS-CA105x, GS-CA105y, GS-CA105z, GS-CA106, GS-CA106r, GS-CA106s, GS-CA106t, GS-CA106v, GS-CA106w, GS-CA106x, GS-CA106y, GS-CA106z, GS-CA107, GS-CA107r, GS-CA107s, GS-CA107t, GS-CA107v, GS-CA107w, GS-CA107x, GS-CA107y, GS-CA107z, GS-CA108, GS-CA108r, GS-CA108s, GS-CA108t, GS-CA108v, GS-CA108w, GS-CA108x, GS-CA108y, GS-CA108z, GS-CA109, GS-CA109r, GS-CA109s, GS-CA109t, GS-CA109v, GS-CA109w, GS-CA109x, GS-CA109y, GS-CA109z, GS-CA110, GS-CA110r, GS-CA110s, GS-CA110t, GS-CA110v, GS-CA110w, GS-CA110x, GS-CA110y, GS-CA110z, GS-CA111, GS-CA111r, GS-CA111s, GS-CA111t, GS-CA111v, GS-CA111w, GS-CA111x, GS-CA111y, GS-CA111z, GS-CA112, GS-CA112r, GS-CA112s, GS-CA112t, GS-CA112v, GS-CA112w, GS-CA112x, GS-CA112y, GS-CA112z, GS-CA113, GS-CA113r, GS-CA113s, GS-CA113t, GS-CA113v, GS-CA113w, GS-CA113x, GS-CA113y, GS-CA113z, GS-CA114, GS-CA114r, GS-CA114s, GS-CA114t, GS-CA114v, GS-CA114w, GS-CA114x, GS-CA114y, GS-CA114z, GS-CA115, GS-CA115r, GS-CA115s, GS-CA115t, GS-CA115v, GS-CA115w, GS-CA115x, GS-CA115y, GS-CA115z, GS-CA116, GS-CA116r, GS-CA116s, GS-CA116t, GS-CA116v, GS-CA116w, GS-CA116x, GS-CA116y, GS-CA116z, GS-CA117, GS-CA117r, GS-CA117s, GS-CA117t, GS-CA117v, GS-CA117w, GS-CA117x, GS-CA117y, GS-CA117z, GS-CA118, GS-CA118r, GS-CA118s, GS-CA118t, GS-CA118v, GS-CA118w, GS-CA118x, GS-CA118y, GS-CA118z, GS-CA119, GS-CA119r, GS-CA119s, GS-CA119t, GS-CA119v, GS-CA119w, GS-CA119x, GS-CA119y, GS-CA119z, GS-CA120, GS-CA120r, GS-CA120s, GS-CA120t, GS-CA120v, GS-CA120w, GS-CA120x, GS-CA120y, GS-CA120z, GS-CA121, GS-CA121r, GS-CA121s, GS-CA121t, GS-CA121v, GS-CA121w, GS-CA121x, GS-CA121y, GS-CA121z, GS-CA122, GS-CA122r, GS-CA122s, GS-CA122t, GS-CA122v, GS-CA122w, GS-CA122x, GS-CA122y, GS-CA122z, GS-CA123, GS-CA123r, GS-CA123s, GS-CA123t, GS-CA123v, GS-CA123w, GS-CA123x, GS-CA123y, GS-CA123z, GS-CA124, GS-CA124r, GS-CA124s, GS-CA124t, GS-CA124v, GS-CA124w, GS-CA124x, GS-CA124y, GS-CA124z, GS-CA125, GS-CA125r, GS-CA125s, GS-CA125t, GS-CA125v, GS-CA125w, GS-CA125x, GS-CA125y, GS-CA125z, GS-CA126, GS-CA126r, GS-CA126s, GS-CA126t, GS-CA126v, GS-CA126w, GS-CA126x, GS-CA126y, GS-CA126z, GS-CA127, GS-CA127r, GS-CA127s, GS-CA127t, GS-CA127v, GS-CA127w, GS-CA127x, GS-CA127y, GS-CA127z, GS-CA128, GS-CA128r, GS-CA128s, GS-CA128t, GS-CA128v, GS-CA128w, GS-CA128x, GS-CA128y, GS-CA128z, GS-CA129, GS-CA129r, GS-CA129s, GS-CA129t, GS-CA129v, GS-CA129w, GS-CA129x, GS-CA129y, GS-CA129z, GS-CA130, GS-CA130r, GS-CA130s, GS-CA130t, GS-CA130v, GS-CA130w, GS-CA130x, GS-CA130y, GS-CA130z, GS-CA131, GS-CA131r, GS-CA131s, GS-CA131t, GS-CA131v, GS-CA131w, GS-CA131x, GS-CA131y, GS-CA131z, GS-CA132, GS-CA132r, GS-CA132s, GS-CA132t, GS-CA132v, GS-CA132w, GS-CA132x, GS-CA132y, GS-CA132z, GS-CA133, GS-CA133r, GS-CA133s, GS-CA133t, GS-CA133v, GS-CA133w, GS-CA133x, GS-CA133y, GS-CA133z, GS-CA134, GS-CA134r, GS-CA134s, GS-CA134t, GS-CA134v, GS-CA134w, GS-CA134x, GS-CA134y, GS-CA134z, GS-CA135, GS-CA135r, GS-CA135s, GS-CA135t, GS-CA135v, GS-CA135w, GS-CA135x, GS-CA135y, GS-CA135z, GS-CA136, GS-CA136r, GS-CA136s, GS-CA136t, GS-CA136v, GS-CA136w, GS-CA136x, GS-CA136y, GS-CA136z, GS-CA137, GS-CA137r, GS-CA137s, GS-CA137t, GS-CA137v, GS-CA137w, GS-CA137x, GS-CA137y, GS-CA137z, GS-CA138, GS-CA138r, GS-CA138s, GS-CA138t, GS-CA138v, GS-CA138w, GS-CA138x, GS-CA138y, GS-CA138z, GS-CA139, GS-CA139r, GS-CA139s, GS-CA139t, GS-CA139v, GS-CA139w, GS-CA139x, GS-CA139y, GS-CA139z, GS-CA140, GS-CA140r, GS-"
40938120,1,Does the paper report HIV sequences from patient samples?,
40938120,2,Does the paper report in vitro drug susceptibility data?,
40938120,3,Were sequences from the paper made publicly available?,
40938120,4,What were the GenBank accession numbers for sequenced HIV isolates?,
40938120,5,How many individuals had samples obtained for HIV sequencing?,
40938120,6,From which countries were the sequenced samples obtained?,
40938120,7,From what years were the sequenced samples obtained?,
40938120,8,Were samples cloned prior to sequencing?,
40938120,9,Which HIV genes were reported to have been sequenced?,
40938120,10,What method was used for sequencing?,
40938120,11,What type of samples were sequenced?,
40938120,12,Were any sequences obtained from individuals with virological failure on a treatment regimen?,
40938120,13,Were the patients in the study in a clinical trial?,
40938120,14,Does the paper report HIV sequences from individuals who had previously received ARV drugs?,
40938120,15,Which drug classes were received by individuals in the study before sample sequencing?,
40938120,16,Which drugs were received by individuals in the study before sample sequencing?,
40938996,1,Does the paper report HIV sequences from patient samples?,Yes
40938996,2,Does the paper report in vitro drug susceptibility data?,Yes
40938996,3,Were sequences from the paper made publicly available?,No
40938996,4,What were the GenBank accession numbers for sequenced HIV isolates?,
40938996,5,How many individuals had samples obtained for HIV sequencing?,
40938996,6,From which countries were the sequenced samples obtained?,Not reported
40938996,7,From what years were the sequenced samples obtained?,Not reported
40938996,8,Were samples cloned prior to sequencing?,Not reported
40938996,9,Which HIV genes were reported to have been sequenced?,"Pol, Env"
40938996,10,What method was used for sequencing?,Sanger sequencing
40938996,11,What type of samples were sequenced?,"Plasma, PBMC"
40938996,12,Were any sequences obtained from individuals with virological failure on a treatment regimen?,Yes
40938996,13,Were the patients in the study in a clinical trial?,No
40938996,14,Does the paper report HIV sequences from individuals who had previously received ARV drugs?,Yes
40938996,15,Which drug classes were received by individuals in the study before sample sequencing?,INSTIs
40938996,16,Which drugs were received by individuals in the study before sample sequencing?,"DTG, CAB, RAL

```

```"
40965168,1,Does the paper report HIV sequences from patient samples?,Yes
40965168,2,Does the paper report in vitro drug susceptibility data?,
40965168,3,Were sequences from the paper made publicly available?,
40965168,4,What were the GenBank accession numbers for sequenced HIV isolates?,
40965168,5,How many individuals had samples obtained for HIV sequencing?,
40965168,6,From which countries were the sequenced samples obtained?,
40965168,7,From what years were the sequenced samples obtained?,
40965168,8,Were samples cloned prior to sequencing?,
40965168,9,Which HIV genes were reported to have been sequenced?,
40965168,10,What method was used for sequencing?,
40965168,11,What type of samples were sequenced?,
40965168,12,Were any sequences obtained from individuals with virological failure on a treatment regimen?,
40965168,13,Were the patients in the study in a clinical trial?,
40965168,14,Does the paper report HIV sequences from individuals who had previously received ARV drugs?,
40965168,15,Which drug classes were received by individuals in the study before sample sequencing?,
40965168,16,Which drugs were received by individuals in the study before sample sequencing?,
40974886,1,Does the paper report HIV sequences from patient samples?,Yes
40974886,2,Does the paper report in vitro drug susceptibility data?,No
40974886,3,Were sequences from the paper made publicly available?,No
40974886,4,What were the GenBank accession numbers for sequenced HIV isolates?,Not reported
40974886,5,How many individuals had samples obtained for HIV sequencing?,223
40974886,6,From which countries were the sequenced samples obtained?,Not reported
40974886,7,From what years were the sequenced samples obtained?,Not reported
40974886,8,Were samples cloned prior to sequencing?,No
40974886,9,Which HIV genes were reported to have been sequenced?,"PR, RT, IN"
40974886,10,What method was used for sequencing?,Not reported
40974886,11,What type of samples were sequenced?,"Whole blood, Plasma, PBMC"
40974886,12,Were any sequences obtained from individuals with virological failure on a treatment regimen?,Yes
40974886,13,Were the patients in the study in a clinical trial?,Yes
40974886,14,Does the paper report HIV sequences from individuals who had previously received ARV drugs?,Yes
40974886,15,Which drug classes were received by individuals in the study before sample sequencing?,"NRTI, NNRTI, INSTI, PI"
40974886,16,Which drugs were received by individuals in the study before sample sequencing?,
41004608,1,Does the paper report HIV sequences from patient samples?,Yes
41004608,2,Does the paper report in vitro drug susceptibility data?,No
41004608,3,Were sequences from the paper made publicly available?,No
41004608,4,What were the GenBank accession numbers for sequenced HIV isolates?,
41004608,5,How many individuals had samples obtained for HIV sequencing?,1106
41004608,6,From which countries were the sequenced samples obtained?,United Kingdom
41004608,7,From what years were the sequenced samples obtained?,2015-2021
41004608,8,Were samples cloned prior to sequencing?,No
41004608,9,Which HIV genes were reported to have been sequenced?,"PR, RT, IN, Pol, CA, Env"
41004608,10,What method was used for sequencing?,NGS
41004608,11,What type of samples were sequenced?,Not reported
41004608,12,Were any sequences obtained from individuals with virological failure on a treatment regimen?,No
41004608,13,Were the patients in the study in a clinical trial?,No
41004608,14,Does the paper report HIV sequences from individuals who had previously received ARV drugs?,Yes
41004608,15,Which drug classes were received by individuals in the study before sample sequencing?,INSTI
41004608,16,Which drugs were received by individuals in the study before sample sequencing?,INSTI
41012586,1,Does the paper report HIV sequences from patient samples?,"Yes

```

```"
41012586,2,Does the paper report in vitro drug susceptibility data?,"Yes

```

```"
41012586,3,Were sequences from the paper made publicly available?,"No

```

```"
41012586,4,What were the GenBank accession numbers for sequenced HIV isolates?,"Not reported

```

```"
41012586,5,How many individuals had samples obtained for HIV sequencing?,"249

```

```"
41012586,6,From which countries were the sequenced samples obtained?,"Not reported

```

```"
41012586,7,From what years were the sequenced samples obtained?,"Not reported

```

```"
41012586,8,Were samples cloned prior to sequencing?,"Not reported

```

```"
41012586,9,Which HIV genes were reported to have been sequenced?,"Not reported

```

```"
41012586,10,What method was used for sequencing?,"Not reported

```

```"
41012586,11,What type of samples were sequenced?,"Not reported

```

```"
41012586,12,Were any sequences obtained from individuals with virological failure on a treatment regimen?,"Yes

```

```"
41012586,13,Were the patients in the study in a clinical trial?,"No

```

```"
41012586,14,Does the paper report HIV sequences from individuals who had previously received ARV drugs?,"Yes

```

```"
41012586,15,Which drug classes were received by individuals in the study before sample sequencing?,"Not reported

```

```"
41012586,16,Which drugs were received by individuals in the study before sample sequencing?,"Not reported

```"
41023944,1,Does the paper report HIV sequences from patient samples?,Yes
41023944,2,Does the paper report in vitro drug susceptibility data?,No
41023944,3,Were sequences from the paper made publicly available?,No
41023944,4,What were the GenBank accession numbers for sequenced HIV isolates?,
41023944,5,How many individuals had samples obtained for HIV sequencing?,28
41023944,6,From which countries were the sequenced samples obtained?,Mozambique
41023944,7,From what years were the sequenced samples obtained?,2022-2024
41023944,8,Were samples cloned prior to sequencing?,No
41023944,9,Which HIV genes were reported to have been sequenced?,IN
41023944,10,What method was used for sequencing?,Sanger sequencing
41023944,11,What type of samples were sequenced?,Plasma
41023944,12,Were any sequences obtained from individuals with virological failure on a treatment regimen?,Yes
41023944,13,Were the patients in the study in a clinical trial?,No
41023944,14,Does the paper report HIV sequences from individuals who had previously received ARV drugs?,Yes
41023944,15,Which drug classes were received by individuals in the study before sample sequencing?,"NRTI, NNRTI, INSTI"
41023944,16,Which drugs were received by individuals in the study before sample sequencing?,"DTG, TDF, 3TC, EFV, LPV/r, ATV, ABC, FTC, D4T, DOR, RAL, EVG, BIC, CAB, MVC, FTV, NFV, SQV, IDV, TPV, FPV, RAL, EVG, BIC, CAB, MVC, FTV, NFV, SQV, IDV, TPV, FPV, RAL, EVG, BIC, CAB, MVC, FTV, NFV, SQV, IDV, TPV, FPV, RAL, EVG, BIC, CAB, MVC, FTV, NFV, SQV, IDV, TPV, FPV, RAL, EVG, BIC, CAB, MVC, FTV, NFV, SQV, IDV, TPV, FPV, RAL, EVG, BIC, CAB, MVC, FTV, NFV, SQV, IDV, TPV, FPV, RAL, EVG, BIC, CAB, MVC, FTV, NFV, SQV, IDV, TPV, FPV, RAL, EVG, BIC, CAB, MVC, FTV, NFV, SQV, IDV, TPV, FPV, RAL, EVG, BIC, CAB, MVC, FTV, NFV, SQV, IDV, TPV, FPV, RAL, EVG, BIC, CAB, MVC, FTV, NFV, SQV, IDV, TPV, FPV, RAL, EVG, BIC, CAB, MVC, FTV, NFV, SQV, IDV, TPV, FPV, RAL, EVG, BIC, CAB, MVC, FTV, NFV, SQV, IDV, TPV, FPV, RAL, EVG, BIC, CAB, MVC, FTV, NFV, SQV, IDV, TPV, FPV, RAL, EVG, BIC, CAB, MVC, FTV, NFV, SQV, IDV, TPV, FPV, RAL, EVG, BIC, CAB, MVC, FTV, NFV, SQV, IDV, TPV, FPV, RAL, EVG, BIC, CAB, MVC, FTV, NFV, SQV, IDV, TPV, FPV, RAL, EVG, BIC, CAB, MVC, FTV, NFV, SQV, IDV, TPV, FPV, RAL, EVG, BIC, CAB, MVC, FTV, NFV, SQV, IDV, TPV, FPV, RAL, EVG, BIC, CAB, MVC, FTV, NFV, SQV, IDV, TPV, FPV, RAL, EVG, BIC, CAB, MVC, FTV, NFV, SQV, IDV, TPV, FPV, RAL, EVG, BIC, CAB, MVC, FTV, NFV, SQV, IDV, TPV, FPV, RAL, EVG, BIC, CAB, MVC, FTV, NFV, SQV, IDV, TPV, FPV, RAL, EVG, BIC, CAB, MVC, FTV, NFV, SQV, IDV, TPV, FPV, RAL, EVG, BIC, CAB, MVC, FTV, NFV, SQV, IDV, TPV, FPV, RAL, EVG, BIC, CAB, MVC, FTV, NFV, SQV, IDV, TPV, FPV, RAL, EVG, BIC, CAB, MVC, FTV, NFV, SQV, IDV, TPV, FPV, RAL, EVG, BIC, CAB, MVC, FTV, NFV, SQV, IDV, TPV, FPV, RAL, EVG, BIC, CAB, MVC, FTV, NFV, SQV, IDV, TPV, FPV, RAL, EVG, BIC, CAB, MVC, FTV, NFV, SQV, IDV, TPV, FPV, RAL, EVG, BIC, CAB, MVC, FTV, NFV, SQV, IDV, TPV, FPV, RAL, EVG, BIC, CAB, MVC, FTV, NFV, SQV, IDV, TPV, FPV, RAL, EVG, BIC, CAB, MVC, FTV, NFV, SQV, IDV, TPV, FPV, RAL, EVG, BIC, CAB, MVC, FTV, NFV, SQV, IDV, TPV, FPV, RAL, EVG, BIC, CAB, MVC, FTV, NFV, SQV, IDV, TPV, FPV, RAL, EVG, BIC, CAB, MVC, FTV, NFV, SQV, IDV, TPV, FPV, RAL, EVG, BIC, CAB, MVC, FTV, NFV, SQV, IDV, TPV, FPV, RAL, EVG, BIC, CAB, MVC, FTV, NFV, SQV, IDV, TPV, FPV, RAL, EVG, BIC, CAB, MVC, FTV, NFV, SQV, IDV, TPV, FPV, RAL, EVG, BIC, CAB, MVC, FTV, NFV, SQV, IDV, TPV, FPV, RAL, EVG, BIC, CAB, MVC, FTV, NFV, SQV, IDV, TPV, FPV, RAL, EVG, BIC, CAB, MVC, FTV, NFV, SQV, IDV, TPV, FPV, RAL, EVG, BIC, CAB, MVC, FTV, NFV, SQV, IDV, TPV, FPV, RAL, EVG, BIC, CAB, MVC, FTV, NFV, SQV, IDV, TPV, FPV, RAL, EVG, BIC, CAB, MVC, FTV, NFV, SQV, IDV, TPV, FPV, RAL, EVG, BIC, CAB, MVC, FTV, NFV, SQV, IDV, TPV, FPV, RAL, EVG, BIC, CAB, MVC, FTV, NFV, SQV, IDV, TPV, FPV, RAL, EVG, BIC, CAB, MVC, FTV, NFV, SQV, IDV, TPV, FPV, RAL, EVG, BIC, CAB, MVC, FTV, NFV, SQV, IDV, TPV, FPV, RAL, EVG, BIC, CAB, MVC, FTV, NFV, SQV, IDV, TPV, FPV, RAL, EVG, BIC, CAB, MVC, FTV, NFV, SQV, IDV, TPV, FPV, RAL, EVG, BIC, CAB, MVC, FTV, NFV, SQV, IDV, TPV, FPV, RAL, EVG, BIC, CAB, MVC, FTV, NFV, SQV, IDV, TPV, FPV, RAL, EVG, BIC, CAB, MVC, FTV, NFV, SQV, IDV, TPV, FPV, RAL, EVG, BIC, CAB, MVC, FTV, NFV, SQV, IDV, TPV, FPV, RAL, EVG, BIC, CAB, MVC, FTV, NFV, SQV, IDV, TPV, FPV, RAL, EVG, BIC, CAB, MVC, FTV, NFV, SQV, IDV, TPV, FPV, RAL, EVG, BIC, CAB, MVC, FTV, NFV, SQV, IDV, TPV, FPV, RAL, EVG, BIC, CAB, MVC, FTV, NFV, SQV, IDV, TPV, FPV, RAL, EVG, BIC, CAB, MVC, FTV, NFV, SQV, IDV, TPV, FPV, RAL, EVG, BIC, CAB, MVC, FTV, NFV, SQV, IDV, TPV, FPV, RAL, EVG, BIC, CAB, MVC, FTV, NFV, SQV, IDV, TPV, FPV, RAL, EVG, BIC, CAB, MVC, FTV, NFV, SQV, IDV, TPV, FPV, RAL, EVG, BIC, CAB, MVC, FTV, NFV, SQV, IDV, TPV, FPV, RAL, EVG, BIC, CAB, MVC, FTV, NFV, SQV, IDV, TPV, FPV, RAL, EVG, BIC, CAB, MVC, FTV, NFV, SQV, IDV, TPV, FPV, RAL, EVG, BIC, CAB, MVC, FTV, NFV, SQV, IDV, TPV, FPV, RAL, EVG, BIC, CAB, MVC, FTV, NFV, SQV, IDV, TPV, FPV, RAL, EVG, BIC, CAB, MVC, FTV, NFV, SQV, IDV, TPV, FPV, RAL, EVG, BIC, CAB, MVC, FTV, NFV, SQV, IDV, TPV, FPV, RAL, EVG, BIC, CAB, MVC, FTV, NFV, SQV, IDV, TPV, FPV, RAL, EVG, BIC, CAB, MVC, FTV, NFV, SQV, IDV, TPV, FPV, RAL, EVG, BIC, CAB, MVC, FTV, NFV, SQV, IDV, TPV, FPV, RAL, EVG, BIC, CAB, MVC, FTV, NFV, SQV, IDV, TPV, FPV, RAL, EVG, BIC, CAB, MVC, FTV, NFV, SQV, IDV, TPV, FPV, RAL, EVG, BIC, CAB, MVC, FTV, NFV, SQV, IDV, TPV, FPV, RAL, EVG, BIC, CAB, MVC, FTV, NFV, SQV, IDV, TPV, FPV, RAL, EVG, BIC, CAB, MVC, FTV, NFV, SQV, IDV, TPV, FPV, RAL, EVG, BIC, CAB, MVC, FTV, NFV, SQV, IDV, TPV, FPV, RAL, EVG, BIC, CAB, MVC, FTV, NFV, SQV, IDV, TPV, FPV, RAL, EVG, BIC, CAB, MVC, FTV, NFV, SQV, IDV, TPV, FPV, RAL, EVG, BIC, CAB, MVC, FTV, NFV, SQV, IDV, TPV, FPV, RAL, EVG, BIC, CAB, MVC, FTV, NFV, SQV, IDV, TPV, FPV, RAL, EVG, BIC, CAB, MVC, FTV, NFV, SQV, IDV, TPV, FPV, RAL, EVG, BIC, CAB, MVC, FTV, NFV, SQV, IDV, TPV, FPV, RAL, EVG, BIC, CAB, MVC, FTV, NFV, SQV, IDV, TPV, FPV, RAL, EVG, BIC, CAB, MVC, FTV, NFV, SQV, IDV, TPV, FPV, RAL, EVG, BIC, CAB, MVC, FTV, NFV, SQV, IDV, TPV, FPV, RAL, EVG, BIC, CAB, MVC, FTV, NFV, SQV, IDV, TPV, FPV, RAL, EVG, BIC, CAB, MVC, FTV, NFV, SQV, IDV, TPV, FPV, RAL, EVG, BIC, CAB, MVC, FTV, NFV, SQV, IDV, TPV, FPV, RAL, EVG, BIC, CAB, MVC, FTV, NFV, SQV, IDV, TPV, FPV, RAL, EVG, BIC, CAB, MVC, FTV, NFV, SQV, IDV, TPV, FPV, RAL, EVG, BIC, CAB, MVC, FTV, NFV, SQV, IDV, TPV, FPV, RAL, EVG, BIC, CAB, MVC, FTV, NFV, SQV, IDV, TPV, FPV, RAL, EVG, BIC, CAB, MVC, FTV, NFV, SQV, IDV, TPV, FPV, RAL, EVG, BIC, CAB, MVC, FTV, NFV, SQV, IDV, TPV, FPV, RAL, EVG, BIC, CAB, MVC, FTV, NFV, SQV, IDV, TPV, FPV, RAL, EVG, BIC, CAB, MVC, FTV, NFV, SQV, IDV, TPV, FPV, RAL, EVG, BIC, CAB, MVC, FTV, NFV, SQV, IDV, TPV, FPV, RAL, EVG, BIC, CAB, MVC, FTV, NFV, SQV, IDV, TPV, FPV, RAL, EVG, BIC, CAB, MVC, FTV, NFV, SQV, IDV, TPV, FPV, RAL, EVG, BIC, CAB, MVC, FTV, NFV, SQV, IDV, TPV, FPV, RAL, EVG, BIC, CAB, MVC, FTV, NFV, SQV, IDV, TPV, FPV, RAL, EVG, BIC, CAB, MVC, FTV, NFV, SQV, IDV, TPV, FPV, RAL, EVG, BIC, CAB, MVC, FTV, NFV, SQV, IDV, TPV, FPV, RAL, EVG, BIC, CAB, MVC, FTV, NFV, SQV, IDV, TPV, FPV, RAL, EVG, BIC, CAB, MVC, FTV, NFV, SQV, IDV, TPV, FPV, RAL, EVG, BIC, CAB, MVC, FTV, NFV, SQV, IDV, TPV, FPV, RAL, EVG, BIC, CAB, MVC, FTV, NFV, SQV, IDV, TPV, FPV, RAL, EVG, BIC, CAB, MVC, FTV, NFV, SQV, IDV, TPV, FPV, RAL, EVG, BIC, CAB, MVC, FTV, NFV, SQV, IDV, TPV, FPV, RAL, EVG, BIC, CAB, MVC, FTV, NFV, SQV, IDV, TPV, FPV, RAL, EVG, BIC, CAB, MVC, FTV, NFV, SQV, IDV, TPV, FPV, RAL, EVG, BIC, CAB, MVC, FTV, NFV, SQV, IDV, TPV, FPV, RAL, EVG, BIC, CAB, MVC, FTV, NFV, SQV, IDV, TPV, FPV, RAL, EVG, BIC, CAB, MVC, FTV, NFV, SQV, IDV, TPV, FPV, RAL, EVG, BIC, CAB, MVC, FTV, NFV, SQV, IDV, TPV, FPV, RAL, EVG, BIC, CAB, MVC, FTV, NFV, SQV, IDV, TPV, FPV, RAL, EVG, BIC, CAB, MVC, FTV, NFV, SQV, IDV, TPV, FPV, RAL, EVG, BIC, CAB, MVC, FTV, NFV, SQV, IDV, TPV, FPV, RAL, EVG, BIC, CAB, MVC, FTV, NFV, SQV, IDV, TPV, FPV, RAL, EVG, BIC, CAB, MVC, FTV, NFV, SQV, IDV, TPV, FPV, RAL, EVG, BIC, CAB, MVC, FTV, NFV, SQV, IDV, TPV, FPV, RAL, EVG, BIC, CAB, MVC, FTV, NFV, SQV, IDV, TPV, FPV, RAL, EVG, BIC, CAB, MVC, FTV, NFV, SQV, IDV, TPV, FPV, RAL, EVG, BIC, CAB, MVC, FTV, NFV, SQV, IDV, TPV, FPV, RAL, EVG, BIC, CAB, MVC, FTV, NFV, SQV, IDV, TPV, FPV, RAL, EVG, BIC, CAB, MVC, FTV, NFV, SQV, IDV, TPV, FPV, RAL, EVG, BIC, CAB, MVC, FTV, NFV, SQV, IDV, TPV, FPV, RAL, EVG, BIC, CAB, MVC, FTV, NFV, SQV, IDV, TPV, FPV, RAL, EVG, BIC, CAB, MVC, FTV, NFV, SQV, IDV, TPV, FPV, RAL, EVG, BIC, CAB, MVC, FTV, NFV, SQV, IDV, TPV, FPV, RAL, EVG, BIC, CAB, MVC, FTV, NFV, SQV, IDV, TPV, FPV, RAL, EVG, BIC, CAB, MVC, FTV, NFV, SQV, IDV, TPV, FPV, RAL, EVG, BIC, CAB, MVC, FTV, NFV, SQV, IDV, TPV, FPV, RAL, EVG, BIC, CAB, MVC, FTV, NFV, SQV, IDV, TPV, FPV, RAL, EVG, BIC, CAB, MVC, FTV, NFV, SQV, IDV, TPV, FPV, RAL, EVG, BIC, CAB, MVC, FTV, NFV, SQV, IDV, TPV, FPV, RAL, EVG, BIC, CAB, MVC, FTV, NFV, SQV, IDV, TPV, FPV, RAL, EVG, BIC, CAB, MVC, FTV, NFV, SQV, IDV, TPV, FPV, RAL, EVG, BIC, CAB, MVC, FTV, NFV, SQV, IDV, TPV, FPV, RAL, EVG, BIC, CAB, MVC, FTV, NFV, SQV, IDV, TPV, FPV, RAL, EVG, BIC, CAB, MVC, FTV, NFV, SQV, IDV, TPV, FPV, RAL, EVG, BIC, CAB, MVC, FTV, NFV, SQV, IDV, TPV, FPV, RAL, EVG, BIC, CAB, MVC, FTV, NFV, SQV, IDV, TPV, FPV, RAL, EVG, BIC, CAB, MVC, FTV, NFV, SQV, IDV, TPV, FPV, RAL, EVG, BIC, CAB, MVC, FTV, NFV, SQV, IDV, TPV, FPV, RAL, EVG, BIC, CAB, MVC, FTV, NFV, SQV, IDV, TPV, FPV, RAL, EVG, BIC, CAB, MVC, FTV, NFV, SQV, IDV, TPV, FPV, RAL, EVG, BIC, CAB, MVC, FTV, NFV, SQV, IDV, TPV, FPV, RAL, EVG, BIC, CAB, MVC, FTV, NFV, SQV, IDV, TPV, FPV, RAL, EVG, BIC, CAB, MVC, FTV, NFV, SQV, IDV, TPV, FPV, RAL, EVG, BIC, CAB, MVC, FTV, NFV, SQV, IDV, TPV, FPV, RAL, EVG, BIC, CAB, MVC, FTV, NFV, SQV, IDV, TPV, FPV, RAL, EVG, BIC, CAB, MVC, FTV, NFV, SQV, IDV, TPV, FPV, RAL, EVG, BIC, CAB, MVC, FTV, NFV, SQV, IDV, TPV, FPV, RAL, EVG, BIC, CAB, MVC, FTV, NFV, SQV, IDV, TPV, FPV, RAL, EVG, BIC, CAB, MVC, FTV, NFV, SQV, IDV, TPV, FPV, RAL, EVG, BIC, CAB, MVC, FTV, NFV, SQV, IDV, TPV, FPV, RAL, EVG, BIC, CAB, MVC, FTV, NFV, SQV, IDV, TPV, FPV, RAL, EVG, BIC, CAB, MVC, FTV, NFV, SQV, IDV, TPV, FPV, RAL, EVG, BIC, CAB, MVC, FTV, NFV, SQV, IDV, TPV, FPV, RAL, EVG, BIC, CAB, MVC, FTV, NFV, SQV, IDV, TPV, FPV, RAL, EVG, BIC, CAB, MVC, FTV, NFV, SQV, IDV, TPV, FPV, RAL, EVG, BIC, CAB, MVC, FTV, NFV, SQV, IDV, TPV, FPV, RAL, EVG, BIC, CAB, MVC, FTV, NFV, SQV, IDV, TPV, FPV, RAL, EVG, BIC, CAB, MVC, FTV, NFV, SQV, IDV, TPV, FPV, RAL, EVG, BIC, CAB, MVC, FTV, NFV, SQV, IDV, TPV, FPV, RAL, EVG, BIC, CAB, MVC, FTV, NFV, SQV, IDV, TPV, FPV, RAL, EVG, BIC, CAB, MVC, FTV, NFV, SQV, IDV, TPV, FPV, RAL, EVG, BIC, CAB, MVC, FTV, NFV, SQV, IDV, TPV, FPV, RAL, EVG, BIC, CAB, MVC, FTV, NFV, SQV, IDV, TPV, FPV, RAL, EVG, BIC, CAB, MVC, FTV, NFV, SQV, IDV, TPV, FPV, RAL, EVG, BIC, CAB, MVC, FTV, NFV, SQV, IDV, TPV, FPV, RAL, EVG, BIC, CAB, MVC, FTV, NFV, SQV, IDV, TPV, FPV, RAL, EVG, BIC, CAB, MVC, FTV, NFV, SQV, IDV, TPV, FPV, RAL, EVG, BIC, CAB, MVC, FTV, NFV, SQV, IDV, TPV, FPV, RAL, EVG, BIC, CAB, MVC, FTV, NFV, SQV, IDV, TPV, FPV, RAL, EVG, BIC, CAB, MVC, FTV, NFV, SQV, IDV, TPV, FPV, RAL, EVG, BIC, CAB, MVC, FTV, NFV, SQV, IDV, TPV, FPV, RAL, EVG, BIC, CAB, MVC, FTV, NFV, SQV, IDV, TPV, FPV, RAL, EVG, BIC, CAB, MVC, FTV, NFV, SQV, IDV, TPV, FPV, RAL, EVG, BIC, CAB, MVC, FTV, NFV, SQV, IDV, TPV, FPV, RAL, EVG, BIC, CAB, MVC, FTV, NFV, SQV, IDV, TPV, FPV, RAL, EVG, BIC, CAB, MVC, FTV, NFV, SQV, IDV, TPV, FPV, RAL, EVG, BIC, CAB, MVC, FTV, NFV, SQV, IDV, TPV, FPV, RAL, EVG, BIC, CAB, MVC, FTV, NFV, SQV, IDV, TPV, FPV, RAL, EVG, BIC, CAB, MVC, FTV, NFV, SQV, IDV, TPV, FPV, RAL, EVG, BIC, CAB, MVC, FTV, NFV, SQV, IDV, TPV, FPV, RAL, EVG, BIC, CAB, MVC, FTV, NFV, SQV, IDV, TPV, FPV, RAL, EVG, BIC, CAB, MVC, FTV, NFV, SQV, IDV, TPV, FPV, RAL, EVG, BIC, CAB, MVC, FTV, NFV, SQV, IDV, TPV, FPV, RAL, EVG, BIC, CAB, MVC, FTV, NFV, SQV, IDV, TPV, FPV, RAL, EVG, BIC, CAB, MVC, FTV, NFV, SQV, IDV, TPV, FPV, RAL, EVG, BIC, CAB, MVC, FTV, NFV, SQV, IDV, TPV, FPV, RAL, EVG, BIC, CAB, MVC, FTV, NFV, SQV, IDV, TPV, FPV, RAL, EVG, BIC, CAB, MVC, FTV, NFV, SQV, IDV, TPV, FPV, RAL, EVG, BIC, CAB, MVC, FTV, NFV, SQV, IDV, TPV, FPV, RAL, EVG, BIC, CAB, MVC, FTV, NFV, SQV, IDV, TPV, FPV, RAL, EVG, BIC, CAB, MVC, FTV, NFV, SQV, IDV, TPV, FPV, RAL, EVG, BIC, CAB, MVC, FTV, NFV, SQV, IDV, TPV, FPV, RAL, EVG, BIC, CAB, MVC, FTV, NFV, SQV, IDV, TPV, FPV, RAL, EVG, BIC, CAB, MVC, FTV, NFV, SQV, IDV, TPV, FPV, RAL, EVG, BIC, CAB, MVC, FTV, NFV, SQV, IDV, TPV, FPV, RAL, EVG, BIC, CAB, MVC, FTV, NFV, SQV, IDV, TPV, FPV, RAL, EVG, BIC, CAB, MVC, FTV, NFV, SQV, IDV, TPV, FPV, RAL, EVG, BIC, CAB, MVC, FTV, NFV, SQV, IDV, TPV, FPV, RAL, EVG, BIC, CAB, MVC, FTV, NFV, SQV, IDV, TPV, FPV, RAL, EVG, BIC, CAB, MVC, FTV, NFV, SQV, IDV, TPV, FPV, RAL, EVG, BIC, CAB, MVC, FTV, NFV, SQV, IDV, TPV, FPV, RAL, EVG, B"
41029850,1,Does the paper report HIV sequences from patient samples?,Yes
41029850,2,Does the paper report in vitro drug susceptibility data?,No
41029850,3,Were sequences from the paper made publicly available?,Yes
41029850,4,What were the GenBank accession numbers for sequenced HIV isolates?,"PQ893197, PQ893192, OQ985810, OR259747, PQ893191"
41029850,5,How many individuals had samples obtained for HIV sequencing?,203
41029850,6,From which countries were the sequenced samples obtained?,Cameroon
41029850,7,From what years were the sequenced samples obtained?,Not reported
41029850,8,Were samples cloned prior to sequencing?,No
41029850,9,Which HIV genes were reported to have been sequenced?,"PR, RT"
41029850,10,What method was used for sequencing?,Sanger sequencing
41029850,11,What type of samples were sequenced?,Not reported
41029850,12,Were any sequences obtained from individuals with virological failure on a treatment regimen?,Yes
41029850,13,Were the patients in the study in a clinical trial?,No
41029850,14,Does the paper report HIV sequences from individuals who had previously received ARV drugs?,Yes
41029850,15,Which drug classes were received by individuals in the study before sample sequencing?,"Not reported
```"
41029850,16,Which drugs were received by individuals in the study before sample sequencing?,
41056006,1,Does the paper report HIV sequences from patient samples?,Yes
41056006,2,Does the paper report in vitro drug susceptibility data?,Yes
41056006,3,Were sequences from the paper made publicly available?,Yes
41056006,4,What were the GenBank accession numbers for sequenced HIV isolates?,Not reported
41056006,5,How many individuals had samples obtained for HIV sequencing?,182
41056006,6,From which countries were the sequenced samples obtained?,Not reported
41056006,7,From what years were the sequenced samples obtained?,2019-2020
41056006,8,Were samples cloned prior to sequencing?,No
41056006,9,Which HIV genes were reported to have been sequenced?,Capsid
41056006,10,What method was used for sequencing?,Next-generation sequencing
41056006,11,What type of samples were sequenced?,Not reported
41056006,12,Were any sequences obtained from individuals with virological failure on a treatment regimen?,Yes
41056006,13,Were the patients in the study in a clinical trial?,Yes
41056006,14,Does the paper report HIV sequences from individuals who had previously received ARV drugs?,No
41056006,15,Which drug classes were received by individuals in the study before sample sequencing?,None
41056006,16,Which drugs were received by individuals in the study before sample sequencing?,None
41057785,1,Does the paper report HIV sequences from patient samples?,"Yes

```

```"
41057785,2,Does the paper report in vitro drug susceptibility data?,"No

```

```"
41057785,3,Were sequences from the paper made publicly available?,"No

```

```"
41057785,4,What were the GenBank accession numbers for sequenced HIV isolates?,"Not reported

```

```"
41057785,5,How many individuals had samples obtained for HIV sequencing?,"235

```

```"
41057785,6,From which countries were the sequenced samples obtained?,"Uganda

```

```"
41057785,7,From what years were the sequenced samples obtained?,"2018-2023

```

```"
41057785,8,Were samples cloned prior to sequencing?,"No

```

```"
41057785,9,Which HIV genes were reported to have been sequenced?,"Not reported

```

```"
41057785,10,What method was used for sequencing?,"Not reported

```

```"
41057785,11,What type of samples were sequenced?,"Not reported

```

```"
41057785,12,Were any sequences obtained from individuals with virological failure on a treatment regimen?,"Yes

```

```"
41057785,13,Were the patients in the study in a clinical trial?,"No

```

```"
41057785,14,Does the paper report HIV sequences from individuals who had previously received ARV drugs?,"Yes

```

```"
41057785,15,Which drug classes were received by individuals in the study before sample sequencing?,"Not reported

```

```"
41057785,16,Which drugs were received by individuals in the study before sample sequencing?,"Not reported

```"
41088231,1,Does the paper report HIV sequences from patient samples?,Yes
41088231,2,Does the paper report in vitro drug susceptibility data?,No
41088231,3,Were sequences from the paper made publicly available?,Yes
41088231,4,What were the GenBank accession numbers for sequenced HIV isolates?,
41088231,5,How many individuals had samples obtained for HIV sequencing?,1
41088231,6,From which countries were the sequenced samples obtained?,China
41088231,7,From what years were the sequenced samples obtained?,2023
41088231,8,Were samples cloned prior to sequencing?,No
41088231,9,Which HIV genes were reported to have been sequenced?,"PR, RT, IN, CA, Env"
41088231,10,What method was used for sequencing?,Sanger sequencing
41088231,11,What type of samples were sequenced?,Plasma
41088231,12,Were any sequences obtained from individuals with virological failure on a treatment regimen?,No
41088231,13,Were the patients in the study in a clinical trial?,No
41088231,14,Does the paper report HIV sequences from individuals who had previously received ARV drugs?,No
41088231,15,Which drug classes were received by individuals in the study before sample sequencing?,None
41088231,16,Which drugs were received by individuals in the study before sample sequencing?,"None

```"
41091504,1,Does the paper report HIV sequences from patient samples?,Yes
41091504,2,Does the paper report in vitro drug susceptibility data?,Yes
41091504,3,Were sequences from the paper made publicly available?,Not reported
41091504,4,What were the GenBank accession numbers for sequenced HIV isolates?,Not reported
41091504,5,How many individuals had samples obtained for HIV sequencing?,Not reported
41091504,6,From which countries were the sequenced samples obtained?,Not reported
41091504,7,From what years were the sequenced samples obtained?,Not reported
41091504,8,Were samples cloned prior to sequencing?,Not reported
41091504,9,Which HIV genes were reported to have been sequenced?,"PR, RT, IN, Pol, CA, Env"
41091504,10,What method was used for sequencing?,NGS
41091504,11,What type of samples were sequenced?,"Plasma, PBMC"
41091504,12,Were any sequences obtained from individuals with virological failure on a treatment regimen?,Yes
41091504,13,Were the patients in the study in a clinical trial?,Not reported
41091504,14,Does the paper report HIV sequences from individuals who had previously received ARV drugs?,Yes
41091504,15,Which drug classes were received by individuals in the study before sample sequencing?,"NRTIs, NNRTIs, PIs, INSTIs"
41091504,16,Which drugs were received by individuals in the study before sample sequencing?,"Not reported
```"
41093949,1,Does the paper report HIV sequences from patient samples?,Yes
41093949,2,Does the paper report in vitro drug susceptibility data?,Yes
41093949,3,Were sequences from the paper made publicly available?,Yes
41093949,4,What were the GenBank accession numbers for sequenced HIV isolates?,
41093949,5,How many individuals had samples obtained for HIV sequencing?,Not reported
41093949,6,From which countries were the sequenced samples obtained?,Not reported
41093949,7,From what years were the sequenced samples obtained?,Not reported
41093949,8,Were samples cloned prior to sequencing?,Yes
41093949,9,Which HIV genes were reported to have been sequenced?,Pol
41093949,10,What method was used for sequencing?,Not reported
41093949,11,What type of samples were sequenced?,Not reported
41093949,12,Were any sequences obtained from individuals with virological failure on a treatment regimen?,No
41093949,13,Were the patients in the study in a clinical trial?,No
41093949,14,Does the paper report HIV sequences from individuals who had previously received ARV drugs?,No
41093949,15,Which drug classes were received by individuals in the study before sample sequencing?,None
41093949,16,Which drugs were received by individuals in the study before sample sequencing?,
41112839,1,Does the paper report HIV sequences from patient samples?,Yes
41112839,2,Does the paper report in vitro drug susceptibility data?,No
41112839,3,Were sequences from the paper made publicly available?,Yes
41112839,4,What were the GenBank accession numbers for sequenced HIV isolates?,PP280627-PP280757
41112839,5,How many individuals had samples obtained for HIV sequencing?,237
41112839,6,From which countries were the sequenced samples obtained?,Senegal
41112839,7,From what years were the sequenced samples obtained?,2017-2018
41112839,8,Were samples cloned prior to sequencing?,No
41112839,9,Which HIV genes were reported to have been sequenced?,RT
41112839,10,What method was used for sequencing?,Not reported
41112839,11,What type of samples were sequenced?,"DBS, Whole blood"
41112839,12,Were any sequences obtained from individuals with virological failure on a treatment regimen?,No
41112839,13,Were the patients in the study in a clinical trial?,No
41112839,14,Does the paper report HIV sequences from individuals who had previously received ARV drugs?,No
41112839,15,Which drug classes were received by individuals in the study before sample sequencing?,None
41112839,16,Which drugs were received by individuals in the study before sample sequencing?,"None
```"
41129268,1,Does the paper report HIV sequences from patient samples?,Yes
41129268,2,Does the paper report in vitro drug susceptibility data?,Yes
41129268,3,Were sequences from the paper made publicly available?,No
41129268,4,What were the GenBank accession numbers for sequenced HIV isolates?,Not reported
41129268,5,How many individuals had samples obtained for HIV sequencing?,333
41129268,6,From which countries were the sequenced samples obtained?,Uganda
41129268,7,From what years were the sequenced samples obtained?,2021
41129268,8,Were samples cloned prior to sequencing?,No
41129268,9,Which HIV genes were reported to have been sequenced?,Pol
41129268,10,What method was used for sequencing?,Sanger sequencing
41129268,11,What type of samples were sequenced?,Plasma
41129268,12,Were any sequences obtained from individuals with virological failure on a treatment regimen?,Yes
41129268,13,Were the patients in the study in a clinical trial?,No
41129268,14,Does the paper report HIV sequences from individuals who had previously received ARV drugs?,Yes
41129268,15,Which drug classes were received by individuals in the study before sample sequencing?,"NRTIs, NNRTIs, PIs"
41129268,16,Which drugs were received by individuals in the study before sample sequencing?,"EFV, NVP, LPV/r, DTG"
41130593,1,Does the paper report HIV sequences from patient samples?,Yes
41130593,2,Does the paper report in vitro drug susceptibility data?,No
41130593,3,Were sequences from the paper made publicly available?,No
41130593,4,What were the GenBank accession numbers for sequenced HIV isolates?,Not reported
41130593,5,How many individuals had samples obtained for HIV sequencing?,Not reported
41130593,6,From which countries were the sequenced samples obtained?,Not reported
41130593,7,From what years were the sequenced samples obtained?,Not reported
41130593,8,Were samples cloned prior to sequencing?,No
41130593,9,Which HIV genes were reported to have been sequenced?,"CA, PR, RT, IN"
41130593,10,What method was used for sequencing?,NGS
41130593,11,What type of samples were sequenced?,Plasma
41130593,12,Were any sequences obtained from individuals with virological failure on a treatment regimen?,Yes
41130593,13,Were the patients in the study in a clinical trial?,Yes
41130593,14,Does the paper report HIV sequences from individuals who had previously received ARV drugs?,Yes
41130593,15,Which drug classes were received by individuals in the study before sample sequencing?,"NRTI, NNRTI, INSTI"
41130593,16,Which drugs were received by individuals in the study before sample sequencing?,"F/TAF, F/TDF, DTG, 3TC, TDF"
41140464,1,Does the paper report HIV sequences from patient samples?,Yes
41140464,2,Does the paper report in vitro drug susceptibility data?,No
41140464,3,Were sequences from the paper made publicly available?,Yes
41140464,4,What were the GenBank accession numbers for sequenced HIV isolates?,Not reported
41140464,5,How many individuals had samples obtained for HIV sequencing?,Not reported
41140464,6,From which countries were the sequenced samples obtained?,"Kenya, Uganda, Tanzania, and Ethiopia"
41140464,7,From what years were the sequenced samples obtained?,2015-2025
41140464,8,Were samples cloned prior to sequencing?,No
41140464,9,Which HIV genes were reported to have been sequenced?,"PR, RT, IN"
41140464,10,What method was used for sequencing?,Not reported
41140464,11,What type of samples were sequenced?,Not reported
41140464,12,Were any sequences obtained from individuals with virological failure on a treatment regimen?,No
41140464,13,Were the patients in the study in a clinical trial?,No
41140464,14,Does the paper report HIV sequences from individuals who had previously received ARV drugs?,No
41140464,15,Which drug classes were received by individuals in the study before sample sequencing?,"Not reported
```"
41140464,16,Which drugs were received by individuals in the study before sample sequencing?,
