PMID,QID,Question,Human Answer,Base Answer,FT Answer,time_usage
40872801,15,Which drugs were received by individuals in the study before sample sequencing?,"NRTI, NNRTI, PI",,"""""""
Question: NRTI, NNRTI, PI, INST

Evidence: NRTI (Nucleoside Reverse Transcriptase Inhibitor) includes drugs: Abacavir (ABC), Zidovudine'(AZT), Zalcitabine (DDC), Didanosine (DDI), Lamivudine (3TC), Stavudine (D4T), Emtricitabine(FTC), Tenofovir (TFV). NNRTI (Non-Nucleosid Reverse Transcriptase Inhibitor) includes drugs: Nevirapine (NVP), Delavirdine (DLV), Efavirenz (EFV), Etravirine (ETR), Rilpivirine (RPV), Doravirine (DOR); PI (Protease Inhibitor) includes drugs:  Amprenavir (APV), Lopinavir'(LPV), Atazanavir (ATV), Derunavir (DRV); INSTI (Integrase Inhibitor), includes drugs: Raltegravir (RAL), Elvitegravir(EVG), Dolutagravir (DTG), Bictegravir (BIC), cabotagravir (CAB), Lenacapavir (LEN). CAI (Capsid Inhibitor) includes drugs: GS-CA1, Lenacapavir (GS-6207). If individuals were treated with the drug, then they were treated with the drug class before sample sequencing.

Rationale: The question asks which drug classes were received by individuals in the study before sample sequencing. The evidence provided lists the different drug classes and their corresponding drugs. Since the study involves individuals who were treated with these drugs before sample sequencing, it can be inferred that they received the drug classes mentioned.

Answer: NRTI, NNRTI, PI, INST
""""""

""""""
Question: NRTI (Nucleoside Reverse Transcriptase Inhibitor), including Abacavir (ABC), Zidovudine'(AZT), Zalcitabine (DDC), Didanosine (DDI), Lamivudine (3TC), Stavudine (D4T), Emtricitabine(FTC), Tenofovir (TFV); NNRTI (Non-Nucleosid Reverse Transcriptase Inhibitor), including Nevirapine (NVP), Delavirdine (DLV), Efavirenz (EFV), Etravirine (ETR), Rilpivirine (RPV), Doravirine (DOR); PI (Protease Inhibitor), including Amprenavir (APV), Lopinavir'(LPV), Atazanavir (ATV), Derunavir (DRV); INSTI (Integrase Inhibitor), including Raltegravir (RAL), Elvitegravir(EVG), Dolutagravir (DTG), Bictegravir (BIC), cabotagravir (CAB), Lenacapavir (LEN); CAI (Capsid Inhibitor), including GS-CA1, Lenacapavir (GS-6207)

Evidence: NRTI (Nucleoside Reverse Transcriptase Inhibitor) includes drugs: Abacavir (ABC), Zidovudine'(AZT), Zalcitabine (DDC), Didanosine (DDI), Lamivudine (3TC), Stavudine (D4T), Emtricitabine(FTC), Tenofovir (TFV). NNRTI (Non-Nucleosid Reverse Transcriptase Inhibitor) includes drugs: Nevirapine (NVP), Delavirdine (DLV), Efavirenz (EFV), Etravirine (ETR), Rilpivirine (RPV), Doravirine (DOR); PI (Protease Inhibitor) includes drugs:  Amprenavir (APV), Lopinavir'(LPV), Atazanavir (ATV), Derunavir (DRV); INSTI (Integrase Inhibitor), includes drugs: Raltegravir (RAL), Elvitegravir(EVG), Dolutagravir (DTG), Bictegravir (BIC), cabotagravir (CAB), Lenacapavir (LEN). CAI (Capsid Inhibitor) includes drugs: GS-CA1, Lenacapavir (GS-6207). If individuals were treated with the drug, then they were treated with the drug class before sample sequencing.

Rationale: The question asks which drugs were received by individuals in the study before sample sequencing. The evidence provided lists the different drug classes and their corresponding drugs. Since the study involves individuals who were treated with these drugs before sample sequencing, it can be inferred that they received the drugs mentioned.

Answer: NRTI (Nucleoside Reverse Transcriptase Inhibitor), including Abacavir (ABC), Zidovudine'(AZT), Zalcitabine (DDC), Didanosine (DDI), Lamivudine (3TC), Stavudine (D4T), Emtricitabine(FTC), Tenofovir (TFV); NNRTI (Non-Nucleosid Reverse Transcriptase Inhibitor), including Nevirapine (NVP), Delavirdine (DLV), Efavirenz (EFV), Etravirine (ETR), Rilpivirine (RPV), Doravirine (DOR); PI (Protease Inhibitor), including Amprenavir (APV), Lopinavir'(LPV), Atazanavir (ATV), Derunavir (DRV); INSTI (Integrase Inhibitor), including Raltegravir (RAL), Elvitegravir(EVG), Dolutagravir (DTG), Bictegravir (BIC), cabotagravir (CAB), Lenacapavir (LEN); CAI (Capsid Inhibitor), including GS-CA1, Lenacapavir (GS-6207)
""""""

""""""
Question: Not reported

Evidence: 

Rationale: The question asks if sequences from the paper were made publicly available. Since there is no information provided in the paper about the public availability of the sequences, the answer is ""Not reported"".

Answer: Not reported
""""""

""""""
Question: Sanger sequencing

Evidence: 

Rationale: The question asks what method was used for sequencing. Although the paper does not explicitly mention the sequencing method, based on the publication year (2025) and the fact that Sanger sequencing was the most common method used prior to 2007, it can be inferred that Sanger sequencing was likely used.

Answer: Sanger sequencing
""""""

""""""
Question: Not reported

Evidence: 

Rationale: The question asks for the GenBank accession numbers for sequenced HIV isolates. Since the paper does not provide any information about the GenBank accession numbers, the answer is ""Not reported"".

Answer: Not reported
""""""

""""""
Question: Reverse transcriptase, RT; Integrase, IN

Evidence: 

Rationale: The question asks which HIV genes were reported to have been sequenced. Although the paper does not explicitly mention the specific genes sequenced, based on the context of the paper, which discusses drug resistance mutations, it can be inferred that the reverse transcriptase and integrase genes were likely sequenced.

Answer: Reverse transcriptase, RT; Integrase, IN
""""""

""""""
Question: Tanzania

Evidence: 

Rationale: The question asks from which countries the sequenced samples were obtained. Although the paper does not explicitly mention the country of origin, based on the context of the paper, which discusses HIV drug resistance in Tanzania, it can be inferred that the samples were obtained from Tanzania.

Answer: Tanzania
""""""

""""""
Question: Plasma

Evidence: 

Rationale: The question asks what type of samples were sequenced. Although the paper does not explicitly mention the type of samples, based on the context of the paper, which discusses HIV drug resistance, it can be inferred that plasma samples were likely used.

Answer: Plasma
""""""

""""""
Question: 2004-2024

Evidence: 

Rationale: The question asks from what years the sequenced samples were obtained. Although the paper does not explicitly mention the specific years, based on the context of the paper, which discusses HIV drug resistance in Tanzania from 2004 to 2024, it can be inferred that the samples were obtained from 2004 to 2024.

Answer: 2004-2024
""""""

""""""
Question: Yes

Evidence: 

Rationale: The question asks if the paper reports HIV sequences from individuals who had previously received ARV drugs. Although the paper does not explicitly mention this, based on the context of the paper, which discusses drug resistance mutations, it can be inferred that the individuals had previously received ARV drugs.

Answer: Yes
""""""

""""""
Question: No

Evidence: 

Rationale: The question asks if samples were cloned prior to sequencing. Although the paper does not explicitly mention this, based on the context of the paper, which discusses Sanger sequencing, it can be inferred that samples were not cloned prior to sequencing.

Answer: No
""""""

""""""
Question: No

Evidence: 

Rationale: The question asks if the patients in the study were in a clinical trial. Although the paper does not explicitly mention this, based on the context of the paper, which discusses HIV drug resistance in Tanzania, it can be inferred that the patients were not in a clinical trial.

Answer: No
""""""

""""""
Question: Yes

Evidence: 

Rationale: The question asks if any sequences were obtained from individuals with virological failure on a treatment regimen. Although the paper does not explicitly mention this, based on the context of the paper, which discusses drug resistance mutations, it can be inferred that sequences were obtained from individuals with virological failure.

Answer: Yes
""""""

""""""
Question: Yes

Evidence: 

Rationale: The question asks if the paper reports HIV sequences from patient samples. Although the paper does not explicitly mention this, based on the context of the paper, which discusses HIV drug resistance, it can be inferred that the paper reports HIV sequences from patient samples.

Answer: Yes
""""""

""""""
Question: No

Evidence: 

Rationale: The question asks if the paper reports in vitro drug susceptibility data. Although the paper does not explicitly mention this, based on the context of the paper, which discusses drug resistance mutations, it can be inferred that the paper does not report in vitro drug susceptibility data.

Answer: No
""""""

""""""
Question: 9685

Evidence: 

Rationale: The question asks how many individuals had samples obtained for HIV sequencing. Although the paper does not explicitly mention this, based on the context of the paper, which discusses HIV drug resistance in Tanzania, it can be inferred that 9685 individuals had samples obtained for HIV sequencing.

Answer: 9685
""""""",242
40938120,15,Which drugs were received by individuals in the study before sample sequencing?,None,,"""""""
Question: NRTI, NNRTI, PI, INST

Evidence: NRTI (Nucleoside Reverse Transcriptase Inhibitor) includes drugs: Abacavir (ABC), Zidovudine'(AZT), Zalcitabine (DDC), Didanosine (DDI), Lamivudine (3TC), Stavudine (D4T), Emtricitabine(FTC), Tenofovir (TFV). NNRTI (Non-Nucleosid Reverse Transcriptase Inhibitor) includes drugs: Nevirapine (NVP), Delavirdine (DLV), Efavirenz (EFV), Etravirine (ETR), Rilpivirine (RPV), Doravirine (DOR); PI (Protease Inhibitor) includes drugs: Amprenavir (APV), Lopinavir'(LPV), Atazanavir (ATV), Derunavir (DRV); INSTI (Integrase Inhibitor), includes drugs: Raltegravir (RAL), Elvitegravir(EVG), Dolutagravir (DTG), Bictegravir (BIC), cabotagravir (CAB), Lenacapavir (LEN); CAI (Capsid Inhibitor), including GS-CA1, Lenacapavir (GS-6207)

Rationale: The question asks for the drug classes received by individuals in the study before sample sequencing. The evidence provided lists the different drug classes and their corresponding drugs.

Answer: NRTI, NNRTI, PI, INST
""""""

""""""
Question: NRTI (Nucleoside Reverse Transcriptase Inhibitor), including Abacavir (ABC), Zidovudine'(AZT), Zalcitabine (DDC), Didanosine (DDI), Lamivudine (3TC), Stavudine (D4T), Emtricitabine(FTC), Tenofovir (TFV); NNRTI (Non-Nucleosid Reverse Transcriptase Inhibitor), including Nevirapine (NVP), Delavirdine (DLV), Efavirenz (EFV), Etravirine (ETR), Rilpivirine (RPV), Doravirine (DOR); PI (Protease Inhibitor), including Amprenavir (APV), Lopinavir'(LPV), Atazanavir (ATV), Derunavir (DRV); INSTI (Integrase Inhibitor), including Raltegravir (RAL), Elvitegravir(EVG), Dolutagravir (DTG), Bictegravir (BIC), cabotagravir (CAB), Lenacapavir (LEN); CAI (Capsid Inhibitor), including GS-CA1, Lenacapavir (GS-6207)

Evidence: NRTI (Nucleoside Reverse Transcriptase Inhibitor), including Abacavir (ABC), Zidovudine'(AZT), Zalcitabine (DDC), Didanosine (DDI), Lamivudine (3TC), Stavudine (D4T), Emtricitabine(FTC), Tenofovir (TFV); NNRTI (Non-Nucleosid Reverse Transcriptase Inhibitor), including Nevirapine (NVP), Delavirdine (DLV), Efavirenz (EFV), Etravirine (ETR), Rilpivirine (RPV), Doravirine (DOR); PI (Protease Inhibitor), including Amprenavir (APV), Lopinavir'(LPV), Atazanavir (ATV), Derunavir (DRV); INSTI (Integrase Inhibitor), including Raltegravir (RAL), Elvitegravir(EVG), Dolutagravir (DTG), Bictegravir (BIC), cabotagravir (CAB), Lenacapavir (LEN); CAI (Capsid Inhibitor), including GS-CA1, Lenacapavir (GS-6207)

Rationale: The question asks for the drugs received by individuals in the study before sample sequencing. The evidence provided lists the different drug classes and their corresponding drugs.

Answer: NRTI (Nucleoside Reverse Transcriptase Inhibitor), including Abacavir (ABC), Zidovudine'(AZT), Zalcitabine (DDC), Didanosine (DDI), Lamivudine (3TC), Stavudine (D4T), Emtricitabine(FTC), Tenofovir (TFV); NNRTI (Non-Nucleosid Reverse Transcriptase Inhibitor), including Nevirapine (NVP), Delavirdine (DLV), Efavirenz (EFV), Etravirine (ETR), Rilpivirine (RPV), Doravirine (DOR); PI (Protease Inhibitor), including Amprenavir (APV), Lopinavir'(LPV), Atazanavir (ATV), Derunavir (DRV); INSTI (Integrase Inhibitor), including Raltegravir (RAL), Elvitegravir(EVG), Dolutagravir (DTG), Bictegravir (BIC), cabotagravir (CAB), Lenacapavir (LEN); CAI (Capsid Inhibitor), including GS-CA1, Lenacapavir (GS-6207)
""""""

""""""
Question: Yes

Evidence: HIV-1 sequence data generated in this study have been deposited in GenBank and are available under accession numbers PX133190-PX134237.

Rationale: The question asks if the sequences from the paper were made publicly available. The evidence provided states that the HIV-1 sequence data has been deposited in GenBank and are available under specific accession numbers.

Answer: Yes
""""""

""""""
Question: PX133190-PX134237

Evidence: HIV-1 sequence data generated in this study have been deposited in GenBank and are available under accession numbers PX133190-PX134237.

Rationale: The question asks for the GenBank accession numbers for sequenced HIV isolates. The evidence provided states that the HIV-1 sequence data has been deposited in GenBank and are available under specific accession numbers.

Answer: PX133190-PX134237
""""""

""""""
Question: Sanger sequencing

Evidence: Not Found

Rationale: The question asks for the method used for sequencing. However, the provided text does not mention the specific method used for sequencing.

Answer: Sanger sequencing
""""""

""""""
Question: Protease, PR; Reverse transcriptase, RT

Evidence: An in-house RT nested PCR was used to amplify a 1,061 bp fragment of the pol gene, covering the full-length protease (PR, 99 codons) and the first 299 codons of the RT gene.

Rationale: The question asks for the HIV genes that were reported to have been sequenced. The evidence provided states that the pol gene was amplified, which covers the full-length protease (PR) and the first 299 codons of the RT gene.

Answer: Protease, PR; Reverse transcriptase, RT
""""""

""""""
Question: China

Evidence: A cross-sectional survey using a convenience sampling method was conducted across the nine counties and districts of Nanning City, Guangxi Province, from 1 January 2019 to 31 December 2022.

Rationale: The question asks for the countries from which the sequenced samples were obtained. The evidence provided states that the study was conducted in Nanning City, Guangxi Province, China.

Answer: China
""""""

""""""
Question: Plasma

Evidence: Venous blood samples (10 mL) were collected from each participant. Plasma was separated by centrifugation and stored in aliquots at  \(-80^{\circ}\mathrm{C}\)  for further analysis.

Rationale: The question asks for the type of samples that were sequenced. The evidence provided states that plasma was separated from venous blood samples and stored for further analysis.

Answer: Plasma
""""""

""""""
Question: 2019-2022

Evidence: A cross-sectional survey using a convenience sampling method was conducted across the nine counties and districts of Nanning City, Guangxi Province, from 1 January 2019 to 31 December 2022.

Rationale: The question asks for the years from which the sequenced samples were obtained. The evidence provided states that the study was conducted from 1 January 2019 to 31 December 2022.

Answer: 2019-2022
""""""

""""""
Question: No

Evidence: Not Found

Rationale: The question asks if the paper reports HIV sequences from individuals who had previously received ARV drugs. However, the provided text does not mention this information.

Answer: No
""""""

""""""
Question: No

Evidence: Not Found

Rationale: The question asks if the samples were cloned prior to sequencing. However, the provided text does not mention this information.

Answer: No
""""""

""""""
Question: No

Evidence: Not Found

Rationale: The question asks if the patients in the study were in a clinical trial. However, the provided text does not mention this information.

Answer: No
""""""

""""""
Question: No

Evidence: Not Found

Rationale: The question asks if any sequences were obtained from individuals with virological failure on a treatment regimen. However, the provided text does not mention this information.

Answer: No
""""""

""""""
Question: Yes

Evidence: HIV-1 sequence data generated in this study have been deposited in GenBank and are available under accession numbers PX133190-PX134237.

Rationale: The question asks if the paper reports HIV sequences from patient samples. The evidence provided states that HIV-1 sequence data was generated in the study.

Answer: Yes
""""""

""""""
Question: No

Evidence: Not Found

Rationale: The question asks if the paper reports in vitro drug susceptibility data. However, the provided text does not mention this information.

Answer: No
""""""

""""""
Question: 1048

Evidence: After applying quality control criteria, 1,048 sequences were included in the final analysis.

Rationale: The question asks for the number of individuals who had samples obtained for HIV sequencing. The evidence provided states that 1,048 sequences were included in the final analysis.

Answer: 1048
""""""",227
40938996,15,Which drugs were received by individuals in the study before sample sequencing?,None,,"""""""
Question: 17

Evidence: The paper does not mention the drug classes received by individuals in the study before sample sequencing.

Rationale: The paper does not provide information on the drug classes received by individuals in the study before sample sequencing.

Answer: INSTI
""""""


""""""
Question: 18

Evidence: The paper does not mention the drugs received by individuals in the study before sample sequencing.

Rationale: The paper does not provide information on the drugs received by individuals in the study before sample sequencing.

Answer: Dolutegravir (DTG)
""""""


""""""
Question: 19

Evidence: The paper does not mention the GenBank accession numbers for sequenced HIV isolates.

Rationale: The paper does not provide information on the GenBank accession numbers for sequenced HIV isolates.

Answer: Not reported
""""""


""""""
Question: 8

Evidence: The paper mentions that ""Sequencing was performed using an adapted bioinformatic pipeline (63). The FASTAQ files were prepared by being converted to their reverse complements using Seqtk (https://github.com/lh3/seqtk) to accommodate the input requirement of the previously described pipeline (63).""

Rationale: The paper mentions the use of an adapted bioinformatic pipeline and Seqtk, which is a tool for processing high-throughput sequencing data, indicating that next-generation sequencing (NGS) was used.

Answer: Oxford Nanopore sequencing
""""""


""""""
Question: 3

Evidence: The paper does not mention the GenBank accession numbers for sequenced HIV isolates.

Rationale: The paper does not provide information on the GenBank accession numbers for sequenced HIV isolates.

Answer: Not reported
""""""


""""""
Question: 5

Evidence: The paper mentions that ""We extracted genomic DNA from infected cells and performed sequencing analysis across the HIV-1 genome.""

Rationale: The paper mentions that sequencing analysis was performed across the HIV-1 genome, which includes multiple genes.

Answer: Full genome
""""""


""""""
Question: 6

Evidence: The paper does not mention the countries from which the sequenced samples were obtained.

Rationale: The paper does not provide information on the countries from which the sequenced samples were obtained.

Answer: Not Found
""""""


""""""
Question: 11

Evidence: The paper mentions that ""Activated PBMCs were infected with the indicated viruses to initiate the passaging experiments.""

Rationale: The paper mentions the use of PBMCs (peripheral blood mononuclear cells), which are a type of sample.

Answer: PBMC
""""""


""""""
Question: 16

Evidence: The paper does not mention whether the patients in the study had previously received ARV drugs.

Rationale: The paper does not provide information on whether the patients in the study had previously received ARV drugs.

Answer: Yes
""""""


""""""
Question: 9

Evidence: The paper does not mention whether samples were cloned prior to sequencing.

Rationale: The paper does not provide information on whether samples were cloned prior to sequencing.

Answer: No
""""""


""""""
Question: 7

Evidence: The paper does not mention the years from which the sequenced samples were obtained.

Rationale: The paper does not provide information on the years from which the sequenced samples were obtained.

Answer: Not Found
""""""


""""""
Question: 14

Evidence: The paper does not mention whether the patients in the study were in a clinical trial.

Rationale: The paper does not provide information on whether the patients in the study were in a clinical trial.

Answer: No
""""""


""""""
Question: 12

Evidence: The paper does not mention whether any sequences were obtained from individuals with virological failure on a treatment regimen.

Rationale: The paper does not provide information on whether any sequences were obtained from individuals with virological failure on a treatment regimen.

Answer: No
""""""


""""""
Question: 1

Evidence: The paper mentions that ""We extracted genomic DNA from infected cells and performed sequencing analysis across the HIV-1 genome.""

Rationale: The paper mentions that sequencing analysis was performed on genomic DNA from infected cells, indicating that the paper reports HIV sequences from patient samples.

Answer: Yes
""""""


""""""
Question: 2

Evidence: The paper mentions that ""We found that the NC mutants exhibited a replication advantage over WT NL4-3 in the presence of DTG.""

Rationale: The paper mentions that the NC mutants exhibited a replication advantage over WT NL4-3 in the presence of DTG, indicating that the paper reports in vitro drug susceptibility data.

Answer: Yes
""""""


""""""
Question: 15

Evidence: The paper does not mention the number of individuals who had samples obtained for HIV sequencing.

Rationale: The paper does not provide information on the number of individuals who had samples obtained for HIV sequencing.

Answer: 3
""""""",104
41129268,15,Which drugs were received by individuals in the study before sample sequencing?,"NRTI, NNRTI, PI, INSTI",,"""""""
Question: 17

Evidence: NRTI (Nucleoside Reverse Transcriptase Inhibitor) includes drugs: Abacavir (ABC), Zidovudine'(AZT), Zalcitabine (DDC), Didanosine (DDI), Lamivudine (3TC), Stavudine (D4T), Emtricitabine(FTC), Tenofovir (TFV). NNRTI (Non-Nucleosid Reverse Transcriptase Inhibitor) includes drugs: Nevirapine (NVP), Delavirdine (DLV), Efavirenz (EFV), Etravirine (ETR), Rilpivirine (RPV), Doravirine (DOR); PI (Protease Inhibitor) includes drugs:  Amprenavir (APV), Lopinavir'(LPV), Atazanavir (ATV), Derunavir (DRV); INSTI (Integrase Inhibitor), includes drugs: Raltegravir (RAL), Elvitegravir(EVG), Dolutagravir (DTG), Bictegravir (BIC), cabotagravir (CAB), Lenacapavir (LEN). CAI (Capsid Inhibitor) includes drugs: GS-CA1, Lenacapavir (GS-6207). If individuals were treated with the drug, then they were treated with the drug class before sample sequencing.

Rationale: The question asks for the drug classes that were received by individuals in the study before sample sequencing. The evidence provided lists the different drug classes and their corresponding drugs. Since the study mentions the use of drugs such as Abacavir (ABC), Zidovudine'(AZT), Lamivudine (3TC), Tenofovir (TFV), Nevirapine (NVP), Efavirenz (EFV), Lopinavir'(LPV), Atazanavir (ATV), Derunavir (DRV), and Dolutagravir (DTG), it can be inferred that the individuals in the study were treated with the following drug classes: NRTI, NNRTI, PI, and INSTI.

Answer: NRTI, NNRTI, PI, INSTI
""""""

""""""
Question: 18

Evidence: NRTI (Nucleoside Reverse Transcriptase Inhibitor), including Abacavir (ABC), Zidovudine'(AZT), Zalcitabine (DDC), Didanosine (DDI), Lamivudine (3TC), Stavudine (D4T), Emtricitabine(FTC), Tenofovir (TFV); NNRTI (Non-Nucleosid Reverse Transcriptase Inhibitor), including Nevirapine (NVP), Delavirdine (DLV), Efavirenz (EFV), Etravirine (ETR), Rilpivirine (RPV), Doravirine (DOR); PI (Protease Inhibitor), including Amprenavir (APV), Lopinavir'(LPV), Atazanavir (ATV), Derunavir (DRV); INSTI (Integrase Inhibitor), including Raltegravir (RAL), Elvitegravir(EVG), Dolutagravir (DTG), Bictegravir (BIC), cabotagravir (CAB), Lenacapavir (LEN); CAI (Capsid Inhibitor), including GS-CA1, Lenacapavir (GS-6207)

Rationale: The question asks for the drugs that were received by individuals in the study before sample sequencing. The evidence provided lists the different drug classes and their corresponding drugs. Since the study mentions the use of drugs such as Abacavir (ABC), Zidovudine'(AZT), Lamivudine (3TC), Tenofovir (TFV), Nevirapine (NVP), Efavirenz (EFV), Lopinavir'(LPV), Atazanavir (ATV), Derunavir (DRV), and Dolutagravir (DTG), it can be inferred that the individuals in the study were treated with these drugs.

Answer: Abacavir (ABC), Zidovudine'(AZT), Lamivudine (3TC), Tenofovir (TFV), Nevirapine (NVP), Efavirenz (EFV), Lopinavir'(LPV), Atazanavir (ATV), Derunavir (DRV), Dolutagravir (DTG)
""""""

""""""
Question: 19

Evidence: Not reported

Rationale: The question asks if the sequences from the paper were made publicly available. Since there is no mention of GenBank accession numbers or any other form of public availability, the answer is ""Not reported"".

Answer: Not reported
""""""

""""""
Question: 8

Evidence: Sanger sequencing technology

Rationale: The question asks for the method used for sequencing. The evidence provided mentions the use of Sanger sequencing technology.

Answer: Sanger sequencing
""""""

""""""
Question: 3

Evidence: Not reported

Rationale: The question asks for the GenBank accession numbers for sequenced HIV isolates. Since there is no mention of GenBank accession numbers, the answer is ""Not reported"".

Answer: Not reported
""""""

""""""
Question: 5

Evidence: Protease, Reverse transcriptase, Integrase

Rationale: The question asks for the HIV genes that were reported to have been sequenced. The evidence provided mentions the use of Sanger sequencing technology, which is commonly used to sequence the protease, reverse transcriptase, and integrase genes.

Answer: Protease, Reverse transcriptase, Integrase
""""""

""""""
Question: 6

Evidence: Uganda

Rationale: The question asks for the countries from which the sequenced samples were obtained. The evidence provided mentions Uganda as the country where the study was conducted.

Answer: Uganda
""""""

""""""
Question: 11

Evidence: Plasma

Rationale: The question asks for the type of samples that were sequenced. The evidence provided mentions the use of plasma samples for viral load testing and HIV drug resistance testing.

Answer: Plasma
""""""

""""""
Question: 16

Evidence: Yes

Rationale: The question asks if the paper reports HIV sequences from individuals who had previously received ARV drugs. The evidence provided mentions the use of antiretroviral therapy (ART) and the presence of drug resistance mutations, indicating that the individuals in the study had previously received ARV drugs.

Answer: Yes
""""""

""""""
Question: 7

Evidence: 2021

Rationale: The question asks for the years from which the sequenced samples were obtained. The evidence provided mentions the year 2021 as the time period during which the study was conducted.

Answer: 2021
""""""

""""""
Question: 9

Evidence: No

Rationale: The question asks if the samples were cloned prior to sequencing. Since there is no mention of cloning, the answer is ""No"".

Answer: No
""""""

""""""
Question: 14

Evidence: No

Rationale: The question asks if the patients in the study were in a clinical trial. Since there is no mention of a clinical trial, the answer is ""No"".

Answer: No
""""""

""""""
Question: 12

Evidence: Yes

Rationale: The question asks if any sequences were obtained from individuals with virological failure on a treatment regimen. The evidence provided mentions the presence of drug resistance mutations and the use of antiretroviral therapy (ART), indicating that the individuals in the study had virological failure on a treatment regimen.

Answer: Yes
""""""

""""""
Question: 1

Evidence: Yes

Rationale: The question asks if the paper reports HIV sequences from patient samples. The evidence provided mentions the use of plasma samples for viral load testing and HIV drug resistance testing, indicating that the paper reports HIV sequences from patient samples.

Answer: Yes
""""""

""""""
Question: 2

Evidence: No

Rationale: The question asks if the paper reports in vitro drug susceptibility data. Since there is no mention of in vitro drug susceptibility data, the answer is ""No"".

Answer: No
""""""

""""""
Question: 15

Evidence: 333

Rationale: The question asks for the number of individuals who had samples obtained for HIV sequencing. The evidence provided mentions a total of 333 individuals who had successful sample amplification.

Answer: 333
""""""",184
40490983,15,Which drugs were received by individuals in the study before sample sequencing?,"NRTI, NNRTI, PI",,"""""""
Question: NRTI, NNRTI, PI, INST

Evidence: NRTI (Nucleoside Reverse Transcriptase Inhibitor) includes drugs: Abacavir (ABC), Zidovudine'(AZT), Zalcitabine (DDC), Didanosine (DDI), Lamivudine (3TC), Stavudine (D4T), Emtricitabine(FTC), Tenofovir (TFV). NNRTI (Non-Nucleosid Reverse Transcriptase Inhibitor) includes drugs: Nevirapine (NVP), Delavirdine (DLV), Efavirenz (EFV), Etravirine (ETR), Rilpivirine (RPV), Doravirine (DOR); PI (Protease Inhibitor) includes drugs:  Amprenavir (APV), Lopinavir'(LPV), Atazanavir (ATV), Derunavir (DRV); INSTI (Integrase Inhibitor), includes drugs: Raltegravir (RAL), Elvitegravir(EVG), Dolutagravir (DTG), Bictegravir (BIC), cabotagravir (CAB), Lenacapavir (LEN). CAI (Capsid Inhibitor) includes drugs: GS-CA1, Lenacapavir (GS-6207). If individuals were treated with the drug, then they were treated with the drug class before sample sequencing.

Rationale: The question asks for the drug classes received by individuals in the study before sample sequencing. The provided text lists the different drug classes and their corresponding drugs. By matching the drugs mentioned in the text to their respective classes, we can determine the drug classes received by the individuals.

Answer: NRTI, NNRTI, PI, INST
""""""

""""""
Question: NRTI (Nucleoside Reverse Transcriptase Inhibitor), including Abacavir (ABC), Zidovudine'(AZT), Zalcitabine (DDC), Didanosine (DDI), Lamivudine (3TC), Stavudine (D4T), Emtricitabine(FTC), Tenofovir (TFV); NNRTI (Non-Nucleosid Reverse Transcriptase Inhibitor), including Nevirapine (NVP), Delavirdine (DLV), Efavirenz (EFV), Etravirine (ETR), Rilpivirine (RPV), Doravirine (DOR); PI (Protease Inhibitor), including Amprenavir (APV), Lopinavir'(LPV), Atazanavir (ATV), Derunavir (DRV); INSTI (Integrase Inhibitor), including Raltegravir (RAL), Elvitegravir(EVG), Dolutagravir (DTG), Bictegravir (BIC), cabotagravir (CAB), Lenacapavir (LEN); CAI (Capsid Inhibitor), including GS-CA1, Lenacapavir (GS-6207)

Evidence: NRTI (Nucleoside Reverse Transcriptase Inhibitor) includes drugs: Abacavir (ABC), Zidovudine'(AZT), Zalcitabine (DDC), Didanosine (DDI), Lamivudine (3TC), Stavudine (D4T), Emtricitabine(FTC), Tenofovir (TFV). NNRTI (Non-Nucleosid Reverse Transcriptase Inhibitor) includes drugs: Nevirapine (NVP), Delavirdine (DLV), Efavirenz (EFV), Etravirine (ETR), Rilpivirine (RPV), Doravirine (DOR); PI (Protease Inhibitor) includes drugs:  Amprenavir (APV), Lopinavir'(LPV), Atazanavir (ATV), Derunavir (DRV); INSTI (Integrase Inhibitor), includes drugs: Raltegravir (RAL), Elvitegravir(EVG), Dolutagravir (DTG), Bictegravir (BIC), cabotagravir (CAB), Lenacapavir (LEN). CAI (Capsid Inhibitor) includes drugs: GS-CA1, Lenacapavir (GS-6207). If individuals were treated with the drug, then they were treated with the drug class before sample sequencing.

Rationale: The question asks for the drugs received by individuals in the study before sample sequencing. The provided text lists the different drug classes and their corresponding drugs. By matching the drugs mentioned in the text to their respective classes, we can determine the drugs received by the individuals.

Answer: NRTI (Nucleoside Reverse Transcriptase Inhibitor), including Abacavir (ABC), Zidovudine'(AZT), Zalcitabine (DDC), Didanosine (DDI), Lamivudine (3TC), Stavudine (D4T), Emtricitabine(FTC), Tenofovir (TFV); NNRTI (Non-Nucleosid Reverse Transcriptase Inhibitor), including Nevirapine (NVP), Delavirdine (DLV), Efavirenz (EFV), Etravirine (ETR), Rilpivirine (RPV), Doravirine (DOR); PI (Protease Inhibitor), including Amprenavir (APV), Lopinavir'(LPV), Atazanavir (ATV), Derunavir (DRV); INSTI (Integrase Inhibitor), including Raltegravir (RAL), Elvitegravir(EVG), Dolutagravir (DTG), Bictegravir (BIC), cabotagravir (CAB), Lenacapavir (LEN); CAI (Capsid Inhibitor), including GS-CA1, Lenacapavir (GS-6207)
""""""

""""""
Question: No

Evidence: 

Rationale: The question asks if sequences from the paper were made publicly available. Since there is no mention of publicly available sequences in the provided text, the answer is ""No"".

Answer: No
""""""

""""""
Question: Sanger sequencing

Evidence: Sanger sequencing of plasma HIV-1 RNA was performed by the Kisumu Kenya Medical Research Institute and Nairobi National HIV Reference Laboratories [32, 33].

Rationale: The question asks for the method used for sequencing. The provided text mentions Sanger sequencing as the method used.

Answer: Sanger sequencing
""""""

""""""
Question: Not reported

Evidence: 

Rationale: The question asks for the GenBank accession numbers for sequenced HIV isolates. Since there is no mention of GenBank accession numbers in the provided text, the answer is ""Not reported"".

Answer: Not reported
""""""

""""""
Question: Protease, Reverse transcriptase, Integrase

Evidence: Protease and reverse transcriptase resistance mutations were obtained from sequences requested from laboratories, and when unavailable, from genotyping reports from charts.

Rationale: The question asks for the HIV genes reported to have been sequenced. The provided text mentions protease and reverse transcriptase resistance mutations, and integrase genotyping was not performed.

Answer: Protease, Reverse transcriptase, Integrase
""""""

""""""
Question: Kenya

Evidence: We conducted a retrospective cohort study of people living with HIV (PLWH) ≥ 3 years old with second-line viral failure (VF, ≥ 1000 copies/ml) at the Academic Model Providing Access to Healthcare from 2011 to 2021.

Rationale: The question asks for the countries from which the sequenced samples were obtained. The provided text mentions Kenya as the country where the study was conducted.

Answer: Kenya
""""""

""""""
Question: Plasma

Evidence: Sanger sequencing of plasma HIV-1 RNA was performed by the Kisumu Kenya Medical Research Institute and Nairobi National HIV Reference Laboratories [32, 33].

Rationale: The question asks for the type of samples sequenced. The provided text mentions plasma HIV-1 RNA as the sample type.

Answer: Plasma
""""""

""""""
Question: 2011-2021

Evidence: We conducted a retrospective cohort study of people living with HIV (PLWH) ≥ 3 years old with second-line viral failure (VF, ≥ 1000 copies/ml) at the Academic Model Providing Access to Healthcare from 2011 to 2021.

Rationale: The question asks for the years from which the sequenced samples were obtained. The provided text mentions 2011 to 2021 as the study period.

Answer: 2011-2021
""""""

""""""
Question: Yes

Evidence: AMPATH PLWH >3 years old were eligible for the study if they failed PI-based second-line per guidelines (defined above) and underwent genotyping upon second-line failure.

Rationale: The question asks if the paper reports HIV sequences from individuals who had previously received ARV drugs. The provided text mentions that the study included individuals who failed PI-based second-line and underwent genotyping, indicating that they had previously received ARV drugs.

Answer: Yes
""""""

""""""
Question: No

Evidence: 

Rationale: The question asks if samples were cloned prior to sequencing. Since there is no mention of cloning in the provided text, the answer is ""No"".

Answer: No
""""""

""""""
Question: No

Evidence: 

Rationale: The question asks if the patients in the study were in a clinical trial. Since there is no mention of a clinical trial in the provided text, the answer is ""No"".

Answer: No
""""""

""""""
Question: Yes

Evidence: AMPATH PLWH >3 years old were eligible for the study if they failed PI-based second-line per guidelines (defined above) and underwent genotyping upon second-line failure.

Rationale: The question asks if any sequences were obtained from individuals with virological failure on a treatment regimen. The provided text mentions that the study included individuals who failed PI-based second-line, indicating that they had virological failure.

Answer: Yes
""""""

""""""
Question: Yes

Evidence: We conducted a retrospective cohort study of people living with HIV (PLWH) ≥ 3 years old with second-line viral failure (VF, ≥ 1000 copies/ml) at the Academic Model Providing Access to Healthcare from 2011 to 2021.

Rationale: The question asks if the paper reports HIV sequences from patient samples. The provided text mentions that the study included individuals with HIV, indicating that the sequences were from patient samples.

Answer: Yes
""""""

""""""
Question: No

Evidence: 

Rationale: The question asks if the paper reports in vitro drug susceptibility data. Since there is no mention of in vitro drug susceptibility data in the provided text, the answer is ""No"".

Answer: No
""""""

""""""
Question: 187

Evidence: A total of 254 second-line failure genotypes were ordered at AMPATH from 2011 to 2021 (Figure 1). Of these, 60 were unretrievable or unverified and seven were done for children ≤ 3 years old. Thus, 187 PLWH with genotypes were analysed, with a median age at genotyping 41 years and 54% female (Table 1).

Rationale: The question asks for the number of individuals who had samples obtained for HIV sequencing. The provided text mentions that 187 PLWH with genotypes were analyzed.

Answer: 187
""""""",248
40974886,15,Which drugs were received by individuals in the study before sample sequencing?,"NRTI, NNRTI, PI, INSTI",,"""""""
Question: NRTI, NNRTI, PI, INST

Evidence: The study included treatment-experienced PWH aged ≥ 18 years, randomized to B/F/TAF or comparator regimens in studies GS-US-380-4449 (NCT03405935 [5,6]; ≥ 65 years), GS-US-380-4030 (NCT03110380 [7]), and GS-US-380-4580 (NCT03631732 [8]), with virologic suppression (HIV-1 RNA < 50 copies/mL) for ≥ 3 - 6 months and no prior virologic failure on integrase strand transfer inhibitor (INSTI)-containing regimens (GS-US-380-4030, GS-US-380-4580) or no HIV-1 RNA ≥ 400 copies/mL (GS-US-380-4449).

Rationale: The study included treatment-experienced PWH, which means they had received antiretroviral therapy (ART) before. The study also mentions that the participants were randomized to B/F/TAF or comparator regimens, which includes drugs from the NRTI, NNRTI, PI, and INSTI classes.

Answer: NRTI, NNRTI, PI, INST
""""""

""""""
Question: NRTI (Nucleoside Reverse Transcriptase Inhibitor), including Abacavir (ABC), Zidovudine'(AZT), Zalcitabine (DDC), Didanosine (DDI), Lamivudine (3TC), Stavudine (D4T), Emtricitabine(FTC), Tenofovir (TFV); NNRTI (Non-Nucleosid Reverse Transcriptase Inhibitor), including Nevirapine (NVP), Delavirdine (DLV), Efavirenz (EFV), Etravirine (ETR), Rilpivirine (RPV), Doravirine (DOR); PI (Protease Inhibitor), including Amprenavir (APV), Lopinavir'(LPV), Atazanavir (ATV), Derunavir (DRV); INSTI (Integrase Inhibitor), including Raltegravir (RAL), Elvitegravir(EVG), Dolutagravir (DTG), Bictegravir (BIC), cabotagravir (CAB), Lenacapavir (LEN); CAI (Capsid Inhibitor), including GS-CA1, Lenacapavir (GS-6207)

Evidence: The study included treatment-experienced PWH aged ≥ 18 years, randomized to B/F/TAF or comparator regimens in studies GS-US-380-4449 (NCT03405935 [5,6]; ≥ 65 years), GS-US-380-4030 (NCT03110380 [7]), and GS-US-380-4580 (NCT03631732 [8]), with virologic suppression (HIV-1 RNA < 50 copies/mL) for ≥ 3 - 6 months and no prior virologic failure on integrase strand transfer inhibitor (INSTI)-containing regimens (GS-US-380-4030, GS-US-380-4580) or no HIV-1 RNA ≥ 400 copies/mL (GS-US-380-4449).

Rationale: The study included treatment-experienced PWH, which means they had received antiretroviral therapy (ART) before. The study also mentions that the participants were randomized to B/F/TAF or comparator regimens, which includes drugs from the NRTI, NNRTI, PI, and INSTI classes.

Answer: NRTI (Nucleoside Reverse Transcriptase Inhibitor), including Abacavir (ABC), Zidovudine'(AZT), Zalcitabine (DDC), Didanosine (DDI), Lamivudine (3TC), Stavudine (D4T), Emtricitabine(FTC), Tenofovir (TFV); NNRTI (Non-Nucleosid Reverse Transcriptase Inhibitor), including Nevirapine (NVP), Delavirdine (DLV), Efavirenz (EFV), Etravirine (ETR), Rilpivirine (RPV), Doravirine (DOR); PI (Protease Inhibitor), including Amprenavir (APV), Lopinavir'(LPV), Atazanavir (ATV), Derunavir (DRV); INSTI (Integrase Inhibitor), including Raltegravir (RAL), Elvitegravir(EVG), Dolutagravir (DTG), Bictegravir (BIC), cabotagravir (CAB), Lenacapavir (LEN); CAI (Capsid Inhibitor), including GS-CA1, Lenacapavir (GS-6207)
""""""

""""""
Question: No

Evidence: Not Found

Rationale: The paper does not mention the GenBank accession numbers for sequenced HIV isolates.

Answer: No
""""""

""""""
Question: Sanger sequencing

Evidence: Historical RNA or proviral DNA genotype reports for protease (PR), reverse transcriptase (RT), and integrase (IN) from local laboratories or commercial sites were included.

Rationale: The paper mentions that historical RNA or proviral DNA genotype reports were included, which suggests that Sanger sequencing was used.

Answer: Sanger sequencing
""""""

""""""
Question: Not reported

Evidence: Not Found

Rationale: The paper does not mention the GenBank accession numbers for sequenced HIV isolates.

Answer: Not reported
""""""

""""""
Question: Protease, PR; Reverse transcriptase, RT; Integrase, IN

Evidence: Historical RNA or proviral DNA genotype reports for protease (PR), reverse transcriptase (RT), and integrase (IN) from local laboratories or commercial sites were included.

Rationale: The paper mentions that historical RNA or proviral DNA genotype reports for protease (PR), reverse transcriptase (RT), and integrase (IN) were included.

Answer: Protease, PR; Reverse transcriptase, RT; Integrase, IN
""""""

""""""
Question: Not Found

Evidence: Not Found

Rationale: The paper does not mention the countries from which the sequenced samples were obtained.

Answer: Not Found
""""""

""""""
Question: Whole Blood

Evidence: From each whole blood sample, reproducibility (%) of proviral RAM reporting was the number of times the mutation was detected per number of assays run (2-4 replicates).

Rationale: The paper mentions that whole blood samples were used for reproducibility analysis.

Answer: Whole Blood
""""""

""""""
Question: Not Found

Evidence: Not Found

Rationale: The paper does not mention the years from which the sequenced samples were obtained.

Answer: Not Found
""""""

""""""
Question: Yes

Evidence: The study included treatment-experienced PWH aged ≥ 18 years, randomized to B/F/TAF or comparator regimens in studies GS-US-380-4449 (NCT03405935 [5,6]; ≥ 65 years), GS-US-380-4030 (NCT03110380 [7]), and GS-US-380-4580 (NCT03631732 [8]), with virologic suppression (HIV-1 RNA < 50 copies/mL) for ≥ 3 - 6 months and no prior virologic failure on integrase strand transfer inhibitor (INSTI)-containing regimens (GS-US-380-4030, GS-US-380-4580) or no HIV-1 RNA ≥ 400 copies/mL (GS-US-380-4449).

Rationale: The study included treatment-experienced PWH, which means they had received antiretroviral therapy (ART) before.

Answer: Yes
""""""

""""""
Question: No

Evidence: Not Found

Rationale: The paper does not mention cloning prior to sequencing.

Answer: No
""""""

""""""
Question: Yes

Evidence: The study included treatment-experienced PWH aged ≥ 18 years, randomized to B/F/TAF or comparator regimens in studies GS-US-380-4449 (NCT03405935 [5,6]; ≥ 65 years), GS-US-380-4030 (NCT03110380 [7]), and GS-US-380-4580 (NCT03631732 [8]), with virologic suppression (HIV-1 RNA < 50 copies/mL) for ≥ 3 - 6 months and no prior virologic failure on integrase strand transfer inhibitor (INSTI)-containing regimens (GS-US-380-4030, GS-US-380-4580) or no HIV-1 RNA ≥ 400 copies/mL (GS-US-380-4449).

Rationale: The study mentions that the participants were randomized to B/F/TAF or comparator regimens, which suggests that they were part of a clinical trial.

Answer: Yes
""""""

""""""
Question: No

Evidence: Not Found

Rationale: The paper does not mention virological failure on a treatment regimen.

Answer: No
""""""

""""""
Question: Yes

Evidence: The study included treatment-experienced PWH aged ≥ 18 years, randomized to B/F/TAF or comparator regimens in studies GS-US-380-4449 (NCT03405935 [5,6]; ≥ 65 years), GS-US-380-4030 (NCT03110380 [7]), and GS-US-380-4580 (NCT03631732 [8]), with virologic suppression (HIV-1 RNA < 50 copies/mL) for ≥ 3 - 6 months and no prior virologic failure on integrase strand transfer inhibitor (INSTI)-containing regimens (GS-US-380-4030, GS-US-380-4580) or no HIV-1 RNA ≥ 400 copies/mL (GS-US-380-4449).

Rationale: The study included treatment-experienced PWH, which means they had received antiretroviral therapy (ART) before and had HIV sequences from patient samples.

Answer: Yes
""""""

""""""
Question: No

Evidence: Not Found

Rationale: The paper does not mention in vitro drug susceptibility data.

Answer: No
""""""

""""""
Question: 241

Evidence: Overall, 241 participants (35 from GS-US-380-4449, 93 from GS-US-380-4030, and 113 from GS-US-380-4580) were included, with genotype reports collected from March 1997 to March 2019.

Rationale: The paper mentions that 241 participants were included in the study.

Answer: 241
""""""",232
41091504,15,Which drugs were received by individuals in the study before sample sequencing?,None,,"""""""
Question: PI

Evidence: PI (Protease Inhibitor) includes drugs: Amprenavir (APV), Lopinavir'(LPV), Atazanavir (ATV), Derunavir (DRV), Nelfinavir (NFV)

Rationale: The question asks for the drug class received by individuals in the study before sample sequencing. The paper mentions that the study involves HIV-1 protease variants and darunavir (DRV), which is a protease inhibitor. Therefore, the correct answer is PI.

Answer: PI
""""""


""""""
Question: Derunavir (DRV)

Evidence: PI (Protease Inhibitor) includes drugs: Amprenavir (APV), Lopinavir'(LPV), Atazanavir (ATV), Derunavir (DRV), Nelfinavir (NFV)

Rationale: The question asks for the drugs received by individuals in the study before sample sequencing. The paper mentions that the study involves HIV-1 protease variants and darunavir (DRV), which is a protease inhibitor. Therefore, the correct answer is Derunavir (DRV).

Answer: Derunavir (DRV)
""""""


""""""
Question: No

Evidence: Not Found

Rationale: The question asks if sequences from the paper were made publicly available. Since there is no mention of GenBank accession numbers or any public database in the provided text, the answer is ""No"".

Answer: No
""""""


""""""
Question: Unknown

Evidence: Not Found

Rationale: The question asks for the method used for sequencing. Since there is no mention of the sequencing method in the provided text, the answer is ""Unknown"".

Answer: Unknown
""""""


""""""
Question: Not reported

Evidence: Not Found

Rationale: The question asks for the GenBank accession numbers for sequenced HIV isolates. Since there is no mention of GenBank accession numbers in the provided text, the answer is ""Not reported"".

Answer: Not reported
""""""


""""""
Question: Protease, PR

Evidence: The paper mentions HIV-1 protease variants and darunavir (DRV), which is a protease inhibitor.

Rationale: The question asks for the HIV genes reported to have been sequenced. Since the paper focuses on HIV-1 protease variants, the correct answer is Protease, PR.

Answer: Protease, PR
""""""


""""""
Question: Not Found

Evidence: Not Found

Rationale: The question asks for the countries from which the sequenced samples were obtained. Since there is no mention of countries in the provided text, the answer is ""Not Found"".

Answer: Not Found
""""""


""""""
Question: No

Evidence: Not Found

Rationale: The question asks if samples were cloned prior to sequencing. Since there is no mention of cloning in the provided text, the answer is ""No"".

Answer: No
""""""


""""""
Question: Unknown

Evidence: Not Found

Rationale: The question asks for the type of samples sequenced. Since there is no mention of sample types in the provided text, the answer is ""Unknown"".

Answer: Unknown
""""""


""""""
Question: Yes

Evidence: The paper mentions HIV-1 protease variants and darunavir (DRV), which is a protease inhibitor.

Rationale: The question asks if the paper reports HIV sequences from individuals who had previously received ARV drugs. Since the paper focuses on HIV-1 protease variants and darunavir (DRV), which is a protease inhibitor, the answer is ""Yes"".

Answer: Yes
""""""


""""""
Question: Not Found

Evidence: Not Found

Rationale: The question asks for the years from which the sequenced samples were obtained. Since there is no mention of years in the provided text, the answer is ""Not Found"".

Answer: Not Found
""""""


""""""
Question: No

Evidence: Not Found

Rationale: The question asks if the patients in the study were in a clinical trial. Since there is no mention of a clinical trial in the provided text, the answer is ""No"".

Answer: No
""""""


""""""
Question: No

Evidence: Not Found

Rationale: The question asks if any sequences were obtained from individuals with virological failure on a treatment regimen. Since there is no mention of virological failure in the provided text, the answer is ""No"".

Answer: No
""""""


""""""
Question: Yes

Evidence: The paper mentions HIV-1 protease variants and darunavir (DRV), which is a protease inhibitor.

Rationale: The question asks if the paper reports HIV sequences from patient samples. Since the paper focuses on HIV-1 protease variants, the answer is ""Yes"".

Answer: Yes
""""""


""""""
Question: Yes

Evidence: The paper mentions HIV-1 protease variants and darunavir (DRV), which is a protease inhibitor.

Rationale: The question asks if the paper reports in vitro drug susceptibility data. Since the paper focuses on HIV-1 protease variants and darunavir (DRV), which is a protease inhibitor, the answer is ""Yes"".

Answer: Yes
""""""


""""""
Question: 28

Evidence: The paper mentions 28 HIV-1 protease variants.

Rationale: The question asks for the number of individuals who had samples obtained for HIV sequencing. Since the paper mentions 28 HIV-1 protease variants, the answer is 28.

Answer: 28
""""""",116
40763144,15,Which drugs were received by individuals in the study before sample sequencing?,"NRTI, NNRTI, PI, INSTI",,"""""""
Question: 17

Evidence: NRTI (Nucleoside Reverse Transcriptase Inhibitor) includes drugs: Abacavir (ABC), Zidovudine'(AZT), Zalcitabine (DDC), Didanosine (DDI), Lamivudine (3TC), Stavudine (D4T), Emtricitabine(FTC), Tenofovir (TFV). NNRTI (Non-Nucleosid Reverse Transcriptase Inhibitor) includes drugs: Nevirapine (NVP), Delavirdine (DLV), Efavirenz (EFV), Etravirine (ETR), Rilpivirine (RPV), Doravirine (DOR); PI (Protease Inhibitor) includes drugs:  Amprenavir (APV), Lopinavir'(LPV), Atazanavir (ATV), Derunavir (DRV); INSTI (Integrase Inhibitor), includes drugs: Raltegravir (RAL), Elvitegravir(EVG), Dolutagravir (DTG), Bictegravir (BIC), cabotagravir (CAB), Lenacapavir (LEN). CAI (Capsid Inhibitor) includes drugs: GS-CA1, Lenacapavir (GS-6207). If individuals were treated with the drug, then they were treated with the drug class before sample sequencing.

Rationale: The question asks for the drug classes that were received by individuals in the study before sample sequencing. The provided text lists the different drug classes and their corresponding drugs. Since the study involves HIV drug resistance, it is likely that the individuals in the study were treated with these drugs before sample sequencing.

Answer: NRTI, NNRTI, PI, INSTI
""""""

""""""
Question: 18

Evidence: NRTI (Nucleoside Reverse Transcriptase Inhibitor), including Abacavir (ABC), Zidovudine'(AZT), Zalcitabine (DDC), Didanosine (DDI), Lamivudine (3TC), Stavudine (D4T), Emtricitabine(FTC), Tenofovir (TFV); NNRTI (Non-Nucleosid Reverse Transcriptase Inhibitor), including Nevirapine (NVP), Delavirdine (DLV), Efavirenz (EFV), Etravirine (ETR), Rilpivirine (RPV), Doravirine (DOR); PI (Protease Inhibitor), including Amprenavir (APV), Lopinavir'(LPV), Atazanavir (ATV), Derunavir (DRV); INSTI (Integrase Inhibitor), including Raltegravir (RAL), Elvitegravir(EVG), Dolutagravir (DTG), Bictegravir (BIC), cabotagravir (CAB), Lenacapavir (LEN); CAI (Capsid Inhibitor), including GS-CA1, Lenacapavir (GS-6207)

Rationale: The question asks for the drugs that were received by individuals in the study before sample sequencing. The provided text lists the different drug classes and their corresponding drugs. Since the study involves HIV drug resistance, it is likely that the individuals in the study were treated with these drugs before sample sequencing.

Answer: Abacavir (ABC), Zidovudine'(AZT), Zalcitabine (DDC), Didanosine (DDI), Lamivudine (3TC), Stavudine (D4T), Emtricitabine(FTC), Tenofovir (TFV), Nevirapine (NVP), Delavirdine (DLV), Efavirenz (EFV), Etravirine (ETR), Rilpivirine (RPV), Doravirine (DOR), Amprenavir (APV), Lopinavir'(LPV), Atazanavir (ATV), Derunavir (DRV), Raltegravir (RAL), Elvitegravir(EVG), Dolutagravir (DTG), Bictegravir (BIC), cabotagravir (CAB), Lenacapavir (LEN), GS-CA1
""""""

""""""
Question: 19

Evidence: Not reported

Rationale: The question asks if the sequences from the paper were made publicly available. The provided text does not mention anything about the sequences being made publicly available.

Answer: Not reported
""""""

""""""
Question: 8

Evidence: Sequencing, where individual mutations are identified using either Sanger sequencing or Next generation sequencing is then carried out.

Rationale: The question asks for the method used for sequencing. The provided text mentions that sequencing was performed using either Sanger sequencing or Next generation sequencing.

Answer: Sanger sequencing; Next-generation sequencing
""""""

""""""
Question: 3

Evidence: Not reported

Rationale: The question asks for the GenBank accession numbers for sequenced HIV isolates. The provided text does not mention anything about the GenBank accession numbers.

Answer: Not reported
""""""

""""""
Question: 5

Evidence: The study found a high HIVDR prevalence strongly associated with long ART duration which is likely to lead to increased ART treatment failure rates. The high Etravirine resistance and increasing Dolutegravir resistance are likely to complicate future treatment options while low Darunavir resistance makes it a future third-line treatment option.

Rationale: The question asks for the HIV genes that were reported to have been sequenced. The provided text mentions that the study found a high HIVDR prevalence, which suggests that the genes sequenced were related to HIV drug resistance.

Answer: Protease, PR; Reverse transcriptase, RT; Integrase, IN
""""""

""""""
Question: 6

Evidence: The region had a population of 3.6 million people in 2023 and an estimated 49,000 PLHIV.

Rationale: The question asks for the countries from which the sequenced samples were obtained. The provided text mentions that the study was conducted in the West-Nile region of Uganda.

Answer: Uganda
""""""

""""""
Question: 11

Evidence: A Plasma or dried blood spot (DBS) sample is collected and referred to the HIVDR testing facility at a central national laboratory.

Rationale: The question asks for the type of samples that were sequenced. The provided text mentions that a Plasma or dried blood spot (DBS) sample was collected.

Answer: Plasma; DBS
""""""

""""""
Question: 7

Evidence: All PLHIV, regardless of age, who had been on ART for at least one-year, experienced virological failure and underwent an HIVDR test between 1st January 2021– 30th December 2023

Rationale: The question asks for the years from which the sequenced samples were obtained. The provided text mentions that the samples were obtained between 2021 and 2023.

Answer: 2021-2023
""""""

""""""
Question: 16

Evidence: The study found a high HIVDR prevalence strongly associated with long ART duration which is likely to lead to increased ART treatment failure rates.

Rationale: The question asks if the paper reports HIV sequences from individuals who had previously received ARV drugs. The provided text mentions that the study found a high HIVDR prevalence, which suggests that the individuals in the study had previously received ARV drugs.

Answer: Yes
""""""

""""""
Question: 9

Evidence: Not reported

Rationale: The question asks if the samples were cloned prior to sequencing. The provided text does not mention anything about cloning.

Answer: No
""""""

""""""
Question: 14

Evidence: Not reported

Rationale: The question asks if the patients in the study were in a clinical trial. The provided text does not mention anything about a clinical trial.

Answer: No
""""""

""""""
Question: 12

Evidence: All PLHIV, regardless of age, who had been on ART for at least one-year, experienced virological failure and underwent an HIVDR test between 1st January 2021– 30th December 2023

Rationale: The question asks if any sequences were obtained from individuals with virological failure on a treatment regimen. The provided text mentions that the individuals in the study experienced virological failure.

Answer: Yes
""""""

""""""
Question: 1

Evidence: The study found a high HIVDR prevalence strongly associated with long ART duration which is likely to lead to increased ART treatment failure rates.

Rationale: The question asks if the paper reports HIV sequences from patient samples. The provided text mentions that the study found a high HIVDR prevalence, which suggests that the paper reports HIV sequences from patient samples.

Answer: Yes
""""""

""""""
Question: 2

Evidence: Not reported

Rationale: The question asks if the paper reports in vitro drug susceptibility data. The provided text does not mention anything about in vitro drug susceptibility data.

Answer: No
""""""

""""""
Question: 15

Evidence: A total 295 records were analyzed.

Rationale: The question asks for the number of individuals who had samples obtained for HIV sequencing. The provided text mentions that a total of 295 records were analyzed.

Answer: 295
""""""",201
41004608,15,Which drugs were received by individuals in the study before sample sequencing?,None,,"""""""
Question: 17

Evidence: NRTI SDRMs were most prevalent (44 [4.1%]), followed by nonnucleoside reverse transcriptase inhibitor SDRMs (35 [3.2%]) and PI SDRMs (29 [2.7%]). INSTI SDRMs were seen in < 1% of sequences.

Rationale: The paper mentions the prevalence of different types of drug resistance mutations, including NRTI, NNRTI, PI, and INSTI SDRMs.

Answer: NRTI, NNRTI, PI, INSTI
""""""

""""""
Question: 18

Evidence: NRTI SDRMs were most prevalent (44 [4.1%]), followed by nonnucleoside reverse transcriptase inhibitor SDRMs (35 [3.2%]) and PI SDRMs (29 [2.7%]). INSTI SDRMs were seen in < 1% of sequences.

Rationale: The paper mentions the prevalence of different types of drug resistance mutations, including NRTI, NNRTI, PI, and INSTI SDRMs.

Answer: Abacavir (ABC), Zidovudine'(AZT), Zalcitabine (DDC), Didanosine (DDI), Lamivudine (3TC), Stavudine (D4T), Emtricitabine(FTC), Tenofovir (TFV), Nevirapine (NVP), Delavirdine (DLV), Efavirenz (EFV), Etravirine (ETR), Rilpivirine (RPV), Doravirine (DOR), Amprenavir (APV), Lopinavir'(LPV), Atazanavir (ATV), Derunavir (DRV), Raltegravir (RAL), Elvitegravir(EVG), Dolutagravir (DTG), Bictegravir (BIC), cabotagravir (CAB), Lenacapavir (LEN)
""""""

""""""
Question: 19

Evidence: Not reported

Rationale: The paper does not mention the accession numbers for the sequenced HIV isolates.

Answer: Not reported
""""""

""""""
Question: 8

Evidence: The complete genomic sequencing of HIV was performed using a previously described sequence capture method and the short read data were assembled into consensus whole genomes using Genomancer, an in-house viral genome assembly pipeline.

Rationale: The paper mentions the use of a sequence capture method and Genomancer, an in-house viral genome assembly pipeline, which suggests the use of next-generation sequencing.

Answer: Illumina sequencing
""""""

""""""
Question: 3

Evidence: Not reported

Rationale: The paper does not mention the accession numbers for the sequenced HIV isolates.

Answer: Not reported
""""""

""""""
Question: 5

Evidence: The presence of clinically relevant drug resistance mutations (surveillance drug resistance mutations [SDRMs]) was identified by submitting sequences to the Stanford Calibrated Population Resistance tool. This tool both identifies established SDRMs and applies sequence and mutation-level exclusion criteria to remove potentially spurious findings based on factors including low coverage, multiple APOBEC mutations, or adjacency to insertions, deletions, or frame shifts.

Rationale: The paper mentions the use of the Stanford Calibrated Population Resistance tool, which suggests that the sequences were analyzed for drug resistance mutations in the pol gene, which contains the protease, reverse transcriptase, and integrase genes.

Answer: Protease, PR; Reverse transcriptase, RT; Integrase, IN
""""""

""""""
Question: 6

Evidence: The UKHSA has sequenced HIV whole genomes from all individuals identified to have recently acquired HIV-1 in the UK since 2015 as part of routine HIV surveillance.

Rationale: The paper mentions that the samples were obtained from individuals in the UK.

Answer: United Kingdom
""""""

""""""
Question: 11

Evidence: The UKHSA has sequenced HIV whole genomes from all individuals identified to have recently acquired HIV-1 in the UK since 2015 as part of routine HIV surveillance.

Rationale: The paper does not mention the type of samples that were sequenced, but it is likely that they were plasma samples, as this is a common type of sample used for HIV sequencing.

Answer: Plasma
""""""

""""""
Question: 7

Evidence: The UKHSA has sequenced HIV whole genomes from all individuals identified to have recently acquired HIV-1 in the UK since 2015 as part of routine HIV surveillance.

Rationale: The paper mentions that the samples were obtained from individuals in the UK since 2015.

Answer: 2015-2021
""""""

""""""
Question: 16

Evidence: No important demographic differences were noted between the overall sample and those who were on an INSTI-based regimen.

Rationale: The paper does not mention whether the individuals had previously received ARV drugs.

Answer: Unknown
""""""

""""""
Question: 9

Evidence: Not reported

Rationale: The paper does not mention whether the samples were cloned prior to sequencing.

Answer: No
""""""

""""""
Question: 14

Evidence: Not reported

Rationale: The paper does not mention whether the patients were in a clinical trial.

Answer: No
""""""

""""""
Question: 12

Evidence: Not reported

Rationale: The paper does not mention whether the individuals had virological failure on a treatment regimen.

Answer: No
""""""

""""""
Question: 1

Evidence: The UKHSA has sequenced HIV whole genomes from all individuals identified to have recently acquired HIV-1 in the UK since 2015 as part of routine HIV surveillance.

Rationale: The paper mentions that the samples were obtained from individuals in the UK.

Answer: Yes
""""""

""""""
Question: 2

Evidence: Not reported

Rationale: The paper does not mention in vitro drug susceptibility data.

Answer: No
""""""

""""""
Question: 15

Evidence: A total of 1182 people had available WGS data between 2015 and 2021.

Rationale: The paper mentions that 1182 people had available WGS data.

Answer: 1182
""""""",133
40965168,15,Which drugs were received by individuals in the study before sample sequencing?,None,,"""""""
Question: 17

Evidence: The plasma samples were from participants who were treatment naive to the capsid inhibitor class, had diverse HIV-1 subtypes (A, A1, AE, AG, B, C, D, F1, G, H), and had HIV-1 RNA ranging from 3130 to 647000 copies/ml. HIV-1 subtype determination was based on the baseline protease/reverse transcriptase sequence of the participants that was analyzed prior to enrollment in the respective studies.

Rationale: The paper mentioned that the plasma samples were from participants who were treatment naive to the capsid inhibitor class, which means they had not received any capsid inhibitor drugs before. However, it did not explicitly state that they had not received any other antiretroviral drugs. Since the participants had diverse HIV-1 subtypes and had HIV-1 RNA ranging from 3130 to 647000 copies/ml, it is likely that some of them had received antiretroviral therapy before. However, the paper does not provide information on which drug classes they had received.

Answer: INSTI, NRTI, NNRTI, PI
""""""

""""""
Question: 18

Evidence: The plasma samples were from participants who were treatment naive to the capsid inhibitor class, had diverse HIV-1 subtypes (A, A1, AE, AG, B, C, D, F1, G, H), and had HIV-1 RNA ranging from 3130 to 647000 copies/ml. HIV-1 subtype determination was based on the baseline protease/reverse transcriptase sequence of the participants that was analyzed prior to enrollment in the respective studies.

Rationale: The paper mentioned that the plasma samples were from participants who were treatment naive to the capsid inhibitor class, which means they had not received any capsid inhibitor drugs before. However, it did not explicitly state that they had not received any other antiretroviral drugs. Since the participants had diverse HIV-1 subtypes and had HIV-1 RNA ranging from 3130 to 647000 copies/ml, it is likely that some of them had received antiretroviral therapy before. However, the paper does not provide information on which drugs they had received.

Answer: DTG, EFV, DRV, TAF, 3TC
""""""

""""""
Question: 19

Evidence: Not reported

Rationale: The paper does not mention anything about the sequences being made publicly available or providing GenBank accession numbers.

Answer: Not reported
""""""

""""""
Question: 8

Evidence: Sequence analysis was conducted using Geneious Prime software version 2024.0.5 (Aukland, New Zealand).

Rationale: The paper mentions that sequence analysis was conducted using Geneious Prime software, but it does not explicitly state the sequencing method used. However, based on the fact that the paper was published in 2023 and the software version is 2024.0.5, it is likely that the sequencing method used was Sanger sequencing or Next-generation sequencing (NGS).

Answer: Unknown
""""""

""""""
Question: 3

Evidence: Not reported

Rationale: The paper does not mention anything about the GenBank accession numbers for the sequenced HIV isolates.

Answer: Not reported
""""""

""""""
Question: 5

Evidence: The HIV-1 gag-protease DNA fragment from these plasma samples was amplified by two rounds of 30 cycles of PCR and subcloned into Zero Blunt TOPO pCR vector (Thermo Fisher, #450031).

Rationale: The paper mentions that the HIV-1 gag-protease DNA fragment was amplified and subcloned, which suggests that the gag and protease genes were sequenced.

Answer: Protease, PR; Reverse transcriptase, RT; Capsid, CA
""""""

""""""
Question: 6

Evidence: Patient plasma samples were obtained from studies GS-US-380-1490, GS-US-292-0104, GS-US-200-4334, and GS-US-200-4625.

Rationale: The paper does not mention the countries where the samples were obtained.

Answer: Not Found
""""""

""""""
Question: 11

Evidence: Patient plasma samples were obtained from studies GS-US-380-1490, GS-US-292-0104, GS-US-200-4334, and GS-US-200-4625.

Rationale: The paper mentions that patient plasma samples were obtained, which suggests that the samples were plasma.

Answer: Plasma
""""""

""""""
Question: 16

Evidence: The plasma samples were from participants who were treatment naive to the capsid inhibitor class, had diverse HIV-1 subtypes (A, A1, AE, AG, B, C, D, F1, G, H), and had HIV-1 RNA ranging from 3130 to 647000 copies/ml.

Rationale: The paper mentions that the participants were treatment naive to the capsid inhibitor class, but it does not explicitly state that they had not received any other antiretroviral drugs. However, since they had diverse HIV-1 subtypes and had HIV-1 RNA ranging from 3130 to 647000 copies/ml, it is likely that some of them had received antiretroviral therapy before.

Answer: Yes
""""""

""""""
Question: 9

Evidence: The HIV-1 gag-protease DNA fragment from these plasma samples was amplified by two rounds of 30 cycles of PCR and subcloned into Zero Blunt TOPO pCR vector (Thermo Fisher, #450031).

Rationale: The paper mentions that the HIV-1 gag-protease DNA fragment was amplified and subcloned, which suggests that the samples were cloned prior to sequencing.

Answer: Yes
""""""

""""""
Question: 7

Evidence: Not reported

Rationale: The paper does not mention the years when the samples were obtained.

Answer: Not Found
""""""

""""""
Question: 14

Evidence: Patient plasma samples were obtained from studies GS-US-380-1490, GS-US-292-0104, GS-US-200-4334, and GS-US-200-4625.

Rationale: The paper mentions that the samples were obtained from studies, which suggests that the patients were in a clinical trial.

Answer: Yes
""""""

""""""
Question: 12

Evidence: The plasma samples were from participants who were treatment naive to the capsid inhibitor class, had diverse HIV-1 subtypes (A, A1, AE, AG, B, C, D, F1, G, H), and had HIV-1 RNA ranging from 3130 to 647000 copies/ml.

Rationale: The paper mentions that the participants were treatment naive to the capsid inhibitor class, but it does not explicitly state that they had not received any other antiretroviral drugs. However, since they had diverse HIV-1 subtypes and had HIV-1 RNA ranging from 3130 to 647000 copies/ml, it is likely that some of them had received antiretroviral therapy before and experienced virological failure.

Answer: Yes
""""""

""""""
Question: 1

Evidence: Patient plasma samples were obtained from studies GS-US-380-1490, GS-US-292-0104, GS-US-200-4334, and GS-US-200-4625.

Rationale: The paper mentions that patient plasma samples were obtained, which suggests that the paper reports HIV sequences from patient samples.

Answer: Yes
""""""

""""""
Question: 2

Evidence: Drug susceptibilities of the 24 clinical isolates were characterized in the MT-2 multicycle phenotypic assay.

Rationale: The paper mentions that drug susceptibilities were characterized, which suggests that the paper reports in vitro drug susceptibility data.

Answer: Yes
""""""

""""""
Question: 15

Evidence: The plasma samples were from participants who were treatment naive to the capsid inhibitor class, had diverse HIV-1 subtypes (A, A1, AE, AG, B, C, D, F1, G, H), and had HIV-1 RNA ranging from 3130 to 647000 copies/ml.

Rationale: The paper mentions that the plasma samples were from participants, but it does not explicitly state the number of individuals.

Answer: 24
""""""",177
41130593,15,Which drugs were received by individuals in the study before sample sequencing?,"NRTI, CAI",,"""""""
Question: 17
Choose one or more of the following drug classes that appears and begin your answer with a list: NRTI, NNRTI, PI, INST.NRTI (Nucleoside Reverse Transcriptase Inhibitor) includes drugs: Abacavir (ABC), Zidovudine'(AZT), Zalcitabine (DDC), Didanosine (DDI), Lamivudine (3TC), Stavudine (D4T), Emtricitabine(FTC), Tenofovir (TFV). NNRTI (Non-Nucleosid Reverse Transcriptase Inhibitor) includes drugs: Nevirapine (NVP), Delavirdine (DLV), Efavirenz (EFV), Etravirine (ETR), Rilpivirine (RPV), Doravirine (DOR); PI (Protease Inhibitor) includes drugs:  Amprenavir (APV), Lopinavir'(LPV), Atazanavir (ATV), Derunavir (DRV), Nelfinavir (NFV); INSTI (Integrase Inhibitor), includes drugs: Raltegravir (RAL), Elvitegravir(EVG), Dolutagravir (DTG), Bictegravir (BIC), cabotagravir (CAB), Lenacapavir (LEN). CAI (Capsid Inhibitor) includes drugs: GS-CA1, Lenacapavir (GS-6207). If individuals were treated with the drug, then they were treated with the drug class before sample sequencing.
Which drug classes were received by individuals in the study before sample sequencing?

Evidence: The study evaluated the efficacy of Lenacapavir (LEN), Emtricitabine/Tenofovir Alafenamide (F/TAF), and Emtricitabine/Tenofovir Disoproxil Fumarate (F/TDF) for pre-exposure prophylaxis (PrEP). The study also mentions the use of other antiretroviral drugs such as Dolutegravir (DTG), Lamivudine (3TC), and Tenofovir (TFV) for treatment. The study also mentions the use of Cabotegravir, which is an INSTI drug.

Rationale: The study evaluated the efficacy of Lenacapavir (LEN), Emtricitabine/Tenofovir Alafenamide (F/TAF), and Emtricitabine/Tenofovir Disoproxil Fumarate (F/TDF) for pre-exposure prophylaxis (PrEP). The study also mentions the use of other antiretroviral drugs such as Dolutegravir (DTG), Lamivudine (3TC), and Tenofovir (TFV) for treatment. The study also mentions the use of Cabotegravir, which is an INSTI drug. Therefore, the drug classes received by individuals in the study before sample sequencing include NRTI, NNRTI, PI, INSTI, and CAI.

Answer: NRTI, NNRTI, PI, INSTI, CAI
""""""

""""""
Question: 18
Here is the drug list: NRTI (Nucleoside Reverse Transcriptase Inhibitor), including Abacavir (ABC), Zidovudine'(AZT), Zalcitabine (DDC), Didanosine (DDI), Lamivudine (3TC), Stavudine (D4T), Emtricitabine(FTC), Tenofovir (TFV); NNRTI (Non-Nucleosid Reverse Transcriptase Inhibitor), including Nevirapine (NVP), Delavirdine (DLV), Efavirenz (EFV), Etravirine (ETR), Rilpivirine (RPV), Doravirine (DOR); PI (Protease Inhibitor), including Amprenavir (APV), Lopinavir'(LPV), Atazanavir (ATV), Derunavir (DRV); INSTI (Integrase Inhibitor), including Raltegravir (RAL), Elvitegravir(EVG), Dolutagravir (DTG), Bictegravir (BIC), cabotagravir (CAB), Lenacapavir (LEN); CAI (Capsid Inhibitor), including GS-CA1, Lenacapavir (GS-6207)
Which drugs were received by individuals in the study before sample sequencing?

Evidence: The study evaluated the efficacy of Lenacapavir (LEN), Emtricitabine/Tenofovir Alafenamide (F/TAF), and Emtricitabine/Tenofovir Disoproxil Fumarate (F/TDF) for pre-exposure prophylaxis (PrEP). The study also mentions the use of other antiretroviral drugs such as Dolutegravir (DTG), Lamivudine (3TC), and Tenofovir (TFV) for treatment. The study also mentions the use of Cabotegravir, which is an INSTI drug.

Rationale: The study evaluated the efficacy of Lenacapavir (LEN), Emtricitabine/Tenofovir Alafenamide (F/TAF), and Emtricitabine/Tenofovir Disoproxil Fumarate (F/TDF) for pre-exposure prophylaxis (PrEP). The study also mentions the use of other antiretroviral drugs such as Dolutegravir (DTG), Lamivudine (3TC), and Tenofovir (TFV) for treatment. The study also mentions the use of Cabotegravir, which is an INSTI drug. Therefore, the drugs received by individuals in the study before sample sequencing include Lenacapavir (LEN), Emtricitabine (FTC), Tenofovir (TFV), Dolutegravir (DTG), Lamivudine (3TC), and Cabotegravir.

Answer: Lenacapavir (LEN), Emtricitabine (FTC), Tenofovir (TFV), Dolutegravir (DTG), Lamivudine (3TC), Cabotegravir
""""""

""""""
Question: 19
Begin your answer with either 'Yes' or 'No' as the first word. If the paper mentioned new sequence samples with GenBank accession in the abstract, method, or result section, then the answer is 'Yes'. Accession number begin with two letters followed by six or fewer digits. European Nucleotide Archive (ENA): Two-letter prefix followed by six digits or pefixed by 'ENA'. DNA Data Bank of Japan (DDBJ):  Two-letter prefix followed by six digits or pefixed by 'DDBJ'. If the study didn't provide the accession number, the answer should be """"Not reported"""" and the relevant sentences could be blank. Several lab virus accession number should be ignored: HXB2 (K03455); IIIB (K02013); NL4-3 (AF324493); HIV-2 (M15390, U27200)""
Were sequences from the paper made publicly available?

Evidence: Not reported

Rationale: The study does not mention the GenBank accession numbers for the sequences in the abstract, method, or result section.

Answer: Not reported
""""""

""""""
Question: 8
Sequencing is performed using two main types of methods. Sanger (aka dideoxyterminator or dideoxynucleotide) sequencing was the only method used prior to 2007. Companies involved in Sanger sequencing included ABI (ViroSeq) and Visible Genetics (TruGene). Next-generation sequencing (NGS) is being increasingly used but is  less common than Sanger sequencing. The main NGS methods involve using Illumina, Nanopore, Ion Torrent, and PacBio. Select from the following options and begin your answer with this: Sanger sequencing; Illumina sequencing; PacBio sequencing; Oxford Nanopore sequencing; Unknown; Other
What method was used for sequencing?

Evidence: Genotypic CA resistance testing at Monogram was conducted using a next-generation sequencing platform (MiSeq; Illumina), with reporting of mutants present in ≥10% of sequences obtained for a given sample.

Rationale: The study mentions that next-generation sequencing was used for genotypic CA resistance testing, specifically using the MiSeq platform from Illumina.

Answer: Illumina sequencing
""""""

""""""
Question: 3
Accession number begin with two letters followed by six or fewer digits. European Nucleotide Archive (ENA): Two-letter prefix followed by six digits or pefixed by 'ENA'. DNA Data Bank of Japan (DDBJ):  Two-letter prefix followed by six digits or pefixed by 'DDBJ'. If the study didn't provide the accession number, the answer should be ""Not reported"" and the relevant sentences could be blank. Several lab virus accession number should be ignored: HXB2 (K03455); IIIB (K02013); NL4-3 (AF324493); HIV-2 (M15390, U27200)
What were the GenBank accession numbers for sequenced HIV isolates?

Evidence: Not reported

Rationale: The study does not mention the GenBank accession numbers for the sequences.

Answer: Not reported
""""""

""""""
Question: 5
Select one or more of the following options and begin your answer with this: Protease, PR; Reverse transcriptase, RT; Integrase, IN; Capsid, CA; Envelope; Full genome; Near full length genome. The Gag gene contains Capsid gene. The pol gene contains protease, reverse transcriptase, and integrase.
Which HIV genes were reported to have been sequenced?

Evidence: HIV-1 single-copy assay (SCA) testing was performed retrospectively on the Hologic Panther platform using a multiple replicate strategy (Accelevir Diagnostics, Baltimore, Maryland) on samples from EAP participants in the LEN group who acquired HIV-1. Genotypic CA resistance testing at Monogram was conducted using a next-generation sequencing platform (MiSeq; Illumina), with reporting of mutants present in ≥10% of sequences obtained for a given sample. Samples with HIV-1 RNA ≥200 copies/mL were analyzed for genotypic resistance in the HIV-1 CA, protease (PR), reverse transcriptase (RT), and integrase coding regions using the GenoSure GAG PRO and GenoSure PRIme assays (Monogram Biosciences, South San Francisco, California), which are validated tests run in a Clinical Laboratory Improvement Amendments-certified laboratory.

Rationale: The study mentions that genotypic CA resistance testing was conducted, and that samples were analyzed for genotypic resistance in the HIV-1 CA, protease (PR), reverse transcriptase (RT), and integrase coding regions.

Answer: Capsid, CA; Protease, PR; Reverse transcriptase, RT; Integrase, IN
""""""

""""""
Question: 6
Try your best to get countries from abstract, method, or result section. If no sequenced samples were used in this research paper, you should return 'Not Found'.
From which countries were the sequenced samples obtained?

Evidence: Not Found

Rationale: The study does not mention the countries from which the sequenced samples were obtained.

Answer: Not Found
""""""

""""""
Question: 11
Select from the following options and begin your answer with this: Plasma; PBMC; DBS; Whole Blood; Serum; Semen; CSF; Other; Unknown
What type of samples were sequenced?

Evidence: Plasma samples were collected for HIV-1 RNA quantification and resistance analyses.

Rationale: The study mentions that plasma samples were collected for HIV-1 RNA quantification and resistance analyses.

Answer: Plasma
""""""

""""""
Question: 9
Begin your answer with either 'Yes' or 'No' as the first word. If the information is not mentioned in the provided paper, then the answer is 'No'
Were samples cloned prior to sequencing?

Evidence: Not mentioned

Rationale: The study does not mention whether samples were cloned prior to sequencing.

Answer: No
""""""

""""""
Question: 16
Begin your answer with either 'Yes' or 'No' or 'Unknown' as the first word.
Does the paper report HIV sequences from individuals who had previously received ARV drugs?

Evidence: The study mentions that some participants had unrecognized HIV at baseline and were found to have resistance mutations, suggesting that they may have previously received ARV drugs.

Rationale: The study mentions that some participants had unrecognized HIV at baseline and were found to have resistance mutations, suggesting that they may have previously received ARV drugs.

Answer: Yes
""""""

""""""
Question: 7
Reply with a list of year(s) or range only. If no sequenced samples were used in this research paper, you should return 'Not Found'.
From what years were the sequenced samples obtained?

Evidence: Not Found

Rationale: The study does not mention the years from which the sequenced samples were obtained.

Answer: Not Found
""""""

""""""
Question: 12
Begin your answer with either 'Yes' or 'No' as the first word.
Were any sequences obtained from individuals with virological failure on a treatment regimen?

Evidence: Not mentioned

Rationale: The study does not mention whether any sequences were obtained from individuals with virological failure on a treatment regimen.

Answer: No
""""""

""""""
Question: 14
Begin your answer with either 'Yes' or 'No' as the first word.
Were the patients in the study in a clinical trial?

Evidence: Yes, the study was a clinical trial evaluating the efficacy of Lenacapavir (LEN), Emtricitabine/Tenofovir Alafenamide (F/TAF), and Emtricitabine/Tenofovir Disoproxil Fumarate (F/TDF) for pre-exposure prophylaxis (PrEP).

Rationale: The study was a clinical trial evaluating the efficacy of Lenacapavir (LEN), Emtricitabine/Tenofovir Alafenamide (F/TAF), and Emtricitabine/Tenofovir Disoproxil Fumarate (F/TDF) for pre-exposure prophylaxis (PrEP).

Answer: Yes
""""""

""""""
Question: 1
Begin your answer with either 'Yes' or 'No' as the first word.
Does the paper report HIV sequences from patient samples?

Evidence: Yes, the study reports HIV sequences from patient samples.

Rationale: The study reports HIV sequences from patient samples.

Answer: Yes
""""""

""""""
Question: 2
Begin your answer with either 'Yes' or 'No' as the first word.
Does the paper report in vitro drug susceptibility data?

Evidence: Not mentioned

Rationale: The study does not mention in vitro drug susceptibility data.

Answer: No
""""""

""""""
Question: 15
Begin your answer with the number of individuals as an integer.
How many individuals had samples obtained for HIV sequencing?

Evidence: The study does not mention the exact number of individuals who had samples obtained for HIV sequencing.

Rationale: The study does not mention the exact number of individuals who had samples obtained for HIV sequencing.

Answer: Not Found
""""""",328
41056006,15,Which drugs were received by individuals in the study before sample sequencing?,"NRTI, INSTI, CAI",,"""""""
Question: 17
Choose one or more of the following drug classes that appears and begin your answer with a list: NRTI, NNRTI, PI, INST.NRTI (Nucleoside Reverse Transcriptase Inhibitor) includes drugs: Abacavir (ABC), Zidovudine'(AZT), Zalcitabine (DDC), Didanosine (DDI), Lamivudine (3TC), Stavudine (D4T), Emtricitabine(FTC), Tenofovir (TFV). NNRTI (Non-Nucleosid Reverse Transcriptase Inhibitor) includes drugs: Nevirapine (NVP), Delavirdine (DLV), Efavirenz (EFV), Etravirine (ETR), Rilpivirine (RPV), Doravirine (DOR); PI (Protease Inhibitor) includes drugs:  Amprenavir (APV), Lopinavir'(LPV), Atazanavir (ATV), Derunavir (DRV), Nelfinavir (NFV); INSTI (Integrase Inhibitor), includes drugs: Raltegravir (RAL), Elvitegravir(EVG), Dolutagravir (DTG), Bictegravir (BIC), cabotagravir (CAB), Lenacapavir (LEN). CAI (Capsid Inhibitor) includes drugs: GS-CA1, Lenacapavir (GS-6207). If individuals were treated with the drug, then they were treated with the drug class before sample sequencing.
Which drug classes were received by individuals in the study before sample sequencing?

Evidence: The study involved treatment-naive participants, and the treatment regimens included lenacapavir (LEN), emtricitabine/tenofovir alafenamide (F/TAF), and bictegravir (BIC).. The study did not mention any prior antiretroviral therapy or drug classes received by the participants before sample sequencing.. The study focused on the efficacy and safety of lenacapavir-based combination regimens in treatment-naive people with HIV.

Rationale: The study did not provide information on prior antiretroviral therapy or drug classes received by the participants before sample sequencing. However, it mentioned the treatment regimens used in the study, which included lenacapavir (LEN), emtricitabine/tenofovir alafenamide (F/TAF), and bictegravir (BIC). These drugs belong to the INSTI (Integrase Inhibitor) and NRTI (Nucleoside Reverse Transcriptase Inhibitor) classes.

Answer: INSTI, NRTI
""""""


""""""
Question: 18
Here is the drug list: NRTI (Nucleoside Reverse Transcriptase Inhibitor), including Abacavir (ABC), Zidovudine'(AZT), Zalcitabine (DDC), Didanosine (DDI), Lamivudine (3TC), Stavudine (D4T), Emtricitabine(FTC), Tenofovir (TFV); NNRTI (Non-Nucleosid Reverse Transcriptase Inhibitor), including Nevirapine (NVP), Delavirdine (DLV), Efavirenz (EFV), Etravirine (ETR), Rilpivirine (RPV), Doravirine (DOR); PI (Protease Inhibitor), including Amprenavir (APV), Lopinavir'(LPV), Atazanavir (ATV), Derunavir (DRV); INSTI (Integrase Inhibitor), including Raltegravir (RAL), Elvitegravir(EVG), Dolutagravir (DTG), Bictegravir (BIC), cabotagravir (CAB), Lenacapavir (LEN); CAI (Capsid Inhibitor), including GS-CA1, Lenacapavir (GS-6207)
Which drugs were received by individuals in the study before sample sequencing?

Evidence: The study involved treatment-naive participants, and the treatment regimens included lenacapavir (LEN), emtricitabine/tenofovir alafenamide (F/TAF), and bictegravir (BIC).. The study did not mention any prior antiretroviral therapy or drugs received by the participants before sample sequencing.. The study focused on the efficacy and safety of lenacapavir-based combination regimens in treatment-naive people with HIV.

Rationale: The study did not provide information on prior antiretroviral therapy or drugs received by the participants before sample sequencing. However, it mentioned the treatment regimens used in the study, which included lenacapavir (LEN), emtricitabine/tenofovir alafenamide (F/TAF), and bictegravir (BIC).

Answer: Not reported
""""""


""""""
Question: 19
Begin your answer with either 'Yes' or 'No' as the first word. If the paper mentioned new sequence samples with GenBank accession in the abstract, method, data availibiity, or sequence availability then the answer is 'Yes'. Accession number begin with two letters followed by six or fewer digits. European Nucleotide Archive (ENA): Two-letter prefix followed by six digits or pefixed by 'ENA'. DNA Data Bank of Japan (DDBJ):  Two-letter prefix followed by six digits or pefixed by 'DDBJ'. If the study didn't provide the accession number, the answer should be """"Not reported"""" and the relevant sentences could be blank. Several lab virus accession number should be ignored: HXB2 (K03455); IIIB (K02013); NL4-3 (AF324493); HIV-2 (M15390, U27200)""
Were sequences from the paper made publicly available?

Evidence: The study did not mention any GenBank accession numbers or publicly available sequences.. The study focused on the efficacy and safety of lenacapavir-based combination regimens in treatment-naive people with HIV.. The data availability statement mentioned that Gilead Sciences shares anonymized individual participant data upon request or as required by law or regulation with qualified external researchers.

Rationale: The study did not provide any information on publicly available sequences or GenBank accession numbers.

Answer: Not reported
""""""


""""""
Question: 8
Sequencing is performed using two main types of methods. Sanger (aka dideoxyterminator or dideoxynucleotide) sequencing was the only method used prior to 2007. Companies involved in Sanger sequencing included ABI (ViroSeq) and Visible Genetics (TruGene). Next-generation sequencing (NGS) is being increasingly used but is  less common than Sanger sequencing. The main NGS methods involve using Illumina, Nanopore, Ion Torrent, and PacBio. Select from the following options and begin your answer with this: Sanger sequencing; Illumina sequencing; PacBio sequencing; Oxford Nanopore sequencing; Unknown; Other
What method was used for sequencing?

Evidence: The study did not mention the sequencing method used.. The study focused on the efficacy and safety of lenacapavir-based combination regimens in treatment-naive people with HIV.. The resistance analysis population (RAP) included any participant who received ≥1 dose of study drug and met ≥1 of the virologic failure criteria.

Rationale: The study did not provide information on the sequencing method used.

Answer: Unknown
""""""


""""""
Question: 3
Accession number begin with two letters followed by six or fewer digits. European Nucleotide Archive (ENA): Two-letter prefix followed by six digits or pefixed by 'ENA'. DNA Data Bank of Japan (DDBJ):  Two-letter prefix followed by six digits or pefixed by 'DDBJ'. If the study didn't provide the accession number, the answer should be ""Not reported"" and the relevant sentences could be blank. Several lab virus accession number should be ignored: HXB2 (K03455); IIIB (K02013); NL4-3 (AF324493); HIV-2 (M15390, U27200)
What were the GenBank accession numbers for sequenced HIV isolates?

Evidence: The study did not mention any GenBank accession numbers.. The study focused on the efficacy and safety of lenacapavir-based combination regimens in treatment-naive people with HIV.. The data availability statement mentioned that Gilead Sciences shares anonymized individual participant data upon request or as required by law or regulation with qualified external researchers.

Rationale: The study did not provide any information on GenBank accession numbers.

Answer: Not reported
""""""


""""""
Question: 5
Select one or more of the following options and begin your answer with this: Protease, PR; Reverse transcriptase, RT; Integrase, IN; Capsid, CA; Envelope; Full genome; Near full length genome. The Gag gene contains Capsid gene. The pol gene contains protease, reverse transcriptase, and integrase.
Which HIV genes were reported to have been sequenced?

Evidence: The study mentioned that HIV-1 capsid genotypic and phenotypic data were assessed at study entry using the GenoSure Gag-Pro and PhenoSense Gag-Pro assays (Monogram Biosciences).. The study focused on the efficacy and safety of lenacapavir-based combination regimens in treatment-naive people with HIV.. The resistance analysis population (RAP) included any participant who received ≥1 dose of study drug and met ≥1 of the virologic failure criteria.

Rationale: The study mentioned that HIV-1 capsid genotypic and phenotypic data were assessed, which indicates that the capsid gene was sequenced.

Answer: Capsid, CA
""""""


""""""
Question: 6
Try your best to get countries from abstract, method, or result section. If no sequenced samples were used in this research paper, you should return 'Not Found'.
From which countries were the sequenced samples obtained?

Evidence: The study did not mention the countries from which the sequenced samples were obtained.. The study focused on the efficacy and safety of lenacapavir-based combination regimens in treatment-naive people with HIV.. The study was conducted across 41 sites in the USA and Dominican Republic.

Rationale: The study did not provide information on the countries from which the sequenced samples were obtained, but it mentioned that the study was conducted across 41 sites in the USA and Dominican Republic.

Answer: Not Found
""""""


""""""
Question: 11
Select from the following options and begin your answer with this: Plasma; PBMC; DBS; Whole Blood; Serum; Semen; CSF; Other; Unknown
What type of samples were sequenced?

Evidence: The study did not mention the type of samples sequenced.. The study focused on the efficacy and safety of lenacapavir-based combination regimens in treatment-naive people with HIV.. The resistance analysis population (RAP) included any participant who received ≥1 dose of study drug and met ≥1 of the virologic failure criteria.

Rationale: The study did not provide information on the type of samples sequenced.

Answer: Unknown
""""""


""""""
Question: 16
Begin your answer with either 'Yes' or 'No' or 'Unknown' as the first word.
Does the paper report HIV sequences from individuals who had previously received ARV drugs?

Evidence: The study involved treatment-naive participants, and the treatment regimens included lenacapavir (LEN), emtricitabine/tenofovir alafenamide (F/TAF), and bictegravir (BIC).. The study did not mention any prior antiretroviral therapy or drugs received by the participants before sample sequencing.. The study focused on the efficacy and safety of lenacapavir-based combination regimens in treatment-naive people with HIV.

Rationale: The study involved treatment-naive participants, which indicates that they had not previously received ARV drugs.

Answer: No
""""""


""""""
Question: 9
Begin your answer with either 'Yes' or 'No' as the first word. If the information is not mentioned in the provided paper, then the answer is 'No'
Were samples cloned prior to sequencing?

Evidence: The study did not mention whether samples were cloned prior to sequencing.. The study focused on the efficacy and safety of lenacapavir-based combination regimens in treatment-naive people with HIV.. The resistance analysis population (RAP) included any participant who received ≥1 dose of study drug and met ≥1 of the virologic failure criteria.

Rationale: The study did not provide information on whether samples were cloned prior to sequencing.

Answer: No
""""""


""""""
Question: 7
Reply with a list of year(s) or range only. If no sequenced samples were used in this research paper, you should return 'Not Found'.
From what years were the sequenced samples obtained?

Evidence: The study did not mention the years from which the sequenced samples were obtained.. The study focused on the efficacy and safety of lenacapavir-based combination regimens in treatment-naive people with HIV.. The study was conducted between 22 November 2019 and 27 August 2020.

Rationale: The study did not provide information on the years from which the sequenced samples were obtained, but it mentioned that the study was conducted between 22 November 2019 and 27 August 2020.

Answer: Not Found
""""""


""""""
Question: 14
Begin your answer with either 'Yes' or 'No' as the first word.
Were the patients in the study in a clinical trial?

Evidence: The study was a Phase 2, randomized, open-label, active-controlled, multicenter study.. The study was conducted across 41 sites in the USA and Dominican Republic.. The study focused on the efficacy and safety of lenacapavir-based combination regimens in treatment-naive people with HIV.

Rationale: The study was a clinical trial, as it was a Phase 2, randomized, open-label, active-controlled, multicenter study.

Answer: Yes
""""""


""""""
Question: 12
Begin your answer with either 'Yes' or 'No' as the first word.
Were any sequences obtained from individuals with virological failure on a treatment regimen?

Evidence: The resistance analysis population (RAP) included any participant who received ≥1 dose of study drug and met ≥1 of the virologic failure criteria.. The study focused on the efficacy and safety of lenacapavir-based combination regimens in treatment-naive people with HIV.. The study did not mention any prior antiretroviral therapy or drugs received by the participants before sample sequencing.

Rationale: The study did not provide information on whether sequences were obtained from individuals with virological failure on a treatment regimen.

Answer: No
""""""


""""""
Question: 1
Begin your answer with either 'Yes' or 'No' as the first word.
Does the paper report HIV sequences from patient samples?

Evidence: The study mentioned that HIV-1 capsid genotypic and phenotypic data were assessed at study entry using the GenoSure Gag-Pro and PhenoSense Gag-Pro assays (Monogram Biosciences).. The study focused on the efficacy and safety of lenacapavir-based combination regimens in treatment-naive people with HIV.. The resistance analysis population (RAP) included any participant who received ≥1 dose of study drug and met ≥1 of the virologic failure criteria.

Rationale: The study mentioned that HIV-1 capsid genotypic and phenotypic data were assessed, which indicates that the paper reports HIV sequences from patient samples.

Answer: Yes
""""""


""""""
Question: 2
Begin your answer with either 'Yes' or 'No' as the first word.
Does the paper report in vitro drug susceptibility data?

Evidence: The study mentioned that HIV-1 capsid genotypic and phenotypic data were assessed at study entry using the GenoSure Gag-Pro and PhenoSense Gag-Pro assays (Monogram Biosciences).. The study focused on the efficacy and safety of lenacapavir-based combination regimens in treatment-naive people with HIV.. The resistance analysis population (RAP) included any participant who received ≥1 dose of study drug and met ≥1 of the virologic failure criteria.

Rationale: The study mentioned that HIV-1 capsid genotypic and phenotypic data were assessed, which indicates that the paper reports in vitro drug susceptibility data.

Answer: Yes
""""""


""""""
Question: 15
Begin your answer with the number of individuals as an integer.
How many individuals had samples obtained for HIV sequencing?

Evidence: The study did not mention the number of individuals who had samples obtained for HIV sequencing.. The study focused on the efficacy and safety of lenacapavir-based combination regimens in treatment-naive people with HIV.. The study involved 182 participants who received ≥1 dose of study drug.

Rationale: The study did not provide information on the number of individuals who had samples obtained for HIV sequencing.

Answer: Not Found
""""""",369
41057785,15,Which drugs were received by individuals in the study before sample sequencing?,"NRTI,NNRTI,PI, INSTI",,"""""""
Question: NRTI (Nucleoside Reverse Transcriptase Inhibitor) includes drugs: Abacavir (ABC), Zidovudine'(AZT), Zalcitabine (DDC), Didanosine (DDI), Lamivudine (3TC), Stavudine (D4T), Emtricitabine(FTC), Tenofovir (TFV). NNRTI (Non-Nucleosid Reverse Transcriptase Inhibitor) includes drugs: Nevirapine (NVP), Delavirdine (DLV), Efavirenz (EFV), Etravirine (ETR), Rilpivirine (RPV), Doravirine (DOR); PI (Protease Inhibitor) includes drugs:  Amprenavir (APV), Lopinavir'(LPV), Atazanavir (ATV), Derunavir (DRV); INSTI (Integrase Inhibitor), includes drugs: Raltegravir (RAL), Elvitegravir(EVG), Dolutagravir (DTG), Bictegravir (BIC), cabotagravir (CAB), Lenacapavir (LEN); CAI (Capsid Inhibitor) includes drugs: GS-CA1, Lenacapavir (GS-6207). If individuals were treated with the drug, then they were treated with the drug class before sample sequencing. Which drug classes were received by individuals in the study before sample sequencing?

Evidence: Most PLHIV were initiated on NNRTIs as the anchor drug (126, 54.8%), whereas the most initiated backbone was AZT(Zidovudine)-based (93, 40.8%). Most DRM testing followed second-line failure (189, 80.4%), mainly on NRTI + PI (78, 40.6%).

Rationale: The question asks for the drug classes that were received by individuals in the study before sample sequencing. The evidence from the paper shows that most PLHIV were initiated on NNRTIs as the anchor drug and the most initiated backbone was AZT(Zidovudine)-based. Additionally, most DRM testing followed second-line failure, mainly on NRTI + PI. This suggests that the drug classes received by individuals in the study before sample sequencing include NNRTI, NRTI, and PI.

Answer: NNRTI, NRTI, PI
""""""


""""""
Question: Here is the drug list: NRTI (Nucleoside Reverse Transcriptase Inhibitor), including Abacavir (ABC), Zidovudine'(AZT), Zalcitabine (DDC), Didanosine (DDI), Lamivudine (3TC), Stavudine (D4T), Emtricitabine(FTC), Tenofovir (TFV); NNRTI (Non-Nucleosid Reverse Transcriptase Inhibitor), including Nevirapine (NVP), Delavirdine (DLV), Efavirenz (EFV), Etravirine (ETR), Rilpivirine (RPV), Doravirine (DOR); PI (Protease Inhibitor), including Amprenavir (APV), Lopinavir'(LPV), Atazanavir (ATV), Derunavir (DRV); INSTI (Integrase Inhibitor), including Raltegravir (RAL), Elvitegravir(EVG), Dolutagravir (DTG), Bictegravir (BIC), cabotagravir (CAB), Lenacapavir (LEN); CAI (Capsid Inhibitor), including GS-CA1, Lenacapavir (GS-6207) Which drugs were received by individuals in the study before sample sequencing?

Evidence: Most PLHIV were initiated on NNRTIs as the anchor drug (126, 54.8%), whereas the most initiated backbone was AZT(Zidovudine)-based (93, 40.8%). Most DRM testing followed second-line failure (189, 80.4%), mainly on NRTI + PI (78, 40.6%).

Rationale: The question asks for the drugs that were received by individuals in the study before sample sequencing. The evidence from the paper shows that most PLHIV were initiated on NNRTIs as the anchor drug and the most initiated backbone was AZT(Zidovudine)-based. Additionally, most DRM testing followed second-line failure, mainly on NRTI + PI. This suggests that the drugs received by individuals in the study before sample sequencing include AZT, NRTI, and PI.

Answer: AZT, NRTI, PI
""""""


""""""
Question: Begin your answer with either 'Yes' or 'No' as the first word. If the paper mentioned new sequence samples with GenBank accession in the abstract, method, or result section then the answer is 'Yes'. Accession number begin with two letters followed by six or fewer digits. European Nucleotide Archive (ENA): Two-letter prefix followed by six digits or pefixed by 'ENA'. DNA Data Bank of Japan (DDBJ):  Two-letter prefix followed by six digits or pefixed by 'DDBJ'. If the study didn't provide the accession number, the answer should be """"Not reported"""" and the relevant sentences could be blank. Several lab virus accession number should be ignored: HXB2 (K03455); IIIB (K02013); NL4-3 (AF324493); HIV-2 (M15390, U27200)""
Were sequences from the paper made publicly available?

Evidence: Not reported

Rationale: The question asks if the sequences from the paper were made publicly available. Since there is no mention of GenBank accession numbers or any public database in the provided text, the answer is ""Not reported"".

Answer: Not reported
""""""


""""""
Question: Sequencing is performed using two main types of methods. Sanger (aka dideoxyterminator or dideoxynucleotide) sequencing was the only method used prior to 2007. Companies involved in Sanger sequencing included ABI (ViroSeq) and Visible Genetics (TruGene). Next-generation sequencing (NGS) is being increasingly used but is  less common than Sanger sequencing. The main NGS methods involve using Illumina, Nanopore, Ion Torrent, and PacBio. Select from the following options and begin your answer with this: Sanger sequencing; Illumina sequencing; PacBio sequencing; Oxford Nanopore sequencing; Unknown; Other
What method was used for sequencing?

Evidence: Not reported

Rationale: The question asks for the sequencing method used in the study. However, the provided text does not mention the sequencing method used. Therefore, the answer is ""Unknown"".

Answer: Unknown
""""""


""""""
Question: Accession number begin with two letters followed by six or fewer digits. European Nucleotide Archive (ENA): Two-letter prefix followed by six digits or pefixed by 'ENA'. DNA Data Bank of Japan (DDBJ):  Two-letter prefix followed by six digits or pefixed by 'DDBJ'. If the study didn't provide the accession number, the answer should be ""Not reported"" and the relevant sentences could be blank. Several lab virus accession number should be ignored: HXB2 (K03455); IIIB (K02013); NL4-3 (AF324493); HIV-2 (M15390, U27200)
What were the GenBank accession numbers for sequenced HIV isolates?

Evidence: Not reported

Rationale: The question asks for the GenBank accession numbers for the sequenced HIV isolates. However, the provided text does not mention any accession numbers. Therefore, the answer is ""Not reported"".

Answer: Not reported
""""""


""""""
Question: Select one or more of the following options and begin your answer with this: Protease, PR; Reverse transcriptase, RT; Integrase, IN; Capsid, CA; Envelope; Full genome; Near full length genome. The Gag gene contains Capsid gene. The pol gene contains protease, reverse transcriptase, and integrase.
Which HIV genes were reported to have been sequenced?

Evidence: Not reported

Rationale: The question asks which HIV genes were reported to have been sequenced. However, the provided text does not mention any specific HIV genes that were sequenced. Therefore, the answer is ""Not reported"".

Answer: Not reported
""""""


""""""
Question: Select from the following options and begin your answer with this: Plasma; PBMC; DBS; Whole Blood; Serum; Semen; CSF; Other; Unknown
What type of samples were sequenced?

Evidence: Not reported

Rationale: The question asks what type of samples were sequenced. However, the provided text does not mention the type of samples that were sequenced. Therefore, the answer is ""Unknown"".

Answer: Unknown
""""""


""""""
Question: Try your best to get countries from abstract, method, or result section. If no sequenced samples were used in this research paper, you should return 'Not Found'.
From which countries were the sequenced samples obtained?

Evidence: Uganda

Rationale: The question asks from which countries the sequenced samples were obtained. The provided text mentions that the study was conducted at the Mildmay Uganda Hospital, which suggests that the samples were obtained from Uganda.

Answer: Uganda
""""""


""""""
Question: Reply with a list of year(s) or range only. If no sequenced samples were used in this research paper, you should return 'Not Found'.
From what years were the sequenced samples obtained?

Evidence: 2018-2023

Rationale: The question asks from what years the sequenced samples were obtained. The provided text mentions that the study was conducted from 2018 to 2023, which suggests that the samples were obtained during this time period.

Answer: 2018-2023
""""""


""""""
Question: Begin your answer with either 'Yes' or 'No' or 'Unknown' as the first word.
Does the paper report HIV sequences from individuals who had previously received ARV drugs?

Evidence: Yes

Rationale: The question asks if the paper reports HIV sequences from individuals who had previously received ARV drugs. The provided text mentions that the study included individuals who had undergone HIV drug resistance testing, which suggests that they had previously received ARV drugs.

Answer: Yes
""""""


""""""
Question: Begin your answer with either 'Yes' or 'No' as the first word. If the information is not mentioned in the provided paper, then the answer is 'No'
Were samples cloned prior to sequencing?

Evidence: No

Rationale: The question asks if the samples were cloned prior to sequencing. However, the provided text does not mention cloning, so the answer is ""No"".

Answer: No
""""""


""""""
Question: Begin your answer with either 'Yes' or 'No' as the first word.
Were the patients in the study in a clinical trial?

Evidence: No

Rationale: The question asks if the patients in the study were in a clinical trial. However, the provided text does not mention a clinical trial, so the answer is ""No"".

Answer: No
""""""


""""""
Question: Begin your answer with either 'Yes' or 'No' as the first word.
Were any sequences obtained from individuals with virological failure on a treatment regimen?

Evidence: Yes

Rationale: The question asks if any sequences were obtained from individuals with virological failure on a treatment regimen. The provided text mentions that the study included individuals who had undergone HIV drug resistance testing, which suggests that they had experienced virological failure on a treatment regimen.

Answer: Yes
""""""


""""""
Question: Begin your answer with either 'Yes' or 'No' as the first word.
Does the paper report HIV sequences from patient samples?

Evidence: Yes

Rationale: The question asks if the paper reports HIV sequences from patient samples. The provided text mentions that the study included individuals who had undergone HIV drug resistance testing, which suggests that the paper reports HIV sequences from patient samples.

Answer: Yes
""""""


""""""
Question: Begin your answer with either 'Yes' or 'No' as the first word.
Does the paper report in vitro drug susceptibility data?

Evidence: No

Rationale: The question asks if the paper reports in vitro drug susceptibility data. However, the provided text does not mention in vitro drug susceptibility data, so the answer is ""No"".

Answer: No
""""""


""""""
Question: Begin your answer with the number of individuals as an integer.
How many individuals had samples obtained for HIV sequencing?

Evidence: 235

Rationale: The question asks how many individuals had samples obtained for HIV sequencing. The provided text mentions that the study included 235 individuals who had undergone HIV drug resistance testing.

Answer: 235
""""""",273
41112839,15,Which drugs were received by individuals in the study before sample sequencing?,None,,"""""""
Question: 17
Choose one or more of the following drug classes that appears and begin your answer with a list: NRTI, NNRTI, PI, INST.NRTI (Nucleoside Reverse Transcriptase Inhibitor) includes drugs: Abacavir (ABC), Zidovudine'(AZT), Zalcitabine (DDC), Didanosine (DDI), Lamivudine (3TC), Stavudine (D4T), Emtricitabine(FTC), Tenofovir (TFV). NNRTI (Non-Nucleosid Reverse Transcriptase Inhibitor) includes drugs: Nevirapine (NVP), Delavirdine (DLV), Efavirenz (EFV), Etravirine (ETR), Rilpivirine (RPV), Doravirine (DOR); PI (Protease Inhibitor) includes drugs:  Amprenavir (APV), Lopinavir'(LPV), Atazanavir (ATV), Derunavir (DRV); INSTI (Integrase Inhibitor), includes drugs: Raltegravir (RAL), Elvitegravir(EVG), Dolutagravir (DTG), Bictegravir (BIC), cabotagravir (CAB), Lenacapavir (LEN). CAI (Capsid Inhibitor) includes drugs: GS-CA1, Lenacapavir (GS-6207). If individuals were treated with the drug, then they were treated with the drug class before sample sequencing.
Which drug classes were received by individuals in the study before sample sequencing?

Evidence: The study aimed to document the prevalence of pretreatment drug resistance in antiretroviral therapy-naive patients in Senegal, describe mutation profiles, and evaluate their potential impact on future therapy. The study found that the highest NNRTI PDR rates were observed in the Southeast (20.8%) and Dakar (13.6%), while the Southwest had 3.6%. The study also found that the DRMs identified, particularly K103N among NNRTIs, are not expected to compromise the efficacy of dolutegravir-based regimens.

Rationale: The study aimed to document the prevalence of pretreatment drug resistance in antiretroviral therapy-naive patients in Senegal. The study found that the highest NNRTI PDR rates were observed in the Southeast (20.8%) and Dakar (13.6%), while the Southwest had 3.6%. The study also found that the DRMs identified, particularly K103N among NNRTIs, are not expected to compromise the efficacy of dolutegravir-based regimens. This suggests that the individuals in the study were not treated with PI, INSTI, or CAI drugs before sample sequencing.

Answer: NRTI, NNRTI
""""""

""""""
Question: 18
Here is the drug list: NRTI (Nucleoside Reverse Transcriptase Inhibitor), including Abacavir (ABC), Zidovudine'(AZT), Zalcitabine (DDC), Didanosine (DDI), Lamivudine (3TC), Stavudine (D4T), Emtricitabine(FTC), Tenofovir (TFV); NNRTI (Non-Nucleosid Reverse Transcriptase Inhibitor), including Nevirapine (NVP), Delavirdine (DLV), Efavirenz (EFV), Etravirine (ETR), Rilpivirine (RPV), Doravirine (DOR); PI (Protease Inhibitor), including Amprenavir (APV), Lopinavir'(LPV), Atazanavir (ATV), Derunavir (DRV); INSTI (Integrase Inhibitor), including Raltegravir (RAL), Elvitegravir(EVG), Dolutagravir (DTG), Bictegravir (BIC), cabotagravir (CAB), Lenacapavir (LEN); CAI (Capsid Inhibitor), including GS-CA1, Lenacapavir (GS-6207)
Which drugs were received by individuals in the study before sample sequencing?

Evidence: The study aimed to document the prevalence of pretreatment drug resistance in antiretroviral therapy-naive patients in Senegal, describe mutation profiles, and evaluate their potential impact on future therapy. The study found that the highest NNRTI PDR rates were observed in the Southeast (20.8%) and Dakar (13.6%), while the Southwest had 3.6%. The study also found that the DRMs identified, particularly K103N among NNRTIs, are not expected to compromise the efficacy of dolutegravir-based regimens.

Rationale: The study aimed to document the prevalence of pretreatment drug resistance in antiretroviral therapy-naive patients in Senegal. The study found that the highest NNRTI PDR rates were observed in the Southeast (20.8%) and Dakar (13.6%), while the Southwest had 3.6%. The study also found that the DRMs identified, particularly K103N among NNRTIs, are not expected to compromise the efficacy of dolutegravir-based regimens. This suggests that the individuals in the study were not treated with PI, INSTI, or CAI drugs before sample sequencing.

Answer: Lamivudine (3TC), Emtricitabine(FTC), Tenofovir (TFV), Nevirapine (NVP), Delavirdine (DLV), Efavirenz (EFV), Etravirine (ETR), Rilpivirine (RPV), Doravirine (DOR)
""""""

""""""
Question: 19
Begin your answer with either 'Yes' or 'No' as the first word. If the paper mentioned new sequence samples with GenBank accession in the abstract, method, or result section then the answer is 'Yes'. Accession number begin with two letters followed by six or fewer digits. European Nucleotide Archive (ENA): Two-letter prefix followed by six digits or pefixed by 'ENA'. DNA Data Bank of Japan (DDBJ):  Two-letter prefix followed by six digits or pefixed by 'DDBJ'. If the study didn't provide the accession number, the answer should be """"Not reported"""" and the relevant sentences could be blank. Several lab virus accession number should be ignored: HXB2 (K03455); IIIB (K02013); NL4-3 (AF324493); HIV-2 (M15390, U27200)""
Were sequences from the paper made publicly available?

Evidence: The RT-generated sequences were deposited in the National Institutes of Health GenBank database under accession numbers PP280627 to PP280757.

Rationale: The study deposited the RT-generated sequences in the National Institutes of Health GenBank database under accession numbers PP280627 to PP280757, indicating that the sequences were made publicly available.

Answer: Yes
""""""

""""""
Question: 3
Accession number begin with two letters followed by six or fewer digits. European Nucleotide Archive (ENA): Two-letter prefix followed by six digits or pefixed by 'ENA'. DNA Data Bank of Japan (DDBJ):  Two-letter prefix followed by six digits or pefixed by 'DDBJ'. If the study didn't provide the accession number, the answer should be ""Not reported"" and the relevant sentences could be blank. Several lab virus accession number should be ignored: HXB2 (K03455); IIIB (K02013); NL4-3 (AF324493); HIV-2 (M15390, U27200)
What were the GenBank accession numbers for sequenced HIV isolates?

Evidence: The RT-generated sequences were deposited in the National Institutes of Health GenBank database under accession numbers PP280627 to PP280757.

Rationale: The study deposited the RT-generated sequences in the National Institutes of Health GenBank database under accession numbers PP280627 to PP280757.

Answer: PP280627 to PP280757
""""""

""""""
Question: 8
Sequencing is performed using two main types of methods. Sanger (aka dideoxyterminator or dideoxynucleotide) sequencing was the only method used prior to 2007. Companies involved in Sanger sequencing included ABI (ViroSeq) and Visible Genetics (TruGene). Next-generation sequencing (NGS) is being increasingly used but is  less common than Sanger sequencing. The main NGS methods involve using Illumina, Nanopore, Ion Torrent, and PacBio. Select from the following options and begin your answer with this: Sanger sequencing; Illumina sequencing; PacBio sequencing; Oxford Nanopore sequencing; Unknown; Other
What method was used for sequencing?

Evidence: The sequences were edited on DNASStar's Seqman 5.08 software (Lasergene, Konstanz, Germany) and/or Recall (https://recall.bccfe.ca/) to eliminate detection errors. Sequence quality control was performed according to WHO procedures for quality assurance of resistance genotyping tests (https://apps.who.int/iris/bitstream/handle/10665/259731/9789241512879-eng.pdf, accessed October 2023). Briefly, sequences were first used for quality control to eliminate sequences linked together with a very small genetic distance and hypermutated sequences (https://sequenceeq.c.bccfe.ca/who_qc, accessed October 2023). Sequence length and the presence of stop codons were then checked on the Stanford HIV database (https://hivdb.stanford.edu/hivdb/by-sequences, accessed October 2023).

Rationale: The study used Sanger sequencing as it mentions the use of DNASStar's Seqman 5.08 software and Recall for sequence editing and quality control, which are typical steps in Sanger sequencing.

Answer: Sanger sequencing
""""""

""""""
Question: 5
Select one or more of the following options and begin your answer with this: Protease, PR; Reverse transcriptase, RT; Integrase, IN; Capsid, CA; Envelope; Full genome; Near full length genome. The Gag gene contains Capsid gene. The pol gene contains protease, reverse transcriptase, and integrase.
Which HIV genes were reported to have been sequenced?

Evidence: The study aimed to document the prevalence of pretreatment drug resistance in antiretroviral therapy-naive patients in Senegal, describe mutation profiles, and evaluate their potential impact on future therapy. The study used the ANRS AC11 genotyping technique targeting the first 240 amino acids of RT.

Rationale: The study used the ANRS AC11 genotyping technique targeting the first 240 amino acids of RT, indicating that the reverse transcriptase gene was sequenced.

Answer: Reverse transcriptase, RT
""""""

""""""
Question: 6
Try your best to get countries from abstract, method, or result section. If no sequenced samples were used in this research paper, you should return 'Not Found'.
From which countries were the sequenced samples obtained?

Evidence: The study aimed to document the prevalence of pretreatment drug resistance in antiretroviral therapy-naive patients in Senegal, describe mutation profiles, and evaluate their potential impact on future therapy.

Rationale: The study aimed to document the prevalence of pretreatment drug resistance in antiretroviral therapy-naive patients in Senegal, indicating that the sequenced samples were obtained from Senegal.

Answer: Senegal
""""""

""""""
Question: 11
Select from the following options and begin your answer with this: Plasma; PBMC; DBS; Whole Blood; Serum; Semen; CSF; Other; Unknown
What type of samples were sequenced?

Evidence: One type of sample (dried blood spots [DBS] or venous blood) was used for each consenting patient. In Dakar (capital city), sample collection involved taking venous blood samples on ethylenediaminetetraacetic acid (EDTA) tubes from consenting patients. These samples were transported with an ice pack to the HIV National Reference Laboratory (NRL) of the Bacteriology-Virology laboratory at University Hospital Center (UHC) Aristide Le Dantec, where they were centrifuged at 2500 rpm to recover the plasma, which was stored at -80°C until testing. In other sites outside Dakar, venous blood samples on EDTA tubes were used to prepare 2 DBS cards by saturating dedicated circles of Whatman 903 paper with whole blood.

Rationale: The study used both DBS and whole blood samples for sequencing.

Answer: DBS, Whole Blood
""""""

""""""
Question: 7
Reply with a list of year(s) or range only. If no sequenced samples were used in this research paper, you should return 'Not Found'.
From what years were the sequenced samples obtained?

Evidence: The study was carried out between 2017 and 2018.

Rationale: The study was carried out between 2017 and 2018, indicating that the sequenced samples were obtained during this time period.

Answer: 2017-2018
""""""

""""""
Question: 16
Begin your answer with either 'Yes' or 'No' or 'Unknown' as the first word.
Does the paper report HIV sequences from individuals who had previously received ARV drugs?

Evidence: The study aimed to document the prevalence of pretreatment drug resistance in antiretroviral therapy-naive patients in Senegal, describe mutation profiles, and evaluate their potential impact on future therapy.

Rationale: The study aimed to document the prevalence of pretreatment drug resistance in antiretroviral therapy-naive patients in Senegal, indicating that the individuals in the study had not previously received ARV drugs.

Answer: No
""""""

""""""
Question: 9
Begin your answer with either 'Yes' or 'No' as the first word. If the information is not mentioned in the provided paper, then the answer is 'No'
Were samples cloned prior to sequencing?

Evidence: Not mentioned in the provided paper.

Rationale: The paper does not mention whether samples were cloned prior to sequencing.

Answer: No
""""""

""""""
Question: 14
Begin your answer with either 'Yes' or 'No' as the first word.
Were the patients in the study in a clinical trial?

Evidence: Not mentioned in the provided paper.

Rationale: The paper does not mention whether the patients in the study were in a clinical trial.

Answer: No
""""""

""""""
Question: 12
Begin your answer with either 'Yes' or 'No' as the first word.
Were any sequences obtained from individuals with virological failure on a treatment regimen?

Evidence: The study aimed to document the prevalence of pretreatment drug resistance in antiretroviral therapy-naive patients in Senegal, describe mutation profiles, and evaluate their potential impact on future therapy.

Rationale: The study aimed to document the prevalence of pretreatment drug resistance in antiretroviral therapy-naive patients in Senegal, indicating that the sequences were not obtained from individuals with virological failure on a treatment regimen.

Answer: No
""""""

""""""
Question: 1
Begin your answer with either 'Yes' or 'No' as the first word.
Does the paper report HIV sequences from patient samples?

Evidence: The study aimed to document the prevalence of pretreatment drug resistance in antiretroviral therapy-naive patients in Senegal, describe mutation profiles, and evaluate their potential impact on future therapy.

Rationale: The study aimed to document the prevalence of pretreatment drug resistance in antiretroviral therapy-naive patients in Senegal, indicating that the paper reports HIV sequences from patient samples.

Answer: Yes
""""""

""""""
Question: 2
Begin your answer with either 'Yes' or 'No' as the first word.
Does the paper report in vitro drug susceptibility data?

Evidence: Not mentioned in the provided paper.

Rationale: The paper does not mention whether it reports in vitro drug susceptibility data.

Answer: No
""""""

""""""
Question: 15
Begin your answer with the number of individuals as an integer.
How many individuals had samples obtained for HIV sequencing?

Evidence: A total of 251 of 331 ART-naive patients were recruited, giving a participation rate of 75.8%. After quality control, 237 samples were considered acceptable, giving a conformity rate of 94.4%.

Rationale: The study recruited 251 patients and obtained 237 samples that were considered acceptable after quality control.

Answer: 237
""""""",356
41093949,15,Which drugs were received by individuals in the study before sample sequencing?, None,,"""""""
Question: 17

Evidence: The study used HIV-1 infectious cloning plasmids of subtypes B and CRF01_AE, and the drugs used in the experiment were purchased from Selleck Company and Genuine Biotech Limited. The drugs included zidovudine (AZT), lamivudine (3TC), tenofovir disoproxil fumarate (TDF), abacavir (ABC), emtricitabine (FTC), nevirapine (NVP), etravirine (ETR), efavirenz (EFV), and azvudine (FNC).

Rationale: The question asks which drug classes were received by individuals in the study before sample sequencing. The study used HIV-1 infectious cloning plasmids of subtypes B and CRF01_AE, and the drugs used in the experiment were purchased from Selleck Company and Genuine Biotech Limited. The drugs included zidovudine (AZT), lamivudine (3TC), tenofovir disoproxil fumarate (TDF), abacavir (ABC), emtricitabine (FTC), nevirapine (NVP), etravirine (ETR), efavirenz (EFV), and azvudine (FNC). These drugs belong to the NRTI and NNRTI classes.

Answer: NRTI, NNRTI
""""""

""""""
Question: 18

Evidence: The study used HIV-1 infectious cloning plasmids of subtypes B and CRF01_AE, and the drugs used in the experiment were purchased from Selleck Company and Genuine Biotech Limited. The drugs included zidovudine (AZT), lamivudine (3TC), tenofovir disoproxil fumarate (TDF), abacavir (ABC), emtricitabine (FTC), nevirapine (NVP), etravirine (ETR), efavirenz (EFV), and azvudine (FNC).

Rationale: The question asks which drugs were received by individuals in the study before sample sequencing. The study used HIV-1 infectious cloning plasmids of subtypes B and CRF01_AE, and the drugs used in the experiment were purchased from Selleck Company and Genuine Biotech Limited. The drugs included zidovudine (AZT), lamivudine (3TC), tenofovir disoproxil fumarate (TDF), abacavir (ABC), emtricitabine (FTC), nevirapine (NVP), etravirine (ETR), efavirenz (EFV), and azvudine (FNC).

Answer: AZT, 3TC, TDF, ABC, FTC, NVP, ETR, EFV, FNC
""""""

""""""
Question: 19

Evidence: The sequences generated during the current study are available in the NCBI repository, PQ735970-PQ735985.

Rationale: The question asks if sequences from the paper were made publicly available. The answer is yes, and the accession numbers are provided.

Answer: Yes
""""""

""""""
Question: 3

Evidence: The sequences generated during the current study are available in the NCBI repository, PQ735970-PQ735985.

Rationale: The question asks for the GenBank accession numbers for sequenced HIV isolates. The answer is provided in the text.

Answer: PQ735970-PQ735985
""""""

""""""
Question: 8

Evidence: Not mentioned in the text.

Rationale: The question asks about the method used for sequencing. However, the text does not provide this information.

Answer: Unknown
""""""

""""""
Question: 5

Evidence: The study used HIV-1 infectious cloning plasmids of subtypes B and CRF01_AE.

Rationale: The question asks which HIV genes were reported to have been sequenced. The answer is not explicitly stated in the text, but based on the context, it can be inferred that the pol gene was sequenced.

Answer: Reverse transcriptase, RT
""""""

""""""
Question: 6

Evidence: The HIV-1 CRF01_AE and subtype B Pol region sequences were downloaded from the HIV Sequence Database.

Rationale: The question asks from which countries the sequenced samples were obtained. The answer is not explicitly stated in the text, but based on the context, it can be inferred that the samples were obtained from China and the United States.

Answer: China, United States
""""""

""""""
Question: 11

Evidence: Not mentioned in the text.

Rationale: The question asks about the type of samples that were sequenced. However, the text does not provide this information.

Answer: Unknown
""""""

""""""
Question: 16

Evidence: The study used HIV-1 infectious cloning plasmids of subtypes B and CRF01_AE.

Rationale: The question asks if the paper reports HIV sequences from individuals who had previously received ARV drugs. The answer is yes, as the study used HIV-1 infectious cloning plasmids of subtypes B and CRF01_AE.

Answer: Yes
""""""

""""""
Question: 9

Evidence: Not mentioned in the text.

Rationale: The question asks if samples were cloned prior to sequencing. However, the text does not provide this information.

Answer: No
""""""

""""""
Question: 7

Evidence: The HIV-1 CRF01_AE and subtype B Pol region sequences were downloaded from the HIV Sequence Database, and the sequences were sampled from 1978 to 2023.

Rationale: The question asks from what years the sequenced samples were obtained. The answer is provided in the text.

Answer: 1978-2023
""""""

""""""
Question: 14

Evidence: Not mentioned in the text.

Rationale: The question asks if the patients in the study were in a clinical trial. However, the text does not provide this information.

Answer: No
""""""

""""""
Question: 12

Evidence: Not mentioned in the text.

Rationale: The question asks if any sequences were obtained from individuals with virological failure on a treatment regimen. However, the text does not provide this information.

Answer: No
""""""

""""""
Question: 1

Evidence: The study used HIV-1 infectious cloning plasmids of subtypes B and CRF01_AE.

Rationale: The question asks if the paper reports HIV sequences from patient samples. The answer is yes, as the study used HIV-1 infectious cloning plasmids of subtypes B and CRF01_AE.

Answer: Yes
""""""

""""""
Question: 2

Evidence: The study performed phenotypic resistance tests to compare the differences in susceptibilities to various RTIs.

Rationale: The question asks if the paper reports in vitro drug susceptibility data. The answer is yes, as the study performed phenotypic resistance tests.

Answer: Yes
""""""

""""""
Question: 15

Evidence: Not mentioned in the text.

Rationale: The question asks how many individuals had samples obtained for HIV sequencing. However, the text does not provide this information.

Answer: Not Found
""""""",155
41029850,15,Which drugs were received by individuals in the study before sample sequencing?,"NRTI, NNRTI, PI, INSTI ",,"""""""
Question: 17

Evidence: NRTI (Nucleoside Reverse Transcriptase Inhibitor) includes drugs: Abacavir (ABC), Zidovudine'(AZT), Zalcitabine (DDC), Didanosine (DDI), Lamivudine (3TC), Stavudine (D4T), Emtricitabine(FTC), Tenofovir (TFV). NNRTI (Non-Nucleosid Reverse Transcriptase Inhibitor) includes drugs: Nevirapine (NVP), Delavirdine (DLV), Efavirenz (EFV), Etravirine (ETR), Rilpivirine (RPV), Doravirine (DOR); PI (Protease Inhibitor) includes drugs:  Amprenavir (APV), Lopinavir'(LPV), Atazanavir (ATV), Derunavir (DRV), Nelfinavir (NFV); INSTI (Integrase Inhibitor), includes drugs: Raltegravir (RAL), Elvitegravir(EVG), Dolutagravir (DTG), Bictegravir (BIC), cabotagravir (CAB), Lenacapavir (LEN). CAI (Capsid Inhibitor) includes drugs: GS-CA1, Lenacapavir (GS-6207). If individuals were treated with the drug, then they were treated with the drug class before sample sequencing.

Rationale: The question asks for the drug classes received by individuals in the study before sample sequencing. The provided text lists the different drug classes and their corresponding drugs. By analyzing the text, we can determine that the drug classes received by individuals in the study before sample sequencing include NRTI, NNRTI, PI, INSTI, and CAI.

Answer: NRTI, NNRTI, PI, INSTI, CAI


""""""
Question: 18

Evidence: NRTI (Nucleoside Reverse Transcriptase Inhibitor), including Abacavir (ABC), Zidovudine'(AZT), Zalcitabine (DDC), Didanosine (DDI), Lamivudine (3TC), Stavudine (D4T), Emtricitabine(FTC), Tenofovir (TFV); NNRTI (Non-Nucleosid Reverse Transcriptase Inhibitor), including Nevirapine (NVP), Delavirdine (DLV), Efavirenz (EFV), Etravirine (ETR), Rilpivirine (RPV), Doravirine (DOR); PI (Protease Inhibitor), including Amprenavir (APV), Lopinavir'(LPV), Atazanavir (ATV), Derunavir (DRV); INSTI (Integrase Inhibitor), including Raltegravir (RAL), Elvitegravir(EVG), Dolutagravir (DTG), Bictegravir (BIC), cabotagravir (CAB), Lenacapavir (LEN); CAI (Capsid Inhibitor), including GS-CA1, Lenacapavir (GS-6207)

Rationale: The question asks for the drugs received by individuals in the study before sample sequencing. The provided text lists the different drug classes and their corresponding drugs. By analyzing the text, we can determine that the drugs received by individuals in the study before sample sequencing include ABC, AZT, DDC, DDI, 3TC, D4T, FTC, TFV, NVP, DLV, EFV, ETR, RPV, DOR, APV, LPV, ATV, DRV, RAL, EVG, DTG, BIC, CAB, LEN, GS-CA1, and GS-6207.

Answer: ABC, AZT, DDC, DDI, 3TC, D4T, FTC, TFV, NVP, DLV, EFV, ETR, RPV, DOR, APV, LPV, ATV, DRV, RAL, EVG, DTG, BIC, CAB, LEN, GS-CA1, GS-6207


""""""
Question: 19

Evidence: The authors of this manuscript confirm that the data supporting the findings and conclusions of this study are available on request from the corresponding authors. The data are not publicly available due to their containing information that could compromise the privacy of research participants. However, sequences have been submitted to Genebank with available accession numbers provided (PQ893197, PQ893192, OQ985810, OR259747 and PQ893191) in the current version of the manuscript while the rest will be completed when made available by Genbank (submission ID: 2961867) (lines 451 to 455).

Rationale: The question asks if the sequences from the paper were made publicly available. The provided text states that the sequences have been submitted to Genebank and some accession numbers are provided, but the rest will be completed when made available by Genbank.

Answer: Yes


""""""
Question: 3

Evidence: The authors of this manuscript confirm that the data supporting the findings and conclusions of this study are available on request from the corresponding authors. The data are not publicly available due to their containing information that could compromise the privacy of research participants. However, sequences have been submitted to Genebank with available accession numbers provided (PQ893197, PQ893192, OQ985810, OR259747 and PQ893191) in the current version of the manuscript while the rest will be completed when made available by Genbank (submission ID: 2961867) (lines 451 to 455).

Rationale: The question asks for the GenBank accession numbers for sequenced HIV isolates. The provided text lists some of the accession numbers and mentions that the rest will be completed when made available by Genbank.

Answer: PQ893197, PQ893192, OQ985810, OR259747, PQ893191


""""""
Question: 8

Evidence: GRT was performed in the pol gene (protease (PR) and reverse transcriptase (RT)) on the stored samples with plasma viral load ≥ 1000 copies/ml, using the previously validated inhouse protocol as described by Fokam et al. [21].

Rationale: The question asks for the method used for sequencing. The provided text mentions that the sequencing was performed using the previously validated inhouse protocol as described by Fokam et al. [21], which is not explicitly mentioned as Sanger or NGS. However, based on the context, it can be inferred that Sanger sequencing was used.

Answer: Sanger sequencing


""""""
Question: 5

Evidence: GRT was performed in the pol gene (protease (PR) and reverse transcriptase (RT)) on the stored samples with plasma viral load ≥ 1000 copies/ml, using the previously validated inhouse protocol as described by Fokam et al. [21].

Rationale: The question asks for the HIV genes that were reported to have been sequenced. The provided text mentions that the sequencing was performed in the pol gene, which contains the protease (PR) and reverse transcriptase (RT) genes.

Answer: Protease, PR; Reverse transcriptase, RT


""""""
Question: 6

Evidence: This study describes patterns of acquired drug resistance (ADR) and potentially active drugs for subsequent ART regimens in individuals failing treatment in Cameroon.

Rationale: The question asks for the countries from which the sequenced samples were obtained. The provided text mentions that the study was conducted in Cameroon.

Answer: Cameroon


""""""
Question: 11

Evidence: GRT was performed in the pol gene (protease (PR) and reverse transcriptase (RT)) on the stored samples with plasma viral load ≥ 1000 copies/ml, using the previously validated inhouse protocol as described by Fokam et al. [21].

Rationale: The question asks for the type of samples that were sequenced. The provided text mentions that the sequencing was performed on stored samples with plasma viral load ≥ 1000 copies/ml, which implies that the samples were plasma samples.

Answer: Plasma


""""""
Question: 7

Evidence: This study was conducted during the reporting period of March to April 2023 at the Chantal Biya International Reference Centre for research on HIV/AIDS prevention and management (CIRCB) in Yaoundé-Cameroon among ART-failing PWH.

Rationale: The question asks for the years from which the sequenced samples were obtained. The provided text mentions that the study was conducted during the reporting period of March to April 2023.

Answer: 2023


""""""
Question: 16

Evidence: This study describes patterns of acquired drug resistance (ADR) and potentially active drugs for subsequent ART regimens in individuals failing treatment in Cameroon.

Rationale: The question asks if the paper reports HIV sequences from individuals who had previously received ARV drugs. The provided text mentions that the study describes patterns of acquired drug resistance (ADR) and potentially active drugs for subsequent ART regimens in individuals failing treatment, which implies that the individuals had previously received ARV drugs.

Answer: Yes


""""""
Question: 9

Evidence: Not mentioned in the provided text.

Rationale: The question asks if the samples were cloned prior to sequencing. The provided text does not mention anything about cloning.

Answer: No


""""""
Question: 14

Evidence: Not mentioned in the provided text.

Rationale: The question asks if the patients in the study were in a clinical trial. The provided text does not mention anything about a clinical trial.

Answer: No


""""""
Question: 12

Evidence: This study describes patterns of acquired drug resistance (ADR) and potentially active drugs for subsequent ART regimens in individuals failing treatment in Cameroon.

Rationale: The question asks if any sequences were obtained from individuals with virological failure on a treatment regimen. The provided text mentions that the study describes patterns of acquired drug resistance (ADR) and potentially active drugs for subsequent ART regimens in individuals failing treatment, which implies that the individuals had virological failure on a treatment regimen.

Answer: Yes


""""""
Question: 1

Evidence: This study describes patterns of acquired drug resistance (ADR) and potentially active drugs for subsequent ART regimens in individuals failing treatment in Cameroon.

Rationale: The question asks if the paper reports HIV sequences from patient samples. The provided text mentions that the study describes patterns of acquired drug resistance (ADR) and potentially active drugs for subsequent ART regimens in individuals failing treatment, which implies that the paper reports HIV sequences from patient samples.

Answer: Yes


""""""
Question: 2

Evidence: Not mentioned in the provided text.

Rationale: The question asks if the paper reports in vitro drug susceptibility data. The provided text does not mention anything about in vitro drug susceptibility data.

Answer: No


""""""
Question: 15

Evidence: Of 2109 individuals assessed, 203 met inclusion criteria, median age 37 [16-47] years and 118/203 (58.13%) females.

Rationale: The question asks for the number of individuals who had samples obtained for HIV sequencing. The provided text mentions that 203 individuals met the inclusion criteria.

Answer: 203",240
41140464,15,Which drugs were received by individuals in the study before sample sequencing?,"NRTI, NNRTI, PI, INSTI",,"""""""
Question: 17. Choose one or more of the following drug classes that appears and begin your answer with a list: NRTI, NNRTI, PI, INST.NRTI (Nucleoside Reverse Transcriptase Inhibitor) includes drugs: Abacavir (ABC), Zidovudine'(AZT), Zalcitabine (DDC), Didanosine (DDI), Lamivudine (3TC), Stavudine (D4T), Emtricitabine(FTC), Tenofovir (TFV). NNRTI (Non-Nucleosid Reverse Transcriptase Inhibitor) includes drugs: Nevirapine (NVP), Delavirdine (DLV), Efavirenz (EFV), Etravirine (ETR), Rilpivirine (RPV), Doravirine (DOR); PI (Protease Inhibitor) includes drugs:  Amprenavir (APV), Lopinavir'(LPV), Atazanavir (ATV), Derunavir (DRV), Nelfinavir (NFV); INSTI (Integrase Inhibitor), includes drugs: Raltegravir (RAL), Elvitegravir(EVG), Dolutagravir (DTG), Bictegravir (BIC), cabotagravir (CAB), Lenacapavir (LEN). CAI (Capsid Inhibitor) includes drugs: GS-CA1, Lenacapavir (GS-6207). If individuals were treated with the drug, then they were treated with the drug class before sample sequencing.

Evidence: The overall prevalence of HIV-1 pol gene sequences with at least one mutation across four East African countries was 42.8% (3266 sequences). The prevalence varied by country, with the highest observed in Kenya 51.2% (1045/2040), followed by Tanzania at 48.6% (880/1811), Uganda at 38.8% (1038/2673), and Ethiopia at 27.8% (303/1090). Mutations associated with NNRTI and NRTI were the most prevalent, accounting for 36.5% and 25.5% of all sequence analyzed, respectively. In contrast, sequences with PI- and INSTI-associated mutations were less commonly identified in 6.2% and 3.7%, respectively. Notably, 280 out of the 3266 sequences (8.7%) harbored multiple mutations across more than one drug class region of the pol gene.

Rationale: The paper reports the prevalence of HIV-1 pol gene sequences with at least one mutation across four East African countries. The mutations associated with NNRTI and NRTI were the most prevalent, accounting for 36.5% and 25.5% of all sequence analyzed, respectively. In contrast, sequences with PI- and INSTI-associated mutations were less commonly identified in 6.2% and 3.7%, respectively.

Answer: NRTI, NNRTI, PI, INSTI
""""""


""""""
Question: 18. Here is the drug list: NRTI (Nucleoside Reverse Transcriptase Inhibitor), including Abacavir (ABC), Zidovudine'(AZT), Zalcitabine (DDC), Didanosine (DDI), Lamivudine (3TC), Stavudine (D4T), Emtricitabine(FTC), Tenofovir (TFV); NNRTI (Non-Nucleosid Reverse Transcriptase Inhibitor), including Nevirapine (NVP), Delavirdine (DLV), Efavirenz (EFV), Etravirine (ETR), Rilpivirine (RPV), Doravirine (DOR); PI (Protease Inhibitor), including Amprenavir (APV), Lopinavir'(LPV), Atazanavir (ATV), Derunavir (DRV); INSTI (Integrase Inhibitor), including Raltegravir (RAL), Elvitegravir(EVG), Dolutagravir (DTG), Bictegravir (BIC), cabotagravir (CAB), Lenacapavir (LEN); CAI (Capsid Inhibitor), including GS-CA1, Lenacapavir (GS-6207)

Evidence: The overall prevalence of HIV-1 pol gene sequences with at least one mutation across four East African countries was 42.8% (3266 sequences). The prevalence varied by country, with the highest observed in Kenya 51.2% (1045/2040), followed by Tanzania at 48.6% (880/1811), Uganda at 38.8% (1038/2673), and Ethiopia at 27.8% (303/1090). Mutations associated with NNRTI and NRTI were the most prevalent, accounting for 36.5% and 25.5% of all sequence analyzed, respectively. In contrast, sequences with PI- and INSTI-associated mutations were less commonly identified in 6.2% and 3.7%, respectively. Notably, 280 out of the 3266 sequences (8.7%) harbored multiple mutations across more than one drug class region of the pol gene.

Rationale: The paper reports the prevalence of HIV-1 pol gene sequences with at least one mutation across four East African countries. The mutations associated with NNRTI and NRTI were the most prevalent, accounting for 36.5% and 25.5% of all sequence analyzed, respectively. In contrast, sequences with PI- and INSTI-associated mutations were less commonly identified in 6.2% and 3.7%, respectively.

Answer: Abacavir (ABC), Zidovudine'(AZT), Zalcitabine (DDC), Didanosine (DDI), Lamivudine (3TC), Stavudine (D4T), Emtricitabine(FTC), Tenofovir (TFV), Nevirapine (NVP), Delavirdine (DLV), Efavirenz (EFV), Etravirine (ETR), Rilpivirine (RPV), Doravirine (DOR), Amprenavir (APV), Lopinavir'(LPV), Atazanavir (ATV), Derunavir (DRV), Raltegravir (RAL), Elvitegravir(EVG), Dolutagravir (DTG), Bictegravir (BIC), cabotagravir (CAB), Lenacapavir (LEN)
""""""


""""""
Question: 19. Begin your answer with either 'Yes' or 'No' as the first word. If the paper mentioned new sequence samples with GenBank accession in the abstract, method, or result section, then the answer is 'Yes'. Accession number begin with two letters followed by six or fewer digits. European Nucleotide Archive (ENA): Two-letter prefix followed by six digits or pefixed by 'ENA'. DNA Data Bank of Japan (DDBJ):  Two-letter prefix followed by six digits or pefixed by 'DDBJ'. If the study didn't provide the accession number, the answer should be """"Not reported"""" and the relevant sentences could be blank. Several lab virus accession number should be ignored: HXB2 (K03455); IIIB (K02013); NL4-3 (AF324493); HIV-2 (M15390, U27200)""

Evidence: Not Found

Rationale: The paper does not mention new sequence samples with GenBank accession in the abstract, method, or result section.

Answer: Not reported
""""""


""""""
Question: 8. Sequencing is performed using two main types of methods. Sanger (aka dideoxyterminator or dideoxynucleotide) sequencing was the only method used prior to 2007. Companies involved in Sanger sequencing included ABI (ViroSeq) and Visible Genetics (TruGene). Next-generation sequencing (NGS) is being increasingly used but is  less common than Sanger sequencing. The main NGS methods involve using Illumina, Nanopore, Ion Torrent, and PacBio. Select from the following options and begin your answer with this: Sanger sequencing; Illumina sequencing; PacBio sequencing; Oxford Nanopore sequencing; Unknown; Other

Evidence: Not Found

Rationale: The paper does not mention the sequencing method used.

Answer: Unknown
""""""


""""""
Question: 3. Accession number begin with two letters followed by six or fewer digits. European Nucleotide Archive (ENA): Two-letter prefix followed by six digits or pefixed by 'ENA'. DNA Data Bank of Japan (DDBJ):  Two-letter prefix followed by six digits or pefixed by 'DDBJ'. If the study didn't provide the accession number, the answer should be ""Not reported"" and the relevant sentences could be blank. Several lab virus accession number should be ignored: HXB2 (K03455); IIIB (K02013); NL4-3 (AF324493); HIV-2 (M15390, U27200)

Evidence: Not Found

Rationale: The paper does not provide the accession number.

Answer: Not reported
""""""


""""""
Question: 5. Select one or more of the following options and begin your answer with this: Protease, PR; Reverse transcriptase, RT; Integrase, IN; Capsid, CA; Envelope; Full genome; Near full length genome. The Gag gene contains Capsid gene. The pol gene contains protease, reverse transcriptase, and integrase.

Evidence: A total of 7724 HIV-1 pol gene sequences were initially retrieved from LANL HIV sequence database, comprising sequence collected and deposited between 2015 and 2025. Following quality filtering which involved the removal of duplicate entries and sequences with high levels of ambiguous nucleotide characters, 110 sequences were excluded, resulting in 7614 sequences for downstream analysis. These included 5730 PR/RT, 734 RT, and 1594 IN sequences.

Rationale: The paper mentions that the study analyzed HIV-1 pol gene sequences, which includes protease, reverse transcriptase, and integrase.

Answer: Protease, PR; Reverse transcriptase, RT; Integrase, IN
""""""


""""""
Question: 7. Reply with a list of year(s) or range only. If no sequenced samples were used in this research paper, you should return 'Not Found'.

Evidence: A total of 7724 HIV-1 pol gene sequences were initially retrieved from LANL HIV sequence database, comprising sequence collected and deposited between 2015 and 2025.

Rationale: The paper mentions that the sequences were collected and deposited between 2015 and 2025.

Answer: 2015-2025
""""""


""""""
Question: 6. Try your best to get countries from abstract, method, or result section. If no sequenced samples were used in this research paper, you should return 'Not Found'.

Evidence: We retrieved 7614 HIV-1 pol gene sequences, deposited between 2015 and 2025 from the Los Alamos HIV databases. The sequences were sourced from four EA countries: Kenya, Uganda, Tanzania, and Ethiopia.

Rationale: The paper mentions that the sequences were sourced from four East African countries: Kenya, Uganda, Tanzania, and Ethiopia.

Answer: Kenya, Uganda, Tanzania, Ethiopia
""""""


""""""
Question: 11. Select from the following options and begin your answer with this: Plasma; PBMC; DBS; Whole Blood; Serum; Semen; CSF; Other; Unknown

Evidence: Not Found

Rationale: The paper does not mention the type of samples sequenced.

Answer: Unknown
""""""


""""""
Question: 16. Begin your answer with either 'Yes' or 'No' or 'Unknown' as the first word.

Evidence: Not Found

Rationale: The paper does not mention whether the individuals had previously received ARV drugs.

Answer: Unknown
""""""


""""""
Question: 9. Begin your answer with either 'Yes' or 'No' as the first word. If the information is not mentioned in the provided paper, then the answer is 'No'

Evidence: Not Found

Rationale: The paper does not mention whether the samples were cloned prior to sequencing.

Answer: No
""""""


""""""
Question: 14. Begin your answer with either 'Yes' or 'No' as the first word.

Evidence: Not Found

Rationale: The paper does not mention whether the patients were in a clinical trial.

Answer: No
""""""


""""""
Question: 12. Begin your answer with either 'Yes' or 'No' as the first word.

Evidence: Not Found

Rationale: The paper does not mention whether the sequences were obtained from individuals with virological failure on a treatment regimen.

Answer: No
""""""


""""""
Question: 1. Begin your answer with either 'Yes' or 'No' as the first word.

Evidence: A total of 7724 HIV-1 pol gene sequences were initially retrieved from LANL HIV sequence database, comprising sequence collected and deposited between 2015 and 2025.

Rationale: The paper mentions that the study analyzed HIV-1 pol gene sequences, which were collected from patient samples.

Answer: Yes
""""""


""""""
Question: 2. Begin your answer with either 'Yes' or 'No' as the first word.

Evidence: Not Found

Rationale: The paper does not mention in vitro drug susceptibility data.

Answer: No
""""""


""""""
Question: 15. Begin your answer with the number of individuals as an integer.

Evidence: Not Found

Rationale: The paper does not mention the number of individuals who had samples obtained for HIV sequencing.

Answer: Not Found
""""""",296
40431742,15,Which drugs were received by individuals in the study before sample sequencing?,None,,"""""""
Question: NRTI (Nucleoside Reverse Transcriptase Inhibitor) includes drugs: Abacavir (ABC), Zidovudine'(AZT), Zalcitabine (DDC), Didanosine (DDI), Lamivudine (3TC), Stavudine (D4T), Emtricitabine(FTC), Tenofovir (TFV). NNRTI (Non-Nucleosid Reverse Transcriptase Inhibitor) includes drugs: Nevirapine (NVP), Delavirdine (DLV), Efavirenz (EFV), Etravirine (ETR), Rilpivirine (RPV), Doravirine (DOR); PI (Protease Inhibitor) includes drugs:  Amprenavir (APV), Lopinavir'(LPV), Atazanavir (ATV), Derunavir (DRV); INSTI (Integrase Inhibitor), includes drugs: Raltegravir (RAL), Elvitegravir(EVG), Dolutagravir (DTG), Bictegravir (BIC), cabotagravir (CAB), Lenacapavir (LEN); CAI (Capsid Inhibitor) includes drugs: GS-CA1, Lenacapavir (GS-6207). If individuals were treated with the drug, then they were treated with the drug class before sample sequencing. Which drug classes were received by individuals in the study before sample sequencing?

Evidence: The study analyzed genotype results gathered from plasma samples drawn as part of routine clinical practice from naïve adult PLWHA from two reference HIV-clinics in Buenos Aires, Argentina, ensuring systematic testing of all collected samples. Both institutions follow the guidelines from the Argentine Infectious Diseases Society (SADI) regarding care of PLWHA and ART [22]..

Rationale: The study analyzed genotype results gathered from plasma samples drawn as part of routine clinical practice from naïve adult PLWHA from two reference HIV-clinics in Buenos Aires, Argentina, ensuring systematic testing of all collected samples. Both institutions follow the guidelines from the Argentine Infectious Diseases Society (SADI) regarding care of PLWHA and ART [22]. The study did not mention that the individuals were treated with any drug before sample sequencing.

Answer: None
""""""

""""""
Question: Here is the drug list: NRTI (Nucleoside Reverse Transcriptase Inhibitor), including Abacavir (ABC), Zidovudine'(AZT), Zalcitabine (DDC), Didanosine (DDI), Lamivudine (3TC), Stavudine (D4T), Emtricitabine(FTC), Tenofovir (TFV); NNRTI (Non-Nucleosid Reverse Transcriptase Inhibitor), including Nevirapine (NVP), Delavirdine (DLV), Efavirenz (EFV), Etravirine (ETR), Rilpivirine (RPV), Doravirine (DOR); PI (Protease Inhibitor), including Amprenavir (APV), Lopinavir'(LPV), Atazanavir (ATV), Derunavir (DRV); INSTI (Integrase Inhibitor), including Raltegravir (RAL), Elvitegravir(EVG), Dolutagravir (DTG), Bictegravir (BIC), cabotagravir (CAB), Lenacapavir (LEN); CAI (Capsid Inhibitor), including GS-CA1, Lenacapavir (GS-6207) Which drugs were received by individuals in the study before sample sequencing?

Evidence: The study analyzed genotype results gathered from plasma samples drawn as part of routine clinical practice from naïve adult PLWHA from two reference HIV-clinics in Buenos Aires, Argentina, ensuring systematic testing of all collected samples. Both institutions follow the guidelines from the Argentine Infectious Diseases Society (SADI) regarding care of PLWHA and ART [22]..

Rationale: The study analyzed genotype results gathered from plasma samples drawn as part of routine clinical practice from naïve adult PLWHA from two reference HIV-clinics in Buenos Aires, Argentina, ensuring systematic testing of all collected samples. Both institutions follow the guidelines from the Argentine Infectious Diseases Society (SADI) regarding care of PLWHA and ART [22]. The study did not mention that the individuals were treated with any drug before sample sequencing.

Answer: None
""""""

""""""
Question: Begin your answer with either 'Yes' or 'No' as the first word. If the paper mentioned new sequence samples with GenBank accession in the abstract, method, or result section, then the answer is 'Yes'. Accession number begin with two letters followed by six or fewer digits. European Nucleotide Archive (ENA): Two-letter prefix followed by six digits or pefixed by 'ENA'. DNA Data Bank of Japan (DDBJ):  Two-letter prefix followed by six digits or pefixed by 'DDBJ'. If the study didn't provide the accession number, the answer should be """"Not reported"""" and the relevant sentences could be blank. Several lab virus accession number should be ignored: HXB2 (K03455); IIIB (K02013); NL4-3 (AF324493); HIV-2 (M15390, U27200)""
Were sequences from the paper made publicly available?

Evidence: Not reported.

Rationale: The study did not mention that the sequences from the paper were made publicly available.

Answer: Not reported
""""""

""""""
Question: Sequencing is performed using two main types of methods. Sanger (aka dideoxyterminator or dideoxynucleotide) sequencing was the only method used prior to 2007. Companies involved in Sanger sequencing included ABI (ViroSeq) and Visible Genetics (TruGene). Next-generation sequencing (NGS) is being increasingly used but is  less common than Sanger sequencing. The main NGS methods involve using Illumina, Nanopore, Ion Torrent, and PacBio. Select from the following options and begin your answer with this: Sanger sequencing; Illumina sequencing; PacBio sequencing; Oxford Nanopore sequencing; Unknown; Other
What method was used for sequencing?

Evidence: The sequencing products were analyzed on an Applied Biosystems/Hitachi 3500 Genetic Analyzer (Waltham, MA, USA)..

Rationale: The study used Sanger sequencing as the method for sequencing.

Answer: Sanger sequencing
""""""

""""""
Question: Accession number begin with two letters followed by six or fewer digits. European Nucleotide Archive (ENA): Two-letter prefix followed by six digits or pefixed by 'ENA'. DNA Data Bank of Japan (DDBJ):  Two-letter prefix followed by six digits or pefixed by 'DDBJ'. If the study didn't provide the accession number, the answer should be ""Not reported"" and the relevant sentences could be blank. Several lab virus accession number should be ignored: HXB2 (K03455); IIIB (K02013); NL4-3 (AF324493); HIV-2 (M15390, U27200)
What were the GenBank accession numbers for sequenced HIV isolates?

Evidence: Not reported.

Rationale: The study did not mention the GenBank accession numbers for sequenced HIV isolates.

Answer: Not reported
""""""

""""""
Question: Select one or more of the following options and begin your answer with this: Protease, PR; Reverse transcriptase, RT; Integrase, IN; Capsid, CA; Envelope; Full genome; Near full length genome. The Gag gene contains Capsid gene. The pol gene contains protease, reverse transcriptase, and integrase.
Which HIV genes were reported to have been sequenced?

Evidence: HIV-1 resistance genotyping was used for the identification of RAMs in the HIV-1 polymerase (pol) gene. The process comprises first the isolation and purification of plasma viral RNAs by MagNA Pure Compact (Roche, Basel, Switzerland), with the kit MagNA Pure Large Volume. After sample processing and RNA extraction, samples undergo an initial reverse transcription + PCR, followed by a second nested PCR step for the HIV-1 pol fragment viral region codifying for Protease and Reverse transcriptase using the Applied Biosystem (Foster City, USA), AB Veriti 96-Well Thermal Cycler. The amplified PCR products were sequenced using four primers. In the first round of PCR, the primers PRTMF1 (5'-ATGAARGATTGYACRAGRCAGGCTAAT 3') and RTR1 ( 5'-ATCCCTGCATAAATCTGACTTGC- 3') were used. The second round of PCR utilized the primers PRT-F2 ( 5'-CTTTARCTTCCCTCARATCACTCT- 3') and RTR2 ( 5'-CTTCTGTATGTCATTGACAGTCC- 3'). For sequencing, four primers were employed: the second-round PCR primers PRT-F2 and RTR2, along with two additional internal primers, SeqF4 ( 5'-CAGTACTGGATGTGGGRGAYG- 3') and SeqR4 ( 5'-TACTAGGTATGGTAAATGCAGT- 3'). The final PCR product was 1084 base pairs in length, encompassing the protease and reverse-transcriptase regions of the HIV-1 pol gene. This fragment length provided sufficient coverage for comprehensive identification of resistance-associated mutations in both the protease and reverse-transcriptase genes, which are the primary targets for the antiretroviral drug classes analyzed in this study..

Rationale: The study reported that the HIV genes sequenced were Protease, PR and Reverse transcriptase, RT.

Answer: Protease, PR; Reverse transcriptase, RT
""""""

""""""
Question: Try your best to get countries from abstract, method, or result section. If no sequenced samples were used in this research paper, you should return 'Not Found'.
From which countries were the sequenced samples obtained?

Evidence: A cross-sectional study was undertaken utilizing samples collected between 2017 and 2021 at two reference HIV clinics. Samples were analyzed for RAMs using the World Health Organization (WHO) mutation list. Mutations to DOR were assessed with the Stanford and Agence Nationale de Recherches sur le SIDA (ANRS) algorithms. Rilpivirine (RPV) RAMs were assessed using the Stanford algorithm. Susceptibility to NNRTIs was evaluated using the HIVdb Program with Stanford and ANRS criteria. Results: Samples from 1667 PLWHA were analyzed:  81.2%  were male, with  52.6%  identifying as men who have sex with men. According to the WHO list, the overall TDR was  12.1%  ( n = 203 ). The prevalence of RAMs was  10.1%  (170/1667) for NNRTIs,  4%  (67/1667) for nucleoside reverse-transcriptase inhibitors (NRTIs), and  1.7%  (30/1667) for protease inhibitors (PIs). The most frequent NNRTI mutations were K103N ( 5.6% ), G190A ( 0.89% ), and K103S ( 0.77% ). The prevalence of DOR RAMs was  <2%, with the most common being Y188L ( 0.53% ). Rilpivirine RAM prevalence was  6%. Susceptibility to DOR, RPV, efavirenz, and nevirapine as given by the Stanford algorithm was  97.4%,  92%,  91.4%, and  90.4%, respectively. The ANRS criteria yielded susceptibility rates of  98.3%,  93.3%,  92.3%, and  90.8%, respectively. Regarding NRTIs, thymidine analog mutations (including T215 revertants) were the most frequent RAMs. Among PIs, the most prevalent RAMs were M46L ( 0.47% ) and V82A ( 0.35% ). Conclusions: Our study shows the persistence of moderate to high levels of resistance to first-generation NNRTIs. Despite this, prevalence was low for DOR. Surveillance of TDR remains critical for recommendations of ART initiation..

Rationale: The study reported that the sequenced samples were obtained from Argentina.

Answer: Argentina
""""""

""""""
Question: Select from the following options and begin your answer with this: Plasma; PBMC; DBS; Whole Blood; Serum; Semen; CSF; Other; Unknown
What type of samples were sequenced?

Evidence: All plasma samples were processed and stored for the determination of drug resistance mutations at the Laboratorio Dr. Stamboulian molecular biology division in Buenos Aires, Argentina, according to standardized procedures. Briefly, HIV-1 resistance genotyping was used for the identification of RAMs in the HIV-1 polymerase (pol) gene..

Rationale: The study reported that the type of samples sequenced were Plasma.

Answer: Plasma
""""""

""""""
Question: Reply with a list of year(s) or range only. If no sequenced samples were used in this research paper, you should return 'Not Found'.
From what years were the sequenced samples obtained?

Evidence: A cross-sectional study was undertaken utilizing samples collected between 2017 and 2021 at two reference HIV clinics..

Rationale: The study reported that the sequenced samples were obtained from 2017 to 2021.

Answer: 2017-2021
""""""

""""""
Question: Begin your answer with either 'Yes' or 'No' or 'Unknown' as the first word.
Does the paper report HIV sequences from individuals who had previously received ARV drugs?

Evidence: 1. Participants aged 18 years or older, at the time of genotype sampling. 2. Documented HIV-1 infection (based on a reactive Enzyme-Linked Immunosorbent Assay plus Western blot or detectable viral load). 3. Treatment-naive, defined as no antiretrovirals (in combination or monotherapy) received before resistance test based on clinical records..

Rationale: The study reported that the individuals were treatment-naive, defined as no antiretrovirals (in combination or monotherapy) received before resistance test based on clinical records.

Answer: No
""""""

""""""
Question: Begin your answer with either 'Yes' or 'No' as the first word. If the information is not mentioned in the provided paper, then the answer is 'No'
Were samples cloned prior to sequencing?

Evidence: Not reported.

Rationale: The study did not mention that the samples were cloned prior to sequencing.

Answer: No
""""""

""""""
Question: Begin your answer with either 'Yes' or 'No' as the first word.
Were the patients in the study in a clinical trial?

Evidence: 3. PLWHA participating in clinical trials for HIV treatment or prevention..

Rationale: The study reported that the patients in the study were not in a clinical trial.

Answer: No
""""""

""""""
Question: Begin your answer with either 'Yes' or 'No' as the first word.
Were any sequences obtained from individuals with virological failure on a treatment regimen?

Evidence: 1. Participants aged 18 years or older, at the time of genotype sampling. 2. Documented HIV-1 infection (based on a reactive Enzyme-Linked Immunosorbent Assay plus Western blot or detectable viral load). 3. Treatment-naive, defined as no antiretrovirals (in combination or monotherapy) received before resistance test based on clinical records..

Rationale: The study reported that the individuals were treatment-naive, defined as no antiretrovirals (in combination or monotherapy) received before resistance test based on clinical records.

Answer: No
""""""

""""""
Question: Begin your answer with either 'Yes' or 'No' as the first word.
Does the paper report HIV sequences from patient samples?

Evidence: A cross-sectional study was undertaken utilizing samples collected between 2017 and 2021 at two reference HIV clinics..

Rationale: The study reported that the paper reports HIV sequences from patient samples.

Answer: Yes
""""""

""""""
Question: Begin your answer with either 'Yes' or 'No' as the first word.
Does the paper report in vitro drug susceptibility data?

Evidence: Not reported.

Rationale: The study did not mention that the paper reports in vitro drug susceptibility data.

Answer: No
""""""

""""""
Question: Begin your answer with the number of individuals as an integer.
How many individuals had samples obtained for HIV sequencing?

Evidence: A total of 1677 genotypes from PLWHA classified as ART-naive were recorded..

Rationale: The study reported that the number of individuals who had samples obtained for HIV sequencing was 1677.

Answer: 1677
""""""",367
40779404,15,Which drugs were received by individuals in the study before sample sequencing?,"NRTI,NNRTI,PI, INSTI",,"""""""
Question: 17

Evidence: Before enrollment, participants had been treated with TFV (80.0%), INSTIs (50.0%), non-nucleoside RT inhibitors (NNRTI; 45.0%), and PR inhibitors (PI; 75.0%) (Table 1).

Rationale: The evidence is found in the ""RESULTS"" section, under the ""Characteristics and Demographics of Study Participants"" subsection. The text states that before enrollment, participants had been treated with various drug classes, including TFV, INSTIs, NNRTIs, and PIs.

Answer: NRTI, INSTI, NNRTI, PI
""""""

""""""
Question: 18

Evidence: Before enrollment, participants had been treated with TFV (80.0%), INSTIs (50.0%), non-nucleoside RT inhibitors (NNRTI; 45.0%), and PR inhibitors (PI; 75.0%) (Table 1).

Rationale: The evidence is found in the ""RESULTS"" section, under the ""Characteristics and Demographics of Study Participants"" subsection. The text states that before enrollment, participants had been treated with various drugs, including TFV, INSTIs, NNRTIs, and PIs.

Answer: Tenofovir (TFV), INSTIs, NNRTIs, PIs
""""""

""""""
Question: 19

Evidence: Not reported

Rationale: The paper does not mention making sequences publicly available.

Answer: Not reported
""""""

""""""
Question: 8

Evidence: Retrospective proviral DNA genotyping of PR/RT/IN using GenoSure Archive (Monogram Biosciences, CA), which uses NGS technology was performed on BL whole blood samples.

Rationale: The evidence is found in the ""METHODS"" section, under the ""Preexisting Genotypic Analyses"" subsection. The text states that GenoSure Archive, which uses NGS technology, was used for genotyping.

Answer: Illumina sequencing
""""""

""""""
Question: 3

Evidence: Not reported

Rationale: The paper does not provide GenBank accession numbers for sequenced HIV isolates.

Answer: Not reported
""""""

""""""
Question: 5

Evidence: Retrospective proviral DNA genotyping of PR/RT/IN using GenoSure Archive (Monogram Biosciences, CA), which uses NGS technology was performed on BL whole blood samples.

Rationale: The evidence is found in the ""METHODS"" section, under the ""Preexisting Genotypic Analyses"" subsection. The text states that genotyping was performed on PR, RT, and IN.

Answer: Protease, PR; Reverse transcriptase, RT; Integrase, IN
""""""

""""""
Question: 6

Evidence: Not Found

Rationale: The paper does not mention the countries from which the sequenced samples were obtained.

Answer: Not Found
""""""

""""""
Question: 11

Evidence: Retrospective proviral DNA genotyping of PR/RT/IN using GenoSure Archive (Monogram Biosciences, CA), which uses NGS technology was performed on BL whole blood samples.

Rationale: The evidence is found in the ""METHODS"" section, under the ""Preexisting Genotypic Analyses"" subsection. The text states that genotyping was performed on whole blood samples.

Answer: Whole Blood
""""""

""""""
Question: 16

Evidence: Before enrollment, participants had been treated with TFV (80.0%), INSTIs (50.0%), non-nucleoside RT inhibitors (NNRTI; 45.0%), and PR inhibitors (PI; 75.0%) (Table 1).

Rationale: The evidence is found in the ""RESULTS"" section, under the ""Characteristics and Demographics of Study Participants"" subsection. The text states that before enrollment, participants had been treated with various drugs.

Answer: Yes
""""""

""""""
Question: 9

Evidence: Not reported

Rationale: The paper does not mention whether samples were cloned prior to sequencing.

Answer: No
""""""

""""""
Question: 7

Evidence: Not Found

Rationale: The paper does not mention the years from which the sequenced samples were obtained.

Answer: Not Found
""""""

""""""
Question: 14

Evidence: From the Phase 2/3/3b B/F/TAF Studies GS-US-380-1474 (NCT02881320),[12] GS-US-380-1844 (NCT02603120),[15] GS-US-380-1878 (NCT02603107),[11] GS-US-380-4030 (NCT03110380),[16] GS-US-380-4449 (NCT03405935),[14] and GS-US-380-4580 (NCT03631732),[13] VS adults and children  \((>2\)  and  \(<  18\)  years old) who received B/F/TAF were identified, and participants with baseline (BL) RT genotypic data were included in the analysis.

Rationale: The evidence is found in the ""METHODS"" section, under the ""Clinical Trial Study Participants"" subsection. The text states that the study included participants from Phase 2/3/3b B/F/TAF studies.

Answer: Yes
""""""

""""""
Question: 12

Evidence: Not reported

Rationale: The paper does not mention whether any sequences were obtained from individuals with virological failure on a treatment regimen.

Answer: No
""""""

""""""
Question: 1

Evidence: Post hoc analysis evaluating virologic outcomes in VS individuals with preexisting K65R/N mutations documented by historical genotypes and/or baseline proviral DNA sequencing who received B/F/TAF in 6 Phase 2/3/3b clinical trials.

Rationale: The evidence is found in the ""METHODS"" section, under the ""Preexisting Genotypic Analyses"" subsection. The text states that the study included VS individuals with preexisting K65R/N mutations.

Answer: Yes
""""""

""""""
Question: 2

Evidence: Not reported

Rationale: The paper does not mention in vitro drug susceptibility data.

Answer: No
""""""

""""""
Question: 15

Evidence: Preexisting K65R/N mutations were detected in 20 of 2028 VS participants who received B/F/TAF.

Rationale: The evidence is found in the ""RESULTS"" section, under the ""Characteristics and Demographics of Study Participants"" subsection. The text states that 20 participants had preexisting K65R/N mutations.

Answer: 20
""""""",141
40573423,15,Which drugs were received by individuals in the study before sample sequencing?,None,,"""""""
Question: 17

Evidence: NRTI (Nucleoside Reverse Transcriptase Inhibitor) includes drugs: Abacavir (ABC), Zidovudine'(AZT), Zalcitabine (DDC), Didanosine (DDI), Lamivudine (3TC), Stavudine (D4T), Emtricitabine(FTC), Tenofovir (TFV). NNRTI (Non-Nucleosid Reverse Transcriptase Inhibitor) includes drugs: Nevirapine (NVP), Delavirdine (DLV), Efavirenz (EFV), Etravirine (ETR), Rilpivirine (RPV), Doravirine (DOR); PI (Protease Inhibitor) includes drugs:  Amprenavir (APV), Lopinavir'(LPV), Atazanavir (ATV), Derunavir (DRV); INSTI (Integrase Inhibitor), includes drugs: Raltegravir (RAL), Elvitegravir(EVG), Dolutagravir (DTG), Bictegravir (BIC), cabotagravir (CAB), Lenacapavir (LEN). CAI (Capsid Inhibitor) includes drugs: GS-CA1, Lenacapavir (GS-6207). If individuals were treated with the drug, then they were treated with the drug class before sample sequencing.

Rationale: The question asks for the drug classes that were received by individuals in the study before sample sequencing. The evidence from the paper provides a list of drugs for each drug class, including NRTI, NNRTI, PI, INSTI, and CAI. However, the paper does not explicitly state that individuals were treated with these drugs before sample sequencing. Therefore, the answer should be based on the assumption that if individuals were treated with the drug, then they were treated with the drug class before sample sequencing.

Answer: NRTI, NNRTI, PI, INSTI
""""""

""""""
Question: 18

Evidence: NRTI (Nucleoside Reverse Transcriptase Inhibitor), including Abacavir (ABC), Zidovudine'(AZT), Zalcitabine (DDC), Didanosine (DDI), Lamivudine (3TC), Stavudine (D4T), Emtricitabine(FTC), Tenofovir (TFV); NNRTI (Non-Nucleosid Reverse Transcriptase Inhibitor), including Nevirapine (NVP), Delavirdine (DLV), Efavirenz (EFV), Etravirine (ETR), Rilpivirine (RPV), Doravirine (DOR); PI (Protease Inhibitor), including Amprenavir (APV), Lopinavir'(LPV), Atazanavir (ATV), Derunavir (DRV); INSTI (Integrase Inhibitor), including Raltegravir (RAL), Elvitegravir(EVG), Dolutagravir (DTG), Bictegravir (BIC), cabotagravir (CAB), Lenacapavir (LEN); CAI (Capsid Inhibitor), including GS-CA1, Lenacapavir (GS-6207)

Rationale: The question asks for the drugs that were received by individuals in the study before sample sequencing. The evidence from the paper provides a list of drugs for each drug class, including NRTI, NNRTI, PI, INSTI, and CAI.

Answer: Abacavir (ABC), Zidovudine'(AZT), Zalcitabine (DDC), Didanosine (DDI), Lamivudine (3TC), Stavudine (D4T), Emtricitabine(FTC), Tenofovir (TFV), Nevirapine (NVP), Delavirdine (DLV), Efavirenz (EFV), Etravirine (ETR), Rilpivirine (RPV), Doravirine (DOR), Amprenavir (APV), Lopinavir'(LPV), Atazanavir (ATV), Derunavir (DRV), Raltegravir (RAL), Elvitegravir(EVG), Dolutagravir (DTG), Bictegravir (BIC), cabotagravir (CAB), Lenacapavir (LEN), GS-CA1, Lenacapavir (GS-6207)
""""""

""""""
Question: 19

Evidence: Not reported

Rationale: The question asks if the sequences from the paper were made publicly available. The evidence from the paper does not provide any information about the public availability of the sequences.

Answer: Not reported
""""""

""""""
Question: 8

Evidence: Sanger sequencing was performed using in-house sequencing primers (Table 1).

Rationale: The question asks about the method used for sequencing. The evidence from the paper mentions that Sanger sequencing was performed using in-house sequencing primers.

Answer: Sanger sequencing
""""""

""""""
Question: 3

Evidence: Not reported

Rationale: The question asks for the GenBank accession numbers for sequenced HIV isolates. The evidence from the paper does not provide any information about the GenBank accession numbers.

Answer: Not reported
""""""

""""""
Question: 5

Evidence: The protease, reverse transcriptase, and integrase genes for drug resistance analysis were amplified.

Rationale: The question asks which HIV genes were reported to have been sequenced. The evidence from the paper mentions that the protease, reverse transcriptase, and integrase genes were amplified for drug resistance analysis.

Answer: Protease, Reverse transcriptase, Integrase
""""""

""""""
Question: 6

Evidence: The study included 487 PWH: 99 from 2021, 143 from 2022, 148 from 2023, and 97 from 2024. Koreans and non-Koreans constituted 87.5% and 12.5%, respectively.

Rationale: The question asks from which countries the sequenced samples were obtained. The evidence from the paper mentions that the study included PWH from South Korea, with 87.5% being Koreans and 12.5% being non-Koreans.

Answer: South Korea
""""""

""""""
Question: 11

Evidence: Viral RNA was extracted from 140 μL of plasma or serum using the QIAcube extraction system.

Rationale: The question asks about the type of samples that were sequenced. The evidence from the paper mentions that viral RNA was extracted from plasma or serum.

Answer: Plasma, Serum
""""""

""""""
Question: 7

Evidence: The study included 487 PWH: 99 from 2021, 143 from 2022, 148 from 2023, and 97 from 2024.

Rationale: The question asks from what years the sequenced samples were obtained. The evidence from the paper mentions that the study included PWH from 2021 to 2024.

Answer: 2021-2024
""""""

""""""
Question: 16

Evidence: The study included 487 antiretroviral therapy (ART)-naïve individuals.

Rationale: The question asks if the paper reports HIV sequences from individuals who had previously received ARV drugs. The evidence from the paper mentions that the study included ART-naïve individuals, indicating that they had not previously received ARV drugs.

Answer: No
""""""

""""""
Question: 9

Evidence: Not reported

Rationale: The question asks if the samples were cloned prior to sequencing. The evidence from the paper does not provide any information about cloning.

Answer: No
""""""

""""""
Question: 14

Evidence: Not reported

Rationale: The question asks if the patients in the study were in a clinical trial. The evidence from the paper does not provide any information about a clinical trial.

Answer: No
""""""

""""""
Question: 12

Evidence: Not reported

Rationale: The question asks if any sequences were obtained from individuals with virological failure on a treatment regimen. The evidence from the paper does not provide any information about virological failure.

Answer: No
""""""

""""""
Question: 1

Evidence: The study included 487 PWH.

Rationale: The question asks if the paper reports HIV sequences from patient samples. The evidence from the paper mentions that the study included PWH, indicating that the sequences were from patient samples.

Answer: Yes
""""""

""""""
Question: 2

Evidence: Not reported

Rationale: The question asks if the paper reports in vitro drug susceptibility data. The evidence from the paper does not provide any information about in vitro drug susceptibility data.

Answer: No
""""""

""""""
Question: 15

Evidence: The study included 487 PWH.

Rationale: The question asks how many individuals had samples obtained for HIV sequencing. The evidence from the paper mentions that the study included 487 PWH.

Answer: 487
""""""",195
41088231,15,Which drugs were received by individuals in the study before sample sequencing?,None,,"""""""
Question: 17

Evidence: No major/accessory mutations conferring resistance to PIs, NRTIs, NNRTIs, or INSTIs were identified, therefore, the strain 230794 was susceptible to 26 drugs in four categories (as shown in Supplementary Table 2). However, the strain 230794 harbors an INSTI other mutation, L74I, which is highly polymorphic and is not more common in individuals receiving INSTIs than in INSTI-naive individuals [28]. The V3 loop amino acid sequence was identified as ""CTRPGNNTRKGVHIGPGRAFYTM-DITGDIRQAFC"". Genotypic co-receptor analysis using Geno2pheno (5% FPR threshold) and the WebPSSM tool predicted exclusive CCR5 tropism, whereas the HIV-coPRED tool predicted CXCR4 usage. Considering the reported low sensitivity of V3 sequence-based prediction tools for non-B subtypes [29], genotypic tools alone may not reliably exclude CXCR4 variants, therefore, strain 230794 was classified as a potentially X4/R5 dual-tropic strain.

Rationale: The evidence shows that the strain 230794 was susceptible to 26 drugs in four categories, but it harbors an INSTI other mutation, L74I. This suggests that the individual may have received INSTI treatment before sample sequencing.

Answer: INSTI


""""""
Question: 18

Evidence: No major/accessory mutations conferring resistance to PIs, NRTIs, NNRTIs, or INSTIs were identified, therefore, the strain 230794 was susceptible to 26 drugs in four categories (as shown in Supplementary Table 2). However, the strain 230794 harbors an INSTI other mutation, L74I, which is highly polymorphic and is not more common in individuals receiving INSTIs than in INSTI-naive individuals [28]. The V3 loop amino acid sequence was identified as ""CTRPGNNTRKGVHIGPGRAFYTM-DITGDIRQAFC"". Genotypic co-receptor analysis using Geno2pheno (5% FPR threshold) and the WebPSSM tool predicted exclusive CCR5 tropism, whereas the HIV-coPRED tool predicted CXCR4 usage. Considering the reported low sensitivity of V3 sequence-based prediction tools for non-B subtypes [29], genotypic tools alone may not reliably exclude CXCR4 variants, therefore, strain 230794 was classified as a potentially X4/R5 dual-tropic strain.

Rationale: The evidence shows that the strain 230794 was susceptible to 26 drugs in four categories, but it harbors an INSTI other mutation, L74I. This suggests that the individual may have received INSTI treatment before sample sequencing.

Answer: Bictegravir (BIC), Elvitegravir(EVG), Dolutagravir (DTG), Raltegravir (RAL), cabotagravir (CAB), Lenacapavir (LEN)


""""""
Question: 19

Evidence: The NFLG sequence of 230794, which was 8260 nucleotides (nt) in length, was obtained and submitted to GenBank (accession number PV187006).

Rationale: The evidence shows that the NFLG sequence of 230794 was submitted to GenBank with accession number PV187006.

Answer: Yes


""""""
Question: 8

Evidence: Positive products were directly purified and sequenced by Sangon Biotech (Shanghai) Co., Ltd with Sanger sequencing method.

Rationale: The evidence shows that Sanger sequencing method was used for sequencing.

Answer: Sanger sequencing


""""""
Question: 3

Evidence: The NFLG sequence of 230794, which was 8260 nucleotides (nt) in length, was obtained and submitted to GenBank (accession number PV187006).

Rationale: The evidence shows that the GenBank accession number for the sequenced HIV isolate is PV187006.

Answer: PV187006


""""""
Question: 5

Evidence: The near full-length genome (NFLG) of HIV-1 was amplified with two overlapping segments by the near endpoint dilution method.

Rationale: The evidence shows that the near full-length genome (NFLG) of HIV-1 was amplified, which includes multiple genes.

Answer: Near full length genome


""""""
Question: 6

Evidence: Specimen 230794 was collected in Oct. 2023 from a 47-year-old man who claimed to have contracted HIV-1 through heterosexual contact in Guangzhou City, Guangdong Province, China.

Rationale: The evidence shows that the sequenced sample was obtained from China.

Answer: China


""""""
Question: 11

Evidence: Viral RNA was extracted from the 2023 plasma sample using a magnetic bead-based method.

Rationale: The evidence shows that the sample was a plasma sample.

Answer: Plasma


""""""
Question: 16

Evidence: No major/accessory mutations conferring resistance to PIs, NRTIs, NNRTIs, or INSTIs were identified, therefore, the strain 230794 was susceptible to 26 drugs in four categories (as shown in Supplementary Table 2). However, the strain 230794 harbors an INSTI other mutation, L74I, which is highly polymorphic and is not more common in individuals receiving INSTIs than in INSTI-naive individuals [28].

Rationale: The evidence shows that the strain 230794 was susceptible to 26 drugs in four categories, but it harbors an INSTI other mutation, L74I. This suggests that the individual may have received INSTI treatment before sample sequencing.

Answer: Yes


""""""
Question: 7

Evidence: Specimen 230794 was collected in Oct. 2023 from a 47-year-old man who claimed to have contracted HIV-1 through heterosexual contact in Guangzhou City, Guangdong Province, China.

Rationale: The evidence shows that the sample was collected in 2023.

Answer: 2023


""""""
Question: 9

Evidence: Not mentioned in the paper.

Rationale: The information is not mentioned in the provided paper.

Answer: No


""""""
Question: 14

Evidence: Not mentioned in the paper.

Rationale: The information is not mentioned in the provided paper.

Answer: No


""""""
Question: 12

Evidence: No major/accessory mutations conferring resistance to PIs, NRTIs, NNRTIs, or INSTIs were identified, therefore, the strain 230794 was susceptible to 26 drugs in four categories (as shown in Supplementary Table 2). However, the strain 230794 harbors an INSTI other mutation, L74I, which is highly polymorphic and is not more common in individuals receiving INSTIs than in INSTI-naive individuals [28].

Rationale: The evidence shows that the strain 230794 was susceptible to 26 drugs in four categories, but it harbors an INSTI other mutation, L74I. This suggests that the individual may have received INSTI treatment before sample sequencing.

Answer: No


""""""
Question: 1

Evidence: Specimen 230794 was collected in Oct. 2023 from a 47-year-old man who claimed to have contracted HIV-1 through heterosexual contact in Guangzhou City, Guangdong Province, China.

Rationale: The evidence shows that the sample was collected from a patient.

Answer: Yes


""""""
Question: 2

Evidence: Not mentioned in the paper.

Rationale: The information is not mentioned in the provided paper.

Answer: No


""""""
Question: 15

Evidence: Specimen 230794 was collected in Oct. 2023 from a 47-year-old man who claimed to have contracted HIV-1 through heterosexual contact in Guangzhou City, Guangdong Province, China.

Rationale: The evidence shows that the sample was collected from one patient.

Answer: 1",167
40596906,15,Which drugs were received by individuals in the study before sample sequencing?,"NRTI, NNRTI",,"""""""
Question: 17

Evidence: The mothers included both treatment-naive women diagnosed during pregnancy who underwent pretreatment genotyping and those living with HIV-1 during prior treatment who required genotyping due to virological failure. Among the 15 mother-child pairs, eight (53%) were from Maranhão and seven (47%) from Pernambuco. Of the children, eight (53%) were male, and 10 (66.7%) started ART within the first 2 years of life. In one case (6.7%), no record of ART initiation was found. Nine children (60%) had initiated ART, including zidovudine (ZDV) + lamivudine (3TC) + nevirapine (NVP) in three (20%), ZDV + 3TC + lopinavir/ritonavir in two (13.3%), and ZDV + 3TC + efavirenz (EFV) in two (6.7%), while no treatment was described for three (20%). Mother-child pairs 1, 2, 5, and 7 received the same ART regimen (ZDV + 3TC + NVP). Mothers 3, 6, 8, 9, and 15 received EFV-based regimens (Supplementary Material).

Rationale: The evidence shows that the mothers and children in the study received different antiretroviral therapy (ART) regimens, which include NRTI and NNRTI drug classes.

Answer: NRTI, NNRTI


""""""
Question: 18

Evidence: The mothers included both treatment-naive women diagnosed during pregnancy who underwent pretreatment genotyping and those living with HIV-1 during prior treatment who required genotyping due to virological failure. Among the 15 mother-child pairs, eight (53%) were from Maranhão and seven (47%) from Pernambuco. Of the children, eight (53%) were male, and 10 (66.7%) started ART within the first 2 years of life. In one case (6.7%), no record of ART initiation was found. Nine children (60%) had initiated ART, including zidovudine (ZDV) + lamivudine (3TC) + nevirapine (NVP) in three (20%), ZDV + 3TC + lopinavir/ritonavir in two (13.3%), and ZDV + 3TC + efavirenz (EFV) in two (6.7%), while no treatment was described for three (20%). Mother-child pairs 1, 2, 5, and 7 received the same ART regimen (ZDV + 3TC + NVP). Mothers 3, 6, 8, 9, and 15 received EFV-based regimens (Supplementary Material).

Rationale: The evidence shows that the mothers and children in the study received different antiretroviral therapy (ART) regimens, which include specific drugs such as ZDV, 3TC, NVP, EFV, and lopinavir/ritonavir.

Answer: Zidovudine (ZDV), Lamivudine (3TC), Nevirapine (NVP), Efavirenz (EFV), Lopinavir/Ritonavir


""""""
Question: 19

Evidence: Genotypic sequences of the HIV pol region (protease/reverse transcriptase-PR/RT) were obtained using the ViroSeq Genotyping System, carried out in the laboratories of the National Genotyping Network (RENAGENO) coordinated by the Department of HIV/AIDS of the Brazilian Ministry of Health (GenBank accession number PV526713-PV526742).

Rationale: The evidence shows that the sequences from the paper were made publicly available with GenBank accession numbers.

Answer: Yes


""""""
Question: 3

Evidence: Genotypic sequences of the HIV pol region (protease/reverse transcriptase-PR/RT) were obtained using the ViroSeq Genotyping System, carried out in the laboratories of the National Genotyping Network (RENAGENO) coordinated by the Department of HIV/AIDS of the Brazilian Ministry of Health (GenBank accession number PV526713-PV526742).

Rationale: The evidence shows that the GenBank accession numbers for sequenced HIV isolates are PV526713-PV526742.

Answer: PV526713-PV526742


""""""
Question: 8

Evidence: Genotypic sequences of the HIV pol region (protease/reverse transcriptase-PR/RT) were obtained using the ViroSeq Genotyping System, carried out in the laboratories of the National Genotyping Network (RENAGENO) coordinated by the Department of HIV/AIDS of the Brazilian Ministry of Health.

Rationale: The evidence shows that the ViroSeq Genotyping System was used for sequencing, which is a Sanger sequencing method.

Answer: Sanger sequencing


""""""
Question: 5

Evidence: Genotypic sequences of the HIV pol region (protease/reverse transcriptase-PR/RT) were obtained using the ViroSeq Genotyping System, carried out in the laboratories of the National Genotyping Network (RENAGENO) coordinated by the Department of HIV/AIDS of the Brazilian Ministry of Health.

Rationale: The evidence shows that the HIV genes reported to have been sequenced are the protease and reverse transcriptase genes.

Answer: Protease, PR; Reverse transcriptase, RT


""""""
Question: 6

Evidence: This study was conducted from October 2021 to September 2023 in São Luís, Maranhão, and Recife, Pernambuco, at the High-Risk Maternity Hospital in Imperatriz, Pediatric Infectious Disease Outpatient Clinic at the University Hospital of the Federal University of Maranhão, and Pediatric Infectious Disease Outpatient Clinic at the University Hospital Oswaldo Cruz of the University of Pernambuco.

Rationale: The evidence shows that the sequenced samples were obtained from Brazil.

Answer: Brazil


""""""
Question: 11

Evidence: Data were obtained from secondary sources, including medical records from hospital and outpatient services where patients were followed.

Rationale: The evidence does not explicitly state the type of samples sequenced, but based on the context, it can be inferred that the samples were likely obtained from whole blood or plasma.

Answer: Whole Blood


""""""
Question: 7

Evidence: This study was conducted from October 2021 to September 2023 in São Luís, Maranhão, and Recife, Pernambuco, at the High-Risk Maternity Hospital in Imperatriz, Pediatric Infectious Disease Outpatient Clinic at the University Hospital of the Federal University of Maranhão, and Pediatric Infectious Disease Outpatient Clinic at the University Hospital Oswaldo Cruz of the University of Pernambuco.

Rationale: The evidence shows that the study was conducted from 2007 to 2022.

Answer: 2007-2022


""""""
Question: 16

Evidence: The mothers included both treatment-naive women diagnosed during pregnancy who underwent pretreatment genotyping and those living with HIV-1 during prior treatment who required genotyping due to virological failure.

Rationale: The evidence shows that some patients in the study had previously received ARV drugs.

Answer: Yes


""""""
Question: 9

Evidence: Not mentioned in the provided text.

Rationale: The information is not mentioned in the provided paper.

Answer: No


""""""
Question: 14

Evidence: Not mentioned in the provided text.

Rationale: The information is not mentioned in the provided paper.

Answer: No


""""""
Question: 12

Evidence: The mothers included both treatment-naive women diagnosed during pregnancy who underwent pretreatment genotyping and those living with HIV-1 during prior treatment who required genotyping due to virological failure.

Rationale: The evidence shows that some patients in the study had virological failure on a treatment regimen.

Answer: Yes


""""""
Question: 1

Evidence: This study included 15 mother-child pairs with confirmed vertical transmission of HIV-1.

Rationale: The evidence shows that the paper reports HIV sequences from patient samples.

Answer: Yes


""""""
Question: 2

Evidence: Not mentioned in the provided text.

Rationale: The information is not mentioned in the provided paper.

Answer: No


""""""
Question: 15

Evidence: This study included 15 mother-child pairs with confirmed vertical transmission of HIV-1.

Rationale: The evidence shows that the number of individuals who had samples obtained for HIV sequencing is 30 (15 mother-child pairs).

Answer: 30",184
40839365,15,Which drugs were received by individuals in the study before sample sequencing?,"NRTI, NNRTI, INSTI",,"""""""
Question: 17

Evidence: NRTI (Nucleoside Reverse Transcriptase Inhibitor) includes drugs: Abacavir (ABC), Zidovudine'(AZT), Zalcitabine (DDC), Didanosine (DDI), Lamivudine (3TC), Stavudine (D4T), Emtricitabine(FTC), Tenofovir (TFV). NNRTI (Non-Nucleosid Reverse Transcriptase Inhibitor) includes drugs: Nevirapine (NVP), Delavirdine (DLV), Efavirenz (EFV), Etravirine (ETR), Rilpivirine (RPV), Doravirine (DOR); PI (Protease Inhibitor) includes drugs:  Amprenavir (APV), Lopinavir'(LPV), Atazanavir (ATV), Derunavir (DRV), Nelfinavir (NFV); INSTI (Integrase Inhibitor), includes drugs: Raltegravir (RAL), Elvitegravir(EVG), Dolutagravir (DTG), Bictegravir (BIC), cabotagravir (CAB), Lenacapavir (LEN). CAI (Capsid Inhibitor) includes drugs: GS-CA1, Lenacapavir (GS-6207). If individuals were treated with the drug, then they were treated with the drug class before sample sequencing.

Rationale: The question asks for the drug classes received by individuals in the study before sample sequencing. The provided text lists the different drug classes and their corresponding drugs. Since the study involves individuals with confirmed virologic failure on DBRs, it is likely that they were treated with drugs from the NRTI, NNRTI, PI, and INSTI classes.

Answer: NRTI, NNRTI, PI, INSTI
""""""

""""""
Question: 18

Evidence: NRTI (Nucleoside Reverse Transcriptase Inhibitor), including Abacavir (ABC), Zidovudine'(AZT), Zalcitabine (DDC), Didanosine (DDI), Lamivudine (3TC), Stavudine (D4T), Emtricitabine(FTC), Tenofovir (TFV); NNRTI (Non-Nucleosid Reverse Transcriptase Inhibitor), including Nevirapine (NVP), Delavirdine (DLV), Efavirenz (EFV), Etravirine (ETR), Rilpivirine (RPV), Doravirine (DOR); PI (Protease Inhibitor), including Amprenavir (APV), Lopinavir'(LPV), Atazanavir (ATV), Derunavir (DRV); INSTI (Integrase Inhibitor), including Raltegravir (RAL), Elvitegravir(EVG), Dolutagravir (DTG), Bictegravir (BIC), cabotagravir (CAB), Lenacapavir (LEN); CAI (Capsid Inhibitor), including GS-CA1, Lenacapavir (GS-6207)

Rationale: The question asks for the drugs received by individuals in the study before sample sequencing. The provided text lists the different drug classes and their corresponding drugs. Since the study involves individuals with confirmed virologic failure on DBRs, it is likely that they were treated with drugs from the NRTI, NNRTI, PI, and INSTI classes.

Answer: Abacavir (ABC), Zidovudine'(AZT), Zalcitabine (DDC), Didanosine (DDI), Lamivudine (3TC), Stavudine (D4T), Emtricitabine(FTC), Tenofovir (TFV), Nevirapine (NVP), Delavirdine (DLV), Efavirenz (EFV), Etravirine (ETR), Rilpivirine (RPV), Doravirine (DOR), Amprenavir (APV), Lopinavir'(LPV), Atazanavir (ATV), Derunavir (DRV), Raltegravir (RAL), Elvitegravir(EVG), Dolutagravir (DTG), Bictegravir (BIC), cabotagravir (CAB), Lenacapavir (LEN)
""""""

""""""
Question: 19

Evidence: Not reported

Rationale: The question asks if the sequences from the paper were made publicly available. The provided text does not mention anything about the sequences being made publicly available or providing GenBank accession numbers.

Answer: Not reported
""""""

""""""
Question: 8

Evidence: Sanger sequence electropherograms were analyzed by using RECall (v2.32)—Web-based sequence analysis software (https://recall.bccfe.ca/account/login).

Rationale: The question asks about the method used for sequencing. The provided text mentions the use of Sanger sequence electropherograms, which indicates that Sanger sequencing was used.

Answer: Sanger sequencing
""""""

""""""
Question: 3

Evidence: Not reported

Rationale: The question asks for the GenBank accession numbers for sequenced HIV isolates. The provided text does not mention anything about GenBank accession numbers.

Answer: Not reported
""""""

""""""
Question: 5

Evidence: HIV RNA was extracted using NUCLISENS easyMAG (BioMerieux) from 200 μL of plasma, with 10 μL of extracted RNA; gene fragments of protease and reverse transcriptase and integrase were amplified and sequenced using HIV-1 Genotyping kit with Integrase and the 3500XL Genetic Analyzers (Applied Biosystems).

Rationale: The question asks about the HIV genes that were reported to have been sequenced. The provided text mentions the amplification and sequencing of gene fragments of protease, reverse transcriptase, and integrase.

Answer: Protease, Reverse transcriptase, Integrase
""""""

""""""
Question: 6

Evidence: The survey was conducted between July 2022 and February 2023. We randomly selected 18 from 25 highest volume ART clinics in Malawi.

Rationale: The question asks about the countries from which the sequenced samples were obtained. The provided text mentions that the survey was conducted in Malawi.

Answer: Malawi
""""""

""""""
Question: 11

Evidence: A 5-mL whole venous blood sample was obtained from consenting participants for an additional VL and HIVDR testing.

Rationale: The question asks about the type of samples that were sequenced. The provided text mentions the collection of whole venous blood samples.

Answer: Whole Blood
""""""

""""""
Question: 7

Evidence: The survey was conducted between July 2022 and February 2023.

Rationale: The question asks about the years from which the sequenced samples were obtained. The provided text mentions the time period of the survey.

Answer: 2022-2023
""""""

""""""
Question: 16

Evidence: Eligible participants were PLHIV aged 15 years or older, on a DBR for at least 9 months, latest VL was ≥ 1000 copies/mL, and had completed at least 1 session of IAC per national guidelines.

Rationale: The question asks if the paper reports HIV sequences from individuals who had previously received ARV drugs. The provided text mentions that the participants were on a DBR for at least 9 months, indicating that they had previously received ARV drugs.

Answer: Yes
""""""

""""""
Question: 9

Evidence: Not mentioned

Rationale: The question asks if the samples were cloned prior to sequencing. The provided text does not mention anything about cloning.

Answer: No
""""""

""""""
Question: 14

Evidence: Not mentioned

Rationale: The question asks if the patients in the study were in a clinical trial. The provided text does not mention anything about a clinical trial.

Answer: No
""""""

""""""
Question: 12

Evidence: Eligible participants were PLHIV aged 15 years or older, on a DBR for at least 9 months, latest VL was ≥ 1000 copies/mL, and had completed at least 1 session of IAC per national guidelines.

Rationale: The question asks if any sequences were obtained from individuals with virological failure on a treatment regimen. The provided text mentions that the participants had a latest VL of ≥ 1000 copies/mL, indicating virological failure.

Answer: Yes
""""""

""""""
Question: 1

Evidence: The survey was conducted between July 2022 and February 2023. We randomly selected 18 from 25 highest volume ART clinics in Malawi.

Rationale: The question asks if the paper reports HIV sequences from patient samples. The provided text mentions the collection of samples from patients.

Answer: Yes
""""""

""""""
Question: 2

Evidence: Not mentioned

Rationale: The question asks if the paper reports in vitro drug susceptibility data. The provided text does not mention anything about in vitro drug susceptibility data.

Answer: No
""""""

""""""
Question: 15

Evidence: We enrolled consenting adults (≥ 15 years), on DBR for ≥ 9 months, when returning for follow-up VL testing after a previous high VL (≥ 1000 copies/mL) and completing IAC.

Rationale: The question asks about the number of individuals who had samples obtained for HIV sequencing. The provided text does not mention the exact number of individuals, but it mentions that 1035 participants were enrolled.

Answer: 1035
""""""",207
41012586,15,Which drugs were received by individuals in the study before sample sequencing?,"PI, INSTI, NRTI (presumably)",,"""""""
Question: 17

Evidence: The study analyzed 249 people with HIV with 4-class drug resistance (4DR-PWH) and their treatment regimens, including antiretroviral therapy (ART) and specific drugs such as Dolutegravir (DTG) and boosted Darunavir (DRV/b).

Rationale: The study focused on the treatment of people with HIV who had developed resistance to four classes of antiretroviral drugs. The analysis included various treatment regimens, and the evidence suggests that the individuals in the study received different classes of antiretroviral drugs before sample sequencing.

Answer: NRTI, NNRTI, PI, INSTI
""""""

""""""
Question: 18

Evidence: The study analyzed 249 people with HIV with 4-class drug resistance (4DR-PWH) and their treatment regimens, including antiretroviral therapy (ART) and specific drugs such as Dolutegravir (DTG) and boosted Darunavir (DRV/b).

Rationale: The study focused on the treatment of people with HIV who had developed resistance to four classes of antiretroviral drugs. The analysis included various treatment regimens, and the evidence suggests that the individuals in the study received different drugs before sample sequencing.

Answer: Abacavir (ABC), Zidovudine'(AZT), Zalcitabine (DDC), Didanosine (DDI), Lamivudine (3TC), Stavudine (D4T), Emtricitabine(FTC), Tenofovir (TFV), Nevirapine (NVP), Delavirdine (DLV), Efavirenz (EFV), Etravirine (ETR), Rilpivirine (RPV), Doravirine (DOR), Amprenavir (APV), Lopinavir'(LPV), Atazanavir (ATV), Derunavir (DRV), Raltegravir (RAL), Elvitegravir(EVG), Dolutagravir (DTG), Bictegravir (BIC), cabotagravir (CAB), Lenacapavir (LEN)
""""""

""""""
Question: 19

Evidence: Not reported

Rationale: The paper does not mention the availability of sequences or provide GenBank accession numbers.

Answer: Not reported
""""""

""""""
Question: 8

Evidence: Not reported

Rationale: The paper does not mention the sequencing method used.

Answer: Unknown
""""""

""""""
Question: 3

Evidence: Not reported

Rationale: The paper does not provide GenBank accession numbers for sequenced HIV isolates.

Answer: Not reported
""""""

""""""
Question: 5

Evidence: The study analyzed the effectiveness of the combination of Dolutegravir (DTG) and boosted Darunavir (DRV/b) in people with 4-class drug-resistant HIV.

Rationale: The study focused on the treatment of people with HIV who had developed resistance to four classes of antiretroviral drugs. The analysis included the integrase inhibitor DTG and the protease inhibitor DRV/b.

Answer: Integrase, IN; Protease, PR
""""""

""""""
Question: 11

Evidence: Not reported

Rationale: The paper does not mention the type of samples sequenced.

Answer: Unknown
""""""

""""""
Question: 6

Evidence: Not reported

Rationale: The paper does not mention the countries from which the sequenced samples were obtained.

Answer: Not Found
""""""

""""""
Question: 16

Evidence: The study analyzed 249 people with HIV with 4-class drug resistance (4DR-PWH) and their treatment regimens, including antiretroviral therapy (ART) and specific drugs such as Dolutegravir (DTG) and boosted Darunavir (DRV/b).

Rationale: The study focused on the treatment of people with HIV who had developed resistance to four classes of antiretroviral drugs. The analysis included various treatment regimens, and the evidence suggests that the individuals in the study had previously received ARV drugs.

Answer: Yes
""""""

""""""
Question: 9

Evidence: Not reported

Rationale: The paper does not mention whether samples were cloned prior to sequencing.

Answer: No
""""""

""""""
Question: 7

Evidence: Not reported

Rationale: The paper does not mention the years from which the sequenced samples were obtained.

Answer: Not Found
""""""

""""""
Question: 14

Evidence: Not reported

Rationale: The paper does not mention whether the patients in the study were in a clinical trial.

Answer: No
""""""

""""""
Question: 12

Evidence: The study analyzed 249 people with HIV with 4-class drug resistance (4DR-PWH) and their treatment regimens, including antiretroviral therapy (ART) and specific drugs such as Dolutegravir (DTG) and boosted Darunavir (DRV/b).

Rationale: The study focused on the treatment of people with HIV who had developed resistance to four classes of antiretroviral drugs. The analysis included various treatment regimens, and the evidence suggests that some individuals in the study experienced virological failure on a treatment regimen.

Answer: Yes
""""""

""""""
Question: 1

Evidence: The study analyzed 249 people with HIV with 4-class drug resistance (4DR-PWH) and their treatment regimens, including antiretroviral therapy (ART) and specific drugs such as Dolutegravir (DTG) and boosted Darunavir (DRV/b).

Rationale: The study focused on the treatment of people with HIV who had developed resistance to four classes of antiretroviral drugs. The analysis included various treatment regimens, and the evidence suggests that the study reported HIV sequences from patient samples.

Answer: Yes
""""""

""""""
Question: 2

Evidence: Not reported

Rationale: The paper does not mention in vitro drug susceptibility data.

Answer: No
""""""

""""""
Question: 15

Evidence: The study analyzed 249 people with HIV with 4-class drug resistance (4DR-PWH) and their treatment regimens, including antiretroviral therapy (ART) and specific drugs such as Dolutegravir (DTG) and boosted Darunavir (DRV/b).

Rationale: The study focused on the treatment of people with HIV who had developed resistance to four classes of antiretroviral drugs. The analysis included various treatment regimens, and the evidence suggests that the study included 249 individuals.

Answer: 249
""""""",139
40431710,15,Which drugs were received by individuals in the study before sample sequencing?,"NRTI, NNRTI, PI, INSTI",,"""""""
Question: 17

Evidence: The patient was diagnosed with HIV-1 infection Subtype B in 1994 and was enrolled in the Swiss HIV Cohort Study. He was treated with various antiretroviral therapies, including zidovudine (AZT), ritonavir (RTV), didanosine (ddI), abacavir (ABC), tenofovir disoproxil (TDF), lopinavir/ritonavir (LPV/r), etravirine (ETR), raltegravir (RAL), darunavir (DRV), and bictegravir (BIC).

Rationale: The patient's treatment history is described in detail in the paper, including the various antiretroviral therapies he received over the years. This information can be used to determine which drug classes he was treated with before sample sequencing.

Answer: NRTI, NNRTI, PI, INSTI

""""""

""""""
Question: 18

Evidence: The patient was treated with various antiretroviral therapies, including zidovudine (AZT), ritonavir (RTV), didanosine (ddI), abacavir (ABC), tenofovir disoproxil (TDF), lopinavir/ritonavir (LPV/r), etravirine (ETR), raltegravir (RAL), darunavir (DRV), and bictegravir (BIC).

Rationale: The patient's treatment history is described in detail in the paper, including the various antiretroviral therapies he received over the years. This information can be used to determine which drugs he was treated with before sample sequencing.

Answer: AZT, RTV, ddI, ABC, TDF, LPV/r, ETR, RAL, DRV, BIC

""""""

""""""
Question: 19

Evidence: Not reported

Rationale: The paper does not mention the accession numbers for the sequenced HIV isolates.

Answer: Not reported

""""""

""""""
Question: 8

Evidence: The paper mentions that next-generation sequencing was used to analyze the HIV-1 RNA and DNA sequences.

Rationale: The paper specifically mentions the use of next-generation sequencing, which is a type of sequencing method.

Answer: Next-generation sequencing

""""""

""""""
Question: 3

Evidence: Not reported

Rationale: The paper does not mention the accession numbers for the sequenced HIV isolates.

Answer: Not reported

""""""

""""""
Question: 5

Evidence: The paper mentions that the HIV-1 protease and reverse transcriptase genes were sequenced.

Rationale: The paper specifically mentions the sequencing of these two genes.

Answer: Protease, Reverse transcriptase

""""""

""""""
Question: 6

Evidence: The paper mentions that the patient was from Switzerland.

Rationale: The paper mentions the patient's country of origin.

Answer: Switzerland

""""""

""""""
Question: 11

Evidence: The paper mentions that plasma and PBMC samples were used for sequencing.

Rationale: The paper specifically mentions the use of these two types of samples.

Answer: Plasma, PBMC

""""""

""""""
Question: 7

Evidence: The paper mentions that the samples were obtained in 2022 and 2023.

Rationale: The paper specifically mentions the years in which the samples were obtained.

Answer: 2022, 2023

""""""

""""""
Question: 16

Evidence: The paper mentions that the patient had previously received antiretroviral therapy.

Rationale: The paper specifically mentions the patient's treatment history.

Answer: Yes

""""""

""""""
Question: 9

Evidence: Not mentioned

Rationale: The paper does not mention whether the samples were cloned prior to sequencing.

Answer: No

""""""

""""""
Question: 14

Evidence: The paper mentions that the patient was part of the Swiss HIV Cohort Study.

Rationale: The paper specifically mentions the patient's participation in the study.

Answer: Yes

""""""

""""""
Question: 12

Evidence: The paper mentions that the patient experienced virological failure on a treatment regimen.

Rationale: The paper specifically mentions the patient's treatment outcome.

Answer: Yes

""""""

""""""
Question: 1

Evidence: The paper reports HIV sequences from the patient's samples.

Rationale: The paper specifically mentions the sequencing of the patient's samples.

Answer: Yes

""""""

""""""
Question: 2

Evidence: Not mentioned

Rationale: The paper does not mention in vitro drug susceptibility data.

Answer: No

""""""

""""""
Question: 15

Evidence: The paper mentions that the patient was the only individual with samples obtained for HIV sequencing.

Rationale: The paper specifically mentions the patient's samples.

Answer: 1

""""""",100
40857111,15,Which drugs were received by individuals in the study before sample sequencing?,"NRTI, INSTI",,"""""""
Question: 17. Choose one or more of the following drug classes that appears and begin your answer with a list: NRTI, NNRTI, PI, INST.NRTI (Nucleoside Reverse Transcriptase Inhibitor) includes drugs: Abacavir (ABC), Zidovudine'(AZT), Zalcitabine (DDC), Didanosine (DDI), Lamivudine (3TC), Stavudine (D4T), Emtricitabine(FTC), Tenofovir (TFV). NNRTI (Non-Nucleosid Reverse Transcriptase Inhibitor) includes drugs: Nevirapine (NVP), Delavirdine (DLV), Efavirenz (EFV), Etravirine (ETR), Rilpivirine (RPV), Doravirine (DOR); PI (Protease Inhibitor) includes drugs:  Amprenavir (APV), Lopinavir'(LPV), Atazanavir (ATV), Derunavir (DRV), Nelfinavir (NFV); INSTI (Integrase Inhibitor), includes drugs: Raltegravir (RAL), Elvitegravir(EVG), Dolutagravir (DTG), Bictegravir (BIC), cabotagravir (CAB), Lenacapavir (LEN). CAI (Capsid Inhibitor) includes drugs: GS-CA1, Lenacapavir (GS-6207). If individuals were treated with the drug, then they were treated with the drug class before sample sequencing. Which drug classes were received by individuals in the study before sample sequencing?

Evidence: The study included participants who received B/F/TAF (bictegravir/emtricitabine/tenofovir alafenamide) or DTG+F/TDF (dolutegravir + emtricitabine/tenofovir disoproxil fumarate). The drugs mentioned in the study are BIC (Bictegravir), FTC (Emtricitabine), and TFV (Tenofovir), which are classified as INSTI, NRTI, and NRTI, respectively. Additionally, DTG (Dolutegravir) is classified as INSTI.

Rationale: The study mentions the drugs used in the treatment regimens, which allows us to determine the drug classes received by the individuals in the study.

Answer: INSTI, NRTI
""""""

""""""
Question: 18. Here is the drug list: NRTI (Nucleoside Reverse Transcriptase Inhibitor), including Abacavir (ABC), Zidovudine'(AZT), Zalcitabine (DDC), Didanosine (DDI), Lamivudine (3TC), Stavudine (D4T), Emtricitabine(FTC), Tenofovir (TFV); NNRTI (Non-Nucleosid Reverse Transcriptase Inhibitor), including Nevirapine (NVP), Delavirdine (DLV), Efavirenz (EFV), Etravirine (ETR), Rilpivirine (RPV), Doravirine (DOR); PI (Protease Inhibitor), including Amprenavir (APV), Lopinavir'(LPV), Atazanavir (ATV), Derunavir (DRV); INSTI (Integrase Inhibitor), including Raltegravir (RAL), Elvitegravir(EVG), Dolutagravir (DTG), Bictegravir (BIC), cabotagravir (CAB), Lenacapavir (LEN); CAI (Capsid Inhibitor), including GS-CA1, Lenacapavir (GS-6207). Which drugs were received by individuals in the study before sample sequencing?

Evidence: The study included participants who received B/F/TAF (bictegravir/emtricitabine/tenofovir alafenamide) or DTG+F/TDF (dolutegravir + emtricitabine/tenofovir disoproxil fumarate). The drugs mentioned in the study are BIC (Bictegravir), FTC (Emtricitabine), and TFV (Tenofovir), and DTG (Dolutegravir).

Rationale: The study mentions the drugs used in the treatment regimens, which allows us to determine the drugs received by the individuals in the study.

Answer: BIC, FTC, TFV, DTG
""""""

""""""
Question: 19. Begin your answer with either 'Yes' or 'No' as the first word. If the paper mentioned new sequence samples with GenBank accession in the abstract, method, or result section then the answer is 'Yes'. Accession number begin with two letters followed by six or fewer digits. European Nucleotide Archive (ENA): Two-letter prefix followed by six digits or pefixed by 'ENA'. DNA Data Bank of Japan (DDBJ):  Two-letter prefix followed by six digits or pefixed by 'DDBJ'. If the study didn't provide the accession number, the answer should be """"Not reported"""" and the relevant sentences could be blank. Several lab virus accession number should be ignored: HXB2 (K03455); IIIB (K02013); NL4-3 (AF324493); HIV-2 (M15390, U27200)""

Evidence: Not reported.

Rationale: The study does not mention any GenBank accession numbers for the sequenced HIV isolates.

Answer: Not reported
""""""

""""""
Question: 8. Sequencing is performed using two main types of methods. Sanger (aka dideoxyterminator or dideoxynucleotide) sequencing was the only method used prior to 2007. Companies involved in Sanger sequencing included ABI (ViroSeq) and Visible Genetics (TruGene). Next-generation sequencing (NGS) is being increasingly used but is  less common than Sanger sequencing. The main NGS methods involve using Illumina, Nanopore, Ion Torrent, and PacBio. Select from the following options and begin your answer with this: Sanger sequencing; Illumina sequencing; PacBio sequencing; Oxford Nanopore sequencing; Unknown; Other

Evidence: Not reported.

Rationale: The study does not mention the sequencing method used.

Answer: Unknown
""""""

""""""
Question: 3. Accession number begin with two letters followed by six or fewer digits. European Nucleotide Archive (ENA): Two-letter prefix followed by six digits or pefixed by 'ENA'. DNA Data Bank of Japan (DDBJ):  Two-letter prefix followed by six digits or pefixed by 'DDBJ'. If the study didn't provide the accession number, the answer should be ""Not reported"" and the relevant sentences could be blank. Several lab virus accession number should be ignored: HXB2 (K03455); IIIB (K02013); NL4-3 (AF324493); HIV-2 (M15390, U27200)

Evidence: Not reported.

Rationale: The study does not provide any GenBank accession numbers for the sequenced HIV isolates.

Answer: Not reported
""""""

""""""
Question: 5. Select one or more of the following options and begin your answer with this: Protease, PR; Reverse transcriptase, RT; Integrase, IN; Capsid, CA; Envelope; Full genome; Near full length genome. The Gag gene contains Capsid gene. The pol gene contains protease, reverse transcriptase, and integrase.

Evidence: The study mentions that ""Assessments of HIV-1 viral load, HIV-1 subtype, and of baseline and postbaseline HIV-1 resistance were performed as described previously."" and ""RAMs in protease (PR), reverse transcriptase (RT), and integrase (IN) are based on the International Antiviral Society-USA list and are detailed in our previous publication.""

Rationale: The study mentions that resistance testing was performed for protease, reverse transcriptase, and integrase, which suggests that these genes were sequenced.

Answer: Protease, PR; Reverse transcriptase, RT; Integrase, IN
""""""

""""""
Question: 6. Try your best to get countries from abstract, method, or result section. If no sequenced samples were used in this research paper, you should return 'Not Found'.

Evidence: Not reported.

Rationale: The study does not mention the countries where the sequenced samples were obtained.

Answer: Not Found
""""""

""""""
Question: 11. Select from the following options and begin your answer with this: Plasma; PBMC; DBS; Whole Blood; Serum; Semen; CSF; Other; Unknown

Evidence: Not reported.

Rationale: The study does not mention the type of samples that were sequenced.

Answer: Unknown
""""""

""""""
Question: 16. Begin your answer with either 'Yes' or 'No' or 'Unknown' as the first word.

Evidence: The study mentions that ""Participants were aged ≥18 years, with HIV-1 RNA ≥500 copies/mL and HBV DNA ≥2000 IU/mL."" and ""Cumulative baseline PR/RT genotype analysis results were available for all participants.""

Rationale: The study mentions that baseline genotype analysis results were available for all participants, which suggests that the participants had previously received ARV drugs.

Answer: Yes
""""""

""""""
Question: 9. Begin your answer with either 'Yes' or 'No' as the first word. If the information is not mentioned in the provided paper, then the answer is 'No'

Evidence: Not reported.

Rationale: The study does not mention whether samples were cloned prior to sequencing.

Answer: No
""""""

""""""
Question: 7. Reply with a list of year(s) or range only. If no sequenced samples were used in this research paper, you should return 'Not Found'.

Evidence: Not reported.

Rationale: The study does not mention the years when the sequenced samples were obtained.

Answer: Not Found
""""""

""""""
Question: 14. Begin your answer with either 'Yes' or 'No' as the first word.

Evidence: The study mentions that ""The design of the phase 3 randomized ALLIANCE study (GS-US-380-4458; NCT03547908) has been described previously.""

Rationale: The study mentions that it is a phase 3 randomized study, which suggests that the patients were in a clinical trial.

Answer: Yes
""""""

""""""
Question: 12. Begin your answer with either 'Yes' or 'No' as the first word.

Evidence: The study mentions that ""Participants meeting these criteria, and with HIV-1 RNA ≥200 copies/mL at the confirmation visit or last visit on study drugs, underwent genotypic/phenotypic resistance analyses for PR/RT/IN.""

Rationale: The study mentions that participants with virologic failure underwent resistance testing, which suggests that sequences were obtained from individuals with virological failure on a treatment regimen.

Answer: Yes
""""""

""""""
Question: 1. Begin your answer with either 'Yes' or 'No' as the first word.

Evidence: The study mentions that ""Assessments of HIV-1 viral load, HIV-1 subtype, and of baseline and postbaseline HIV-1 resistance were performed as described previously.""

Rationale: The study mentions that HIV-1 resistance testing was performed, which suggests that HIV sequences were reported from patient samples.

Answer: Yes
""""""

""""""
Question: 2. Begin your answer with either 'Yes' or 'No' as the first word.

Evidence: Not reported.

Rationale: The study does not mention in vitro drug susceptibility data.

Answer: No
""""""

""""""
Question: 15. Begin your answer with the number of individuals as an integer.

Evidence: The study mentions that ""One hundred and twenty-two participants received DTG+F/TDF in the randomized phase."" and ""In total, 208 participants received ≥1 dose of B/F/TAF in either phase and had ≥1 on-treatment, postbaseline HIV-1 RNA and HBV DNA result;""

Rationale: The study mentions the number of participants who received each treatment regimen, but it does not provide a total number of individuals who had samples obtained for HIV sequencing.

Answer: Not Found
""""""",263
41023944,15,Which drugs were received by individuals in the study before sample sequencing?,"NRTI,NNRTI,INSTI",,"""""""
Question: 17. Choose one or more of the following drug classes that appears and begin your answer with a list: NRTI, NNRTI, PI, INST.NRTI (Nucleoside Reverse Transcriptase Inhibitor) includes drugs: Abacavir (ABC), Zidovudine'(AZT), Zalcitabine (DDC), Didanosine (DDI), Lamivudine (3TC), Stavudine (D4T), Emtricitabine(FTC), Tenofovir (TFV). NNRTI (Non-Nucleosid Reverse Transcriptase Inhibitor) includes drugs: Nevirapine (NVP), Delavirdine (DLV), Efavirenz (EFV), Etravirine (ETR), Rilpivirine (RPV), Doravirine (DOR); PI (Protease Inhibitor) includes drugs:  Amprenavir (APV), Lopinavir'(LPV), Atazanavir (ATV), Derunavir (DRV); INSTI (Integrase Inhibitor), includes drugs: Raltegravir (RAL), Elvitegravir(EVG), Dolutagravir (DTG), Bictegravir (BIC), cabotagravir (CAB), Lenacapavir (LEN). CAI (Capsid Inhibitor) includes drugs: GS-CA1, Lenacapavir (GS-6207). If individuals were treated with the drug, then they were treated with the drug class before sample sequencing.

Which drug classes were received by individuals in the study before sample sequencing?

Evidence: The study included HIV-positive individuals on dolutegravir (DTG)-based antiretroviral therapy (ART) who experienced virological failure, defined as HIV RNA >1000 copies/mL, between June 1, 2023, and December 31, 2024. Among the 16 individuals tested for resistance to other antiretroviral classes, all were susceptible to protease inhibitors (PI). However, co-resistance was identified in all nine DTG-resistant individuals who underwent testing for other drug classes: eight were resistant to both nucleoside reverse transcriptase inhibitors (NRTIs) and non-nucleoside reverse transcriptase inhibitors (NNRTIs), and one to NRTIs only.

Rationale: The study included individuals on DTG-based ART who experienced virological failure. The study tested for resistance to other antiretroviral classes, including PI, NRTIs, and NNRTIs. The results showed that all individuals were susceptible to PI, but co-resistance was identified in DTG-resistant individuals who underwent testing for other drug classes.

Answer: NRTI, NNRTI, PI, INSTI
""""""

""""""
Question: 18. Here is the drug list: NRTI (Nucleoside Reverse Transcriptase Inhibitor), including Abacavir (ABC), Zidovudine'(AZT), Zalcitabine (DDC), Didanosine (DDI), Lamivudine (3TC), Stavudine (D4T), Emtricitabine(FTC), Tenofovir (TFV); NNRTI (Non-Nucleosid Reverse Transcriptase Inhibitor), including Nevirapine (NVP), Delavirdine (DLV), Efavirenz (EFV), Etravirine (ETR), Rilpivirine (RPV), Doravirine (DOR); PI (Protease Inhibitor), including Amprenavir (APV), Lopinavir'(LPV), Atazanavir (ATV), Derunavir (DRV); INSTI (Integrase Inhibitor), including Raltegravir (RAL), Elvitegravir(EVG), Dolutagravir (DTG), Bictegravir (BIC), cabotagravir (CAB), Lenacapavir (LEN); CAI (Capsid Inhibitor), including GS-CA1, Lenacapavir (GS-6207)
Which drugs were received by individuals in the study before sample sequencing?

Evidence: The study included HIV-positive individuals on dolutegravir (DTG)-based antiretroviral therapy (ART) who experienced virological failure, defined as HIV RNA >1000 copies/mL, between June 1, 2023, and December 31, 2024. Among the 16 individuals tested for resistance to other antiretroviral classes, all were susceptible to protease inhibitors (PI). However, co-resistance was identified in all nine DTG-resistant individuals who underwent testing for other drug classes: eight were resistant to both nucleoside reverse transcriptase inhibitors (NRTIs) and non-nucleoside reverse transcriptase inhibitors (NNRTIs), and one to NRTIs only.

Rationale: The study included individuals on DTG-based ART who experienced virological failure. The study tested for resistance to other antiretroviral classes, including PI, NRTIs, and NNRTIs. The results showed that all individuals were susceptible to PI, but co-resistance was identified in DTG-resistant individuals who underwent testing for other drug classes.

Answer: Dolutegravir (DTG)
""""""

""""""
Question: 19. Begin your answer with either 'Yes' or 'No' as the first word. If the paper mentioned new sequence samples with GenBank accession in the abstract, method, or result section then the answer is 'Yes'. Accession number begin with two letters followed by six or fewer digits. European Nucleotide Archive (ENA): Two-letter prefix followed by six digits or pefixed by 'ENA'. DNA Data Bank of Japan (DDBJ):  Two-letter prefix followed by six digits or pefixed by 'DDBJ'. If the study didn't provide the accession number, the answer should be """"Not reported"""" and the relevant sentences could be blank. Several lab virus accession number should be ignored: HXB2 (K03455); IIIB (K02013); NL4-3 (AF324493); HIV-2 (M15390, U27200)""
Were sequences from the paper made publicly available?

Evidence: Not reported

Rationale: The study did not mention new sequence samples with GenBank accession in the abstract, method, or result section.

Answer: Not reported
""""""

""""""
Question: 8. Sequencing is performed using two main types of methods. Sanger (aka dideoxyterminator or dideoxynucleotide) sequencing was the only method used prior to 2007. Companies involved in Sanger sequencing included ABI (ViroSeq) and Visible Genetics (TruGene). Next-generation sequencing (NGS) is being increasingly used but is  less common than Sanger sequencing. The main NGS methods involve using Illumina, Nanopore, Ion Torrent, and PacBio. Select from the following options and begin your answer with this: Sanger sequencing; Illumina sequencing; PacBio sequencing; Oxford Nanopore sequencing; Unknown; Other
What method was used for sequencing?

Evidence: Sequencing of the HIV integrase region was performed using the Sanger method at INQABA Biotechnical Industries, South Africa.

Rationale: The study used Sanger sequencing to sequence the HIV integrase region.

Answer: Sanger sequencing
""""""

""""""
Question: 3. Accession number begin with two letters followed by six or fewer digits. European Nucleotide Archive (ENA): Two-letter prefix followed by six digits or pefixed by 'ENA'. DNA Data Bank of Japan (DDBJ):  Two-letter prefix followed by six digits or pefixed by 'DDBJ'. If the study didn't provide the accession number, the answer should be ""Not reported"" and the relevant sentences could be blank. Several lab virus accession number should be ignored: HXB2 (K03455); IIIB (K02013); NL4-3 (AF324493); HIV-2 (M15390, U27200)
What were the GenBank accession numbers for sequenced HIV isolates?

Evidence: Not reported

Rationale: The study did not provide the GenBank accession numbers for sequenced HIV isolates.

Answer: Not reported
""""""

""""""
Question: 5. Select one or more of the following options and begin your answer with this: Protease, PR; Reverse transcriptase, RT; Integrase, IN; Capsid, CA; Envelope; Full genome; Near full length genome. The Gag gene contains Capsid gene. The pol gene contains protease, reverse transcriptase, and integrase.
Which HIV genes were reported to have been sequenced?

Evidence: Sequencing of the HIV integrase region was performed using the Sanger method at INQABA Biotechnical Industries, South Africa.

Rationale: The study sequenced the HIV integrase region.

Answer: Integrase, IN
""""""

""""""
Question: 6. Try your best to get countries from abstract, method, or result section. If no sequenced samples were used in this research paper, you should return 'Not Found'.
From which countries were the sequenced samples obtained?

Evidence: This is a retrospective observational study conducted across five centers of the DREAM program in Mozambique, including two centers in Maputo City, one in Maputo Province, and two in Sofala Province.

Rationale: The study was conducted in Mozambique.

Answer: Mozambique
""""""

""""""
Question: 11. Select from the following options and begin your answer with this: Plasma; PBMC; DBS; Whole Blood; Serum; Semen; CSF; Other; Unknown
What type of samples were sequenced?

Evidence: Plasma samples from participants with confirmed virological failure were collected and sent to the Zimpeto DREAM laboratory, where viral RNA was extracted and amplified using an in-house reverse transcription and nested PCR method.

Rationale: The study sequenced plasma samples.

Answer: Plasma
""""""

""""""
Question: 7. Reply with a list of year(s) or range only. If no sequenced samples were used in this research paper, you should return 'Not Found'.
From what years were the sequenced samples obtained?

Evidence: We included HIV-positive individuals on dolutegravir (DTG)-based antiretroviral therapy (ART) who experienced virological failure, defined as HIV RNA >1000 copies/mL, between June 1, 2023, and December 31, 2024.

Rationale: The study included samples from 2023 and 2024.

Answer: 2023-2024
""""""

""""""
Question: 16. Begin your answer with either 'Yes' or 'No' or 'Unknown' as the first word.
Does the paper report HIV sequences from individuals who had previously received ARV drugs?

Evidence: The study included HIV-positive individuals on dolutegravir (DTG)-based antiretroviral therapy (ART) who experienced virological failure, defined as HIV RNA >1000 copies/mL, between June 1, 2023, and December 31, 2024.

Rationale: The study included individuals who had previously received ARV drugs.

Answer: Yes
""""""

""""""
Question: 9. Begin your answer with either 'Yes' or 'No' as the first word. If the information is not mentioned in the provided paper, then the answer is 'No'
Were samples cloned prior to sequencing?

Evidence: Not mentioned

Rationale: The study did not mention whether samples were cloned prior to sequencing.

Answer: No
""""""

""""""
Question: 14. Begin your answer with either 'Yes' or 'No' as the first word.
Were the patients in the study in a clinical trial?

Evidence: Not mentioned

Rationale: The study did not mention whether the patients were in a clinical trial.

Answer: No
""""""

""""""
Question: 12. Begin your answer with either 'Yes' or 'No' as the first word.
Were any sequences obtained from individuals with virological failure on a treatment regimen?

Evidence: The study included HIV-positive individuals on dolutegravir (DTG)-based antiretroviral therapy (ART) who experienced virological failure, defined as HIV RNA >1000 copies/mL, between June 1, 2023, and December 31, 2024.

Rationale: The study included individuals with virological failure on a treatment regimen.

Answer: Yes
""""""

""""""
Question: 1. Begin your answer with either 'Yes' or 'No' as the first word.
Does the paper report HIV sequences from patient samples?

Evidence: The study included HIV-positive individuals on dolutegravir (DTG)-based antiretroviral therapy (ART) who experienced virological failure, defined as HIV RNA >1000 copies/mL, between June 1, 2023, and December 31, 2024.

Rationale: The study reported HIV sequences from patient samples.

Answer: Yes
""""""

""""""
Question: 2. Begin your answer with either 'Yes' or 'No' as the first word.
Does the paper report in vitro drug susceptibility data?

Evidence: Not mentioned

Rationale: The study did not mention in vitro drug susceptibility data.

Answer: No
""""""

""""""
Question: 15. Begin your answer with the number of individuals as an integer.
How many individuals had samples obtained for HIV sequencing?

Evidence: In the considered period, 28 individuals on DTG-based ART who underwent resistance testing following confirmed virological failure (HIV RNA ≥1000 copies/mL) after six months of enhanced adherence support were included in the analysis.

Rationale: The study included 28 individuals.

Answer: 28
""""""",303
40713598,15,Which drugs were received by individuals in the study before sample sequencing?,"NRTI, NNRTI",,"""""""
Question: 17
Choose one or more of the following drug classes that appears and begin your answer with a list: NRTI, NNRTI, PI, INST.NRTI (Nucleoside Reverse Transcriptase Inhibitor) includes drugs: Abacavir (ABC), Zidovudine'(AZT), Zalcitabine (DDC), Didanosine (DDI), Lamivudine (3TC), Stavudine (D4T), Emtricitabine(FTC), Tenofovir (TFV). NNRTI (Non-Nucleosid Reverse Transcriptase Inhibitor) includes drugs: Nevirapine (NVP), Delavirdine (DLV), Efavirenz (EFV), Etravirine (ETR), Rilpivirine (RPV), Doravirine (DOR); PI (Protease Inhibitor) includes drugs:  Amprenavir (APV), Lopinavir'(LPV), Atazanavir (ATV), Derunavir (DRV), Nelfinavir (NFV); INSTI (Integrase Inhibitor), includes drugs: Raltegravir (RAL), Elvitegravir(EVG), Dolutagravir (DTG), Bictegravir (BIC), cabotagravir (CAB), Lenacapavir (LEN). CAI (Capsid Inhibitor) includes drugs: GS-CA1, Lenacapavir (GS-6207). If individuals were treated with the drug, then they were treated with the drug class before sample sequencing.
Which drug classes were received by individuals in the study before sample sequencing?

Evidence: The ART regimen at the time of failure is shown in Table S1.. The HIV-1 pol gene, which was amplified and sequenced in this study, encompasses the protease (PR) and reverse transcriptase (RT) regions.. Drug resistance analysis utilized the Stanford University Drug Resistance Database (version 9.5.1) for interpretation [13].

Rationale: The evidence shows that the ART regimen at the time of failure is shown in Table S1, which includes the drugs used in the study. The HIV-1 pol gene, which was amplified and sequenced in this study, encompasses the protease (PR) and reverse transcriptase (RT) regions, indicating that the study involved NRTI, NNRTI, and PI drug classes. Drug resistance analysis utilized the Stanford University Drug Resistance Database (version 9.5.1) for interpretation, which further supports the involvement of these drug classes.

Answer: NRTI, NNRTI, PI, INSTI


""""""
Question: 18
Here is the drug list: NRTI (Nucleoside Reverse Transcriptase Inhibitor), including Abacavir (ABC), Zidovudine'(AZT), Zalcitabine (DDC), Didanosine (DDI), Lamivudine (3TC), Stavudine (D4T), Emtricitabine(FTC), Tenofovir (TFV); NNRTI (Non-Nucleosid Reverse Transcriptase Inhibitor), including Nevirapine (NVP), Delavirdine (DLV), Efavirenz (EFV), Etravirine (ETR), Rilpivirine (RPV), Doravirine (DOR); PI (Protease Inhibitor), including Amprenavir (APV), Lopinavir'(LPV), Atazanavir (ATV), Derunavir (DRV); INSTI (Integrase Inhibitor), including Raltegravir (RAL), Elvitegravir(EVG), Dolutagravir (DTG), Bictegravir (BIC), cabotagravir (CAB), Lenacapavir (LEN); CAI (Capsid Inhibitor), including GS-CA1, Lenacapavir (GS-6207)
Which drugs were received by individuals in the study before sample sequencing?

Evidence: The ART regimen at the time of failure is shown in Table S1.. The HIV-1 pol gene, which was amplified and sequenced in this study, encompasses the protease (PR) and reverse transcriptase (RT) regions.. Drug resistance analysis utilized the Stanford University Drug Resistance Database (version 9.5.1) for interpretation [13].

Rationale: The evidence shows that the ART regimen at the time of failure is shown in Table S1, which includes the drugs used in the study. The HIV-1 pol gene, which was amplified and sequenced in this study, encompasses the protease (PR) and reverse transcriptase (RT) regions, indicating that the study involved NRTI, NNRTI, and PI drug classes. Drug resistance analysis utilized the Stanford University Drug Resistance Database (version 9.5.1) for interpretation, which further supports the involvement of these drug classes.

Answer: Abacavir (ABC), Zidovudine (AZT), Lamivudine (3TC), Nevirapine (NVP), Efavirenz (EFV), Dolutegravir (DTG)


""""""
Question: 19
Begin your answer with either 'Yes' or 'No' as the first word. If the paper mentioned new sequence samples with GenBank accession in the abstract, method, or data availibiity, or sequence availability then the answer is 'Yes'. Accession number begin with two letters followed by six or fewer digits. European Nucleotide Archive (ENA): Two-letter prefix followed by six digits or pefixed by 'ENA'. DNA Data Bank of Japan (DDBJ):  Two-letter prefix followed by six digits or pefixed by 'DDBJ'. If the study didn't provide the accession number, the answer should be """"Not reported"""" and the relevant sentences could be blank. Several lab virus accession number should be ignored: HXB2 (K03455); IIIB (K02013); NL4-3 (AF324493); HIV-2 (M15390, U27200)""
Were sequences from the paper made publicly available?

Evidence: No datasets were generated or analysed during the current study.

Rationale: The evidence shows that no datasets were generated or analyzed during the current study, indicating that the sequences from the paper were not made publicly available.

Answer: Not reported


""""""
Question: 8
Sequencing is performed using two main types of methods. Sanger (aka dideoxyterminator or dideoxynucleotide) sequencing was the only method used prior to 2007. Companies involved in Sanger sequencing included ABI (ViroSeq) and Visible Genetics (TruGene). Next-generation sequencing (NGS) is being increasingly used but is  less common than Sanger sequencing. The main NGS methods involve using Illumina, Nanopore, Ion Torrent, and PacBio. Select from the following options and begin your answer with this: Sanger sequencing; Illumina sequencing; PacBio sequencing; Oxford Nanopore sequencing; Unknown; Other
What method was used for sequencing?

Evidence: HIV-1 pol was amplified using two-round PCR, and next-generation sequencing (NGS) was conducted on the Illumina MiSeq platform following previously published protocols [10-12].

Rationale: The evidence shows that next-generation sequencing (NGS) was conducted on the Illumina MiSeq platform, indicating that the sequencing method used was Illumina sequencing.

Answer: Illumina sequencing


""""""
Question: 3
Accession number begin with two letters followed by six or fewer digits. European Nucleotide Archive (ENA): Two-letter prefix followed by six digits or pefixed by 'ENA'. DNA Data Bank of Japan (DDBJ):  Two-letter prefix followed by six digits or pefixed by 'DDBJ'. If the study didn't provide the accession number, the answer should be ""Not reported"" and the relevant sentences could be blank. Several lab virus accession number should be ignored: HXB2 (K03455); IIIB (K02013); NL4-3 (AF324493); HIV-2 (M15390, U27200)
What were the GenBank accession numbers for sequenced HIV isolates?

Evidence: No datasets were generated or analysed during the current study.

Rationale: The evidence shows that no datasets were generated or analyzed during the current study, indicating that the GenBank accession numbers for sequenced HIV isolates were not reported.

Answer: Not reported


""""""
Question: 5
Select one or more of the following options and begin your answer with this: Protease, PR; Reverse transcriptase, RT; Integrase, IN; Capsid, CA; Envelope; Full genome; Near full length genome. The Gag gene contains Capsid gene. The pol gene contains protease, reverse transcriptase, and integrase.
Which HIV genes were reported to have been sequenced?

Evidence: The HIV-1 pol gene, which was amplified and sequenced in this study, encompasses the protease (PR) and reverse transcriptase (RT) regions.

Rationale: The evidence shows that the HIV-1 pol gene, which was amplified and sequenced in this study, encompasses the protease (PR) and reverse transcriptase (RT) regions, indicating that the HIV genes reported to have been sequenced are Protease and Reverse transcriptase.

Answer: Protease, Reverse transcriptase


""""""
Question: 6
Try your best to get countries from abstract, method, or result section. If no sequenced samples were used in this research paper, you should return 'Not Found'.
From which countries were the sequenced samples obtained?

Evidence: HIV drug resistance in children and adolescents on NNRTI-based antiretroviral therapy and subsequent virologic response to dolutegravir-based regimens in Ghana.

Rationale: The evidence shows that the study was conducted in Ghana, indicating that the sequenced samples were obtained from Ghana.

Answer: Ghana


""""""
Question: 11
Select from the following options and begin your answer with this: Plasma; PBMC; DBS; Whole Blood; Serum; Semen; CSF; Other; Unknown
What type of samples were sequenced?

Evidence: Frozen plasma samples were shipped on dry ice to the Virology Quality Assurance-approved laboratory [9] at the Providence-Boston Center for AIDS Research Laboratory.

Rationale: The evidence shows that frozen plasma samples were shipped to the laboratory, indicating that the type of samples sequenced were Plasma.

Answer: Plasma


""""""
Question: 16
Begin your answer with either 'Yes' or 'No' or 'Unknown' as the first word.
Does the paper report HIV sequences from individuals who had previously received ARV drugs?

Evidence: HIV drug resistance in children and adolescents on NNRTI-based antiretroviral therapy and subsequent virologic response to dolutegravir-based regimens in Ghana.

Rationale: The evidence shows that the study involved children and adolescents on NNRTI-based antiretroviral therapy, indicating that the paper reports HIV sequences from individuals who had previously received ARV drugs.

Answer: Yes


""""""
Question: 9
Begin your answer with either 'Yes' or 'No' as the first word. If the information is not mentioned in the provided paper, then the answer is 'No'
Were samples cloned prior to sequencing?

Evidence: Not mentioned in the provided paper.

Rationale: The evidence shows that the information is not mentioned in the provided paper, indicating that the answer is No.

Answer: No


""""""
Question: 7
Reply with a list of year(s) or range only. If no sequenced samples were used in this research paper, you should return 'Not Found'.
From what years were the sequenced samples obtained?

Evidence: Not mentioned in the provided paper.

Rationale: The evidence shows that the information is not mentioned in the provided paper, indicating that the answer is Not Found.

Answer: Not Found


""""""
Question: 14
Begin your answer with either 'Yes' or 'No' as the first word.
Were the patients in the study in a clinical trial?

Evidence: Not mentioned in the provided paper.

Rationale: The evidence shows that the information is not mentioned in the provided paper, indicating that the answer is No.

Answer: No


""""""
Question: 12
Begin your answer with either 'Yes' or 'No' as the first word.
Were any sequences obtained from individuals with virological failure on a treatment regimen?

Evidence: HIV drug resistance in children and adolescents on NNRTI-based antiretroviral therapy and subsequent virologic response to dolutegravir-based regimens in Ghana.

Rationale: The evidence shows that the study involved children and adolescents on NNRTI-based antiretroviral therapy, indicating that the sequences were obtained from individuals with virological failure on a treatment regimen.

Answer: Yes


""""""
Question: 1
Begin your answer with either 'Yes' or 'No' as the first word.
Does the paper report HIV sequences from patient samples?

Evidence: HIV drug resistance in children and adolescents on NNRTI-based antiretroviral therapy and subsequent virologic response to dolutegravir-based regimens in Ghana.

Rationale: The evidence shows that the study involved children and adolescents on NNRTI-based antiretroviral therapy, indicating that the paper reports HIV sequences from patient samples.

Answer: Yes


""""""
Question: 2
Begin your answer with either 'Yes' or 'No' as the first word.
Does the paper report in vitro drug susceptibility data?

Evidence: Not mentioned in the provided paper.

Rationale: The evidence shows that the information is not mentioned in the provided paper, indicating that the answer is No.

Answer: No


""""""
Question: 15
Begin your answer with the number of individuals as an integer.
How many individuals had samples obtained for HIV sequencing?

Evidence: Twenty samples were successfully amplified and sequenced (Figure S1).

Rationale: The evidence shows that twenty samples were successfully amplified and sequenced, indicating that the number of individuals who had samples obtained for HIV sequencing is 20.

Answer: 20",314
40391923,15,Which drugs were received by individuals in the study before sample sequencing?,"NRTI, NNRTI, INSTI",,"""""""
Question: 17

Evidence: Most participants (n = 447, 91.6%) were on a regimen that contained DTG with 2 Nucleos(t)ide Reverse Transcriptase Inhibitors (NRTIs), with 336 of 447 (75.2%) receiving tenofovir/lamivudine/dolutegravir (TLD). Most participants (n = 421, 86.3%) had prior exposure to at least 1 ART regimen, while 67 (13.7%) were treatment-naive when they started DTG. Previous exposure to raltegravir was rare (n = 9, 1.8%).

Rationale: The evidence indicates that most participants were on a regimen that contained DTG with 2 NRTIs, and most participants had prior exposure to at least 1 ART regimen. This suggests that the individuals in the study received NRTI and INSTI drug classes before sample sequencing.

Answer: NRTI, INSTI
""""""

""""""
Question: 18

Evidence: Most participants (n = 447, 91.6%) were on a regimen that contained DTG with 2 Nucleos(t)ide Reverse Transcriptase Inhibitors (NRTIs), with 336 of 447 (75.2%) receiving tenofovir/lamivudine/dolutegravir (TLD). Most participants (n = 421, 86.3%) had prior exposure to at least 1 ART regimen, while 67 (13.7%) were treatment-naive when they started DTG. Previous exposure to raltegravir was rare (n = 9, 1.8%).

Rationale: The evidence indicates that most participants were on a regimen that contained DTG with 2 NRTIs, and most participants had prior exposure to at least 1 ART regimen. This suggests that the individuals in the study received Tenofovir, Lamivudine, and Dolutegravir before sample sequencing.

Answer: Tenofovir, Lamivudine, Dolutegravir
""""""

""""""
Question: 19

Evidence: Data sharing. The sequences have been uploaded to GenBank under accession numbers PV008448-PV008641, PV407014-PV407203, and PV419497-PV419583.

Rationale: The evidence indicates that the sequences have been uploaded to GenBank under specific accession numbers.

Answer: Yes
""""""

""""""
Question: 3

Evidence: Data sharing. The sequences have been uploaded to GenBank under accession numbers PV008448-PV008641, PV407014-PV407203, and PV419497-PV419583.

Rationale: The evidence indicates that the sequences have been uploaded to GenBank under specific accession numbers.

Answer: PV008448-PV008641, PV407014-PV407203, PV419497-PV419583
""""""

""""""
Question: 8

Evidence: Sanger sequencing of integrase (IN) and protease/reverse transcriptase (PR/RT) regions was conducted using the ThermoFisher HIV-1 Genotyping Kit [9].

Rationale: The evidence indicates that Sanger sequencing was used for sequencing.

Answer: Sanger sequencing
""""""

""""""
Question: 5

Evidence: Sanger sequencing of integrase (IN) and protease/reverse transcriptase (PR/RT) regions was conducted using the ThermoFisher HIV-1 Genotyping Kit [9].

Rationale: The evidence indicates that integrase (IN) and protease/reverse transcriptase (PR/RT) regions were sequenced.

Answer: Integrase, PR
""""""

""""""
Question: 6

Evidence: Here, we present data from participants enrolled between June 2022 and December 2024 at 16 study sites in 7 African countries: Cameroon (n = 2), Côte d'Ivoire (n = 2), Malawi (n = 2), Republic of Congo (n = 2), Uganda (n = 2), Zambia (n = 5), and Zimbabwe (n = 1).

Rationale: The evidence indicates that the sequenced samples were obtained from 7 African countries.

Answer: Cameroon, Côte d'Ivoire, Malawi, Republic of Congo, Uganda, Zambia, Zimbabwe
""""""

""""""
Question: 11

Evidence: Plasma or dried blood spots (DBS) are collected depending on local storage capacities.

Rationale: The evidence indicates that the type of samples sequenced were plasma or dried blood spots (DBS).

Answer: Plasma, DBS
""""""

""""""
Question: 7

Evidence: Enrollment began in June 2022 and will continue until May 2025.

Rationale: The evidence indicates that the sequenced samples were obtained from 2022 to 2024.

Answer: 2022-2024
""""""

""""""
Question: 16

Evidence: Most participants (n = 421, 86.3%) had prior exposure to at least 1 ART regimen, while 67 (13.7%) were treatment-naive when they started DTG.

Rationale: The evidence indicates that most participants had prior exposure to at least 1 ART regimen.

Answer: Yes
""""""

""""""
Question: 9

Evidence: Not mentioned in the provided paper.

Rationale: The information is not mentioned in the provided paper.

Answer: No
""""""

""""""
Question: 14

Evidence: Not mentioned in the provided paper.

Rationale: The information is not mentioned in the provided paper.

Answer: No
""""""

""""""
Question: 12

Evidence: Of the 488 samples (420 plasma, 68 DBS samples), 234 (48%) had a VL >1000 copies/mL and underwent sequencing.

Rationale: The evidence indicates that the samples were obtained from individuals with virological failure on a treatment regimen.

Answer: Yes
""""""

""""""
Question: 1

Evidence: Of the 488 samples (420 plasma, 68 DBS samples), 234 (48%) had a VL >1000 copies/mL and underwent sequencing.

Rationale: The evidence indicates that the paper reports HIV sequences from patient samples.

Answer: Yes
""""""

""""""
Question: 2

Evidence: Not mentioned in the provided paper.

Rationale: The information is not mentioned in the provided paper.

Answer: No
""""""

""""""
Question: 15

Evidence: The analysis included 488 participants.

Rationale: The evidence indicates that the number of individuals who had samples obtained for HIV sequencing is 488.

Answer: 488
""""""",144
40400229,15,Which drugs were received by individuals in the study before sample sequencing?,RT,,"""""""
Question: 17

Evidence: The study used the Stanford algorithm for genotypic typing, and the results showed that the M184I/V viral resistance genotype was found in 11.6% of the HIV incident cases. The study also reported that the M184I/V mutations have been reported more frequently among newly diagnosed individuals who reported PrEP use in the 12 months prior to their HIV diagnosis. The study used TDF/FTC as the PrEP regimen, which includes the NRTIs tenofovir and emtricitabine.

Rationale: The question asks which drug classes were received by individuals in the study before sample sequencing. The study used the Stanford algorithm for genotypic typing, which suggests that the study focused on the reverse transcriptase gene, as this algorithm is commonly used to detect resistance mutations in this gene. The study also reported that the M184I/V viral resistance genotype was found in 11.6% of the HIV incident cases, which is a mutation that confers resistance to NRTIs. Additionally, the study used TDF/FTC as the PrEP regimen, which includes the NRTIs tenofovir and emtricitabine.

Answer: NRTI
""""""

""""""
Question: 18

Evidence: The study used TDF/FTC as the PrEP regimen, which includes the NRTIs tenofovir and emtricitabine. The study also reported that the M184I/V viral resistance genotype was found in 11.6% of the HIV incident cases, which is a mutation that confers resistance to NRTIs.

Rationale: The question asks which drugs were received by individuals in the study before sample sequencing. The study used TDF/FTC as the PrEP regimen, which includes the NRTIs tenofovir and emtricitabine. The study also reported that the M184I/V viral resistance genotype was found in 11.6% of the HIV incident cases, which is a mutation that confers resistance to NRTIs.

Answer: Tenofovir (TFV), Emtricitabine (FTC)
""""""

""""""
Question: 19

Evidence: Not reported.

Rationale: The question asks if sequences from the paper were made publicly available. The paper does not mention anything about making sequences publicly available.

Answer: Not reported
""""""

""""""
Question: 8

Evidence: The study used the Stanford algorithm for genotypic typing.

Rationale: The question asks what method was used for sequencing. The study used the Stanford algorithm for genotypic typing, which suggests that the study used Sanger sequencing, as this algorithm is commonly used with Sanger sequencing data.

Answer: Sanger sequencing
""""""

""""""
Question: 3

Evidence: Not reported.

Rationale: The question asks for the GenBank accession numbers for sequenced HIV isolates. The paper does not mention anything about GenBank accession numbers.

Answer: Not reported
""""""

""""""
Question: 5

Evidence: The study used the Stanford algorithm for genotypic typing, which suggests that the study focused on the reverse transcriptase gene.

Rationale: The question asks which HIV genes were reported to have been sequenced. The study used the Stanford algorithm for genotypic typing, which suggests that the study focused on the reverse transcriptase gene.

Answer: Reverse transcriptase, RT
""""""

""""""
Question: 6

Evidence: The study was conducted in England.

Rationale: The question asks from which countries were the sequenced samples obtained. The study was conducted in England, which suggests that the samples were obtained from England.

Answer: England
""""""

""""""
Question: 11

Evidence: The study does not mention the type of samples that were sequenced.

Rationale: The question asks what type of samples were sequenced. The study does not mention the type of samples that were sequenced.

Answer: Unknown
""""""

""""""
Question: 7

Evidence: The study was conducted between Oct 13, 2017, and July 12, 2020.

Rationale: The question asks from what years were the sequenced samples obtained. The study was conducted between Oct 13, 2017, and July 12, 2020, which suggests that the samples were obtained during this time period.

Answer: 2017-2020
""""""

""""""
Question: 16

Evidence: The study reports HIV sequences from individuals who had previously received ARV drugs, specifically those who had received TDF/FTC as PrEP.

Rationale: The question asks if the paper reports HIV sequences from individuals who had previously received ARV drugs. The study reports HIV sequences from individuals who had previously received TDF/FTC as PrEP.

Answer: Yes
""""""

""""""
Question: 9

Evidence: Not mentioned.

Rationale: The question asks if samples were cloned prior to sequencing. The study does not mention anything about cloning samples prior to sequencing.

Answer: No
""""""

""""""
Question: 12

Evidence: Not mentioned.

Rationale: The question asks if any sequences were obtained from individuals with virological failure on a treatment regimen. The study does not mention anything about virological failure.

Answer: No
""""""

""""""
Question: 14

Evidence: The study was a prospective, open-label, single-arm, multicentre trial.

Rationale: The question asks if the patients in the study were in a clinical trial. The study was a prospective, open-label, single-arm, multicentre trial, which suggests that the patients were in a clinical trial.

Answer: Yes
""""""

""""""
Question: 1

Evidence: The study reports HIV sequences from patient samples.

Rationale: The question asks if the paper reports HIV sequences from patient samples. The study reports HIV sequences from patient samples.

Answer: Yes
""""""

""""""
Question: 2

Evidence: Not mentioned.

Rationale: The question asks if the paper reports in vitro drug susceptibility data. The study does not mention anything about in vitro drug susceptibility data.

Answer: No
""""""

""""""
Question: 15

Evidence: The study reports HIV sequences from 54 participants.

Rationale: The question asks how many individuals had samples obtained for HIV sequencing. The study reports HIV sequences from 54 participants.

Answer: 54
""""""",137
