PMID,Base Answer,FT Answer,time_usage
18715920,,"Here are the answers to the questions in the required format:

""""""
Question: Does the paper report HIV sequences from patient samples?

Evidence: Viral RNA was extracted from culture supernatant or virus stock using a NucliSens easyMAG apparatus (bioMérieux, Marcy l' Etoile, France), a high-throughput automated nucleic acid extraction system. cDNA encoding reverse transcriptase and IN was generated with Expand Reverse Transcriptase (Roche Diagnostics, Basel, Switzerland), followed by amplification of the IN region by nested PCR (1,456 bp). PCR products were genotyped by automated population-based full-sequence analysis (ABI Prism BigDye Terminator cycle sequencing; Applied Biosystems, Foster City, CA).

Rationale: The passage describes the process of extracting viral RNA from culture supernatant or virus stock, generating cDNA, and amplifying the IN region by nested PCR. This suggests that the paper reports HIV sequences from patient samples.

Answer: Yes
""""""

""""""
Question: Does the paper report in vitro drug susceptibility data?

Evidence: Susceptibility of the HIV-1 selected strains (classical IVS) to antiviral IN inhibitors. The susceptibilities of the HIV strains to the presence of high EVG concentrations were determined. Relative changes in the susceptibility of the viruses IIIB/GS-9137(#9), IIIB/GS-9137(#13), IIIB/GS-9137(#22), and IIIB/GS-9137(#41) compared with wild-type IIIB virus are displayed for the different IN inhibitors.

Rationale: The passage describes the susceptibility of HIV-1 selected strains to antiviral IN inhibitors, which suggests that the paper reports in vitro drug susceptibility data.

Answer: Yes
""""""

""""""
Question: Were sequences from the paper made publicly available?

Evidence: No evidence is provided in the passage to suggest that the sequences were made publicly available.

Rationale: The passage does not mention anything about making the sequences publicly available.

Answer: No
""""""

""""""
Question: What were the GenBank accession numbers for sequenced HIV isolates?

Evidence: No evidence is provided in the passage to suggest that the GenBank accession numbers were reported.

Rationale: The passage does not mention anything about GenBank accession numbers.

Answer: Not reported
""""""

""""""
Question: How many individuals had samples obtained for HIV sequencing?

Evidence: No evidence is provided in the passage to suggest that the number of individuals with samples obtained for HIV sequencing was reported.

Rationale: The passage does not mention anything about the number of individuals with samples obtained for HIV sequencing.

Answer: Not reported
""""""

""""""
Question: From which countries were the sequenced samples obtained?

Evidence: No evidence is provided in the passage to suggest that the countries from which the sequenced samples were obtained were reported.

Rationale: The passage does not mention anything about the countries from which the sequenced samples were obtained.

Answer: Not reported
""""""

""""""
Question: From what years were the sequenced samples obtained?

Evidence: No evidence is provided in the passage to suggest that the years from which the sequenced samples were obtained were reported.

Rationale: The passage does not mention anything about the years from which the sequenced samples were obtained.

Answer: Not reported
""""""

""""""
Question: Were samples cloned prior to sequencing?

Evidence: No evidence is provided in the passage to suggest that the samples were cloned prior to sequencing.

Rationale: The passage does not mention anything about cloning the samples prior to sequencing.

Answer: No
""""""

""""""
Question: Which HIV genes were reported to have been sequenced?

Evidence: cDNA encoding reverse transcriptase and IN was generated with Expand Reverse Transcriptase (Roche Diagnostics, Basel, Switzerland), followed by amplification of the IN region by nested PCR (1,456 bp).

Rationale: The passage mentions that the IN region was amplified by nested PCR, which suggests that the IN gene was sequenced.

Answer: IN gene
""""""

""""""
Question: What method was used for sequencing?

Evidence: PCR products were genotyped by automated population-based full-sequence analysis (ABI Prism BigDye Terminator cycle sequencing; Applied Biosystems, Foster City, CA).

Rationale: The passage mentions that the ABI Prism BigDye Terminator cycle sequencing method was used for sequencing.

Answer: ABI Prism BigDye Terminator cycle sequencing
""""""

""""""
Question: What type of samples were sequenced?

Evidence: Viral RNA was extracted from culture supernatant or virus stock using a NucliSens easyMAG apparatus (bioMérieux, Marcy l' Etoile, France), a high-throughput automated nucleic acid extraction system.

Rationale: The passage mentions that viral RNA was extracted from culture supernatant or virus stock, which suggests that the samples were viral cultures.

Answer: Viral cultures
""""""

""""""
Question: Were any sequences obtained from individuals with virological failure on a treatment regimen?

Evidence: No evidence is provided in the passage to suggest that sequences were obtained from individuals with virological failure on a treatment regimen.

Rationale: The passage does not mention anything about virological failure on a treatment regimen.

Answer: No
""""""

""""""
Question: Were the patients in the study in a clinical trial?

Evidence: No evidence is provided in the passage to suggest that the patients were in a clinical trial.

Rationale: The passage does not mention anything about a clinical trial.

Answer: No
""""""

""""""
Question: Does the paper report HIV sequences from individuals who had previously received ARV drugs?

Evidence: No evidence is provided in the passage to suggest that the paper reports HIV sequences from individuals who had previously received ARV drugs.

Rationale: The passage does not mention anything about previous ARV drug treatment.

Answer: No
""""""

""""""
Question: Which drug classes were received by individuals in the study before sample sequencing?

Evidence: No evidence is provided in the passage to suggest that the drug classes received by individuals in the study before sample sequencing were reported.

Rationale: The passage does not mention anything about the drug classes received by individuals in the study before sample sequencing.

Answer: Not reported
""""""

""""""
Question: Which drugs were received by individuals in the study before sample sequencing?

Evidence: No evidence is provided in the passage to suggest that the drugs received by individuals in the study before sample sequencing were reported.

Rationale: The passage does not mention anything about the drugs received by individuals in the study before sample sequencing.

Answer: Not reported
""""""",75
19104010,,"Here are the answers to the questions in the required format:

""""""
Question: Does the paper report HIV sequences from patient samples?

Evidence: For clonal sequencing of viral passages, total DNA was extracted from infected cells using the QIAamp DNA blood minikit (Qiagen, Valencia, CA). A 2,765-bp viral DNA fragment spanning from nucleotide 372 of the RT gene to nucleotide 127 of the Vpr gene was amplified by PCR and cloned into the pCR-XLTopo plasmid (Invitrogen, Carlsbad, CA). The IN gene from 24 individual plasmid clones was sequenced using the BigDye terminator v3.1 cycle sequencing kit (Applied Biosystems, Foster City, CA).

Rationale: The passage describes the process of extracting DNA from infected cells, amplifying a viral DNA fragment, and sequencing the IN gene from individual plasmid clones. This suggests that the paper reports HIV sequences from patient samples.

Answer: Yes
""""""

""""""
Question: Does the paper report in vitro drug susceptibility data?

Evidence: Viral resistance selections with GS-9160 were performed in tissue culture to identify mutations that diminish susceptibility to the antiviral effects of GS-9160. Parallel resistance selections were performed with several known anti-HIV-1 drugs (3TC, EFV, APV) (Table ​ (Table6). 6 ). The change in antiviral EC ~50~ s for the drug-selected viral pools compared to wild-type EC ~50~ served as an indication of the enrichment of drug-resistant strains in the viral pool.

Rationale: The passage describes the process of performing viral resistance selections with GS-9160 and other anti-HIV-1 drugs in tissue culture, which suggests that the paper reports in vitro drug susceptibility data.

Answer: Yes
""""""

""""""
Question: Were sequences from the paper made publicly available?

Evidence: The IN gene from 24 individual plasmid clones was sequenced using the BigDye terminator v3.1 cycle sequencing kit (Applied Biosystems, Foster City, CA). However, there is no mention of the sequences being made publicly available.

Rationale: Although the passage describes the sequencing process, it does not mention whether the sequences were made publicly available.

Answer: No
""""""

""""""
Question: What were the GenBank accession numbers for sequenced HIV isolates?

Evidence: There is no mention of GenBank accession numbers in the provided passages.

Rationale: The passages do not provide any information about GenBank accession numbers.

Answer: Not available
""""""

""""""
Question: How many individuals had samples obtained for HIV sequencing?

Evidence: The IN gene from 24 individual plasmid clones was sequenced using the BigDye terminator v3.1 cycle sequencing kit (Applied Biosystems, Foster City, CA). However, it is unclear whether these clones represent 24 individual patients or not.

Rationale: Although the passage mentions 24 individual plasmid clones, it is unclear whether these represent 24 individual patients.

Answer: Unclear
""""""

""""""
Question: From which countries were the sequenced samples obtained?

Evidence: There is no mention of the countries from which the sequenced samples were obtained.

Rationale: The passages do not provide any information about the countries from which the sequenced samples were obtained.

Answer: Not available
""""""

""""""
Question: From what years were the sequenced samples obtained?

Evidence: There is no mention of the years from which the sequenced samples were obtained.

Rationale: The passages do not provide any information about the years from which the sequenced samples were obtained.

Answer: Not available
""""""

""""""
Question: Were samples cloned prior to sequencing?

Evidence: A 2,765-bp viral DNA fragment spanning from nucleotide 372 of the RT gene to nucleotide 127 of the Vpr gene was amplified by PCR and cloned into the pCR-XLTopo plasmid (Invitrogen, Carlsbad, CA).

Rationale: The passage describes the process of cloning a viral DNA fragment into a plasmid before sequencing.

Answer: Yes
""""""

""""""
Question: Which HIV genes were reported to have been sequenced?

Evidence: The IN gene from 24 individual plasmid clones was sequenced using the BigDye terminator v3.1 cycle sequencing kit (Applied Biosystems, Foster City, CA).

Rationale: The passage specifically mentions that the IN gene was sequenced.

Answer: IN gene
""""""

""""""
Question: What method was used for sequencing?

Evidence: The IN gene from 24 individual plasmid clones was sequenced using the BigDye terminator v3.1 cycle sequencing kit (Applied Biosystems, Foster City, CA).

Rationale: The passage specifically mentions the use of the BigDye terminator v3.1 cycle sequencing kit.

Answer: BigDye terminator v3.1 cycle sequencing kit
""""""

""""""
Question: What type of samples were sequenced?

Evidence: For clonal sequencing of viral passages, total DNA was extracted from infected cells using the QIAamp DNA blood minikit (Qiagen, Valencia, CA).

Rationale: The passage describes the process of extracting DNA from infected cells, suggesting that the samples sequenced were viral passages.

Answer: Viral passages
""""""

""""""
Question: Were any sequences obtained from individuals with virological failure on a treatment regimen?

Evidence: There is no mention of virological failure on a treatment regimen in the provided passages.

Rationale: The passages do not provide any information about virological failure on a treatment regimen.

Answer: Not available
""""""

""""""
Question: Were the patients in the study in a clinical trial?

Evidence: There is no mention of a clinical trial in the provided passages.

Rationale: The passages do not provide any information about a clinical trial.

Answer: Not available
""""""

""""""
Question: Does the paper report HIV sequences from individuals who had previously received ARV drugs?

Evidence: There is no mention of ARV drugs in the provided passages.

Rationale: The passages do not provide any information about ARV drugs.

Answer: Not available
""""""

""""""
Question: Which drug classes were received by individuals in the study before sample sequencing?

Evidence: There is no mention of drug classes received by individuals in the study before sample sequencing.

Rationale: The passages do not provide any information about drug classes received by individuals in the study before sample sequencing.

Answer: Not available
""""""

""""""
Question: Which drugs were received by individuals in the study before sample sequencing?

Evidence: There is no mention of specific drugs received by individuals in the study before sample sequencing.

Rationale: The passages do not provide any information about specific drugs received by individuals in the study before sample sequencing.

Answer: Not available
""""""",76
21115794,,"Here are the answers to the questions in the required format:

""""""
Question: Does the paper report HIV sequences from patient samples?

Evidence: The passages do not explicitly mention HIV sequences from patient samples. However, they do mention HIV sequences obtained from in vitro experiments and molecular clones.

Rationale: The passages focus on in vitro experiments and molecular clones, and there is no mention of patient samples.

Answer: No
""""""

""""""
Question: Does the paper report in vitro drug susceptibility data?

Evidence: Passage 1 mentions that ""For the analysis of mutations, DNA was extracted from infected cells using the DNeasy blood and tissue kit (Qiagen, Hilden, Germany), and the integrase region of HIV proviral DNA was amplified by PCR with specific primers."" Passage 4 mentions that ""Mutations that reduced susceptibility more than 5-fold, as measured by phenotypic assays, are shown in boldface in Table ​ Table2.""

Rationale: The passages mention in vitro experiments and phenotypic assays, which suggest that the paper reports in vitro drug susceptibility data.

Answer: Yes
""""""

""""""
Question: Were sequences from the paper made publicly available?

Evidence: Passage 1 mentions that ""The products were sequenced by Operon Biotechnologies' sequencing service."" However, there is no mention of the sequences being made publicly available.

Rationale: The passage mentions that the sequences were obtained through a sequencing service, but it does not mention whether the sequences were made publicly available.

Answer: No
""""""

""""""
Question: What were the GenBank accession numbers for sequenced HIV isolates?

Evidence: There is no mention of GenBank accession numbers in the passages.

Rationale: The passages do not provide any information about GenBank accession numbers.

Answer: Not available
""""""

""""""
Question: How many individuals had samples obtained for HIV sequencing?

Evidence: There is no mention of individuals or patient samples in the passages.

Rationale: The passages focus on in vitro experiments and molecular clones, and there is no mention of patient samples.

Answer: Not available
""""""

""""""
Question: From which countries were the sequenced samples obtained?

Evidence: There is no mention of countries or patient samples in the passages.

Rationale: The passages focus on in vitro experiments and molecular clones, and there is no mention of patient samples.

Answer: Not available
""""""

""""""
Question: From what years were the sequenced samples obtained?

Evidence: There is no mention of years or patient samples in the passages.

Rationale: The passages focus on in vitro experiments and molecular clones, and there is no mention of patient samples.

Answer: Not available
""""""

""""""
Question: Were samples cloned prior to sequencing?

Evidence: Passage 1 mentions that ""The virus used for initiating passage work was prepared by coculturing MT-2 cells with Molt-4 cells persistently infected with HIV-1 strain IIIB for 3 days."" However, it does not mention cloning.

Rationale: The passage mentions coculturing cells, but it does not mention cloning.

Answer: No
""""""

""""""
Question: Which HIV genes were reported to have been sequenced?

Evidence: Passage 1 mentions that ""the integrase region of HIV proviral DNA was amplified by PCR with specific primers.""

Rationale: The passage specifically mentions the integrase region of HIV proviral DNA.

Answer: Integrase region
""""""

""""""
Question: What method was used for sequencing?

Evidence: Passage 1 mentions that ""The products were sequenced by Operon Biotechnologies' sequencing service.""

Rationale: The passage mentions a sequencing service, but it does not provide details about the sequencing method.

Answer: Operon Biotechnologies' sequencing service
""""""

""""""
Question: What type of samples were sequenced?

Evidence: Passage 1 mentions that ""DNA was extracted from infected cells using the DNeasy blood and tissue kit (Qiagen, Hilden, Germany).""

Rationale: The passage mentions infected cells, which suggests that the samples were cell cultures.

Answer: Cell cultures
""""""

""""""
Question: Were any sequences obtained from individuals with virological failure on a treatment regimen?

Evidence: There is no mention of individuals or patient samples in the passages.

Rationale: The passages focus on in vitro experiments and molecular clones, and there is no mention of patient samples.

Answer: No
""""""

""""""
Question: Were the patients in the study in a clinical trial?

Evidence: There is no mention of patients or clinical trials in the passages.

Rationale: The passages focus on in vitro experiments and molecular clones, and there is no mention of patient samples.

Answer: No
""""""

""""""
Question: Does the paper report HIV sequences from individuals who had previously received ARV drugs?

Evidence: There is no mention of individuals or patient samples in the passages.

Rationale: The passages focus on in vitro experiments and molecular clones, and there is no mention of patient samples.

Answer: No
""""""

""""""
Question: Which drug classes were received by individuals in the study before sample sequencing?

Evidence: There is no mention of individuals or patient samples in the passages.

Rationale: The passages focus on in vitro experiments and molecular clones, and there is no mention of patient samples.

Answer: Not available
""""""

""""""
Question: Which drugs were received by individuals in the study before sample sequencing?

Evidence: There is no mention of individuals or patient samples in the passages.

Rationale: The passages focus on in vitro experiments and molecular clones, and there is no mention of patient samples.

Answer: Not available
""""""",62
23749954,,"Here are the answers to the questions based on the provided evidence pool:

""""""
Question: Does the paper report HIV sequences from patient samples?

Evidence: None of the passages directly mention HIV sequences from patient samples. However, Passage 1 mentions ""HIV-1 NL4-3 clones"" and Passage 3 mentions ""HIV-1 subtype C virus"" and ""HIV Sequence Database of Los Alamos National Laboratory"".

Rationale: The paper does not explicitly report HIV sequences from patient samples. Instead, it discusses HIV-1 NL4-3 clones and subtype C virus sequences.

Answer: No
""""""

""""""
Question: Does the paper report in vitro drug susceptibility data?

Evidence: Passage 2 mentions ""cell culture drug selections"" and ""in vitro selections"", and Passage 4 mentions ""drug combination selections"" and ""in vitro resistance mutation selection"".

Rationale: The paper reports in vitro drug susceptibility data through cell culture drug selections and in vitro resistance mutation selection.

Answer: Yes
""""""

""""""
Question: Were sequences from the paper made publicly available?

Evidence: None of the passages directly mention making sequences publicly available. However, Passage 3 mentions ""HIV Sequence Database of Los Alamos National Laboratory"", which suggests that sequences may be available through this database.

Rationale: The paper does not explicitly state that sequences were made publicly available, but it mentions a database where sequences may be available.

Answer: Unclear
""""""

""""""
Question: What were the GenBank accession numbers for sequenced HIV isolates?

Evidence: None of the passages mention GenBank accession numbers.

Rationale: The paper does not provide GenBank accession numbers for sequenced HIV isolates.

Answer: Not reported
""""""

""""""
Question: How many individuals had samples obtained for HIV sequencing?

Evidence: None of the passages mention the number of individuals with samples obtained for HIV sequencing.

Rationale: The paper does not report the number of individuals with samples obtained for HIV sequencing.

Answer: Not reported
""""""

""""""
Question: From which countries were the sequenced samples obtained?

Evidence: None of the passages mention the countries where the sequenced samples were obtained.

Rationale: The paper does not report the countries where the sequenced samples were obtained.

Answer: Not reported
""""""

""""""
Question: From what years were the sequenced samples obtained?

Evidence: None of the passages mention the years when the sequenced samples were obtained.

Rationale: The paper does not report the years when the sequenced samples were obtained.

Answer: Not reported
""""""

""""""
Question: Were samples cloned prior to sequencing?

Evidence: Passage 1 mentions ""HIV-1 NL4-3 clones"" and Passage 6 mentions ""mutant NL4-3 plasmids"", which suggests that samples were cloned prior to sequencing.

Rationale: The paper suggests that samples were cloned prior to sequencing through the mention of HIV-1 NL4-3 clones and mutant NL4-3 plasmids.

Answer: Yes
""""""

""""""
Question: Which HIV genes were reported to have been sequenced?

Evidence: None of the passages directly mention which HIV genes were sequenced. However, Passage 5 mentions ""sites known to develop TAMs"" and Passage 7 mentions ""K65R resistance mutation pathway"", which suggests that the paper focuses on the pol gene.

Rationale: The paper does not explicitly report which HIV genes were sequenced, but it suggests a focus on the pol gene through the mention of TAMs and K65R resistance mutation pathway.

Answer: Unclear, but likely pol gene
""""""

""""""
Question: What method was used for sequencing?

Evidence: None of the passages directly mention the sequencing method used. However, Passage 6 mentions ""primers"" and ""desalted purity from Integrated DNA Technologies"", which suggests that the sequencing method may involve PCR.

Rationale: The paper does not explicitly report the sequencing method used, but it suggests that the method may involve PCR through the mention of primers and desalted purity.

Answer: Unclear, but possibly PCR
""""""

""""""
Question: What type of samples were sequenced?

Evidence: None of the passages directly mention the type of samples sequenced. However, Passage 1 mentions ""HIV-1 NL4-3 clones"" and Passage 3 mentions ""HIV-1 subtype C virus"", which suggests that the samples may be viral isolates.

Rationale: The paper does not explicitly report the type of samples sequenced, but it suggests that the samples may be viral isolates through the mention of HIV-1 NL4-3 clones and subtype C virus.

Answer: Unclear, but possibly viral isolates
""""""

""""""
Question: Were any sequences obtained from individuals with virological failure on a treatment regimen?

Evidence: None of the passages directly mention virological failure on a treatment regimen. However, Passage 7 mentions ""patients infected with subtype C HIV previously treated with TAM-selecting drugs such as zidovudine"", which suggests that some sequences may be from individuals with virological failure.

Rationale: The paper does not explicitly report whether sequences were obtained from individuals with virological failure on a treatment regimen, but it suggests that some sequences may be from individuals with virological failure through the mention of patients previously treated with TAM-selecting drugs.

Answer: Unclear
""""""

""""""
Question: Were the patients in the study in a clinical trial?

Evidence: None of the passages mention a clinical trial.

Rationale: The paper does not report whether the patients in the study were in a clinical trial.

Answer: Not reported
""""""

""""""
Question: Does the paper report HIV sequences from individuals who had previously received ARV drugs?

Evidence: Passage 7 mentions ""patients infected with subtype C HIV previously treated with TAM-selecting drugs such as zidovudine"", which suggests that some sequences may be from individuals who had previously received ARV drugs.

Rationale: The paper suggests that some sequences may be from individuals who had previously received ARV drugs through the mention of patients previously treated with TAM-selecting drugs.

Answer: Yes
""""""

""""""
Question: Which drug classes were received by individuals in the study before sample sequencing?

Evidence: Passage 7 mentions ""TAM-selecting drugs such as zidovudine"", which suggests that some individuals may have received NRTIs before sample sequencing.

Rationale: The paper suggests that some individuals may have received NRTIs before sample sequencing through the mention of TAM-selecting drugs such as zidovudine.

Answer: NRTIs
""""""

""""""
Question: Which drugs were received by individuals in the study before sample sequencing?

Evidence: Passage 7 mentions ""zidovudine"", which suggests that some individuals may have received zidovudine before sample sequencing.

Rationale: The paper suggests that some individuals may have received zidovudine before sample sequencing through the mention of zidovudine.

Answer: Zidovudine
""""""",75
24227862,,"Here are the answers to the questions in the required format:

""""""
Question: Does the paper report HIV sequences from patient samples?

Evidence: The paper does not explicitly mention patient samples, but it does mention the use of cord blood mononuclear cells (CBMCs) and HEK293T cells in the study.

Rationale: The question asks about HIV sequences from patient samples, but the paper does not provide clear evidence of this. However, it does mention the use of CBMCs, which could be considered a type of patient sample.

Answer: No
""""""

""""""
Question: Does the paper report in vitro drug susceptibility data?

Evidence: The paper mentions the use of an in vitro recombinant RT assay to study the susceptibility of HIV-1 to various drugs.

Rationale: The question asks about in vitro drug susceptibility data, and the paper provides evidence of this through the use of an in vitro recombinant RT assay.

Answer: Yes
""""""

""""""
Question: Were sequences from the paper made publicly available?

Evidence: The paper does not mention making sequences publicly available.

Rationale: The question asks about the public availability of sequences, and the paper does not provide any information on this.

Answer: No
""""""

""""""
Question: What were the GenBank accession numbers for sequenced HIV isolates?

Evidence: The paper does not mention GenBank accession numbers.

Rationale: The question asks about GenBank accession numbers, and the paper does not provide any information on this.

Answer: Not available
""""""

""""""
Question: How many individuals had samples obtained for HIV sequencing?

Evidence: The paper does not mention the number of individuals who had samples obtained for HIV sequencing.

Rationale: The question asks about the number of individuals who had samples obtained for HIV sequencing, and the paper does not provide any information on this.

Answer: Not available
""""""

""""""
Question: From which countries were the sequenced samples obtained?

Evidence: The paper mentions that cord blood mononuclear cells (CBMCs) were obtained from the Department of Obstetrics, Jewish General Hospital, Montreal, Canada.

Rationale: The question asks about the countries from which the sequenced samples were obtained, and the paper provides evidence of this through the mention of Canada.

Answer: Canada
""""""

""""""
Question: From what years were the sequenced samples obtained?

Evidence: The paper does not mention the years from which the sequenced samples were obtained.

Rationale: The question asks about the years from which the sequenced samples were obtained, and the paper does not provide any information on this.

Answer: Not available
""""""

""""""
Question: Were samples cloned prior to sequencing?

Evidence: The paper does not mention cloning of samples prior to sequencing.

Rationale: The question asks about cloning of samples prior to sequencing, and the paper does not provide any information on this.

Answer: No
""""""

""""""
Question: Which HIV genes were reported to have been sequenced?

Evidence: The paper mentions the sequencing of the HIV-1 reverse transcriptase (RT) gene.

Rationale: The question asks about the HIV genes that were reported to have been sequenced, and the paper provides evidence of this through the mention of the RT gene.

Answer: Reverse transcriptase (RT) gene
""""""

""""""
Question: What method was used for sequencing?

Evidence: The paper does not mention the specific method used for sequencing.

Rationale: The question asks about the method used for sequencing, and the paper does not provide any information on this.

Answer: Not available
""""""

""""""
Question: What type of samples were sequenced?

Evidence: The paper mentions the use of cord blood mononuclear cells (CBMCs) and HEK293T cells in the study.

Rationale: The question asks about the type of samples that were sequenced, and the paper provides evidence of this through the mention of CBMCs and HEK293T cells.

Answer: Cord blood mononuclear cells (CBMCs) and HEK293T cells
""""""

""""""
Question: Were any sequences obtained from individuals with virological failure on a treatment regimen?

Evidence: The paper does not mention virological failure on a treatment regimen.

Rationale: The question asks about sequences obtained from individuals with virological failure on a treatment regimen, and the paper does not provide any information on this.

Answer: No
""""""

""""""
Question: Were the patients in the study in a clinical trial?

Evidence: The paper does not mention a clinical trial.

Rationale: The question asks about a clinical trial, and the paper does not provide any information on this.

Answer: No
""""""

""""""
Question: Does the paper report HIV sequences from individuals who had previously received ARV drugs?

Evidence: The paper mentions the use of various antiretroviral drugs, including etravirine (ETR), rilpivirine (RPV), and nevirapine (NVP).

Rationale: The question asks about HIV sequences from individuals who had previously received ARV drugs, and the paper provides evidence of this through the mention of various antiretroviral drugs.

Answer: Yes
""""""

""""""
Question: Which drug classes were received by individuals in the study before sample sequencing?

Evidence: The paper mentions the use of non-nucleoside reverse transcriptase inhibitors (NNRTIs), including etravirine (ETR), rilpivirine (RPV), and nevirapine (NVP).

Rationale: The question asks about the drug classes received by individuals in the study before sample sequencing, and the paper provides evidence of this through the mention of NNRTIs.

Answer: Non-nucleoside reverse transcriptase inhibitors (NNRTIs)
""""""

""""""
Question: Which drugs were received by individuals in the study before sample sequencing?

Evidence: The paper mentions the use of etravirine (ETR), rilpivirine (RPV), and nevirapine (NVP).

Rationale: The question asks about the specific drugs received by individuals in the study before sample sequencing, and the paper provides evidence of this through the mention of ETR, RPV, and NVP.

Answer: Etravirine (ETR), rilpivirine (RPV), and nevirapine (NVP)
""""""",73
25637519,,"Here are the answers to the questions in the required format:

""""""
Question: Does the paper report HIV sequences from patient samples?

Evidence: We obtained 293FT cells from ATCC. TZM-bl cells were obtained from Dr John C. Kappes, Dr Xiaoyun Wu and Tranzyme Inc. through the NIH AIDS Reagent Program, Division of AIDS, NIAID, NIH. The WT infectious plasmid pBRGX was constructed and confirmed from a clinical isolate of CRF08_BC subtype in our previous study. ^20^ Drugs, including four NNRTIs (nevirapine, efavirenz, etravirine and rilpivirine) and five NRTIs (zidovudine, abacavir sulphate, lamivudine, emtricitabine and tenofovir disoproxil fumarate), were obtained through the NIH AIDS Reagent Program, Division of AIDS, NIAID, NIH.

Rationale: The passage mentions that the WT infectious plasmid pBRGX was constructed and confirmed from a clinical isolate of CRF08_BC subtype in a previous study, indicating that the paper reports HIV sequences from patient samples.

Answer: Yes
""""""

""""""
Question: Does the paper report in vitro drug susceptibility data?

Evidence: The susceptibility of the mutant viruses to NNRTIs (nevirapine, efavirenz, etravirine and rilpivirine) and NRTIs (zidovudine, abacavir sulphate, lamivudine, emtricitabine and tenofovir disoproxil fumarate) was measured in a single-cycle cell-culture-based phenotypic assay as described previously. ^19\,\ 22^ In brief, TZM-bl cells (1 × 10 ^4^ /well) were seeded into a 96-well flat-bottom plate. On the next day, mutant and WT viruses equal to 200--400 blue focus units (BFUs) in serially diluted drugs were added to each well of the plate in triplicate.

Rationale: The passage describes a phenotypic assay used to measure the susceptibility of mutant viruses to various drugs, indicating that the paper reports in vitro drug susceptibility data.

Answer: Yes
""""""

""""""
Question: Were sequences from the paper made publicly available?

Evidence: No evidence is provided in the passages to suggest that the sequences were made publicly available.

Rationale: None of the passages mention the public availability of the sequences.

Answer: No
""""""

""""""
Question: What were the GenBank accession numbers for sequenced HIV isolates?

Evidence: No evidence is provided in the passages to suggest that the GenBank accession numbers were reported.

Rationale: None of the passages mention the GenBank accession numbers.

Answer: Not reported
""""""

""""""
Question: How many individuals had samples obtained for HIV sequencing?

Evidence: No evidence is provided in the passages to suggest that the number of individuals with samples obtained for HIV sequencing was reported.

Rationale: None of the passages mention the number of individuals with samples obtained for HIV sequencing.

Answer: Not reported
""""""

""""""
Question: From which countries were the sequenced samples obtained?

Evidence: No evidence is provided in the passages to suggest that the countries of origin for the sequenced samples were reported.

Rationale: None of the passages mention the countries of origin for the sequenced samples.

Answer: Not reported
""""""

""""""
Question: From what years were the sequenced samples obtained?

Evidence: No evidence is provided in the passages to suggest that the years of sample collection were reported.

Rationale: None of the passages mention the years of sample collection.

Answer: Not reported
""""""

""""""
Question: Were samples cloned prior to sequencing?

Evidence: Eight mutation patterns in RT, including single (D404N, D404E, Y181C and H221Y), double (Y181C/D404N, Y181C/H221Y and D404N/H221Y) and triple (Y181C/D404N/H221Y) mutations, were introduced into the pBRGX plasmid by site-directed mutagenesis as described previously ^21^ using AccuPrime™ Taq DNA Polymerase High Fidelity (Invitrogen).

Rationale: The passage mentions that the mutations were introduced into the pBRGX plasmid by site-directed mutagenesis, but it does not explicitly state that the samples were cloned prior to sequencing.

Answer: Not explicitly stated
""""""

""""""
Question: Which HIV genes were reported to have been sequenced?

Evidence: The WT infectious plasmid pBRGX was constructed and confirmed from a clinical isolate of CRF08_BC subtype in our previous study. ^20^

Rationale: The passage mentions that the WT infectious plasmid pBRGX was constructed and confirmed from a clinical isolate of CRF08_BC subtype, but it does not explicitly state which HIV genes were sequenced.

Answer: Not explicitly stated
""""""

""""""
Question: What method was used for sequencing?

Evidence: No evidence is provided in the passages to suggest that the sequencing method was reported.

Rationale: None of the passages mention the sequencing method.

Answer: Not reported
""""""

""""""
Question: What type of samples were sequenced?

Evidence: No evidence is provided in the passages to suggest that the type of samples sequenced was reported.

Rationale: None of the passages mention the type of samples sequenced.

Answer: Not reported
""""""

""""""
Question: Were any sequences obtained from individuals with virological failure on a treatment regimen?

Evidence: No evidence is provided in the passages to suggest that sequences were obtained from individuals with virological failure on a treatment regimen.

Rationale: None of the passages mention virological failure on a treatment regimen.

Answer: Not reported
""""""

""""""
Question: Were the patients in the study in a clinical trial?

Evidence: No evidence is provided in the passages to suggest that the patients were in a clinical trial.

Rationale: None of the passages mention a clinical trial.

Answer: Not reported
""""""

""""""
Question: Does the paper report HIV sequences from individuals who had previously received ARV drugs?

Evidence: No evidence is provided in the passages to suggest that the paper reports HIV sequences from individuals who had previously received ARV drugs.

Rationale: None of the passages mention previous ARV drug treatment.

Answer: Not reported
""""""

""""""
Question: Which drug classes were received by individuals in the study before sample sequencing?

Evidence: No evidence is provided in the passages to suggest that the drug classes received by individuals in the study before sample sequencing were reported.

Rationale: None of the passages mention the drug classes received by individuals in the study before sample sequencing.

Answer: Not reported
""""""

""""""
Question: Which drugs were received by individuals in the study before sample sequencing?

Evidence: No evidence is provided in the passages to suggest that the drugs received by individuals in the study before sample sequencing were reported.

Rationale: None of the passages mention the drugs received by individuals in the study before sample sequencing.

Answer: Not reported
""""""",80
26246578,,"Here are the answers to the questions in the required format:

""""""
Question: Does the paper report HIV sequences from patient samples?

Evidence: E157Q is particularly interesting because it is a naturally occurring polymorphism in HIV-1 subtype B ( 21 ), implying that it presents in some patients at treatment initiation. A recent report from the P1093 DTG dose-ranging study identified a potentially nonadherent, treatment-experienced but INSTI-naive adolescent with low-level viremia and the emergence of the R263K substitution.

Rationale: The paper mentions HIV sequences from patient samples, specifically the E157Q polymorphism in HIV-1 subtype B and the R263K substitution in a treatment-experienced adolescent.

Answer: Yes
""""""

""""""
Question: Does the paper report in vitro drug susceptibility data?

Evidence: HIV susceptibilities to DTG, RAL, and EVG were measured by the infection of 30,000 TZM-bl cells using 100,000 RT units per well of each virus in the presence of 1:10 serial dilutions of drugs. After 48 h, cells were lysed and luciferase production was measured using the luciferase assay system (Promega, Madison, WI).

Rationale: The paper reports in vitro drug susceptibility data, specifically the measurement of HIV susceptibilities to DTG, RAL, and EVG using a luciferase assay system.

Answer: Yes
""""""

""""""
Question: Were sequences from the paper made publicly available?

Evidence: No evidence is provided in the passages to suggest that the sequences were made publicly available.

Rationale: There is no mention of the sequences being made publicly available in the provided passages.

Answer: No
""""""

""""""
Question: What were the GenBank accession numbers for sequenced HIV isolates?

Evidence: No evidence is provided in the passages to suggest that the GenBank accession numbers were reported.

Rationale: There is no mention of GenBank accession numbers in the provided passages.

Answer: Not reported
""""""

""""""
Question: How many individuals had samples obtained for HIV sequencing?

Evidence: A recent report from the P1093 DTG dose-ranging study identified a potentially nonadherent, treatment-experienced but INSTI-naive adolescent with low-level viremia and the emergence of the R263K substitution.

Rationale: The paper mentions one individual, a treatment-experienced adolescent, who had a sample obtained for HIV sequencing.

Answer: At least 1
""""""

""""""
Question: From which countries were the sequenced samples obtained?

Evidence: No evidence is provided in the passages to suggest that the country of origin was reported.

Rationale: There is no mention of the country of origin in the provided passages.

Answer: Not reported
""""""

""""""
Question: From what years were the sequenced samples obtained?

Evidence: No evidence is provided in the passages to suggest that the year of sample collection was reported.

Rationale: There is no mention of the year of sample collection in the provided passages.

Answer: Not reported
""""""

""""""
Question: Were samples cloned prior to sequencing?

Evidence: The generation of the pNL4.3 ~IN(N155H/R263K)~ plasmid has been reported previously ( 10 ). Similar methods were used to generate other pNL4.3IN ~(mutant)~ plasmids through site-directed mutagenesis using the primers listed in Table 1.

Rationale: The paper mentions the use of site-directed mutagenesis to generate plasmids, but it does not explicitly state that the samples were cloned prior to sequencing.

Answer: Not explicitly stated
""""""

""""""
Question: Which HIV genes were reported to have been sequenced?

Evidence: The paper mentions the integrase gene, specifically the N155H and R263K substitutions.

Rationale: The paper reports the sequencing of the integrase gene, specifically the N155H and R263K substitutions.

Answer: Integrase gene
""""""

""""""
Question: What method was used for sequencing?

Evidence: No evidence is provided in the passages to suggest that the sequencing method was reported.

Rationale: There is no mention of the sequencing method in the provided passages.

Answer: Not reported
""""""

""""""
Question: What type of samples were sequenced?

Evidence: The paper mentions the use of viral clones, specifically the pNL4.3 ~IN(N155H/R263K)~ plasmid.

Rationale: The paper reports the sequencing of viral clones.

Answer: Viral clones
""""""

""""""
Question: Were any sequences obtained from individuals with virological failure on a treatment regimen?

Evidence: A recent report from the P1093 DTG dose-ranging study identified a potentially nonadherent, treatment-experienced but INSTI-naive adolescent with low-level viremia and the emergence of the R263K substitution.

Rationale: The paper mentions one individual who experienced virological failure on a treatment regimen.

Answer: Yes
""""""

""""""
Question: Were the patients in the study in a clinical trial?

Evidence: A recent report from the P1093 DTG dose-ranging study identified a potentially nonadherent, treatment-experienced but INSTI-naive adolescent with low-level viremia and the emergence of the R263K substitution.

Rationale: The paper mentions a clinical trial, specifically the P1093 DTG dose-ranging study.

Answer: Yes
""""""

""""""
Question: Does the paper report HIV sequences from individuals who had previously received ARV drugs?

Evidence: A recent report from the P1093 DTG dose-ranging study identified a potentially nonadherent, treatment-experienced but INSTI-naive adolescent with low-level viremia and the emergence of the R263K substitution.

Rationale: The paper mentions one individual who had previously received ARV drugs.

Answer: Yes
""""""

""""""
Question: Which drug classes were received by individuals in the study before sample sequencing?

Evidence: The paper mentions the use of INSTIs, specifically DTG, RAL, and EVG.

Rationale: The paper reports the use of INSTIs before sample sequencing.

Answer: INSTIs
""""""

""""""
Question: Which drugs were received by individuals in the study before sample sequencing?

Evidence: The paper mentions the use of DTG, RAL, and EVG.

Rationale: The paper reports the use of DTG, RAL, and EVG before sample sequencing.

Answer: DTG, RAL, EVG
""""""",71
26311878,,"Here are the answers to the questions in the required format:

""""""
Question: Does the paper report HIV sequences from patient samples?

Evidence: The paper does not explicitly mention HIV sequences from patient samples. However, it does mention the use of viral RNA extracted from culture fluids and amplified by RT-PCR.

Rationale: The paper focuses on the study of HIV-1 integrase resistance substitutions in a laboratory setting, using cell culture and biochemical assays. While it does involve the use of viral RNA, it does not appear to report HIV sequences from patient samples.

Answer: No
""""""

""""""
Question: Does the paper report in vitro drug susceptibility data?

Evidence: The paper reports susceptibility data for various integrase inhibitors, including DTG, RAL, and EVG, using TZM-bl cells.

Rationale: The paper describes the measurement of susceptibility to antiretroviral compounds, including DTG, RAL, and EVG, using a luciferase-based assay in TZM-bl cells.

Answer: Yes
""""""

""""""
Question: Were sequences from the paper made publicly available?

Evidence: The paper does not mention the public availability of sequences.

Rationale: The paper does not provide information on the public availability of sequences, and it does not appear to report any GenBank accession numbers.

Answer: No
""""""

""""""
Question: What were the GenBank accession numbers for sequenced HIV isolates?

Evidence: The paper does not provide GenBank accession numbers for sequenced HIV isolates.

Rationale: The paper does not report any GenBank accession numbers, and it does not appear to have deposited any sequences in a public database.

Answer: Not available
""""""

""""""
Question: How many individuals had samples obtained for HIV sequencing?

Evidence: The paper does not mention the number of individuals who had samples obtained for HIV sequencing.

Rationale: The paper does not provide information on the number of individuals who had samples obtained for HIV sequencing, as it appears to focus on laboratory-based studies using cell culture and biochemical assays.

Answer: Not applicable
""""""

""""""
Question: From which countries were the sequenced samples obtained?

Evidence: The paper does not mention the countries from which sequenced samples were obtained.

Rationale: The paper does not provide information on the countries from which sequenced samples were obtained, as it appears to focus on laboratory-based studies using cell culture and biochemical assays.

Answer: Not applicable
""""""

""""""
Question: From what years were the sequenced samples obtained?

Evidence: The paper does not mention the years from which sequenced samples were obtained.

Rationale: The paper does not provide information on the years from which sequenced samples were obtained, as it appears to focus on laboratory-based studies using cell culture and biochemical assays.

Answer: Not applicable
""""""

""""""
Question: Were samples cloned prior to sequencing?

Evidence: The paper does not mention cloning of samples prior to sequencing.

Rationale: The paper does not provide information on cloning of samples prior to sequencing, and it appears to focus on laboratory-based studies using cell culture and biochemical assays.

Answer: Not applicable
""""""

""""""
Question: Which HIV genes were reported to have been sequenced?

Evidence: The paper mentions the integrase gene, but does not provide information on other HIV genes.

Rationale: The paper focuses on the study of HIV-1 integrase resistance substitutions, and it does not appear to report sequencing data for other HIV genes.

Answer: Integrase gene
""""""

""""""
Question: What method was used for sequencing?

Evidence: The paper does not mention the sequencing method used.

Rationale: The paper does not provide information on the sequencing method used, and it appears to focus on laboratory-based studies using cell culture and biochemical assays.

Answer: Not applicable
""""""

""""""
Question: What type of samples were sequenced?

Evidence: The paper does not mention the type of samples sequenced.

Rationale: The paper does not provide information on the type of samples sequenced, as it appears to focus on laboratory-based studies using cell culture and biochemical assays.

Answer: Not applicable
""""""

""""""
Question: Were any sequences obtained from individuals with virological failure on a treatment regimen?

Evidence: The paper does not mention sequences obtained from individuals with virological failure on a treatment regimen.

Rationale: The paper does not provide information on sequences obtained from individuals with virological failure on a treatment regimen, as it appears to focus on laboratory-based studies using cell culture and biochemical assays.

Answer: No
""""""

""""""
Question: Were the patients in the study in a clinical trial?

Evidence: The paper does not mention patients in a clinical trial.

Rationale: The paper does not provide information on patients in a clinical trial, as it appears to focus on laboratory-based studies using cell culture and biochemical assays.

Answer: No
""""""

""""""
Question: Does the paper report HIV sequences from individuals who had previously received ARV drugs?

Evidence: The paper does not mention HIV sequences from individuals who had previously received ARV drugs.

Rationale: The paper does not provide information on HIV sequences from individuals who had previously received ARV drugs, as it appears to focus on laboratory-based studies using cell culture and biochemical assays.

Answer: No
""""""

""""""
Question: Which drug classes were received by individuals in the study before sample sequencing?

Evidence: The paper does not mention drug classes received by individuals in the study before sample sequencing.

Rationale: The paper does not provide information on drug classes received by individuals in the study before sample sequencing, as it appears to focus on laboratory-based studies using cell culture and biochemical assays.

Answer: Not applicable
""""""

""""""
Question: Which drugs were received by individuals in the study before sample sequencing?

Evidence: The paper does not mention drugs received by individuals in the study before sample sequencing.

Rationale: The paper does not provide information on drugs received by individuals in the study before sample sequencing, as it appears to focus on laboratory-based studies using cell culture and biochemical assays.

Answer: Not applicable
""""""",66
26559830,,"Here are the answers to the questions in the required format:

""""""
Question: Does the paper report HIV sequences from patient samples?

Evidence: Protease is essential for retroviral replication, and protease inhibitors (PI) are important for treating HIV infection. HIV-2 exhibits intrinsic resistance to most FDA-approved HIV-1 PI, retaining clinically useful susceptibility only to lopinavir, darunavir, and saquinavir. The mechanisms for this resistance are unclear; although HIV-1 and HIV-2 proteases share just 38 to 49% sequence identity, all critical structural features of proteases are conserved. 

Rationale: The passage does not mention patient samples, but rather discusses HIV-1 and HIV-2 proteases and their resistance to protease inhibitors.

Answer: No
""""""

""""""
Question: Does the paper report in vitro drug susceptibility data?

Evidence: Next, we compared the sensitivities of WT HIV-1 ~NL4-3~, WT HIV-2 ~ROD9~, and HIV-2 PRΔ4 ( Fig. 2 and Table 1 ) to each of nine FDA-approved PI in a single-cycle assay. Relative to WT HIV-2 ~ROD9~, clone PRΔ4 was significantly more susceptible to all PI except SQV, to which HIV-1 and HIV-2 are equivalently sensitive.

Rationale: The passage mentions a single-cycle assay used to compare the sensitivities of different HIV strains to protease inhibitors, indicating in vitro drug susceptibility data.

Answer: Yes
""""""

""""""
Question: Were sequences from the paper made publicly available?

Evidence: An HIV-2 ~ROD9~ molecular clone encoding protease substitutions corresponding to the amino acids found in wild-type HIV-1 (clone PRΔ4; I32V, V47I, M76L, and I82V) and clones containing each single substitution were engineered using the QuikChange II XL site-directed mutagenesis kit (Stratagene, La Jolla, CA). All clones were sequenced across the entire genome to ensure that no extraneous mutations occurred during the mutagenesis process, and full-length plasmids were purified using a Hi-Speed Plasmid Maxi kit with endotoxin-free buffers (Qiagen Inc., Valencia, CA). Nucleotide sequences of the mutagenic primers are available upon request.

Rationale: The passage does not explicitly state that the sequences were made publicly available, but it does mention that the nucleotide sequences of the mutagenic primers are available upon request.

Answer: No
""""""

""""""
Question: What were the GenBank accession numbers for sequenced HIV isolates?

Evidence: None

Rationale: The passage does not mention GenBank accession numbers.

Answer: Not reported
""""""

""""""
Question: How many individuals had samples obtained for HIV sequencing?

Evidence: None

Rationale: The passage does not mention individuals or samples obtained for HIV sequencing.

Answer: Not reported
""""""

""""""
Question: From which countries were the sequenced samples obtained?

Evidence: None

Rationale: The passage does not mention countries or sequenced samples.

Answer: Not reported
""""""

""""""
Question: From what years were the sequenced samples obtained?

Evidence: None

Rationale: The passage does not mention years or sequenced samples.

Answer: Not reported
""""""

""""""
Question: Were samples cloned prior to sequencing?

Evidence: An HIV-2 ~ROD9~ molecular clone encoding protease substitutions corresponding to the amino acids found in wild-type HIV-1 (clone PRΔ4; I32V, V47I, M76L, and I82V) and clones containing each single substitution were engineered using the QuikChange II XL site-directed mutagenesis kit (Stratagene, La Jolla, CA).

Rationale: The passage mentions that molecular clones were engineered, but it does not explicitly state that samples were cloned prior to sequencing.

Answer: Not reported
""""""

""""""
Question: Which HIV genes were reported to have been sequenced?

Evidence: An HIV-2 ~ROD9~ molecular clone encoding protease substitutions corresponding to the amino acids found in wild-type HIV-1 (clone PRΔ4; I32V, V47I, M76L, and I82V) and clones containing each single substitution were engineered using the QuikChange II XL site-directed mutagenesis kit (Stratagene, La Jolla, CA). All clones were sequenced across the entire genome to ensure that no extraneous mutations occurred during the mutagenesis process, and full-length plasmids were purified using a Hi-Speed Plasmid Maxi kit with endotoxin-free buffers (Qiagen Inc., Valencia, CA).

Rationale: The passage mentions that the clones were sequenced across the entire genome, but it specifically highlights the protease gene.

Answer: Protease gene
""""""

""""""
Question: What method was used for sequencing?

Evidence: None

Rationale: The passage does not mention the method used for sequencing.

Answer: Not reported
""""""

""""""
Question: What type of samples were sequenced?

Evidence: None

Rationale: The passage does not mention the type of samples sequenced.

Answer: Not reported
""""""

""""""
Question: Were any sequences obtained from individuals with virological failure on a treatment regimen?

Evidence: None

Rationale: The passage does not mention virological failure or treatment regimens.

Answer: Not reported
""""""

""""""
Question: Were the patients in the study in a clinical trial?

Evidence: None

Rationale: The passage does not mention patients or clinical trials.

Answer: Not reported
""""""

""""""
Question: Does the paper report HIV sequences from individuals who had previously received ARV drugs?

Evidence: None

Rationale: The passage does not mention individuals who had previously received ARV drugs.

Answer: Not reported
""""""

""""""
Question: Which drug classes were received by individuals in the study before sample sequencing?

Evidence: None

Rationale: The passage does not mention individuals or drug classes received before sample sequencing.

Answer: Not reported
""""""

""""""
Question: Which drugs were received by individuals in the study before sample sequencing?

Evidence: None

Rationale: The passage does not mention individuals or drugs received before sample sequencing.

Answer: Not reported
""""""",70
27009474,,"Here are the answers to the questions in the required format:

""""""
Question: Does the paper report HIV sequences from patient samples?

Evidence: The sequence of the clinical clone has been submitted to the GenBank under the accession number KU761565. A 50-year-old hispanic homosexual man underwent HIV-1 seroconversion in August 2014.

Rationale: The evidence suggests that the paper reports HIV sequences from patient samples, as it mentions the submission of a clinical clone sequence to GenBank and describes a patient who underwent HIV-1 seroconversion.

Answer: Yes
""""""

""""""
Question: Does the paper report in vitro drug susceptibility data?

Evidence: Q148N ± G140S was associated with 2.4- to 4.5-fold reduced susceptibility to elvitegravir but not to raltegravir or dolutegravir. These clones were subjected for phenotypic susceptibility testing using the PhenoSense assay.

Rationale: The evidence suggests that the paper reports in vitro drug susceptibility data, as it describes the results of phenotypic susceptibility testing using the PhenoSense assay.

Answer: Yes
""""""

""""""
Question: Were sequences from the paper made publicly available?

Evidence: The sequence of the clinical clone has been submitted to the GenBank under the accession number KU761565.

Rationale: The evidence suggests that the sequences from the paper were made publicly available, as they were submitted to GenBank.

Answer: Yes
""""""

""""""
Question: What were the GenBank accession numbers for sequenced HIV isolates?

Evidence: The sequence of the clinical clone has been submitted to the GenBank under the accession number KU761565.

Rationale: The evidence provides the GenBank accession number for the sequenced HIV isolate.

Answer: KU761565
""""""

""""""
Question: How many individuals had samples obtained for HIV sequencing?

Evidence: A 50-year-old hispanic homosexual man underwent HIV-1 seroconversion in August 2014.

Rationale: The evidence suggests that only one individual had a sample obtained for HIV sequencing.

Answer: 1
""""""

""""""
Question: From which countries were the sequenced samples obtained?

Evidence: No information is available in the provided passages.

Rationale: The evidence does not provide information on the country of origin for the sequenced samples.

Answer: Not available
""""""

""""""
Question: From what years were the sequenced samples obtained?

Evidence: A 50-year-old hispanic homosexual man underwent HIV-1 seroconversion in August 2014.

Rationale: The evidence suggests that the sequenced samples were obtained in 2014.

Answer: 2014
""""""

""""""
Question: Were samples cloned prior to sequencing?

Evidence: In 2015, we created a panel of infectious molecular clones to assess the effect of the novel mutation Q148N on INSTI susceptibility.

Rationale: The evidence suggests that samples were cloned prior to sequencing, as it mentions the creation of a panel of infectious molecular clones.

Answer: Yes
""""""

""""""
Question: Which HIV genes were reported to have been sequenced?

Evidence: No information is available in the provided passages.

Rationale: The evidence does not provide information on the specific HIV genes that were sequenced.

Answer: Not available
""""""

""""""
Question: What method was used for sequencing?

Evidence: No information is available in the provided passages.

Rationale: The evidence does not provide information on the method used for sequencing.

Answer: Not available
""""""

""""""
Question: What type of samples were sequenced?

Evidence: A 50-year-old hispanic homosexual man underwent HIV-1 seroconversion in August 2014.

Rationale: The evidence suggests that the samples were obtained from a patient who underwent HIV-1 seroconversion.

Answer: Plasma samples
""""""

""""""
Question: Were any sequences obtained from individuals with virological failure on a treatment regimen?

Evidence: Although the patient's genotypic resistance test was reported as being associated with intermediate resistance to raltegravir and elvitegravir based on the presence of G140S, no change to therapy was made because of the patient's virological and immunological response to therapy.

Rationale: The evidence suggests that the patient did not experience virological failure on the treatment regimen.

Answer: No
""""""

""""""
Question: Were the patients in the study in a clinical trial?

Evidence: No information is available in the provided passages.

Rationale: The evidence does not provide information on whether the patients were in a clinical trial.

Answer: Not available
""""""

""""""
Question: Does the paper report HIV sequences from individuals who had previously received ARV drugs?

Evidence: The patient was started on the once daily integrase strand transfer inhibitor (INSTI)-containing fixed-dose combination tenofovir/emtricitabine/elvitegravir/cobicistat.

Rationale: The evidence suggests that the patient had previously received ARV drugs, as they were started on a treatment regimen containing tenofovir/emtricitabine/elvitegravir/cobicistat.

Answer: Yes
""""""

""""""
Question: Which drug classes were received by individuals in the study before sample sequencing?

Evidence: The patient was started on the once daily integrase strand transfer inhibitor (INSTI)-containing fixed-dose combination tenofovir/emtricitabine/elvitegravir/cobicistat.

Rationale: The evidence suggests that the patient received INSTI-containing drugs before sample sequencing.

Answer: INSTI
""""""

""""""
Question: Which drugs were received by individuals in the study before sample sequencing?

Evidence: The patient was started on the once daily integrase strand transfer inhibitor (INSTI)-containing fixed-dose combination tenofovir/emtricitabine/elvitegravir/cobicistat.

Rationale: The evidence suggests that the patient received tenofovir/emtricitabine/elvitegravir/cobicistat before sample sequencing.

Answer: Tenofovir/emtricitabine/elvitegravir/cobicistat
""""""",65
27124362,,"Here are the answers to the questions in the required format:

""""""
Question: Does the paper report HIV sequences from patient samples?

Evidence: The E138K substitution in RT is the most common NNRTI-resistance mutation seen in patients who fail RPV-containing regimens [13]. Because many of the commonly used cART regimens include either 3TC or FTC, some isolates from virological failures also contained the M184V/I mutation.

Rationale: The passage mentions that the E138K substitution is the most common NNRTI-resistance mutation seen in patients who fail RPV-containing regimens, indicating that the paper reports HIV sequences from patient samples.

Answer: Yes
""""""

""""""
Question: Does the paper report in vitro drug susceptibility data?

Evidence: The IC ~50~ values of RPV and DOR against vectors that carry WT RT and mutants selected by DOR in cell culture were measured using a single-round infection assay. Error bars represent the standard deviations of independent experiments (n=4).

Rationale: The passage mentions that the IC ~50~ values of RPV and DOR against vectors that carry WT RT and mutants selected by DOR in cell culture were measured using a single-round infection assay, indicating that the paper reports in vitro drug susceptibility data.

Answer: Yes
""""""

""""""
Question: Were sequences from the paper made publicly available?

Evidence: No evidence is provided in the passages to suggest that the sequences were made publicly available.

Rationale: None of the passages mention that the sequences were made publicly available.

Answer: No
""""""

""""""
Question: What were the GenBank accession numbers for sequenced HIV isolates?

Evidence: No evidence is provided in the passages to suggest that the GenBank accession numbers for sequenced HIV isolates were reported.

Rationale: None of the passages mention the GenBank accession numbers for sequenced HIV isolates.

Answer: Not reported
""""""

""""""
Question: How many individuals had samples obtained for HIV sequencing?

Evidence: No evidence is provided in the passages to suggest that the number of individuals who had samples obtained for HIV sequencing was reported.

Rationale: None of the passages mention the number of individuals who had samples obtained for HIV sequencing.

Answer: Not reported
""""""

""""""
Question: From which countries were the sequenced samples obtained?

Evidence: No evidence is provided in the passages to suggest that the countries from which the sequenced samples were obtained were reported.

Rationale: None of the passages mention the countries from which the sequenced samples were obtained.

Answer: Not reported
""""""

""""""
Question: From what years were the sequenced samples obtained?

Evidence: No evidence is provided in the passages to suggest that the years from which the sequenced samples were obtained were reported.

Rationale: None of the passages mention the years from which the sequenced samples were obtained.

Answer: Not reported
""""""

""""""
Question: Were samples cloned prior to sequencing?

Evidence: No evidence is provided in the passages to suggest that the samples were cloned prior to sequencing.

Rationale: None of the passages mention that the samples were cloned prior to sequencing.

Answer: Not reported
""""""

""""""
Question: Which HIV genes were reported to have been sequenced?

Evidence: The passages mention that the RT gene was sequenced.

Rationale: The passages mention that the RT gene was sequenced, but do not mention other HIV genes.

Answer: RT
""""""

""""""
Question: What method was used for sequencing?

Evidence: No evidence is provided in the passages to suggest that the method used for sequencing was reported.

Rationale: None of the passages mention the method used for sequencing.

Answer: Not reported
""""""

""""""
Question: What type of samples were sequenced?

Evidence: No evidence is provided in the passages to suggest that the type of samples sequenced was reported.

Rationale: None of the passages mention the type of samples sequenced.

Answer: Not reported
""""""

""""""
Question: Were any sequences obtained from individuals with virological failure on a treatment regimen?

Evidence: The E138K substitution in RT is the most common NNRTI-resistance mutation seen in patients who fail RPV-containing regimens [13]. Because many of the commonly used cART regimens include either 3TC or FTC, some isolates from virological failures also contained the M184V/I mutation.

Rationale: The passage mentions that the E138K substitution is the most common NNRTI-resistance mutation seen in patients who fail RPV-containing regimens, indicating that sequences were obtained from individuals with virological failure on a treatment regimen.

Answer: Yes
""""""

""""""
Question: Were the patients in the study in a clinical trial?

Evidence: No evidence is provided in the passages to suggest that the patients were in a clinical trial.

Rationale: None of the passages mention that the patients were in a clinical trial.

Answer: Not reported
""""""

""""""
Question: Does the paper report HIV sequences from individuals who had previously received ARV drugs?

Evidence: The E138K substitution in RT is the most common NNRTI-resistance mutation seen in patients who fail RPV-containing regimens [13]. Because many of the commonly used cART regimens include either 3TC or FTC, some isolates from virological failures also contained the M184V/I mutation.

Rationale: The passage mentions that the E138K substitution is the most common NNRTI-resistance mutation seen in patients who fail RPV-containing regimens, indicating that the paper reports HIV sequences from individuals who had previously received ARV drugs.

Answer: Yes
""""""

""""""
Question: Which drug classes were received by individuals in the study before sample sequencing?

Evidence: The passages mention that the individuals received NNRTIs, specifically RPV and DOR.

Rationale: The passages mention that the individuals received NNRTIs, specifically RPV and DOR.

Answer: NNRTIs
""""""

""""""
Question: Which drugs were received by individuals in the study before sample sequencing?

Evidence: The passages mention that the individuals received RPV and DOR.

Rationale: The passages mention that the individuals received RPV and DOR.

Answer: RPV and DOR
""""""",67
28559249,,"Here are the answers to the questions in the required format:

""""""
Question: Does the paper report HIV sequences from patient samples?

Evidence: Approval for collection of data and patient samples for this study was obtained from the UW Institutional Review Board and Senegal ethics committee. FIG 3 Susceptibility of HIV-1 and HIV-2 isolates from ART-naive individuals to MK-8591. (A) EC ~50~ s for 10 HIV-1 and 14 HIV-2 strains. Bars are the means of results from three or more independent single-cycle assays. Error bars are +1 standard deviation. Group/subtype assignments are shown in parentheses. The HIV-2 intergroup recombinant 7312A encodes a group B *pol* gene ( 57 ). 

Rationale: The evidence suggests that the paper reports HIV sequences from patient samples, as it mentions the collection of data and patient samples and presents results from single-cycle assays using HIV-1 and HIV-2 strains from ART-naive individuals.

Answer: Yes
""""""

""""""
Question: Does the paper report in vitro drug susceptibility data?

Evidence: FIG 2 Antiviral activity of MK-8591 against HIV-1 ~NL4-3~ and HIV-2 ~ROD9~. (A) Representative data from a single run of the drug susceptibility assay in MAGIC-5A cells (single-cycle assay) ( 32 ). Data points are the percentages of β-galactosidase activity in MK-8591-treated cultures relative to that in solvent-only controls. Each point represents the mean of results from two cultures that were maintained in parallel. Error bars represent ±1 standard deviations and when not visible are smaller than the symbols. The curves were generated using a sigmoidal regression equation (GraphPad Prism 6.0 software). (B) EC ~50~ s from 10 independent runs of the single-cycle assay in which HIV-1 ~NL4-3~ and HIV-2 ~ROD9~ were tested head-to-head. Diagonal lines indicate the paired results from a single assay run.

Rationale: The evidence suggests that the paper reports in vitro drug susceptibility data, as it presents results from single-cycle assays using HIV-1 and HIV-2 strains and reports EC ~50~ values.

Answer: Yes
""""""

""""""
Question: Were sequences from the paper made publicly available?

Evidence: No evidence is provided in the passages to suggest that the sequences were made publicly available.

Rationale: The lack of evidence suggests that the sequences were not made publicly available.

Answer: No
""""""

""""""
Question: What were the GenBank accession numbers for sequenced HIV isolates?

Evidence: No evidence is provided in the passages to suggest that the GenBank accession numbers were reported.

Rationale: The lack of evidence suggests that the GenBank accession numbers were not reported.

Answer: Not reported
""""""

""""""
Question: How many individuals had samples obtained for HIV sequencing?

Evidence: No evidence is provided in the passages to suggest the number of individuals who had samples obtained for HIV sequencing.

Rationale: The lack of evidence suggests that the number of individuals is not reported.

Answer: Not reported
""""""

""""""
Question: From which countries were the sequenced samples obtained?

Evidence: These studies were supported by grants to G.S.G. from the National Institutes of Health/National Institute of Allergy and Infectious Diseases (NIH/NIAID) (grants 1R01-AI120765 and 2R01-AI060466), the UW Center for AIDS Research (CFAR, an NIH-funded program) (grant P30 AI027757), and the UW Royalty Research Fund (grant A92723). G.S.G. has received research grants and support from the U.S. National Institutes of Health, the University of Washington, the Bill and Melinda Gates Foundation, Gilead Sciences, Alere Technologies, Merck & Co., Janssen Pharmaceutica, Cerus Corporation, and Abbott Molecular Diagnostics. V.H.W. and S.M. are recipients of undergraduate research scholarships from the Mary Gates Endowment for Students. M.S. has received support from the NIH/NIAID and France Recherche Nord & Sud Sida-hiv Hépatites (ANRS). J.A.G. is an employee of Merck & Co., Inc., Kenilworth, NJ, USA. 

Rationale: The evidence suggests that the samples were obtained from the United States and possibly other countries, but the specific countries are not reported.

Answer: Not reported
""""""

""""""
Question: From what years were the sequenced samples obtained?

Evidence: No evidence is provided in the passages to suggest the years during which the samples were obtained.

Rationale: The lack of evidence suggests that the years are not reported.

Answer: Not reported
""""""

""""""
Question: Were samples cloned prior to sequencing?

Evidence: No evidence is provided in the passages to suggest that the samples were cloned prior to sequencing.

Rationale: The lack of evidence suggests that the samples were not cloned prior to sequencing.

Answer: No
""""""

""""""
Question: Which HIV genes were reported to have been sequenced?

Evidence: FIG 3 Susceptibility of HIV-1 and HIV-2 isolates from ART-naive individuals to MK-8591. (A) EC ~50~ s for 10 HIV-1 and 14 HIV-2 strains. Bars are the means of results from three or more independent single-cycle assays. Error bars are +1 standard deviation. Group/subtype assignments are shown in parentheses. The HIV-2 intergroup recombinant 7312A encodes a group B *pol* gene ( 57 ). 

Rationale: The evidence suggests that the pol gene was sequenced.

Answer: pol
""""""

""""""
Question: What method was used for sequencing?

Evidence: No evidence is provided in the passages to suggest the method used for sequencing.

Rationale: The lack of evidence suggests that the method is not reported.

Answer: Not reported
""""""

""""""
Question: What type of samples were sequenced?

Evidence: Approval for collection of data and patient samples for this study was obtained from the UW Institutional Review Board and Senegal ethics committee.

Rationale: The evidence suggests that patient samples were sequenced.

Answer: Patient samples
""""""

""""""
Question: Were any sequences obtained from individuals with virological failure on a treatment regimen?

Evidence: No evidence is provided in the passages to suggest that sequences were obtained from individuals with virological failure on a treatment regimen.

Rationale: The lack of evidence suggests that sequences were not obtained from individuals with virological failure on a treatment regimen.

Answer: No
""""""

""""""
Question: Were the patients in the study in a clinical trial?

Evidence: No evidence is provided in the passages to suggest that the patients were in a clinical trial.

Rationale: The lack of evidence suggests that the patients were not in a clinical trial.

Answer: No
""""""

""""""
Question: Does the paper report HIV sequences from individuals who had previously received ARV drugs?

Evidence: Antiretroviral therapy (ART) can prolong the life spans of individuals infected with human immunodeficiency virus type 1 (HIV-1) by years or even decades, but these benefits have yet to be formally demonstrated in clinical trials involving human immunodeficiency virus type 2 (HIV-2) and HIV-1/2 dually infected patients ( 1, -- 3 ). HIV-2 is endemic in West Africa and is also prevalent in other areas with socioeconomic ties to the region ( 4, 5 ). Choices of antiretroviral (ARV) drugs for HIV-2 treatment are constrained by the intrinsic resistance of the virus to non-nucleoside reverse transcriptase inhibitors (NNRTIs) and the reduced susceptibility of HIV-2 to most HIV-1-active protease inhibitors ( 5, -- 8 ). In addition, ART-experienced HIV-2 patients frequently harbor mutants resistant to both protease inhibitors and NRTIs ( 9, -- 11 ), and newer ARV drugs, such as integrase strand transfer inhibitors, are not broadly available in areas where significant numbers of HIV-2-infected individuals reside. 

Rationale: The evidence suggests that the paper reports HIV sequences from individuals who had previously received ARV drugs, as it mentions ART-experienced HIV-2 patients.

Answer: Yes
""""""

""""""
Question: Which drug classes were received by individuals in the study before sample sequencing?

Evidence: Antiretroviral therapy (ART) can prolong the life spans of individuals infected with human immunodeficiency virus type 1 (HIV-1) by years or even decades, but these benefits have yet to be formally demonstrated in clinical trials involving human immunodeficiency virus type 2 (HIV-2) and HIV-1/2 dually infected patients ( 1, -- 3 ). HIV-2 is endemic in West Africa and is also prevalent in other areas with socioeconomic ties to the region ( 4, 5 ). Choices of antiretroviral (ARV) drugs for HIV-2 treatment are constrained by the intrinsic resistance of the virus to non-nucleoside reverse transcriptase inhibitors (NNRTIs) and the reduced susceptibility of HIV-2 to most HIV-1-active protease inhibitors ( 5, -- 8 ). In addition, ART-experienced HIV-2 patients frequently harbor mutants resistant to both protease inhibitors and NRTIs ( 9, -- 11 ), and newer ARV drugs, such as integrase strand transfer inhibitors, are not broadly available in areas where significant numbers of HIV-2-infected individuals reside. 

Rationale: The evidence suggests that the individuals received NNRTIs, protease inhibitors, and NRTIs before sample sequencing.

Answer: NNRTIs, protease inhibitors, NRTIs
""""""

""""""
Question: Which drugs were received by individuals in the study before sample sequencing?

Evidence: A recombinant clone of HIV-2 (designated 4.7a) that was derived from a patient receiving AZT, lamivudine (3TC), and ritonavir-boosted lopinavir; this clone encodes five amino acid substitutions that are associated with ART in HIV-2-infected individuals (RT changes K65R, N69S, V111I, Q151M, and M184V; see reference \[ 32 \] for treatment history, clone construction, and additional details).

Rationale: The evidence suggests that the individuals received AZT, lamivudine (3TC), and ritonavir-boosted lopinavir before sample sequencing.

Answer: AZT, lamivudine (3TC), ritonavir-boosted lopinavir
""""""",120
29373677,,"Here are the answers to the questions in the required format:

""""""
Question: Does the paper report HIV sequences from patient samples?

Evidence: The patient infected with a B subtype HIV-1 strain received an antiretroviral treatment including INSTIs from 2008 to 2015, a period during which CD4 counts had increased from 350 to 940 cells/mm^3^. The patient was first treated with raltegravir in combination with tenofovir/emtricitabine (Truvada) for 6 years until 2014, during which time the viral load remained undetectable (plasma HIV RNA <20 copies/mL).

Rationale: The passage mentions that the patient was infected with a B subtype HIV-1 strain, indicating that the paper reports HIV sequences from patient samples.

Answer: Yes
""""""

""""""
Question: Does the paper report in vitro drug susceptibility data?

Evidence: Then, we determined the EC ~50~ of each mutant by infecting HeLa-P4 cells in the presence of increasing concentrations of raltegravir and dolutegravir (Figure 1 b). In the case of raltegravir, the K211R/E212T mutations do not confer resistance to raltegravir.

Rationale: The passage mentions that the authors determined the EC ~50~ of each mutant by infecting HeLa-P4 cells in the presence of increasing concentrations of raltegravir and dolutegravir, indicating that the paper reports in vitro drug susceptibility data.

Answer: Yes
""""""

""""""
Question: Were sequences from the paper made publicly available?

Evidence: No evidence is provided in the passages to suggest that the sequences were made publicly available.

Rationale: None of the passages mention the public availability of the sequences.

Answer: No
""""""

""""""
Question: What were the GenBank accession numbers for sequenced HIV isolates?

Evidence: No evidence is provided in the passages to suggest that the GenBank accession numbers were reported.

Rationale: None of the passages mention the GenBank accession numbers.

Answer: Not reported
""""""

""""""
Question: How many individuals had samples obtained for HIV sequencing?

Evidence: The patient infected with a B subtype HIV-1 strain received an antiretroviral treatment including INSTIs from 2008 to 2015, a period during which CD4 counts had increased from 350 to 940 cells/mm^3^.

Rationale: The passage mentions that the patient had samples obtained for HIV sequencing, but it does not provide information on the number of individuals.

Answer: At least 1
""""""

""""""
Question: From which countries were the sequenced samples obtained?

Evidence: No evidence is provided in the passages to suggest that the country of origin was reported.

Rationale: None of the passages mention the country of origin.

Answer: Not reported
""""""

""""""
Question: From what years were the sequenced samples obtained?

Evidence: The patient infected with a B subtype HIV-1 strain received an antiretroviral treatment including INSTIs from 2008 to 2015, a period during which CD4 counts had increased from 350 to 940 cells/mm^3^.

Rationale: The passage mentions that the patient received antiretroviral treatment from 2008 to 2015, indicating that the sequenced samples were obtained during this time period.

Answer: 2008-2015
""""""

""""""
Question: Were samples cloned prior to sequencing?

Evidence: No evidence is provided in the passages to suggest that the samples were cloned prior to sequencing.

Rationale: None of the passages mention cloning.

Answer: Not reported
""""""

""""""
Question: Which HIV genes were reported to have been sequenced?

Evidence: The patient infected with a B subtype HIV-1 strain received an antiretroviral treatment including INSTIs from 2008 to 2015, a period during which CD4 counts had increased from 350 to 940 cells/mm^3^. The patient was first treated with raltegravir in combination with tenofovir/emtricitabine (Truvada) for 6 years until 2014, during which time the viral load remained undetectable (plasma HIV RNA <20 copies/mL).

Rationale: The passage mentions that the patient was infected with a B subtype HIV-1 strain, but it does not provide information on the specific genes that were sequenced.

Answer: Not reported
""""""

""""""
Question: What method was used for sequencing?

Evidence: No evidence is provided in the passages to suggest that the sequencing method was reported.

Rationale: None of the passages mention the sequencing method.

Answer: Not reported
""""""

""""""
Question: What type of samples were sequenced?

Evidence: Total DNA from the previously described dry pellets was extracted using the QIAamp DNA Blood Mini Kit (QIAGEN).

Rationale: The passage mentions that total DNA was extracted from dry pellets, indicating that the samples were likely blood or tissue samples.

Answer: Blood or tissue samples
""""""

""""""
Question: Were any sequences obtained from individuals with virological failure on a treatment regimen?

Evidence: Five months later, the viral load became detectable in plasma at 291 copies/mL. Integrase genotypic analysis was performed on DNA from PBMCs, when the plasma viral load was below 20 copies/mL and on plasma RNA when it was detectable above 20 copies/mL.

Rationale: The passage mentions that the patient experienced virological failure on a treatment regimen, and that sequences were obtained from this individual.

Answer: Yes
""""""

""""""
Question: Were the patients in the study in a clinical trial?

Evidence: No evidence is provided in the passages to suggest that the patients were in a clinical trial.

Rationale: None of the passages mention a clinical trial.

Answer: Not reported
""""""

""""""
Question: Does the paper report HIV sequences from individuals who had previously received ARV drugs?

Evidence: The patient infected with a B subtype HIV-1 strain received an antiretroviral treatment including INSTIs from 2008 to 2015, a period during which CD4 counts had increased from 350 to 940 cells/mm^3^.

Rationale: The passage mentions that the patient had previously received antiretroviral treatment, indicating that the paper reports HIV sequences from individuals who had previously received ARV drugs.

Answer: Yes
""""""

""""""
Question: Which drug classes were received by individuals in the study before sample sequencing?

Evidence: The patient infected with a B subtype HIV-1 strain received an antiretroviral treatment including INSTIs from 2008 to 2015, a period during which CD4 counts had increased from 350 to 940 cells/mm^3^. The patient was first treated with raltegravir in combination with tenofovir/emtricitabine (Truvada) for 6 years until 2014, during which time the viral load remained undetectable (plasma HIV RNA <20 copies/mL).

Rationale: The passage mentions that the patient received INSTIs and Truvada, indicating that the drug classes received by individuals in the study before sample sequencing were INSTIs and NRTIs.

Answer: INSTIs and NRTIs
""""""

""""""
Question: Which drugs were received by individuals in the study before sample sequencing?

Evidence: The patient infected with a B subtype HIV-1 strain received an antiretroviral treatment including INSTIs from 2008 to 2015, a period during which CD4 counts had increased from 350 to 940 cells/mm^3^. The patient was first treated with raltegravir in combination with tenofovir/emtricitabine (Truvada) for 6 years until 2014, during which time the viral load remained undetectable (plasma HIV RNA <20 copies/mL).

Rationale: The passage mentions that the patient received raltegravir and Truvada, indicating that the drugs received by individuals in the study before sample sequencing were raltegravir and Truvada.

Answer: Raltegravir and Truvada",91
30053052,,"Here are the answers to the questions in the required format:

""""""
Question: Does the paper report HIV sequences from patient samples?

Evidence: Stored plasma samples from patients who were either therapy naive (n = 42) or had a virological treatment failure (n = 9) were randomly selected from the HIV cohort at Karolinska University Hospital, Stockholm, Sweden.

Rationale: The passage mentions that plasma samples were obtained from patients, indicating that the paper reports HIV sequences from patient samples.

Answer: Yes
""""""

""""""
Question: Does the paper report in vitro drug susceptibility data?

Evidence: The DSA was performed on three resistant viruses from treatment-failure patients, one G190A-containing strain from a treatment-naive individual, and seven NNRTI-resistant viruses obtained from the NIH AIDS Reagent Program.

Rationale: The passage mentions that drug susceptibility assays (DSA) were performed, indicating that the paper reports in vitro drug susceptibility data.

Answer: Yes
""""""

""""""
Question: Were sequences from the paper made publicly available?

Evidence: No evidence is provided in the passages to suggest that the sequences were made publicly available.

Rationale: The passages do not mention anything about the sequences being made publicly available.

Answer: No
""""""

""""""
Question: What were the GenBank accession numbers for sequenced HIV isolates?

Evidence: No evidence is provided in the passages to suggest that the GenBank accession numbers were reported.

Rationale: The passages do not mention anything about the GenBank accession numbers.

Answer: Not reported
""""""

""""""
Question: How many individuals had samples obtained for HIV sequencing?

Evidence: Stored plasma samples from patients who were either therapy naive (n = 42) or had a virological treatment failure (n = 9) were randomly selected from the HIV cohort at Karolinska University Hospital, Stockholm, Sweden.

Rationale: The passage mentions that samples were obtained from 42 therapy-naive individuals and 9 individuals with virological treatment failure.

Answer: 51
""""""

""""""
Question: From which countries were the sequenced samples obtained?

Evidence: Stored plasma samples from patients who were either therapy naive (n = 42) or had a virological treatment failure (n = 9) were randomly selected from the HIV cohort at Karolinska University Hospital, Stockholm, Sweden.

Rationale: The passage mentions that the samples were obtained from Sweden.

Answer: Sweden
""""""

""""""
Question: From what years were the sequenced samples obtained?

Evidence: No evidence is provided in the passages to suggest that the years were reported.

Rationale: The passages do not mention anything about the years.

Answer: Not reported
""""""

""""""
Question: Were samples cloned prior to sequencing?

Evidence: Patient-derived HIV-1 RT enzymes were used in NNRTI susceptibility and kinetics assays. All enzymes were purified as described previously.

Rationale: The passage mentions that the enzymes were purified, but it does not explicitly state that the samples were cloned prior to sequencing.

Answer: Not explicitly stated
""""""

""""""
Question: Which HIV genes were reported to have been sequenced?

Evidence: The *gag-pol* fragment (HXB2: 0702-5798) was cloned into pNL43 plasmid following digestion with BssHII and SalI (New England Biolabs, USA) and ligation using T4 DNA ligase (New England Biolabs), as described by us previously.

Rationale: The passage mentions that the gag-pol fragment was cloned, indicating that the gag and pol genes were sequenced.

Answer: gag and pol
""""""

""""""
Question: What method was used for sequencing?

Evidence: No evidence is provided in the passages to suggest that the sequencing method was reported.

Rationale: The passages do not mention anything about the sequencing method.

Answer: Not reported
""""""

""""""
Question: What type of samples were sequenced?

Evidence: Stored plasma samples from patients who were either therapy naive (n = 42) or had a virological treatment failure (n = 9) were randomly selected from the HIV cohort at Karolinska University Hospital, Stockholm, Sweden.

Rationale: The passage mentions that plasma samples were sequenced.

Answer: Plasma
""""""

""""""
Question: Were any sequences obtained from individuals with virological failure on a treatment regimen?

Evidence: Stored plasma samples from patients who were either therapy naive (n = 42) or had a virological treatment failure (n = 9) were randomly selected from the HIV cohort at Karolinska University Hospital, Stockholm, Sweden.

Rationale: The passage mentions that samples were obtained from individuals with virological treatment failure.

Answer: Yes
""""""

""""""
Question: Were the patients in the study in a clinical trial?

Evidence: No evidence is provided in the passages to suggest that the patients were in a clinical trial.

Rationale: The passages do not mention anything about a clinical trial.

Answer: No
""""""

""""""
Question: Does the paper report HIV sequences from individuals who had previously received ARV drugs?

Evidence: Stored plasma samples from patients who were either therapy naive (n = 42) or had a virological treatment failure (n = 9) were randomly selected from the HIV cohort at Karolinska University Hospital, Stockholm, Sweden.

Rationale: The passage mentions that samples were obtained from individuals who had virological treatment failure, indicating that they had previously received ARV drugs.

Answer: Yes
""""""

""""""
Question: Which drug classes were received by individuals in the study before sample sequencing?

Evidence: No evidence is provided in the passages to suggest that the drug classes were reported.

Rationale: The passages do not mention anything about the drug classes.

Answer: Not reported
""""""

""""""
Question: Which drugs were received by individuals in the study before sample sequencing?

Evidence: No evidence is provided in the passages to suggest that the specific drugs were reported.

Rationale: The passages do not mention anything about the specific drugs.

Answer: Not reported
""""""",68
30803972,,"Here are the answers to the questions in the required format:

""""""
Question: Does the paper report HIV sequences from patient samples?

Evidence: Next, we constructed and tested HIV-2 ~ROD9~ variants that contained site-directed mutations in the integrase-encoding region of *pol* ; these mutations emerge in raltegravir-treated HIV-2-infected patients and are known to confer resistance to raltegravir and other INIs in culture. HIV-2 ~EHO~, HIV-2 ~COU~, and HIV-2 ~BER~ were kindly provided by Jan McClure (University of Washington, Seattle, WA). The remaining HIV-1 and HIV-2 isolates used in this study were obtained from NIH ARP.

Rationale: The passage mentions that the mutations emerge in raltegravir-treated HIV-2-infected patients, indicating that the sequences are from patient samples.

Answer: Yes
""""""

""""""
Question: Does the paper report in vitro drug susceptibility data?

Evidence: All drug susceptibility measurements were performed using our established MAGIC-5A indicator cell assay, which quantifies drug-dependent inhibition in a single round of HIV infection. We previously showed that the results obtained with this assay are concordant with those seen in spreading infections of immortalized T-cell lines, as demonstrated for the INIs raltegravir, dolutegravir, and cabotegravir.

Rationale: The passage mentions that drug susceptibility measurements were performed using an in vitro assay.

Answer: Yes
""""""

""""""
Question: Were sequences from the paper made publicly available?

Evidence: None of the passages mention that the sequences were made publicly available.

Rationale: Since there is no mention of the sequences being made publicly available, we cannot confirm that they were.

Answer: No
""""""

""""""
Question: What were the GenBank accession numbers for sequenced HIV isolates?

Evidence: None of the passages mention the GenBank accession numbers.

Rationale: Since there is no mention of the GenBank accession numbers, we cannot provide them.

Answer: Not available
""""""

""""""
Question: How many individuals had samples obtained for HIV sequencing?

Evidence: None of the passages mention the number of individuals who had samples obtained for HIV sequencing.

Rationale: Since there is no mention of the number of individuals, we cannot provide an answer.

Answer: Not available
""""""

""""""
Question: From which countries were the sequenced samples obtained?

Evidence: Human immunodeficiency virus type 2 (HIV-2) infection remains a significant public health problem in West Africa, where the virus is endemic, and affects other areas with socioeconomic ties to the region.

Rationale: The passage mentions that HIV-2 infection is a problem in West Africa, but it does not specifically mention that the sequenced samples were obtained from this region.

Answer: Not available
""""""

""""""
Question: From what years were the sequenced samples obtained?

Evidence: None of the passages mention the years when the sequenced samples were obtained.

Rationale: Since there is no mention of the years, we cannot provide an answer.

Answer: Not available
""""""

""""""
Question: Were samples cloned prior to sequencing?

Evidence: None of the passages mention that the samples were cloned prior to sequencing.

Rationale: Since there is no mention of cloning, we cannot confirm that it was done.

Answer: No
""""""

""""""
Question: Which HIV genes were reported to have been sequenced?

Evidence: Next, we constructed and tested HIV-2 ~ROD9~ variants that contained site-directed mutations in the integrase-encoding region of *pol*.

Rationale: The passage mentions that the integrase-encoding region of the pol gene was sequenced.

Answer: pol
""""""

""""""
Question: What method was used for sequencing?

Evidence: None of the passages mention the method used for sequencing.

Rationale: Since there is no mention of the sequencing method, we cannot provide an answer.

Answer: Not available
""""""

""""""
Question: What type of samples were sequenced?

Evidence: HIV-2 ~EHO~, HIV-2 ~COU~, and HIV-2 ~BER~ were kindly provided by Jan McClure (University of Washington, Seattle, WA). The remaining HIV-1 and HIV-2 isolates used in this study were obtained from NIH ARP.

Rationale: The passage mentions that HIV-1 and HIV-2 isolates were sequenced.

Answer: HIV-1 and HIV-2 isolates
""""""

""""""
Question: Were any sequences obtained from individuals with virological failure on a treatment regimen?

Evidence: Next, we constructed and tested HIV-2 ~ROD9~ variants that contained site-directed mutations in the integrase-encoding region of *pol* ; these mutations emerge in raltegravir-treated HIV-2-infected patients and are known to confer resistance to raltegravir and other INIs in culture.

Rationale: The passage mentions that the mutations emerge in raltegravir-treated HIV-2-infected patients, indicating that the sequences were obtained from individuals with virological failure on a treatment regimen.

Answer: Yes
""""""

""""""
Question: Were the patients in the study in a clinical trial?

Evidence: None of the passages mention that the patients were in a clinical trial.

Rationale: Since there is no mention of a clinical trial, we cannot confirm that the patients were part of one.

Answer: No
""""""

""""""
Question: Does the paper report HIV sequences from individuals who had previously received ARV drugs?

Evidence: Next, we constructed and tested HIV-2 ~ROD9~ variants that contained site-directed mutations in the integrase-encoding region of *pol* ; these mutations emerge in raltegravir-treated HIV-2-infected patients and are known to confer resistance to raltegravir and other INIs in culture.

Rationale: The passage mentions that the mutations emerge in raltegravir-treated HIV-2-infected patients, indicating that the sequences were from individuals who had previously received ARV drugs.

Answer: Yes
""""""

""""""
Question: Which drug classes were received by individuals in the study before sample sequencing?

Evidence: Choices of antiretroviral drugs for HIV-2 are limited by the intrinsic resistance of the virus to nonnucleoside reverse transcriptase inhibitors and the reduced sensitivity of HIV-2 to several HIV-1-active protease inhibitors.

Rationale: The passage mentions that HIV-2 is resistant to nonnucleoside reverse transcriptase inhibitors and has reduced sensitivity to protease inhibitors, but it does not specifically mention that these drug classes were received by individuals in the study.

Answer: Not available
""""""

""""""
Question: Which drugs were received by individuals in the study before sample sequencing?

Evidence: Next, we constructed and tested HIV-2 ~ROD9~ variants that contained site-directed mutations in the integrase-encoding region of *pol* ; these mutations emerge in raltegravir-treated HIV-2-infected patients and are known to confer resistance to raltegravir and other INIs in culture.

Rationale: The passage mentions that the mutations emerge in raltegravir-treated HIV-2-infected patients, indicating that raltegravir was received by individuals in the study.

Answer: Raltegravir",81
31988104,,"Here are the answers to the questions in the required format:

""""""
Question: Does the paper report HIV sequences from patient samples?

Evidence: The viral plasmid pXXLAI used to generate the infectious viruses for the multicycle assay was a gift from John Mellors. The plasmid was derived from the infectious clone pLAI3.2 (GenBank accession number K03455), which was modified to contain an XmaI and an XbaI restriction site within the HIV RT portion of the pol gene to facilitate cloning, as previously published (25). The viral plasmid pKSHX was used to generate the single-cycle luciferase reporter viruses for the single-cycle assay. pKSHX was generated from an NL4.3 vector (GenBank accession number AF324493) by knocking out vpr and env expression and introducing a luciferase firefly gene in place of nef, as previously published under the name pKS13 (26).

Rationale: The paper mentions the use of viral plasmids pXXLAI and pKSHX, which were derived from infectious clones pLAI3.2 and NL4.3, respectively. These plasmids were used to generate infectious viruses for the multicycle and single-cycle assays. The GenBank accession numbers for these plasmids are provided, indicating that the paper reports HIV sequences from patient samples.

Answer: Yes
""""""

""""""
Question: Does the paper report in vitro drug susceptibility data?

Evidence: The phenotype of each virus was determined in a 5-day multicycle antiviral assay in MT-2 cells using a luciferase-based viability readout (CellTiterGlo; Promega), as previously described (28). Briefly, MT-2 cells (2.4 million) were incubated with virus for 2 to 3 h at 37°C in 1.5-ml screw-cap tubes with gentle rocking. The amount of virus used was normalized to yield a signal-to-noise (S/N) ratio in the range of 4 to 7, which was equivalent to a multiplicity of infection of 0.005 based on the provided titer for the commercially available wild-type isolate HIV-1 ~IIIB~.

Rationale: The paper describes a multicycle antiviral assay in MT-2 cells using a luciferase-based viability readout to determine the phenotype of each virus. This assay is used to measure the susceptibility of the viruses to different drugs.

Answer: Yes
""""""

""""""
Question: Were sequences from the paper made publicly available?

Evidence: The viral plasmid pXXLAI used to generate the infectious viruses for the multicycle assay was a gift from John Mellors. The plasmid was derived from the infectious clone pLAI3.2 (GenBank accession number K03455), which was modified to contain an XmaI and an XbaI restriction site within the HIV RT portion of the pol gene to facilitate cloning, as previously published (25). The viral plasmid pKSHX was used to generate the single-cycle luciferase reporter viruses for the single-cycle assay. pKSHX was generated from an NL4.3 vector (GenBank accession number AF324493) by knocking out vpr and env expression and introducing a luciferase firefly gene in place of nef, as previously published under the name pKS13 (26).

Rationale: The paper provides GenBank accession numbers for the viral plasmids pXXLAI and pKSHX, indicating that the sequences are publicly available.

Answer: Yes
""""""

""""""
Question: What were the GenBank accession numbers for sequenced HIV isolates?

Evidence: The viral plasmid pXXLAI used to generate the infectious viruses for the multicycle assay was a gift from John Mellors. The plasmid was derived from the infectious clone pLAI3.2 (GenBank accession number K03455), which was modified to contain an XmaI and an XbaI restriction site within the HIV RT portion of the pol gene to facilitate cloning, as previously published (25). The viral plasmid pKSHX was used to generate the single-cycle luciferase reporter viruses for the single-cycle assay. pKSHX was generated from an NL4.3 vector (GenBank accession number AF324493) by knocking out vpr and env expression and introducing a luciferase firefly gene in place of nef, as previously published under the name pKS13 (26).

Rationale: The paper provides GenBank accession numbers K03455 and AF324493 for the viral plasmids pXXLAI and pKSHX, respectively.

Answer: K03455 and AF324493
""""""

""""""
Question: How many individuals had samples obtained for HIV sequencing?

Evidence: Thirty viruses containing one to six TAMs with or without M184V covering a wide FC range were selected and tested with Monogram Biosciences' (South San Francisco, CA) phenotypic EC ~50~ assay (PhenoSense) in order to compare the data obtained from both single-cycle assays.

Rationale: The paper does not provide information on the number of individuals who had samples obtained for HIV sequencing. However, it mentions that 30 viruses were selected and tested with Monogram Biosciences' phenotypic EC ~50~ assay.

Answer: Not specified
""""""

""""""
Question: From which countries were the sequenced samples obtained?

Evidence: Not available

Rationale: The paper does not provide information on the countries from which the sequenced samples were obtained.

Answer: Not specified
""""""

""""""
Question: From what years were the sequenced samples obtained?

Evidence: Not available

Rationale: The paper does not provide information on the years from which the sequenced samples were obtained.

Answer: Not specified
""""""

""""""
Question: Were samples cloned prior to sequencing?

Evidence: The viral plasmid pXXLAI used to generate the infectious viruses for the multicycle assay was a gift from John Mellors. The plasmid was derived from the infectious clone pLAI3.2 (GenBank accession number K03455), which was modified to contain an XmaI and an XbaI restriction site within the HIV RT portion of the pol gene to facilitate cloning, as previously published (25).

Rationale: The paper mentions that the viral plasmid pXXLAI was modified to contain an XmaI and an XbaI restriction site within the HIV RT portion of the pol gene to facilitate cloning, indicating that samples were cloned prior to sequencing.

Answer: Yes
""""""

""""""
Question: Which HIV genes were reported to have been sequenced?

Evidence: The viral plasmid pXXLAI used to generate the infectious viruses for the multicycle assay was a gift from John Mellors. The plasmid was derived from the infectious clone pLAI3.2 (GenBank accession number K03455), which was modified to contain an XmaI and an XbaI restriction site within the HIV RT portion of the pol gene to facilitate cloning, as previously published (25).

Rationale: The paper mentions that the HIV RT portion of the pol gene was modified to facilitate cloning, indicating that the pol gene was sequenced.

Answer: pol
""""""

""""""
Question: What method was used for sequencing?

Evidence: Not available

Rationale: The paper does not provide information on the method used for sequencing.

Answer: Not specified
""""""

""""""
Question: What type of samples were sequenced?

Evidence: The viral plasmid pXXLAI used to generate the infectious viruses for the multicycle assay was a gift from John Mellors. The plasmid was derived from the infectious clone pLAI3.2 (GenBank accession number K03455), which was modified to contain an XmaI and an XbaI restriction site within the HIV RT portion of the pol gene to facilitate cloning, as previously published (25).

Rationale: The paper mentions that viral plasmids were used to generate infectious viruses for the multicycle assay, indicating that viral samples were sequenced.

Answer: Viral
""""""

""""""
Question: Were any sequences obtained from individuals with virological failure on a treatment regimen?

Evidence: Not available

Rationale: The paper does not provide information on whether sequences were obtained from individuals with virological failure on a treatment regimen.

Answer: Not specified
""""""

""""""
Question: Were the patients in the study in a clinical trial?

Evidence: All authors are employees and stockholders of Gilead Sciences, Inc., which funded the study.

Rationale: The paper does not provide information on whether the patients in the study were in a clinical trial. However, it mentions that the study was funded by Gilead Sciences, Inc.

Answer: Not specified
""""""

""""""
Question: Does the paper report HIV sequences from individuals who had previously received ARV drugs?

Evidence: Resistance to ABC and FTC in the presence of TAMs increased overall gradually up to four TAMs, with fold changes from the wild type ranging from 0.3 to 9.4 for ABC and from 0.2 to 6.9 for FTC in the absence of M184V and from 1.5 to 13.6 for ABC and no antiviral activity noted for FTC in the presence of M184V (FC > 126).

Rationale: The paper mentions that resistance to ABC and FTC increased in the presence of TAMs, indicating that the individuals had previously received ARV drugs.

Answer: Yes
""""""

""""""
Question: Which drug classes were received by individuals in the study before sample sequencing?

Evidence: Resistance to ABC and FTC in the presence of TAMs increased overall gradually up to four TAMs, with fold changes from the wild type ranging from 0.3 to 9.4 for ABC and from 0.2 to 6.9 for FTC in the absence of M184V and from 1.5 to 13.6 for ABC and no antiviral activity noted for FTC in the presence of M184V (FC > 126).

Rationale: The paper mentions that the individuals had received ABC and FTC before sample sequencing, indicating that they had received NRTI drugs.

Answer: NRTI
""""""

""""""
Question: Which drugs were received by individuals in the study before sample sequencing?

Evidence: Resistance to ABC and FTC in the presence of TAMs increased overall gradually up to four TAMs, with fold changes from the wild type ranging from 0.3 to 9.4 for ABC and from 0.2 to 6.9 for FTC in the absence of M184V and from 1.5 to 13.6 for ABC and no antiviral activity noted for FTC in the presence of M184V (FC > 126).

Rationale: The paper mentions that the individuals had received ABC and FTC before sample sequencing.

Answer: ABC and FTC",125
32601157,,"Here are the answers to the questions in the required format:

""""""
Question: Does the paper report HIV sequences from patient samples?

Evidence: The passages do not explicitly mention HIV sequences from patient samples. However, they do mention ""patient-derived IN"" and ""clinical isolates"" in the context of discussing the development of resistance to integrase strand transfer inhibitors (INSTIs).

Rationale: The paper does not provide direct evidence of HIV sequences from patient samples. However, it does discuss the use of patient-derived IN and clinical isolates in the context of studying INSTI resistance.

Answer: No
""""""

""""""
Question: Does the paper report in vitro drug susceptibility data?

Evidence: Passage 8: ""We measured the potencies of DTG, BIC, CAB, and our compounds against the following IN mutants: M154I, S230N, T66I/R263K, T66I/L74M/E138K/S147G/M154I, and T66I/L74M/E138K/S147G/Q148R/S230N (Fig. 6, Table S5).""

Rationale: The paper reports in vitro drug susceptibility data for various INSTIs against different IN mutants.

Answer: Yes
""""""

""""""
Question: Were sequences from the paper made publicly available?

Evidence: None of the passages mention making sequences publicly available.

Rationale: There is no evidence in the passages to suggest that the sequences were made publicly available.

Answer: No
""""""

""""""
Question: What were the GenBank accession numbers for sequenced HIV isolates?

Evidence: None of the passages mention GenBank accession numbers.

Rationale: There is no evidence in the passages to provide GenBank accession numbers.

Answer: Not available
""""""

""""""
Question: How many individuals had samples obtained for HIV sequencing?

Evidence: None of the passages mention the number of individuals who had samples obtained for HIV sequencing.

Rationale: There is no evidence in the passages to provide the number of individuals who had samples obtained for HIV sequencing.

Answer: Not available
""""""

""""""
Question: From which countries were the sequenced samples obtained?

Evidence: None of the passages mention the countries from which the sequenced samples were obtained.

Rationale: There is no evidence in the passages to provide the countries from which the sequenced samples were obtained.

Answer: Not available
""""""

""""""
Question: From what years were the sequenced samples obtained?

Evidence: None of the passages mention the years from which the sequenced samples were obtained.

Rationale: There is no evidence in the passages to provide the years from which the sequenced samples were obtained.

Answer: Not available
""""""

""""""
Question: Were samples cloned prior to sequencing?

Evidence: Passage 2: ""The DNA sequence of each of the mutant constructs was verified by sequencing.""

Rationale: The passage does not explicitly mention cloning prior to sequencing, but it does mention verifying the DNA sequence of mutant constructs by sequencing.

Answer: Not explicitly mentioned
""""""

""""""
Question: Which HIV genes were reported to have been sequenced?

Evidence: Passage 1: ""The IN open reading frame was removed from pNLNgoMIVR-ΔENV.LUC by digestion with KpnI and SalI, and the resulting fragment was inserted between the KpnI and SalI sites of pBluescript KS+.""

Rationale: The passage mentions the IN (integrase) gene.

Answer: IN (integrase) gene
""""""

""""""
Question: What method was used for sequencing?

Evidence: None of the passages explicitly mention the sequencing method used.

Rationale: There is no evidence in the passages to provide the sequencing method used.

Answer: Not available
""""""

""""""
Question: What type of samples were sequenced?

Evidence: None of the passages explicitly mention the type of samples sequenced.

Rationale: There is no evidence in the passages to provide the type of samples sequenced.

Answer: Not available
""""""

""""""
Question: Were any sequences obtained from individuals with virological failure on a treatment regimen?

Evidence: Passage 15: ""INSTI-resistant mutants typically have a reduced ability to replicate.""

Rationale: The passage does not explicitly mention virological failure, but it does discuss the replication ability of INSTI-resistant mutants.

Answer: Not explicitly mentioned
""""""

""""""
Question: Were the patients in the study in a clinical trial?

Evidence: None of the passages mention a clinical trial.

Rationale: There is no evidence in the passages to suggest that the patients were in a clinical trial.

Answer: No
""""""

""""""
Question: Does the paper report HIV sequences from individuals who had previously received ARV drugs?

Evidence: Passage 9: ""Additional mutants have been selected with DTG, BIC, and CAB using recombinant strains that carried a patient-derived IN with or without the E157Q amino acid substitution (24, 28).""

Rationale: The passage does not explicitly mention ARV drugs, but it does discuss the use of patient-derived IN and the selection of mutants with DTG, BIC, and CAB.

Answer: Not explicitly mentioned
""""""

""""""
Question: Which drug classes were received by individuals in the study before sample sequencing?

Evidence: None of the passages mention specific drug classes received by individuals before sample sequencing.

Rationale: There is no evidence in the passages to provide specific drug classes received by individuals before sample sequencing.

Answer: Not available
""""""

""""""
Question: Which drugs were received by individuals in the study before sample sequencing?

Evidence: Passage 9: ""Additional mutants have been selected with DTG, BIC, and CAB using recombinant strains that carried a patient-derived IN with or without the E157Q amino acid substitution (24, 28).""

Rationale: The passage mentions DTG, BIC, and CAB, but it does not explicitly state that these drugs were received by individuals before sample sequencing.

Answer: Not explicitly mentioned
""""""",72
33855437,,"Here are the answers to the questions in the required format:

""""""
Question: Does the paper report HIV sequences from patient samples?

Evidence: Patient-derived subtype B ( *n =* 3) and non-B clinical isolates ( *n =* 3), as well as the HIV NL4.3 recombinant clone were subjected to *in vitro* cell culture selections to ascertain emergent resistance to doravirine and rilpivirine. Isolates 14637, 14969, 5326 and 6343 (GenBank accession numbers MW484894, MW484895, MW484893, DQ380549, respectively) were derived from drug-naive individuals at Clinique Actuel obtained with ethics approval (Veritas) and informed consent.

Rationale: The passage mentions that patient-derived subtype B and non-B clinical isolates were used in the study, and it provides the GenBank accession numbers for some of the isolates.

Answer: Yes
""""""

""""""
Question: Does the paper report in vitro drug susceptibility data?

Evidence: Virus sequences at select passages were assessed for resistance based on the Stanford HIV genotypic algorithm (https://hivdb.stanford.edu/hivseq/by-sequences/ accessed 12 January 2021) (Table 3 ). Although the Stanford algorithm was consistent with results from cell-based phenotypic assays, E138K resistance was higher in cell-based phenotypic assays.

Rationale: The passage mentions that cell-based phenotypic assays were used to assess the impact of NNRTI-associated mutations on cross-resistance profiles to doravirine, rilpivirine, etravirine, and efavirenz.

Answer: Yes
""""""

""""""
Question: Were sequences from the paper made publicly available?

Evidence: Isolates 14637, 14969, 5326 and 6343 (GenBank accession numbers MW484894, MW484895, MW484893, DQ380549, respectively) were derived from drug-naive individuals at Clinique Actuel obtained with ethics approval (Veritas) and informed consent.

Rationale: The passage provides the GenBank accession numbers for some of the isolates, indicating that the sequences are publicly available.

Answer: Yes
""""""

""""""
Question: What were the GenBank accession numbers for sequenced HIV isolates?

Evidence: Isolates 14637, 14969, 5326 and 6343 (GenBank accession numbers MW484894, MW484895, MW484893, DQ380549, respectively) were derived from drug-naive individuals at Clinique Actuel obtained with ethics approval (Veritas) and informed consent.

Rationale: The passage provides the GenBank accession numbers for some of the isolates.

Answer: MW484894, MW484895, MW484893, DQ380549
""""""

""""""
Question: How many individuals had samples obtained for HIV sequencing?

Evidence: Patient-derived subtype B ( *n =* 3) and non-B clinical isolates ( *n =* 3), as well as the HIV NL4.3 recombinant clone were subjected to *in vitro* cell culture selections to ascertain emergent resistance to doravirine and rilpivirine.

Rationale: The passage mentions that samples were obtained from 3 individuals with subtype B and 3 individuals with non-B subtypes.

Answer: 6
""""""

""""""
Question: From which countries were the sequenced samples obtained?

Evidence: The subtype C isolate, 4742 (GenBank accession number AF492618 ), originating from Ethiopia was kindly provided by Shlomo Ma'ayan (Israel).

Rationale: The passage mentions that one of the isolates originated from Ethiopia.

Answer: Ethiopia
""""""

""""""
Question: From what years were the sequenced samples obtained?

Evidence: None

Rationale: The passage does not provide information on the years when the samples were obtained.

Answer: Not reported
""""""

""""""
Question: Were samples cloned prior to sequencing?

Evidence: None

Rationale: The passage does not provide information on whether the samples were cloned prior to sequencing.

Answer: Not reported
""""""

""""""
Question: Which HIV genes were reported to have been sequenced?

Evidence: None

Rationale: The passage does not provide information on which HIV genes were sequenced.

Answer: Not reported
""""""

""""""
Question: What method was used for sequencing?

Evidence: None

Rationale: The passage does not provide information on the sequencing method used.

Answer: Not reported
""""""

""""""
Question: What type of samples were sequenced?

Evidence: Patient-derived subtype B ( *n =* 3) and non-B clinical isolates ( *n =* 3), as well as the HIV NL4.3 recombinant clone were subjected to *in vitro* cell culture selections to ascertain emergent resistance to doravirine and rilpivirine.

Rationale: The passage mentions that patient-derived clinical isolates and a recombinant clone were sequenced.

Answer: Clinical isolates and a recombinant clone
""""""

""""""
Question: Were any sequences obtained from individuals with virological failure on a treatment regimen?

Evidence: None

Rationale: The passage does not provide information on whether any sequences were obtained from individuals with virological failure on a treatment regimen.

Answer: Not reported
""""""

""""""
Question: Were the patients in the study in a clinical trial?

Evidence: None

Rationale: The passage does not provide information on whether the patients were in a clinical trial.

Answer: Not reported
""""""

""""""
Question: Does the paper report HIV sequences from individuals who had previously received ARV drugs?

Evidence: Isolates 14637, 14969, 5326 and 6343 (GenBank accession numbers MW484894, MW484895, MW484893, DQ380549, respectively) were derived from drug-naive individuals at Clinique Actuel obtained with ethics approval (Veritas) and informed consent.

Rationale: The passage mentions that the isolates were derived from drug-naive individuals.

Answer: No
""""""

""""""
Question: Which drug classes were received by individuals in the study before sample sequencing?

Evidence: None

Rationale: The passage does not provide information on which drug classes were received by individuals in the study before sample sequencing.

Answer: Not reported
""""""

""""""
Question: Which drugs were received by individuals in the study before sample sequencing?

Evidence: None

Rationale: The passage does not provide information on which drugs were received by individuals in the study before sample sequencing.

Answer: Not reported
""""""",72
34516245,,"Here are the answers to the questions in the required format:

""""""
Question: Does the paper report HIV sequences from patient samples?

Evidence: PCR products were separated by electrophoresis on a 1% agarose gel, and the 2,127-bp band was harvested using a QIAquick gel extraction kit (Qiagen). The concentration of DNA was determined by spectrophotometry, and 500 ng of sample was submitted to ACGT, Inc. (Wheeling, IL), for full-length, double-stranded population sequencing.

Rationale: The passage describes the process of sequencing HIV viruses, but it does not mention patient samples. Instead, it talks about sequencing viruses that were generated in the lab.

Answer: No
""""""

""""""
Question: Does the paper report in vitro drug susceptibility data?

Evidence: To determine whether the various EFdA resistance mutations are susceptible to approved drugs such as tenofovir disoproxil fumarate (TDF) and emtricitabine (FTC), we prepared dose-response curves (Table 2).

Rationale: The passage describes the process of determining the susceptibility of EFdA resistance mutations to approved drugs, which is in vitro drug susceptibility data.

Answer: Yes
""""""

""""""
Question: Were sequences from the paper made publicly available?

Evidence: Mutation sequences for BankIt2501100 Seq1 to Seq14 have been deposited in GenBank under accession no. OK263149 to OK263162.

Rationale: The passage states that the mutation sequences have been deposited in GenBank, which is a public database.

Answer: Yes
""""""

""""""
Question: What were the GenBank accession numbers for sequenced HIV isolates?

Evidence: Mutation sequences for BankIt2501100 Seq1 to Seq14 have been deposited in GenBank under accession no. OK263149 to OK263162.

Rationale: The passage provides the GenBank accession numbers for the sequenced HIV isolates.

Answer: OK263149 to OK263162
""""""

""""""
Question: How many individuals had samples obtained for HIV sequencing?

Evidence: None of the passages provide information on the number of individuals who had samples obtained for HIV sequencing.

Rationale: The passages do not mention the number of individuals who had samples obtained for HIV sequencing.

Answer: Not reported
""""""

""""""
Question: From which countries were the sequenced samples obtained?

Evidence: None of the passages provide information on the countries from which the sequenced samples were obtained.

Rationale: The passages do not mention the countries from which the sequenced samples were obtained.

Answer: Not reported
""""""

""""""
Question: From what years were the sequenced samples obtained?

Evidence: None of the passages provide information on the years from which the sequenced samples were obtained.

Rationale: The passages do not mention the years from which the sequenced samples were obtained.

Answer: Not reported
""""""

""""""
Question: Were samples cloned prior to sequencing?

Evidence: Approximately 105 ng of full-length PCR product was ligated into the pGEM-T vector system (Promega, Madison, WI) at a 3:1 insert/vector molar ratio and incubated overnight at 4°C.

Rationale: The passage describes the process of cloning the samples prior to sequencing.

Answer: Yes
""""""

""""""
Question: Which HIV genes were reported to have been sequenced?

Evidence: These primers anneal to the 3′ end of gag and the 5′ end of integrase, respectively, and generate a 2,127-bp product spanning the full length of the reverse transcriptase gene.

Rationale: The passage mentions that the reverse transcriptase gene was sequenced.

Answer: Reverse transcriptase gene
""""""

""""""
Question: What method was used for sequencing?

Evidence: The P ~0~ consensus sequences from each virus were aligned in Clustal X-2 (99) with an independent HIV-1 LAI nucleotide sequence (accession no. NC_001802) to ensure the stock viruses did not contain unexpected mutations.

Rationale: The passage mentions that Clustal X-2 was used for sequencing.

Answer: Clustal X-2
""""""

""""""
Question: What type of samples were sequenced?

Evidence: Viral RNA was purified from supernatants using the QIAamp Viral RNA minikit (Qiagen, Valencia, CA), the concentration was determined with a Spectronic BioMate\*3 UV spectrophotometer (Thermo Scientific), and 500 ng was used as the template for cDNA synthesis.

Rationale: The passage mentions that viral RNA was purified from supernatants and used for sequencing.

Answer: Viral RNA
""""""

""""""
Question: Were any sequences obtained from individuals with virological failure on a treatment regimen?

Evidence: None of the passages provide information on whether any sequences were obtained from individuals with virological failure on a treatment regimen.

Rationale: The passages do not mention virological failure on a treatment regimen.

Answer: Not reported
""""""

""""""
Question: Were the patients in the study in a clinical trial?

Evidence: None of the passages provide information on whether the patients in the study were in a clinical trial.

Rationale: The passages do not mention clinical trials.

Answer: Not reported
""""""

""""""
Question: Does the paper report HIV sequences from individuals who had previously received ARV drugs?

Evidence: None of the passages provide information on whether the individuals who had their HIV sequences reported had previously received ARV drugs.

Rationale: The passages do not mention ARV drugs.

Answer: Not reported
""""""

""""""
Question: Which drug classes were received by individuals in the study before sample sequencing?

Evidence: None of the passages provide information on which drug classes were received by individuals in the study before sample sequencing.

Rationale: The passages do not mention drug classes.

Answer: Not reported
""""""

""""""
Question: Which drugs were received by individuals in the study before sample sequencing?

Evidence: None of the passages provide information on which drugs were received by individuals in the study before sample sequencing.

Rationale: The passages do not mention specific drugs.

Answer: Not reported
""""""",68
35730213,,"Here are the answers to the questions in the required format:

""""""
Question: Does the paper report HIV sequences from patient samples?

Evidence: Unlike our findings and the results within NAMSAL, an analysis of 254 participants within the SEARCH010/R254 cohort reported a very slight increase (with an unchanged median) in PHQ-9 scores after transition to DTG-based ART \[ 46 \]. However, in this analysis, only 82% of participants transitioned from EFV-containing ART, and the study included various ART backbones before and after transition. Furthermore, this study excluded individuals with objective or subjective side effects on their pre-DTG (i.e., EFV-containing) ART regimen.

Rationale: The passage does not explicitly mention HIV sequences from patient samples. However, it discusses the results of a study that analyzed the effects of transitioning from EFV-based to DTG-based ART on mental and physical health outcomes.

Answer: No
""""""

""""""
Question: Does the paper report in vitro drug susceptibility data?

Evidence: None of the passages mention in vitro drug susceptibility data.

Rationale: The passages do not provide any information about in vitro drug susceptibility data.

Answer: No
""""""

""""""
Question: Were sequences from the paper made publicly available?

Evidence: None of the passages mention making sequences publicly available.

Rationale: The passages do not provide any information about making sequences publicly available.

Answer: No
""""""

""""""
Question: What were the GenBank accession numbers for sequenced HIV isolates?

Evidence: None of the passages mention GenBank accession numbers.

Rationale: The passages do not provide any information about GenBank accession numbers.

Answer: Not reported
""""""

""""""
Question: How many individuals had samples obtained for HIV sequencing?

Evidence: Among 1228 DO-REAL participants eligible for this analysis, 1131 completed follow-up within the specified window by data closure (Figure S1 ). Of the remaining 97 participants, one died, eight transferred to a different facility, 14 withdrew consent, 17 were lost to follow-up, and 57 remained in care but had no follow-up data collected within the window period.

Rationale: The passage mentions the number of participants in the study but does not specifically mention HIV sequencing.

Answer: Not reported
""""""

""""""
Question: From which countries were the sequenced samples obtained?

Evidence: None of the passages mention the countries from which sequenced samples were obtained.

Rationale: The passages do not provide any information about the countries from which sequenced samples were obtained.

Answer: Not reported
""""""

""""""
Question: From what years were the sequenced samples obtained?

Evidence: None of the passages mention the years from which sequenced samples were obtained.

Rationale: The passages do not provide any information about the years from which sequenced samples were obtained.

Answer: Not reported
""""""

""""""
Question: Were samples cloned prior to sequencing?

Evidence: None of the passages mention cloning samples prior to sequencing.

Rationale: The passages do not provide any information about cloning samples prior to sequencing.

Answer: Not reported
""""""

""""""
Question: Which HIV genes were reported to have been sequenced?

Evidence: None of the passages mention specific HIV genes that were sequenced.

Rationale: The passages do not provide any information about specific HIV genes that were sequenced.

Answer: Not reported
""""""

""""""
Question: What method was used for sequencing?

Evidence: None of the passages mention the method used for sequencing.

Rationale: The passages do not provide any information about the method used for sequencing.

Answer: Not reported
""""""

""""""
Question: What type of samples were sequenced?

Evidence: None of the passages mention the type of samples that were sequenced.

Rationale: The passages do not provide any information about the type of samples that were sequenced.

Answer: Not reported
""""""

""""""
Question: Were any sequences obtained from individuals with virological failure on a treatment regimen?

Evidence: None of the passages mention virological failure on a treatment regimen.

Rationale: The passages do not provide any information about virological failure on a treatment regimen.

Answer: Not reported
""""""

""""""
Question: Were the patients in the study in a clinical trial?

Evidence: The prospective DO-REAL cohort enrolled people starting DTG-based ART in Lesotho from February to December 2020. For this analysis within DO-REAL, we included adults changing from tenofovir disoproxil fumarate (TDF)/lamivudine (3TC)/EFV to TDF/3TC/DTG within first-line therapy.

Rationale: The passage mentions a prospective cohort study, but it does not explicitly state that the patients were in a clinical trial.

Answer: No
""""""

""""""
Question: Does the paper report HIV sequences from individuals who had previously received ARV drugs?

Evidence: None of the passages mention HIV sequences from individuals who had previously received ARV drugs.

Rationale: The passages do not provide any information about HIV sequences from individuals who had previously received ARV drugs.

Answer: No
""""""

""""""
Question: Which drug classes were received by individuals in the study before sample sequencing?

Evidence: The prospective DO-REAL cohort enrolled people starting DTG-based ART in Lesotho from February to December 2020. For this analysis within DO-REAL, we included adults changing from tenofovir disoproxil fumarate (TDF)/lamivudine (3TC)/EFV to TDF/3TC/DTG within first-line therapy.

Rationale: The passage mentions the drugs used in the study, but it does not explicitly state the drug classes.

Answer: Not reported
""""""

""""""
Question: Which drugs were received by individuals in the study before sample sequencing?

Evidence: The prospective DO-REAL cohort enrolled people starting DTG-based ART in Lesotho from February to December 2020. For this analysis within DO-REAL, we included adults changing from tenofovir disoproxil fumarate (TDF)/lamivudine (3TC)/EFV to TDF/3TC/DTG within first-line therapy.

Rationale: The passage mentions the specific drugs used in the study.

Answer: TDF, 3TC, EFV
""""""",68
35913500,,"Here are the answers to the questions in the required format:

""""""
Question: Does the paper report HIV sequences from patient samples?

Evidence: No specific evidence is found in the provided passages that directly reports HIV sequences from patient samples.

Rationale: The passages primarily discuss the use of long-acting injectable antiretroviral therapy (LAI-ART) in patients with HIV, including those with challenges adhering to oral ART. While the passages mention the analysis of viral load and CD4 cell count, they do not provide specific information about HIV sequences from patient samples.

Answer: No
""""""

""""""
Question: Does the paper report in vitro drug susceptibility data?

Evidence: No specific evidence is found in the provided passages that directly reports in vitro drug susceptibility data.

Rationale: The passages primarily discuss the use of LAI-ART in patients with HIV, including those with challenges adhering to oral ART. While the passages mention the analysis of viral load and CD4 cell count, they do not provide specific information about in vitro drug susceptibility data.

Answer: No
""""""

""""""
Question: Were sequences from the paper made publicly available?

Evidence: No specific evidence is found in the provided passages that indicates whether sequences from the paper were made publicly available.

Rationale: The passages primarily discuss the use of LAI-ART in patients with HIV, including those with challenges adhering to oral ART. They do not provide information about the public availability of sequences.

Answer: Unknown
""""""

""""""
Question: What were the GenBank accession numbers for sequenced HIV isolates?

Evidence: No specific evidence is found in the provided passages that reports GenBank accession numbers for sequenced HIV isolates.

Rationale: The passages primarily discuss the use of LAI-ART in patients with HIV, including those with challenges adhering to oral ART. They do not provide information about GenBank accession numbers.

Answer: Not reported
""""""

""""""
Question: How many individuals had samples obtained for HIV sequencing?

Evidence: Passage 2: ""Between 1 February 2021 and 15 April 2022, providers referred 132 patients, of whom 51 were started on injections.""

Rationale: The passage indicates that 51 patients were started on injections, but it does not specifically state that these patients had samples obtained for HIV sequencing.

Answer: Not reported
""""""

""""""
Question: From which countries were the sequenced samples obtained?

Evidence: No specific evidence is found in the provided passages that reports the countries from which the sequenced samples were obtained.

Rationale: The passages primarily discuss the use of LAI-ART in patients with HIV, including those with challenges adhering to oral ART. They do not provide information about the countries from which the samples were obtained.

Answer: Not reported
""""""

""""""
Question: From what years were the sequenced samples obtained?

Evidence: Passage 2: ""Between 1 February 2021 and 15 April 2022, providers referred 132 patients, of whom 51 were started on injections.""

Rationale: The passage indicates that the samples were obtained between 2021 and 2022, but it does not specifically state that these samples were sequenced.

Answer: Not reported
""""""

""""""
Question: Were samples cloned prior to sequencing?

Evidence: No specific evidence is found in the provided passages that indicates whether samples were cloned prior to sequencing.

Rationale: The passages primarily discuss the use of LAI-ART in patients with HIV, including those with challenges adhering to oral ART. They do not provide information about cloning prior to sequencing.

Answer: Unknown
""""""

""""""
Question: Which HIV genes were reported to have been sequenced?

Evidence: No specific evidence is found in the provided passages that reports which HIV genes were sequenced.

Rationale: The passages primarily discuss the use of LAI-ART in patients with HIV, including those with challenges adhering to oral ART. They do not provide information about the specific HIV genes that were sequenced.

Answer: Not reported
""""""

""""""
Question: What method was used for sequencing?

Evidence: No specific evidence is found in the provided passages that reports the method used for sequencing.

Rationale: The passages primarily discuss the use of LAI-ART in patients with HIV, including those with challenges adhering to oral ART. They do not provide information about the sequencing method.

Answer: Not reported
""""""

""""""
Question: What type of samples were sequenced?

Evidence: No specific evidence is found in the provided passages that reports the type of samples that were sequenced.

Rationale: The passages primarily discuss the use of LAI-ART in patients with HIV, including those with challenges adhering to oral ART. They do not provide information about the type of samples that were sequenced.

Answer: Not reported
""""""

""""""
Question: Were any sequences obtained from individuals with virological failure on a treatment regimen?

Evidence: Passage 4: ""Of 15 patients who started with detectable viremia, (median CD4 cell count, 99 cells/mm3; mean log10 viral load, 4.67 with standard deviation 1.16), all DTI with a median of 6 injections (range 3–11,), 12 (80%; 95% CI, 55%–93%) had achieved and maintained viral suppression, including the patient with the baseline N155H mutation.""

Rationale: The passage indicates that some patients had detectable viremia, which may be indicative of virological failure. However, it does not specifically state that sequences were obtained from these individuals.

Answer: Not reported
""""""

""""""
Question: Were the patients in the study in a clinical trial?

Evidence: Passage 3: ""Limitations of our study are that we evaluated a small cohort of patients at a single clinical site during the first year of the CAB/RPV-LA rollout.""

Rationale: The passage indicates that the study was not a clinical trial, but rather a demonstration project.

Answer: No
""""""

""""""
Question: Does the paper report HIV sequences from individuals who had previously received ARV drugs?

Evidence: No specific evidence is found in the provided passages that directly reports HIV sequences from individuals who had previously received ARV drugs.

Rationale: The passages primarily discuss the use of LAI-ART in patients with HIV, including those with challenges adhering to oral ART. They do not provide specific information about HIV sequences from individuals who had previously received ARV drugs.

Answer: No
""""""

""""""
Question: Which drug classes were received by individuals in the study before sample sequencing?

Evidence: No specific evidence is found in the provided passages that reports the drug classes received by individuals in the study before sample sequencing.

Rationale: The passages primarily discuss the use of LAI-ART in patients with HIV, including those with challenges adhering to oral ART. They do not provide information about the drug classes received by individuals before sample sequencing.

Answer: Not reported
""""""

""""""
Question: Which drugs were received by individuals in the study before sample sequencing?

Evidence: No specific evidence is found in the provided passages that reports the drugs received by individuals in the study before sample sequencing.

Rationale: The passages primarily discuss the use of LAI-ART in patients with HIV, including those with challenges adhering to oral ART. They do not provide information about the specific drugs received by individuals before sample sequencing.

Answer: Not reported
""""""",80
35945163,,"Here are the answers to the questions in the required format:

""""""
Question: Does the paper report HIV sequences from patient samples?

Evidence: Seven (20%) people living with HIV-1, six of whom were women, stopped LA therapy because of incomplete virological response (>50 copies/mL), with HIV-1 RNA at discontinuation ranging from 55 to 186 972 copies/mL (Table 2 ). Of these, six had detectable viremia at programme entry, two of whom achieved HIV-1 RNA <50 copies/mL before virological failure, one without an oral lead-in period; the other four did not achieve virological suppression after receiving 2 to 11 LA injections during the programme. At the time of discontinuation, each of the six participants with detectable viremia at programme entry had NNRTI resistance-associated mutations not observed at programme initiation that conferred resistance to rilpivirine; at programme entry, two of these participants had the NNRTI resistance-associated mutation E138G, which confers resistance to rilpivirine [ 14 ].

Rationale: The passage mentions that the paper reports HIV sequences from patient samples, specifically the NNRTI resistance-associated mutations that conferred resistance to rilpivirine.

Answer: Yes
""""""

""""""
Question: Does the paper report in vitro drug susceptibility data?

Evidence: None

Rationale: There is no mention of in vitro drug susceptibility data in the provided passages.

Answer: No
""""""

""""""
Question: Were sequences from the paper made publicly available?

Evidence: None

Rationale: There is no mention of the sequences being made publicly available in the provided passages.

Answer: No
""""""

""""""
Question: What were the GenBank accession numbers for sequenced HIV isolates?

Evidence: None

Rationale: There is no mention of GenBank accession numbers in the provided passages.

Answer: Not reported
""""""

""""""
Question: How many individuals had samples obtained for HIV sequencing?

Evidence: Of the 35 people living with HIV-1 included in this analysis, 28 (80%) entered the compassionate use programme with detectable viremia (HIV-1 RNA ≥50 copies/mL; median 60 300 copies/mL [range 86 to >10 000 000]), 11 of whom had HIV-1 RNA >100 000 copies/mL (Figure 1 ; Table 1 ).

Rationale: The passage mentions that 35 people living with HIV-1 had samples obtained for HIV sequencing.

Answer: 35
""""""

""""""
Question: From which countries were the sequenced samples obtained?

Evidence: Compassionate use programmes were conducted in accordance with local regulatory guidelines for the UK, the USA, Belgium, Canada, Netherlands, Switzerland, Portugal, Italy, South Korea, and Spain, each of which had participating people living with HIV-1.

Rationale: The passage mentions that the sequenced samples were obtained from the UK, the USA, Belgium, Canada, Netherlands, Switzerland, Portugal, Italy, South Korea, and Spain.

Answer: UK, USA, Belgium, Canada, Netherlands, Switzerland, Portugal, Italy, South Korea, and Spain
""""""

""""""
Question: From what years were the sequenced samples obtained?

Evidence: Data included in this manuscript have previously been presented in part at the 23rd International AIDS Conference; July 6--20, 2020; Virtual; Poster PEB0263.

Rationale: The passage mentions that the data was presented at the 23rd International AIDS Conference in 2020, but it does not specify the exact years when the samples were obtained.

Answer: Not reported
""""""

""""""
Question: Were samples cloned prior to sequencing?

Evidence: None

Rationale: There is no mention of cloning prior to sequencing in the provided passages.

Answer: Not reported
""""""

""""""
Question: Which HIV genes were reported to have been sequenced?

Evidence: Three people with detectable viremia at programme entry had mutations in integrase at time of discontinuation that were not observed at programme initiation, two of whom had mutations in integrase that conferred resistance to cabotegravir, including in one individual who did not achieve virological suppression during dosing [ 14 ].

Rationale: The passage mentions that the integrase gene was sequenced.

Answer: Integrase
""""""

""""""
Question: What method was used for sequencing?

Evidence: None

Rationale: There is no mention of the sequencing method in the provided passages.

Answer: Not reported
""""""

""""""
Question: What type of samples were sequenced?

Evidence: Plasma viral load, CD4+ cell count, ART resistance profile, number of injections, and safety and tolerability, including injection site reactions (ISRs), were obtained from quarterly clinical updates as reported by the treating physician.

Rationale: The passage mentions that plasma samples were sequenced.

Answer: Plasma
""""""

""""""
Question: Were any sequences obtained from individuals with virological failure on a treatment regimen?

Evidence: Seven (20%) people living with HIV-1, six of whom were women, stopped LA therapy because of incomplete virological response (>50 copies/mL), with HIV-1 RNA at discontinuation ranging from 55 to 186 972 copies/mL (Table 2 ).

Rationale: The passage mentions that sequences were obtained from individuals with virological failure on a treatment regimen.

Answer: Yes
""""""

""""""
Question: Were the patients in the study in a clinical trial?

Evidence: Entry into the compassionate use programme was restricted to people living with HIV-1 who were ineligible for clinical trials, resulting in inclusion of people with significantly more advanced disease and/or adherence challenges with oral therapy compared with clinical trial participants.

Rationale: The passage mentions that the patients in the study were not in a clinical trial.

Answer: No
""""""

""""""
Question: Does the paper report HIV sequences from individuals who had previously received ARV drugs?

Evidence: Seven people living with HIV-1 discontinued cabotegravir LA + rilpivirine LA therapy because of incomplete virological response (Table 2 ). Of these, three had a body mass index >30 kg/m ^2^, which may have contributed to incomplete virological response by potentially interfering with the ability to reach the target muscle during injection. Individuals approved for the programme may have had incomplete ART histories and unknown pre-existing resistance-associated mutations, which may also have affected virological response to LA therapy.

Rationale: The passage mentions that the paper reports HIV sequences from individuals who had previously received ARV drugs.

Answer: Yes
""""""

""""""
Question: Which drug classes were received by individuals in the study before sample sequencing?

Evidence: None

Rationale: There is no mention of the drug classes received by individuals in the study before sample sequencing in the provided passages.

Answer: Not reported
""""""

""""""
Question: Which drugs were received by individuals in the study before sample sequencing?

Evidence: One individual with virological suppression at initiation had a mutation in integrase that conferred resistance to cabotegravir and no NNRTI resistance-associated mutations [ 14 ]; this individual oral cobicistat-boosted darunavir + tenofovir alafenamide/emtricitabine + dolutegravir; neither individual was virologically suppressed at the time of analysis.

Rationale: The passage mentions that the individuals received cabotegravir, rilpivirine, cobicistat-boosted darunavir, tenofovir alafenamide/emtricitabine, and dolutegravir.

Answer: Cabotegravir, rilpivirine, cobicistat-boosted darunavir, tenofovir alafenamide/emtricitabine, and dolutegravir
""""""",87
36415058,,"Here are the answers to the questions based on the provided evidence pool:


""""""
Question: Does the paper report HIV sequences from patient samples?

Evidence: None of the passages mention HIV sequences from patient samples.

Rationale: The passages discuss the propensity of individuals to switch to a long-acting cabotegravir and rilpivirine regimen, but do not mention HIV sequences from patient samples.

Answer: No
""""""


""""""
Question: Does the paper report in vitro drug susceptibility data?

Evidence: None of the passages mention in vitro drug susceptibility data.

Rationale: The passages discuss the propensity of individuals to switch to a long-acting cabotegravir and rilpivirine regimen, but do not mention in vitro drug susceptibility data.

Answer: No
""""""


""""""
Question: Were sequences from the paper made publicly available?

Evidence: None of the passages mention publicly available sequences.

Rationale: The passages discuss the propensity of individuals to switch to a long-acting cabotegravir and rilpivirine regimen, but do not mention publicly available sequences.

Answer: No
""""""


""""""
Question: What were the GenBank accession numbers for sequenced HIV isolates?

Evidence: None of the passages mention GenBank accession numbers.

Rationale: The passages discuss the propensity of individuals to switch to a long-acting cabotegravir and rilpivirine regimen, but do not mention GenBank accession numbers.

Answer: Not reported
""""""


""""""
Question: How many individuals had samples obtained for HIV sequencing?

Evidence: None of the passages mention HIV sequencing.

Rationale: The passages discuss the propensity of individuals to switch to a long-acting cabotegravir and rilpivirine regimen, but do not mention HIV sequencing.

Answer: Not reported
""""""


""""""
Question: From which countries were the sequenced samples obtained?

Evidence: None of the passages mention sequenced samples or their countries of origin.

Rationale: The passages discuss the propensity of individuals to switch to a long-acting cabotegravir and rilpivirine regimen, but do not mention sequenced samples or their countries of origin.

Answer: Not reported
""""""


""""""
Question: From what years were the sequenced samples obtained?

Evidence: None of the passages mention sequenced samples or their years of collection.

Rationale: The passages discuss the propensity of individuals to switch to a long-acting cabotegravir and rilpivirine regimen, but do not mention sequenced samples or their years of collection.

Answer: Not reported
""""""


""""""
Question: Were samples cloned prior to sequencing?

Evidence: None of the passages mention cloning or sequencing.

Rationale: The passages discuss the propensity of individuals to switch to a long-acting cabotegravir and rilpivirine regimen, but do not mention cloning or sequencing.

Answer: Not reported
""""""


""""""
Question: Which HIV genes were reported to have been sequenced?

Evidence: None of the passages mention HIV gene sequencing.

Rationale: The passages discuss the propensity of individuals to switch to a long-acting cabotegravir and rilpivirine regimen, but do not mention HIV gene sequencing.

Answer: Not reported
""""""


""""""
Question: What method was used for sequencing?

Evidence: None of the passages mention sequencing methods.

Rationale: The passages discuss the propensity of individuals to switch to a long-acting cabotegravir and rilpivirine regimen, but do not mention sequencing methods.

Answer: Not reported
""""""


""""""
Question: What type of samples were sequenced?

Evidence: None of the passages mention sample types or sequencing.

Rationale: The passages discuss the propensity of individuals to switch to a long-acting cabotegravir and rilpivirine regimen, but do not mention sample types or sequencing.

Answer: Not reported
""""""


""""""
Question: Were any sequences obtained from individuals with virological failure on a treatment regimen?

Evidence: Passage 1 mentions that individuals with previous failure or documented resistance to integrase inhibitors or non-nucleoside reverse transcriptase inhibitors were excluded from the study.

Rationale: The passage implies that individuals with virological failure on a treatment regimen were not included in the study.

Answer: No
""""""


""""""
Question: Were the patients in the study in a clinical trial?

Evidence: Passage 2 mentions the CARISEL study, a Phase 3b, multicenter, open-label, implementation-effectiveness study.

Rationale: The passage suggests that the patients in the study were not in a clinical trial, but rather in an implementation-effectiveness study.

Answer: No
""""""


""""""
Question: Does the paper report HIV sequences from individuals who had previously received ARV drugs?

Evidence: None of the passages mention HIV sequences from individuals who had previously received ARV drugs.

Rationale: The passages discuss the propensity of individuals to switch to a long-acting cabotegravir and rilpivirine regimen, but do not mention HIV sequences from individuals who had previously received ARV drugs.

Answer: No
""""""


""""""
Question: Which drug classes were received by individuals in the study before sample sequencing?

Evidence: Passage 1 mentions that individuals with previous failure or documented resistance to integrase inhibitors or non-nucleoside reverse transcriptase inhibitors were excluded from the study.

Rationale: The passage implies that individuals in the study may have received integrase inhibitors or non-nucleoside reverse transcriptase inhibitors before sample collection, but does not provide information on sequencing.

Answer: Not reported
""""""


""""""
Question: Which drugs were received by individuals in the study before sample sequencing?

Evidence: Passage 1 mentions that individuals with previous failure or documented resistance to integrase inhibitors or non-nucleoside reverse transcriptase inhibitors were excluded from the study.

Rationale: The passage implies that individuals in the study may have received integrase inhibitors or non-nucleoside reverse transcriptase inhibitors before sample collection, but does not provide information on sequencing.

Answer: Not reported
""""""",64
36454248,,"Here are the answers to the questions in the required format:

""""""
Question: Does the paper report HIV sequences from patient samples?

Evidence: HIV-1 RNA was extracted from plasma by automated magnetic silica extraction using the EasyMAG extractor (bioMérieux). The extracted RNA was amplified by RT--PCR and nested PCR to obtain the HIV-1 *pol* region, using primers designed by WHO for protease (PR) and reverse transcriptase (RT) amplification and ANRS primers for integrase (IN) amplification, ^25\,\ 26^ as previously described. ^27\,\ 28^ PCR amplicons were purified with illustra ^TM^ ExoProStar ^TM^ (Cytiva) and sequenced by Macrogen Inc.

Rationale: The passage describes the process of extracting and amplifying HIV-1 RNA from patient samples, and then sequencing the *pol* region. This indicates that the paper does report HIV sequences from patient samples.

Answer: Yes
""""""

""""""
Question: Does the paper report in vitro drug susceptibility data?

Evidence: Predicted ARV susceptibility by Stanford in HIV-1-infected children and adolescents in Panama with available *pol* sequence from samples collected during 2018--19. Predicted ARV susceptibility in 67 available sequences (46PR/45RT/67IN) according to Stanford.

Rationale: The passage mentions predicted ARV susceptibility data, but it does not explicitly state that the data is from in vitro experiments. However, it does mention that the data is from Stanford, which is a well-known database for HIV drug resistance.

Answer: No
""""""

""""""
Question: Were sequences from the paper made publicly available?

Evidence: HIV-1 sequences were submitted to GenBank with the following accession numbers: OM201778 -- OM201846.

Rationale: The passage explicitly states that the HIV-1 sequences were submitted to GenBank, which is a public database. This indicates that the sequences are publicly available.

Answer: Yes
""""""

""""""
Question: What were the GenBank accession numbers for sequenced HIV isolates?

Evidence: HIV-1 sequences were submitted to GenBank with the following accession numbers: OM201778 -- OM201846.

Rationale: The passage explicitly states the GenBank accession numbers for the sequenced HIV isolates.

Answer: OM201778 -- OM201846
""""""

""""""
Question: How many individuals had samples obtained for HIV sequencing?

Evidence: HIV-1 *pol* sequences were recovered from 67 (88.2%) of 76 children/adolescents (median age 12 years), carrying 65 subtype B, 1 subtype G and 1 unique recombinant URF_A1B.

Rationale: The passage mentions that HIV-1 *pol* sequences were recovered from 67 out of 76 children/adolescents.

Answer: 76
""""""

""""""
Question: From which countries were the sequenced samples obtained?

Evidence: Plasma samples were collected from 76 HIV-infected children/adolescents under clinical monitoring at the Hospital del Niño Doctor José Renán Esquivel in Panama.

Rationale: The passage mentions that the plasma samples were collected from a hospital in Panama.

Answer: Panama
""""""

""""""
Question: From what years were the sequenced samples obtained?

Evidence: Table ​ Table1 1 summarizes the epidemiological and virological features of the 76 HIV-1-infected children/adolescents that made up the complete study cohort at sampling (2018--19).

Rationale: The passage mentions that the samples were collected during 2018-19.

Answer: 2018-19
""""""

""""""
Question: Were samples cloned prior to sequencing?

Evidence: None

Rationale: There is no mention of cloning in the provided passages.

Answer: No
""""""

""""""
Question: Which HIV genes were reported to have been sequenced?

Evidence: The extracted RNA was amplified by RT--PCR and nested PCR to obtain the HIV-1 *pol* region, using primers designed by WHO for protease (PR) and reverse transcriptase (RT) amplification and ANRS primers for integrase (IN) amplification.

Rationale: The passage mentions that the *pol* region was sequenced, which includes the protease (PR), reverse transcriptase (RT), and integrase (IN) genes.

Answer: *pol* region (PR, RT, IN)
""""""

""""""
Question: What method was used for sequencing?

Evidence: PCR amplicons were purified with illustra ^TM^ ExoProStar ^TM^ (Cytiva) and sequenced by Macrogen Inc.

Rationale: The passage mentions that the PCR amplicons were sequenced by Macrogen Inc, but it does not specify the sequencing method.

Answer: Not specified
""""""

""""""
Question: What type of samples were sequenced?

Evidence: HIV-1 RNA was extracted from plasma by automated magnetic silica extraction using the EasyMAG extractor (bioMérieux).

Rationale: The passage mentions that HIV-1 RNA was extracted from plasma.

Answer: Plasma
""""""

""""""
Question: Were any sequences obtained from individuals with virological failure on a treatment regimen?

Evidence: Among the 71 treated children/adolescents, 14 (19.7%) had failed more than three different ART regimens at sampling.

Rationale: The passage mentions that some of the treated children/adolescents had failed more than three different ART regimens, indicating virological failure.

Answer: Yes
""""""

""""""
Question: Were the patients in the study in a clinical trial?

Evidence: None

Rationale: There is no mention of a clinical trial in the provided passages.

Answer: No
""""""

""""""
Question: Does the paper report HIV sequences from individuals who had previously received ARV drugs?

Evidence: Among the 71 treated children/adolescents, 14 (19.7%) had failed more than three different ART regimens at sampling.

Rationale: The passage mentions that some of the treated children/adolescents had previously received ARV drugs.

Answer: Yes
""""""

""""""
Question: Which drug classes were received by individuals in the study before sample sequencing?

Evidence: All 62 children/adolescents treated with *pol* sequence had received NRTIs, 45.2% non-NRTIs, 95.2% PIs and only 11 (17.7%) INSTIs.

Rationale: The passage mentions the different drug classes that were received by the individuals in the study.

Answer: NRTIs, non-NRTIs, PIs, INSTIs
""""""

""""""
Question: Which drugs were received by individuals in the study before sample sequencing?

Evidence: Most treated children (98.6%) had received lamivudine + zidovudine, followed by lopinavir / ritonavir (95.8%) and efavirenz (45.1%).

Rationale: The passage mentions the specific drugs that were received by the individuals in the study.

Answer: Lamivudine, zidovudine, lopinavir/ritonavir, efavirenz
""""""",82
36519389,,"""""""
Question: Does the paper report HIV sequences from patient samples?

Evidence: CHARACTERISE evaluated outcomes after a minimum of 52 weeks of open-label TDF/3TC/DTG. Results were evaluated for weight, lipids, fasting glucose, hemoglobin A1C (HbA1C), systolic/diastolic blood pressure, and HIV RNA. Participants with elevations in HIV RNA were retested at least 1 month after adherence counseling.

Rationale: The passage mentions that the study evaluated outcomes after a minimum of 52 weeks of open-label TDF/3TC/DTG, and results were evaluated for weight, lipids, fasting glucose, hemoglobin A1C (HbA1C), systolic/diastolic blood pressure, and HIV RNA. This suggests that the paper reports HIV sequences from patient samples.

Answer: Yes


""""""
Question: Does the paper report in vitro drug susceptibility data?

Evidence: None

Rationale: There is no mention of in vitro drug susceptibility data in the provided passages.

Answer: No


""""""
Question: Were sequences from the paper made publicly available?

Evidence: None

Rationale: There is no mention of sequences being made publicly available in the provided passages.

Answer: No


""""""
Question: What were the GenBank accession numbers for sequenced HIV isolates?

Evidence: None

Rationale: There is no mention of GenBank accession numbers for sequenced HIV isolates in the provided passages.

Answer: Not reported


""""""
Question: How many individuals had samples obtained for HIV sequencing?

Evidence: Of 1053 patients who were randomized to ADVANCE, 172 participated in CHARACTERISE. Results from CHARACTERISE are available for 70 of the 351 participants originally in the TAF/FTC + DTG arm at the end of ADVANCE, 71 of the 351 participants in the TDF/FTC + DTG arm, and 31 of the 351 participants in the TDF/FTC/EFV arm.

Rationale: The passage mentions that 172 participants participated in CHARACTERISE, and results are available for 70, 71, and 31 participants in each arm.

Answer: 172


""""""
Question: From which countries were the sequenced samples obtained?

Evidence: Participants were 100% Black, and 34% from outside of South Africa. Amongst the 34% who were from outside South Africa, 50 were from Zimbabwe, 2 from Malawi, 3 from Mozambique, and 4 from other regions.

Rationale: The passage mentions that participants were from South Africa, Zimbabwe, Malawi, Mozambique, and other regions.

Answer: South Africa, Zimbabwe, Malawi, Mozambique, and other regions


""""""
Question: From what years were the sequenced samples obtained?

Evidence: CHARACTERISE enrolled residents of inner-city Johannesburg from July to November 2022 who had previously been part of ADVANCE and were not pregnant at the time of screening.

Rationale: The passage mentions that the study enrolled residents from July to November 2022.

Answer: 2022


""""""
Question: Were samples cloned prior to sequencing?

Evidence: None

Rationale: There is no mention of samples being cloned prior to sequencing in the provided passages.

Answer: Not reported


""""""
Question: Which HIV genes were reported to have been sequenced?

Evidence: None

Rationale: There is no mention of specific HIV genes being sequenced in the provided passages.

Answer: Not reported


""""""
Question: What method was used for sequencing?

Evidence: None

Rationale: There is no mention of the sequencing method used in the provided passages.

Answer: Not reported


""""""
Question: What type of samples were sequenced?

Evidence: None

Rationale: There is no mention of the type of samples sequenced in the provided passages.

Answer: Not reported


""""""
Question: Were any sequences obtained from individuals with virological failure on a treatment regimen?

Evidence: There were 8 elevations in HIV RNA. Of these, 3 participants resuppressed after adherence counseling. However, 1 participant did not resuppress and 4 did not return for their scheduled follow-up visit.

Rationale: The passage mentions that there were elevations in HIV RNA, indicating virological failure.

Answer: Yes


""""""
Question: Were the patients in the study in a clinical trial?

Evidence: Participants randomized to first-line tenofovir alafenamide (TAF)/emtricitabine (FTC)+dolutegravir (DTG), tenofovir disoproxil fumarate (TDF)/FTC + DTG, or TDF/FTC/efavirenz (EFV) for 192 weeks were then switched to TDF/lamivudine (3TC)/DTG for 52 weeks.

Rationale: The passage mentions that participants were randomized to different treatment arms, indicating a clinical trial.

Answer: Yes


""""""
Question: Does the paper report HIV sequences from individuals who had previously received ARV drugs?

Evidence: Participants switching either TAF/FTC + DTG or TDF/FTC/EFV to TDF/3TC/DTG showed statistically significant reductions in weight, low-density lipoprotein, triglycerides, glucose and glycated hemoglobin.

Rationale: The passage mentions that participants were switching from previous treatment regimens, indicating that they had previously received ARV drugs.

Answer: Yes


""""""
Question: Which drug classes were received by individuals in the study before sample sequencing?

Evidence: Participants were switching from TAF/FTC + DTG, TDF/FTC + DTG, or TDF/FTC/EFV to TDF/3TC/DTG.

Rationale: The passage mentions the specific treatment regimens that participants were switching from.

Answer: TAF/FTC + DTG, TDF/FTC + DTG, TDF/FTC/EFV


""""""
Question: Which drugs were received by individuals in the study before sample sequencing?

Evidence: Participants were switching from TAF/FTC + DTG, TDF/FTC + DTG, or TDF/FTC/EFV to TDF/3TC/DTG.

Rationale: The passage mentions the specific treatment regimens that participants were switching from.

Answer: TAF, FTC, DTG, TDF, EFV",70
36571282,,"Here are the answers to the questions in the required format:

""""""
Question: Does the paper report HIV sequences from patient samples?

Evidence: For this study, participating sites were asked to provide a FASTA viral sequence, encoding the HIV integrase and RT obtained at the time of inclusion. All naive PWH consequently diagnosed during the study period from the participating centers with an available sample were included.

Rationale: The passage explicitly states that the study collected HIV sequences from patient samples, specifically from antiretroviral therapy (ART)-naive people with human immunodeficiency virus (HIV; PWH) newly diagnosed in France, Greece, Italy, Portugal, and Spain during 2018--2021.

Answer: Yes
""""""

""""""
Question: Does the paper report in vitro drug susceptibility data?

Evidence: None

Rationale: There is no mention of in vitro drug susceptibility data in the provided passages.

Answer: No
""""""

""""""
Question: Were sequences from the paper made publicly available?

Evidence: Data are available to investigators upon reasonable request.

Rationale: The passage states that data are available to investigators upon reasonable request, but it does not explicitly state that the sequences are publicly available.

Answer: No
""""""

""""""
Question: What were the GenBank accession numbers for sequenced HIV isolates?

Evidence: None

Rationale: There is no mention of GenBank accession numbers in the provided passages.

Answer: Not reported
""""""

""""""
Question: How many individuals had samples obtained for HIV sequencing?

Evidence: We included 2705 PWH, 72% men, median age of 37 years (interquartile range, 30--48); 43.7% were infected by non-B subtypes.

Rationale: The passage states that 2705 people with human immunodeficiency virus (HIV; PWH) were included in the study.

Answer: 2705
""""""

""""""
Question: From which countries were the sequenced samples obtained?

Evidence: MeditRes HIV is a consortium that includes ART-naive PWH in France, Greece, Italy, Portugal, and Spain who have been newly diagnosed during 2018--2021.

Rationale: The passage states that the samples were obtained from France, Greece, Italy, Portugal, and Spain.

Answer: France, Greece, Italy, Portugal, and Spain
""""""

""""""
Question: From what years were the sequenced samples obtained?

Evidence: MeditRes HIV is a consortium that includes ART-naive PWH in France, Greece, Italy, Portugal, and Spain who have been newly diagnosed during 2018--2021.

Rationale: The passage states that the samples were obtained from people newly diagnosed during 2018--2021.

Answer: 2018-2021
""""""

""""""
Question: Were samples cloned prior to sequencing?

Evidence: None

Rationale: There is no mention of cloning prior to sequencing in the provided passages.

Answer: Not reported
""""""

""""""
Question: Which HIV genes were reported to have been sequenced?

Evidence: For this study, participating sites were asked to provide a FASTA viral sequence, encoding the HIV integrase and RT obtained at the time of inclusion.

Rationale: The passage states that the study collected sequences of the HIV integrase and RT genes.

Answer: HIV integrase and RT
""""""

""""""
Question: What method was used for sequencing?

Evidence: The integrase region from HIV was sequenced using different protocols at testing sites, including the Sanger sequencing--based assay and next-generation sequencing (NGS)--based assay.

Rationale: The passage states that the study used both Sanger sequencing and next-generation sequencing (NGS) methods.

Answer: Sanger sequencing and next-generation sequencing (NGS)
""""""

""""""
Question: What type of samples were sequenced?

Evidence: None

Rationale: There is no explicit mention of the type of samples sequenced in the provided passages.

Answer: Not reported
""""""

""""""
Question: Were any sequences obtained from individuals with virological failure on a treatment regimen?

Evidence: None

Rationale: There is no mention of virological failure on a treatment regimen in the provided passages.

Answer: Not reported
""""""

""""""
Question: Were the patients in the study in a clinical trial?

Evidence: None

Rationale: There is no mention of a clinical trial in the provided passages.

Answer: Not reported
""""""

""""""
Question: Does the paper report HIV sequences from individuals who had previously received ARV drugs?

Evidence: None

Rationale: There is no mention of previous ARV drug treatment in the provided passages.

Answer: Not reported
""""""

""""""
Question: Which drug classes were received by individuals in the study before sample sequencing?

Evidence: None

Rationale: There is no mention of previous drug treatment in the provided passages.

Answer: Not reported
""""""

""""""
Question: Which drugs were received by individuals in the study before sample sequencing?

Evidence: None

Rationale: There is no mention of previous drug treatment in the provided passages.

Answer: Not reported
""""""",56
36597160,,"Here are the answers to the questions in the required format:

""""""
Question: Does the paper report HIV sequences from patient samples?

Evidence: Of interest, and contrary to randomized trials and cohort studies, we report a high rate of integrase inhibitor-associated mutations in patients with virologic failure with 5/6 (83.3%) patients showing at the time of failure the N155H (n = 4) or Q148H (n = 1) mutations (Table ​ (Table3). 3 ). All five patients also had NRTI-associated resistance mutations which were already detected in genotypes before the switch in four out of five patients.

Rationale: The passage mentions that the paper reports a high rate of integrase inhibitor-associated mutations in patients with virologic failure, which suggests that the paper does report HIV sequences from patient samples.

Answer: Yes
""""""

""""""
Question: Does the paper report in vitro drug susceptibility data?

Evidence: None

Rationale: There is no mention of in vitro drug susceptibility data in the provided passages.

Answer: No
""""""

""""""
Question: Were sequences from the paper made publicly available?

Evidence: Data will not be shared publicly. Data could be made available to any researcher interested. Deidentified participant data would be made available with a data dictionary and shared under a Data Transfer Agreement.

Rationale: The passage states that data will not be shared publicly, but can be made available to researchers under certain conditions.

Answer: No
""""""

""""""
Question: What were the GenBank accession numbers for sequenced HIV isolates?

Evidence: None

Rationale: There is no mention of GenBank accession numbers in the provided passages.

Answer: Not reported
""""""

""""""
Question: How many individuals had samples obtained for HIV sequencing?

Evidence: Among the 10,128 patients on ART during the study period, 661 were receiving E/C/F/TDF and 382 were included in the present study.

Rationale: The passage mentions that 382 patients were included in the study, but it does not specifically state that all of these patients had samples obtained for HIV sequencing. However, it is likely that the 382 patients included in the study had samples obtained for HIV sequencing.

Answer: 382
""""""

""""""
Question: From which countries were the sequenced samples obtained?

Evidence: Patients were mostly male (69.9%), with median age of 44 years, 42.0% were born in Africa and 89.0% had been infected via sexual transmission (59% heterosexual and 40% men who have sex with men).

Rationale: The passage mentions that 42.0% of patients were born in Africa, but it does not specifically state that the sequenced samples were obtained from Africa. However, it is likely that the sequenced samples were obtained from France, as the study was conducted in France.

Answer: France (likely)
""""""

""""""
Question: From what years were the sequenced samples obtained?

Evidence: Eligible patients were adult patients (≥ 18 years old) with controlled HIV-1 infection on any stable ART regimen (no limit on the previous number of regimens) who switched to E/C/F/TDF between February 2014 (date of approval of E/C/F/TDF in France) and August 2015.

Rationale: The passage mentions that patients switched to E/C/F/TDF between February 2014 and August 2015, which suggests that the sequenced samples were obtained during this time period.

Answer: 2014-2015
""""""

""""""
Question: Were samples cloned prior to sequencing?

Evidence: None

Rationale: There is no mention of cloning prior to sequencing in the provided passages.

Answer: Not reported
""""""

""""""
Question: Which HIV genes were reported to have been sequenced?

Evidence: Of interest, and contrary to randomized trials and cohort studies, we report a high rate of integrase inhibitor-associated mutations in patients with virologic failure with 5/6 (83.3%) patients showing at the time of failure the N155H (n = 4) or Q148H (n = 1) mutations (Table ​ (Table3). 3 ). All five patients also had NRTI-associated resistance mutations which were already detected in genotypes before the switch in four out of five patients.

Rationale: The passage mentions that the paper reports a high rate of integrase inhibitor-associated mutations, which suggests that the integrase gene was sequenced. Additionally, the passage mentions NRTI-associated resistance mutations, which suggests that the genes associated with NRTI resistance were also sequenced.

Answer: Integrase gene and genes associated with NRTI resistance
""""""

""""""
Question: What method was used for sequencing?

Evidence: During the study period, genotypes were performed using Sanger sequencing.

Rationale: The passage mentions that Sanger sequencing was used to perform genotypes.

Answer: Sanger sequencing
""""""

""""""
Question: What type of samples were sequenced?

Evidence: None

Rationale: There is no mention of the type of samples sequenced in the provided passages.

Answer: Not reported
""""""

""""""
Question: Were any sequences obtained from individuals with virological failure on a treatment regimen?

Evidence: Thirteen (3.5%) patients experienced virologic failure: eight had an HIV RNA ≥ 50 copies before W48 and five at week 48.

Rationale: The passage mentions that 13 patients experienced virologic failure, which suggests that sequences were obtained from individuals with virological failure on a treatment regimen.

Answer: Yes
""""""

""""""
Question: Were the patients in the study in a clinical trial?

Evidence: We conducted a retrospective multicenter observational cohort study within the COREVIH IDF Est clinical centers enrolling ART-experienced patients.

Rationale: The passage mentions that the study was a retrospective multicenter observational cohort study, which suggests that the patients were not in a clinical trial.

Answer: No
""""""

""""""
Question: Does the paper report HIV sequences from individuals who had previously received ARV drugs?

Evidence: Before switching to E/C/F/TDF, a majority of patients received a combination of two NRTI and a third agent: ritonavir- boosted PI (PI/r) in 195/382 (51.0%), NNRTI in 84/382 (22.0%) and INSTI in 67/382 (17.5%) patients.

Rationale: The passage mentions that patients had previously received various ARV drugs, including NRTI, PI/r, NNRTI, and INSTI.

Answer: Yes
""""""

""""""
Question: Which drug classes were received by individuals in the study before sample sequencing?

Evidence: Before switching to E/C/F/TDF, a majority of patients received a combination of two NRTI and a third agent: ritonavir- boosted PI (PI/r) in 195/382 (51.0%), NNRTI in 84/382 (22.0%) and INSTI in 67/382 (17.5%) patients.

Rationale: The passage mentions that patients received various drug classes before switching to E/C/F/TDF, including NRTI, PI/r, NNRTI, and INSTI.

Answer: NRTI, PI/r, NNRTI, and INSTI
""""""

""""""
Question: Which drugs were received by individuals in the study before sample sequencing?

Evidence: Before switching to E/C/F/TDF, a majority of patients received a combination of two NRTI and a third agent: ritonavir- boosted PI (PI/r) in 195/382 (51.0%), NNRTI in 84/382 (22.0%) and INSTI in 67/382 (17.5%) patients.

Rationale: The passage mentions that patients received various drugs before switching to E/C/F/TDF, including ritonavir-boosted PI, NNRTI, and INSTI. However, it does not specifically mention the names of the drugs.

Answer: Ritonavir-boosted PI, NNRTI, and INSTI (but not specific drug names)
""""""",90
36645792,,"Here are the answers to the questions in the required format:

""""""
Question: Does the paper report HIV sequences from patient samples?

Evidence: Baseline GART was performed retrospectively for all participants after completion of week 24 visits, on plasma samples stored at enrollment (with results not returned to clinicians). GART was performed at the National Health Laboratory Service Virology Laboratory at Tygerberg Hospital in Cape Town, South Africa, and drug susceptibility prediction was performed with the Stanford algorithm (version 9.1).

Rationale: The passage mentions that baseline GART was performed on plasma samples stored at enrollment, which implies that HIV sequences were obtained from patient samples.

Answer: Yes
""""""

""""""
Question: Does the paper report in vitro drug susceptibility data?

Evidence: Resistance was classified with the Stanford algorithm, with a score of ≥15 indicating at least low-level resistance. Denominators indicate the numbers of participants with available viral sequences. Both NRTIs had a Stanford score <15 indicating susceptibility or only potential of low-level resistance.

Rationale: The passage mentions that resistance was classified with the Stanford algorithm and that the scores indicate susceptibility or potential low-level resistance, which suggests that in vitro drug susceptibility data is reported.

Answer: Yes
""""""

""""""
Question: Were sequences from the paper made publicly available?

Evidence: None of the passages mention that the sequences were made publicly available.

Rationale: Since none of the passages mention public availability of the sequences, we cannot confirm that they were made publicly available.

Answer: No
""""""

""""""
Question: What were the GenBank accession numbers for sequenced HIV isolates?

Evidence: None of the passages mention GenBank accession numbers.

Rationale: Since none of the passages mention GenBank accession numbers, we cannot provide them.

Answer: Not available
""""""

""""""
Question: How many individuals had samples obtained for HIV sequencing?

Evidence: Of 178 adults screened, 130 participants were randomly assigned to receive lead-in supplementary dolutegravir (n = 65) or placebo (n = 65).

Rationale: The passage mentions that 130 participants were randomly assigned, which implies that samples were obtained from these individuals.

Answer: 130
""""""

""""""
Question: From which countries were the sequenced samples obtained?

Evidence: Participants were recruited from 3 primary care clinics in Khayelitsha, a large, periurban settlement in Cape Town, South Africa.

Rationale: The passage mentions that participants were recruited from clinics in South Africa, which implies that the samples were obtained from this country.

Answer: South Africa
""""""

""""""
Question: From what years were the sequenced samples obtained?

Evidence: Participants were recruited between 28 August 2020 and 10 November 2021.

Rationale: The passage mentions the recruitment period, which implies that the samples were obtained during this time.

Answer: 2020-2021
""""""

""""""
Question: Were samples cloned prior to sequencing?

Evidence: None of the passages mention cloning prior to sequencing.

Rationale: Since none of the passages mention cloning, we cannot confirm that samples were cloned prior to sequencing.

Answer: No
""""""

""""""
Question: Which HIV genes were reported to have been sequenced?

Evidence: None of the passages mention specific HIV genes that were sequenced.

Rationale: Since none of the passages mention specific genes, we cannot provide this information.

Answer: Not available
""""""

""""""
Question: What method was used for sequencing?

Evidence: GART was performed at the National Health Laboratory Service Virology Laboratory at Tygerberg Hospital in Cape Town, South Africa, and drug susceptibility prediction was performed with the Stanford algorithm (version 9.1).

Rationale: The passage mentions that GART was performed, but it does not specify the sequencing method.

Answer: Not available
""""""

""""""
Question: What type of samples were sequenced?

Evidence: Baseline GART was performed retrospectively for all participants after completion of week 24 visits, on plasma samples stored at enrollment.

Rationale: The passage mentions that plasma samples were used for sequencing.

Answer: Plasma samples
""""""

""""""
Question: Were any sequences obtained from individuals with virological failure on a treatment regimen?

Evidence: Eligible patients were adults (≥18 years old) with virologic failure (defined as 2 consecutive human immunodeficiency virus type 1 (HIV-1) RNA ≥1000 copies/mL 2--24 months apart) on a first-line regimen of tenofovir, emtricitabine (or lamivudine), and efavirenz.

Rationale: The passage mentions that eligible patients had virologic failure on a first-line regimen.

Answer: Yes
""""""

""""""
Question: Were the patients in the study in a clinical trial?

Evidence: We conducted a randomized, double-blind, placebo-controlled, phase 2 trial in Khayelitsha, South Africa.

Rationale: The passage mentions that the study was a randomized, double-blind, placebo-controlled trial, which implies that it was a clinical trial.

Answer: Yes
""""""

""""""
Question: Does the paper report HIV sequences from individuals who had previously received ARV drugs?

Evidence: Eligible patients were adults (≥18 years old) with virologic failure (defined as 2 consecutive human immunodeficiency virus type 1 (HIV-1) RNA ≥1000 copies/mL 2--24 months apart) on a first-line regimen of tenofovir, emtricitabine (or lamivudine), and efavirenz.

Rationale: The passage mentions that eligible patients had previously received a first-line regimen of ARV drugs.

Answer: Yes
""""""

""""""
Question: Which drug classes were received by individuals in the study before sample sequencing?

Evidence: Eligible patients were adults (≥18 years old) with virologic failure (defined as 2 consecutive human immunodeficiency virus type 1 (HIV-1) RNA ≥1000 copies/mL 2--24 months apart) on a first-line regimen of tenofovir, emtricitabine (or lamivudine), and efavirenz.

Rationale: The passage mentions that eligible patients had previously received a first-line regimen that included tenofovir (NRTI), emtricitabine or lamivudine (NRTI), and efavirenz (NNRTI).

Answer: NRTI, NNRTI
""""""

""""""
Question: Which drugs were received by individuals in the study before sample sequencing?

Evidence: Eligible patients were adults (≥18 years old) with virologic failure (defined as 2 consecutive human immunodeficiency virus type 1 (HIV-1) RNA ≥1000 copies/mL 2--24 months apart) on a first-line regimen of tenofovir, emtricitabine (or lamivudine), and efavirenz.

Rationale: The passage mentions that eligible patients had previously received a first-line regimen that included tenofovir, emtricitabine or lamivudine, and efavirenz.

Answer: Tenofovir, emtricitabine (or lamivudine), efavirenz
""""""",80
36659824,,"Here are the answers to the questions in the required format:

""""""
Question: Does the paper report HIV sequences from patient samples?

Evidence: After the baseline visit, participants were seen at W2, W4 and W12, and then every 12 weeks until W48. At each visit, participants had routine safety monitoring as well as measurement of CD4 and CD8 cell counts and pVL. Plasma HIV-1-RNA was quantified using the COBAS 6800 ^®^ HIV-1 Test kit (Roche, Bale, Switzerland) with a lower limit of quantification (LOQ) of 20 copies/mL. Baseline laboratory results and baseline genotype for HIV-1 drug resistance mutations were available at Week (W) 1 and by W4, respectively.

Rationale: The passage mentions that plasma HIV-1-RNA was quantified and baseline genotype for HIV-1 drug resistance mutations were available, indicating that HIV sequences from patient samples were reported.

Answer: Yes
""""""

""""""
Question: Does the paper report in vitro drug susceptibility data?

Evidence: Interpretation of BIC *C* ~24h~ results was based on the corresponding *in vitro* protein-adjusted IC ~95~ for WT HIV-1: 162 ng/mL. For all periods together, median (IQR) *C* ~24h~ determined in 109 participants during follow-up ( *n* = 379 measures) was 2300 (1741--2819), 108 (70--250) and 9 ng/mL (7--12) for BIC, FTC and TFV, respectively.

Rationale: The passage mentions in vitro protein-adjusted IC ~95~ for WT HIV-1 and reports the median *C* ~24h~ for BIC, FTC, and TFV, indicating that in vitro drug susceptibility data is reported.

Answer: Yes
""""""

""""""
Question: Were sequences from the paper made publicly available?

Evidence: None of the passages mention that the sequences were made publicly available.

Rationale: Since none of the passages mention that the sequences were made publicly available, we cannot confirm that they were.

Answer: No
""""""

""""""
Question: What were the GenBank accession numbers for sequenced HIV isolates?

Evidence: None of the passages mention GenBank accession numbers.

Rationale: Since none of the passages mention GenBank accession numbers, we cannot provide them.

Answer: Not reported
""""""

""""""
Question: How many individuals had samples obtained for HIV sequencing?

Evidence: Of 131 participants screened, 13 refused to participate... One hundred and eighteen participants were enrolled across 15 sites in France between November 2019 and September 2020.

Rationale: The passage mentions that 118 participants were enrolled, indicating that samples were obtained from these individuals.

Answer: 118
""""""

""""""
Question: From which countries were the sequenced samples obtained?

Evidence: One hundred and eighteen participants were enrolled across 15 sites in France between November 2019 and September 2020.

Rationale: The passage mentions that the participants were enrolled in France, indicating that the sequenced samples were obtained from France.

Answer: France
""""""

""""""
Question: From what years were the sequenced samples obtained?

Evidence: One hundred and eighteen participants were enrolled across 15 sites in France between November 2019 and September 2020.

Rationale: The passage mentions that the participants were enrolled between November 2019 and September 2020, indicating that the sequenced samples were obtained during these years.

Answer: 2019-2020
""""""

""""""
Question: Were samples cloned prior to sequencing?

Evidence: None of the passages mention cloning prior to sequencing.

Rationale: Since none of the passages mention cloning prior to sequencing, we cannot confirm that it was done.

Answer: Not reported
""""""

""""""
Question: Which HIV genes were reported to have been sequenced?

Evidence: Baseline genotype for HIV-1 drug resistance mutations were available at Week (W) 1 and by W4, respectively.

Rationale: The passage mentions that baseline genotype for HIV-1 drug resistance mutations were available, but does not specify which genes were sequenced.

Answer: Not specified
""""""

""""""
Question: What method was used for sequencing?

Evidence: None of the passages mention the method used for sequencing.

Rationale: Since none of the passages mention the method used for sequencing, we cannot provide it.

Answer: Not reported
""""""

""""""
Question: What type of samples were sequenced?

Evidence: Blood samples for drug concentrations analysis were collected during the study period at W4, W12, W24 and W48, approximately 24 h after the last drug intake ( *C* ~24h~ ).

Rationale: The passage mentions that blood samples were collected, indicating that the type of samples sequenced were blood samples.

Answer: Blood samples
""""""

""""""
Question: Were any sequences obtained from individuals with virological failure on a treatment regimen?

Evidence: No emergent resistance-associated mutation was detected in those who did not achieve pVL \< 50 copies/mL at W24.

Rationale: The passage mentions that no emergent resistance-associated mutation was detected, but does not specifically mention virological failure on a treatment regimen.

Answer: Not specified
""""""

""""""
Question: Were the patients in the study in a clinical trial?

Evidence: This study was funded by Gilead Sciences.

Rationale: The passage mentions that the study was funded by Gilead Sciences, indicating that it was a clinical trial.

Answer: Yes
""""""

""""""
Question: Does the paper report HIV sequences from individuals who had previously received ARV drugs?

Evidence: Participants with false-positive HIV tests at diagnosis stopped their current treatment.

Rationale: The passage mentions that participants with false-positive HIV tests stopped their current treatment, indicating that some individuals had previously received ARV drugs.

Answer: Yes
""""""

""""""
Question: Which drug classes were received by individuals in the study before sample sequencing?

Evidence: None of the passages mention the specific drug classes received by individuals before sample sequencing.

Rationale: Since none of the passages mention the specific drug classes received by individuals before sample sequencing, we cannot provide them.

Answer: Not reported
""""""

""""""
Question: Which drugs were received by individuals in the study before sample sequencing?

Evidence: None of the passages mention the specific drugs received by individuals before sample sequencing.

Rationale: Since none of the passages mention the specific drugs received by individuals before sample sequencing, we cannot provide them.

Answer: Not reported
""""""",73
36660819,,"Here are the answers to the questions in the required format:

""""""
Question: Does the paper report HIV sequences from patient samples?

Evidence: The paper does not explicitly mention HIV sequences from patient samples. However, it does mention that the study included participants with HIV-1 infection and that the primary endpoint was the proportion of participants with plasma HIV-1 RNA of 50 copies/mL or greater at week 48.

Rationale: The question is asking about HIV sequences from patient samples, but the paper does not provide this information. Instead, it focuses on the clinical trial results and the efficacy of the treatment.

Answer: No
""""""

""""""
Question: Does the paper report in vitro drug susceptibility data?

Evidence: The paper does not mention in vitro drug susceptibility data. However, it does mention that the study included participants with HIV-1 infection and that the primary endpoint was the proportion of participants with plasma HIV-1 RNA of 50 copies/mL or greater at week 48.

Rationale: The question is asking about in vitro drug susceptibility data, but the paper does not provide this information. Instead, it focuses on the clinical trial results and the efficacy of the treatment.

Answer: No
""""""

""""""
Question: Were sequences from the paper made publicly available?

Evidence: The paper does not mention making sequences publicly available. However, it does mention that data sharing requests will be considered by the management group upon written request to the corresponding author.

Rationale: The question is asking about making sequences publicly available, but the paper does not provide this information. Instead, it mentions that data sharing requests will be considered.

Answer: No
""""""

""""""
Question: What were the GenBank accession numbers for sequenced HIV isolates?

Evidence: The paper does not mention GenBank accession numbers for sequenced HIV isolates.

Rationale: The question is asking about GenBank accession numbers, but the paper does not provide this information.

Answer: Not available
""""""

""""""
Question: How many individuals had samples obtained for HIV sequencing?

Evidence: The paper does not mention the number of individuals who had samples obtained for HIV sequencing. However, it does mention that 1045 participants were included in the ITT-E population.

Rationale: The question is asking about the number of individuals who had samples obtained for HIV sequencing, but the paper does not provide this information. Instead, it mentions the number of participants in the ITT-E population.

Answer: Not available
""""""

""""""
Question: From which countries were the sequenced samples obtained?

Evidence: The paper does not mention the countries from which the sequenced samples were obtained.

Rationale: The question is asking about the countries from which the sequenced samples were obtained, but the paper does not provide this information.

Answer: Not available
""""""

""""""
Question: From what years were the sequenced samples obtained?

Evidence: The paper does not mention the years from which the sequenced samples were obtained.

Rationale: The question is asking about the years from which the sequenced samples were obtained, but the paper does not provide this information.

Answer: Not available
""""""

""""""
Question: Were samples cloned prior to sequencing?

Evidence: The paper does not mention whether samples were cloned prior to sequencing.

Rationale: The question is asking about cloning prior to sequencing, but the paper does not provide this information.

Answer: Not available
""""""

""""""
Question: Which HIV genes were reported to have been sequenced?

Evidence: The paper does not mention which HIV genes were reported to have been sequenced.

Rationale: The question is asking about the HIV genes that were sequenced, but the paper does not provide this information.

Answer: Not available
""""""

""""""
Question: What method was used for sequencing?

Evidence: The paper does not mention the method used for sequencing.

Rationale: The question is asking about the sequencing method, but the paper does not provide this information.

Answer: Not available
""""""

""""""
Question: What type of samples were sequenced?

Evidence: The paper does not mention the type of samples that were sequenced.

Rationale: The question is asking about the type of samples that were sequenced, but the paper does not provide this information.

Answer: Not available
""""""

""""""
Question: Were any sequences obtained from individuals with virological failure on a treatment regimen?

Evidence: The paper mentions that 14 participants had virological failure, but it does not provide information about sequencing.

Rationale: The question is asking about sequencing from individuals with virological failure, but the paper does not provide this information.

Answer: Not available
""""""

""""""
Question: Were the patients in the study in a clinical trial?

Evidence: The paper mentions that the study was a randomized, open-label, phase 3b, noninferiority study.

Rationale: The question is asking about a clinical trial, and the paper confirms that the study was a clinical trial.

Answer: Yes
""""""

""""""
Question: Does the paper report HIV sequences from individuals who had previously received ARV drugs?

Evidence: The paper does not mention HIV sequences from individuals who had previously received ARV drugs.

Rationale: The question is asking about HIV sequences from individuals who had previously received ARV drugs, but the paper does not provide this information.

Answer: No
""""""

""""""
Question: Which drug classes were received by individuals in the study before sample sequencing?

Evidence: The paper does not mention the drug classes received by individuals in the study before sample sequencing.

Rationale: The question is asking about the drug classes received by individuals in the study before sample sequencing, but the paper does not provide this information.

Answer: Not available
""""""

""""""
Question: Which drugs were received by individuals in the study before sample sequencing?

Evidence: The paper does not mention the drugs received by individuals in the study before sample sequencing.

Rationale: The question is asking about the drugs received by individuals in the study before sample sequencing, but the paper does not provide this information.

Answer: Not available
""""""",66
36694270,,"Here are the answers to the questions in the required format:

""""""
Question: Does the paper report HIV sequences from patient samples?

Evidence: We retrospectively collected matched pairs of 68 HIV-1 patients who were admitted to Chongqing Public Health Medical Center from June 2020 to June 2022 and completed plasma CD4+ T cell counts, HIV RNA viral load, and CSF biochemical tests. CSF and plasma samples were tested for drug resistance of HIV genotypes. Among them, 6 patients had low CSF viral load and could not be tested for drug resistance. As a result, a total of 62 patients were included in this study, and all test reports were recorded.

Rationale: The passage mentions that the study collected matched pairs of 68 HIV-1 patients and tested their CSF and plasma samples for drug resistance of HIV genotypes.

Answer: Yes
""""""

""""""
Question: Does the paper report in vitro drug susceptibility data?

Evidence: None

Rationale: There is no mention of in vitro drug susceptibility data in the provided passages.

Answer: No
""""""

""""""
Question: Were sequences from the paper made publicly available?

Evidence: None

Rationale: There is no mention of the sequences being made publicly available in the provided passages.

Answer: No
""""""

""""""
Question: What were the GenBank accession numbers for sequenced HIV isolates?

Evidence: None

Rationale: There is no mention of GenBank accession numbers in the provided passages.

Answer: Not reported
""""""

""""""
Question: How many individuals had samples obtained for HIV sequencing?

Evidence: We retrospectively collected matched pairs of 68 HIV-1 patients who were admitted to Chongqing Public Health Medical Center from June 2020 to June 2022 and completed plasma CD4+ T cell counts, HIV RNA viral load, and CSF biochemical tests.

Rationale: The passage mentions that the study collected matched pairs of 68 HIV-1 patients, but 6 patients had low CSF viral load and could not be tested for drug resistance, so the actual number of individuals with samples obtained for HIV sequencing is 62.

Answer: 62
""""""

""""""
Question: From which countries were the sequenced samples obtained?

Evidence: The matched CSF and plasma samples of 62 HIV-1 patients were tested at one study site in China (Chongqing; 2019--2022).

Rationale: The passage mentions that the study was conducted at one study site in China.

Answer: China
""""""

""""""
Question: From what years were the sequenced samples obtained?

Evidence: The matched CSF and plasma samples of 62 HIV-1 patients were tested at one study site in China (Chongqing; 2019--2022).

Rationale: The passage mentions that the study was conducted from 2019 to 2022.

Answer: 2019-2022
""""""

""""""
Question: Were samples cloned prior to sequencing?

Evidence: None

Rationale: There is no mention of cloning prior to sequencing in the provided passages.

Answer: Not reported
""""""

""""""
Question: Which HIV genes were reported to have been sequenced?

Evidence: We amplified the nucleotide sequences of HIV-1 protease, reverse transcriptase and integrase using nested polymerase chain reaction (nest-pcr) method.

Rationale: The passage mentions that the study amplified the nucleotide sequences of HIV-1 protease, reverse transcriptase, and integrase.

Answer: Protease, reverse transcriptase, and integrase
""""""

""""""
Question: What method was used for sequencing?

Evidence: We amplified the nucleotide sequences of HIV-1 protease, reverse transcriptase and integrase using nested polymerase chain reaction (nest-pcr) method.

Rationale: The passage mentions that the study used nested polymerase chain reaction (nest-pcr) method for sequencing.

Answer: Nested polymerase chain reaction (nest-pcr)
""""""

""""""
Question: What type of samples were sequenced?

Evidence: CSF and plasma samples were tested for drug resistance of HIV genotypes.

Rationale: The passage mentions that the study tested CSF and plasma samples for drug resistance of HIV genotypes.

Answer: CSF and plasma
""""""

""""""
Question: Were any sequences obtained from individuals with virological failure on a treatment regimen?

Evidence: Among patients receiving ARV treatment, 8/11 (72.7 %) had HIV-1 resistance mutations in both plasma and CSF.

Rationale: The passage mentions that 8 out of 11 patients receiving ARV treatment had HIV-1 resistance mutations, which suggests virological failure.

Answer: Yes
""""""

""""""
Question: Were the patients in the study in a clinical trial?

Evidence: None

Rationale: There is no mention of a clinical trial in the provided passages.

Answer: Not reported
""""""

""""""
Question: Does the paper report HIV sequences from individuals who had previously received ARV drugs?

Evidence: Among patients receiving ARV treatment, 8/11 (72.7 %) had HIV-1 resistance mutations in both plasma and CSF.

Rationale: The passage mentions that the study included patients who had previously received ARV drugs.

Answer: Yes
""""""

""""""
Question: Which drug classes were received by individuals in the study before sample sequencing?

Evidence: The NRTIs 3TC and TDF in multiple ARV treatment regimens are prone to cause 184 V/I and 65 R mutations; NNRTI EFV is prone to generate Y181C, G190A and K101E mutations; PI LPV/r appears to lead to M46I and V82A mutations.

Rationale: The passage mentions that the study included patients who had received NRTIs, NNRTIs, and PIs before sample sequencing.

Answer: NRTIs, NNRTIs, and PIs
""""""

""""""
Question: Which drugs were received by individuals in the study before sample sequencing?

Evidence: The NRTIs 3TC and TDF in multiple ARV treatment regimens are prone to cause 184 V/I and 65 R mutations; NNRTI EFV is prone to generate Y181C, G190A and K101E mutations; PI LPV/r appears to lead to M46I and V82A mutations.

Rationale: The passage mentions that the study included patients who had received 3TC, TDF, EFV, and LPV/r before sample sequencing.

Answer: 3TC, TDF, EFV, and LPV/r
""""""",71
36706364,,"Here are the answers to the questions in the required format:

""""""
Question: Does the paper report HIV sequences from patient samples?

Evidence: The baseline characteristics of the 62 participants enrolled between August 2019 and July 2020, are described in Table 1. Low, intermediate or high-level resistance to tenofovir, XTC or both was found in 89.3% (50/56 participants with results).

Rationale: The passage mentions that the study enrolled 62 participants and that their baseline characteristics are described in Table 1. It also mentions that resistance to tenofovir, XTC or both was found in 89.3% of the participants with results, which suggests that the study did report HIV sequences from patient samples.

Answer: Yes
""""""

""""""
Question: Does the paper report in vitro drug susceptibility data?

Evidence: None of the passages mention in vitro drug susceptibility data.

Rationale: After reviewing the passages, I did not find any mention of in vitro drug susceptibility data.

Answer: No
""""""

""""""
Question: Were sequences from the paper made publicly available?

Evidence: None of the passages mention whether the sequences were made publicly available.

Rationale: After reviewing the passages, I did not find any mention of whether the sequences were made publicly available.

Answer: Unknown
""""""

""""""
Question: What were the GenBank accession numbers for sequenced HIV isolates?

Evidence: None of the passages mention GenBank accession numbers.

Rationale: After reviewing the passages, I did not find any mention of GenBank accession numbers.

Answer: Unknown
""""""

""""""
Question: How many individuals had samples obtained for HIV sequencing?

Evidence: The baseline characteristics of the 62 participants enrolled between August 2019 and July 2020, are described in Table 1.

Rationale: The passage mentions that the study enrolled 62 participants, which suggests that 62 individuals had samples obtained for HIV sequencing.

Answer: 62
""""""

""""""
Question: From which countries were the sequenced samples obtained?

Evidence: We conducted a single arm, prospective, interventional study in two primary care clinics in Khayelitsha, South Africa.

Rationale: The passage mentions that the study was conducted in two primary care clinics in Khayelitsha, South Africa, which suggests that the sequenced samples were obtained from South Africa.

Answer: South Africa
""""""

""""""
Question: From what years were the sequenced samples obtained?

Evidence: The baseline characteristics of the 62 participants enrolled between August 2019 and July 2020, are described in Table 1.

Rationale: The passage mentions that the participants were enrolled between August 2019 and July 2020, which suggests that the sequenced samples were obtained from 2019 to 2020.

Answer: 2019-2020
""""""

""""""
Question: Were samples cloned prior to sequencing?

Evidence: None of the passages mention whether the samples were cloned prior to sequencing.

Rationale: After reviewing the passages, I did not find any mention of whether the samples were cloned prior to sequencing.

Answer: Unknown
""""""

""""""
Question: Which HIV genes were reported to have been sequenced?

Evidence: None of the passages mention which HIV genes were reported to have been sequenced.

Rationale: After reviewing the passages, I did not find any mention of which HIV genes were reported to have been sequenced.

Answer: Unknown
""""""

""""""
Question: What method was used for sequencing?

Evidence: None of the passages mention the method used for sequencing.

Rationale: After reviewing the passages, I did not find any mention of the method used for sequencing.

Answer: Unknown
""""""

""""""
Question: What type of samples were sequenced?

Evidence: None of the passages mention the type of samples that were sequenced.

Rationale: After reviewing the passages, I did not find any mention of the type of samples that were sequenced.

Answer: Unknown
""""""

""""""
Question: Were any sequences obtained from individuals with virological failure on a treatment regimen?

Evidence: Adults who had virologic failure (defined as two consecutive VL >1000 copies/mL, 2-24 months apart) on a first-line regimen consisting of tenofovir, XTC and efavirenz or nevirapine were invited to participate.

Rationale: The passage mentions that adults who had virologic failure on a first-line regimen were invited to participate, which suggests that sequences were obtained from individuals with virological failure on a treatment regimen.

Answer: Yes
""""""

""""""
Question: Were the patients in the study in a clinical trial?

Evidence: We conducted a single arm, prospective, interventional study in two primary care clinics in Khayelitsha, South Africa.

Rationale: The passage mentions that the study was a single arm, prospective, interventional study, which suggests that the patients were in a clinical trial.

Answer: Yes
""""""

""""""
Question: Does the paper report HIV sequences from individuals who had previously received ARV drugs?

Evidence: Adults who had virologic failure (defined as two consecutive VL >1000 copies/mL, 2-24 months apart) on a first-line regimen consisting of tenofovir, XTC and efavirenz or nevirapine were invited to participate.

Rationale: The passage mentions that adults who had virologic failure on a first-line regimen were invited to participate, which suggests that the paper reports HIV sequences from individuals who had previously received ARV drugs.

Answer: Yes
""""""

""""""
Question: Which drug classes were received by individuals in the study before sample sequencing?

Evidence: Adults who had virologic failure (defined as two consecutive VL >1000 copies/mL, 2-24 months apart) on a first-line regimen consisting of tenofovir, XTC and efavirenz or nevirapine were invited to participate.

Rationale: The passage mentions that the individuals had received a first-line regimen consisting of tenofovir, XTC and efavirenz or nevirapine, which suggests that the drug classes received by individuals in the study before sample sequencing were NRTIs and NNRTIs.

Answer: NRTIs and NNRTIs
""""""

""""""
Question: Which drugs were received by individuals in the study before sample sequencing?

Evidence: Adults who had virologic failure (defined as two consecutive VL >1000 copies/mL, 2-24 months apart) on a first-line regimen consisting of tenofovir, XTC and efavirenz or nevirapine were invited to participate.

Rationale: The passage mentions that the individuals had received a first-line regimen consisting of tenofovir, XTC and efavirenz or nevirapine, which suggests that the drugs received by individuals in the study before sample sequencing were tenofovir, XTC, efavirenz, and nevirapine.

Answer: Tenofovir, XTC, efavirenz, and nevirapine
""""""",77
36738248,,"Here are the answers to the questions in the required format:

""""""
Question: Does the paper report HIV sequences from patient samples?

Evidence: Overall, 24 394 SS sequences and 5211 NGS (Illumina) sequences were available from 21 297 PLHIV enrolled in the SHCS as of August 2021. The SHCS Drug Resistance Database contains the HIV sequence data, primarily partial *pol* genes, sequenced from these plasma samples using SS.

Rationale: The evidence suggests that the paper reports HIV sequences from patient samples, specifically from people living with HIV (PLHIV) enrolled in the Swiss HIV Cohort Study (SHCS).

Answer: Yes
""""""

""""""
Question: Does the paper report in vitro drug susceptibility data?

Evidence: Not explicitly mentioned in the provided passages.

Rationale: The passages do not mention in vitro drug susceptibility data, so we cannot confirm whether the paper reports such data.

Answer: No
""""""

""""""
Question: Were sequences from the paper made publicly available?

Evidence: Not explicitly mentioned in the provided passages.

Rationale: The passages do not mention whether the sequences were made publicly available, so we cannot confirm.

Answer: Unknown
""""""

""""""
Question: What were the GenBank accession numbers for sequenced HIV isolates?

Evidence: Not mentioned in the provided passages.

Rationale: The passages do not provide GenBank accession numbers for the sequenced HIV isolates.

Answer: Not available
""""""

""""""
Question: How many individuals had samples obtained for HIV sequencing?

Evidence: Overall, 24 394 SS sequences and 5211 NGS (Illumina) sequences were available from 21 297 PLHIV enrolled in the SHCS as of August 2021.

Rationale: The evidence suggests that 21,297 individuals had samples obtained for HIV sequencing.

Answer: 21,297
""""""

""""""
Question: From which countries were the sequenced samples obtained?

Evidence: The SHCS is a prospective multicentre study that is highly representative of the HIV-1 epidemic in Switzerland.

Rationale: The evidence suggests that the sequenced samples were obtained from Switzerland.

Answer: Switzerland
""""""

""""""
Question: From what years were the sequenced samples obtained?

Evidence: As of August 2021, the SHCS has a cumulative total of 21 529 patients.

Rationale: The evidence suggests that the sequenced samples were obtained up to August 2021, but the exact years are not specified.

Answer: Up to August 2021
""""""

""""""
Question: Were samples cloned prior to sequencing?

Evidence: Not explicitly mentioned in the provided passages.

Rationale: The passages do not mention whether the samples were cloned prior to sequencing, so we cannot confirm.

Answer: Unknown
""""""

""""""
Question: Which HIV genes were reported to have been sequenced?

Evidence: The SHCS Drug Resistance Database contains the HIV sequence data, primarily partial *pol* genes, sequenced from these plasma samples using SS.

Rationale: The evidence suggests that the *pol* gene was sequenced.

Answer: *pol* gene
""""""

""""""
Question: What method was used for sequencing?

Evidence: SS was performed by amplification and sequencing of HIV genomic regions targeted by antiretroviral (ARV) drugs, such as the protease (PR), reverse transcriptase (RT) and integrase (IN) regions.

Rationale: The evidence suggests that Sanger sequencing (SS) was used.

Answer: Sanger sequencing (SS)
""""""

""""""
Question: What type of samples were sequenced?

Evidence: Plasma samples from PLHIV in the SHCS are collected twice per year.

Rationale: The evidence suggests that plasma samples were sequenced.

Answer: Plasma samples
""""""

""""""
Question: Were any sequences obtained from individuals with virological failure on a treatment regimen?

Evidence: Not explicitly mentioned in the provided passages.

Rationale: The passages do not mention whether sequences were obtained from individuals with virological failure on a treatment regimen, so we cannot confirm.

Answer: Unknown
""""""

""""""
Question: Were the patients in the study in a clinical trial?

Evidence: Not explicitly mentioned in the provided passages.

Rationale: The passages do not mention whether the patients were in a clinical trial, so we cannot confirm.

Answer: Unknown
""""""

""""""
Question: Does the paper report HIV sequences from individuals who had previously received ARV drugs?

Evidence: Of the 234 PLHIV, 48 (20.5%) were detected in PLHIV who received prior ARV drugs that do not select for the detected HIV-DRMs, and 186 (79.5%) were detected in PLHIV who received prior ARV drugs that select for the detected HIV-DRMs.

Rationale: The evidence suggests that the paper reports HIV sequences from individuals who had previously received ARV drugs.

Answer: Yes
""""""

""""""
Question: Which drug classes were received by individuals in the study before sample sequencing?

Evidence: Of the 234 PLHIV, 48 (20.5%) were detected in PLHIV who received prior ARV drugs that do not select for the detected HIV-DRMs, and 186 (79.5%) were detected in PLHIV who received prior ARV drugs that select for the detected HIV-DRMs.

Rationale: The evidence suggests that the individuals received ARV drugs, but the specific drug classes are not mentioned.

Answer: ARV drugs
""""""

""""""
Question: Which drugs were received by individuals in the study before sample sequencing?

Evidence: Not explicitly mentioned in the provided passages.

Rationale: The passages do not mention the specific drugs received by the individuals, so we cannot confirm.

Answer: Unknown
""""""",64
36751650,,"Here are the answers to the questions in the required format:

""""""
Question: Does the paper report HIV sequences from patient samples?

Evidence: A total of 1653 samples, including 716 MSM, 827 HES, 50 PWID, and 15 others, were successfully sequenced. The main subtypes in MSM were CRF07_BC (50.0%), CRF01_AE (27.6%), and CRF55_01B (12.6%) ( Figure 1 ). In HES, the main subtypes included CRF01_AE (47.5%), CRF08_BC (21.8%), and CRF07_BC (21.5%) ( Figure 1 ).

Rationale: The evidence suggests that the paper reports HIV sequences from patient samples, including the subtypes of the virus.

Answer: Yes
""""""

""""""
Question: Does the paper report in vitro drug susceptibility data?

Evidence: The resistances included nucleoside reverse transcriptase inhibitors (NRTIs), nonnucleoside reverse transcriptase inhibitors (NNRTIs), protease inhibitors (PIs), and integrase inhibitors (INSTIs). The resistance level to each antiretroviral drug was categorized as susceptible, potential low-level resistance, low-level resistance, intermediate resistance, or high-level resistance.

Rationale: The evidence suggests that the paper reports in vitro drug susceptibility data, including the resistance levels to different antiretroviral drugs.

Answer: Yes
""""""

""""""
Question: Were sequences from the paper made publicly available?

Evidence: No evidence is provided in the passages to suggest that the sequences were made publicly available.

Rationale: The lack of evidence suggests that the sequences may not have been made publicly available.

Answer: No
""""""

""""""
Question: What were the GenBank accession numbers for sequenced HIV isolates?

Evidence: No evidence is provided in the passages to suggest that the GenBank accession numbers were reported.

Rationale: The lack of evidence suggests that the GenBank accession numbers may not have been reported.

Answer: Not reported
""""""

""""""
Question: How many individuals had samples obtained for HIV sequencing?

Evidence: A total of 1653 samples, including 716 MSM, 827 HES, 50 PWID, and 15 others, were successfully sequenced.

Rationale: The evidence suggests that 1653 individuals had samples obtained for HIV sequencing.

Answer: 1653
""""""

""""""
Question: From which countries were the sequenced samples obtained?

Evidence: No evidence is provided in the passages to suggest that the samples were obtained from countries other than China.

Rationale: The lack of evidence suggests that the samples may have been obtained from China.

Answer: China
""""""

""""""
Question: From what years were the sequenced samples obtained?

Evidence: Individuals newly diagnosed with HIV in Guangxi from 2016 to 2020 were recruited in this study.

Rationale: The evidence suggests that the sequenced samples were obtained from 2016 to 2020.

Answer: 2016-2020
""""""

""""""
Question: Were samples cloned prior to sequencing?

Evidence: No evidence is provided in the passages to suggest that the samples were cloned prior to sequencing.

Rationale: The lack of evidence suggests that the samples may not have been cloned prior to sequencing.

Answer: No
""""""

""""""
Question: Which HIV genes were reported to have been sequenced?

Evidence: The target fragment of 1316 bp in the *pol* gene (HXB2: 2147--3462, encoding the protease and the first 299 residues of reverse transcriptase) was amplified using nested polymerase chain reaction (PCR).

Rationale: The evidence suggests that the *pol* gene was sequenced.

Answer: *pol* gene
""""""

""""""
Question: What method was used for sequencing?

Evidence: The PCR products were sent to the company for Sanger sequencing.

Rationale: The evidence suggests that Sanger sequencing was used.

Answer: Sanger sequencing
""""""

""""""
Question: What type of samples were sequenced?

Evidence: Plasma was separated within 12 hours of blood collection and stored at −80°C until further use.

Rationale: The evidence suggests that plasma samples were sequenced.

Answer: Plasma samples
""""""

""""""
Question: Were any sequences obtained from individuals with virological failure on a treatment regimen?

Evidence: No evidence is provided in the passages to suggest that sequences were obtained from individuals with virological failure on a treatment regimen.

Rationale: The lack of evidence suggests that sequences may not have been obtained from individuals with virological failure on a treatment regimen.

Answer: No
""""""

""""""
Question: Were the patients in the study in a clinical trial?

Evidence: No evidence is provided in the passages to suggest that the patients were in a clinical trial.

Rationale: The lack of evidence suggests that the patients may not have been in a clinical trial.

Answer: No
""""""

""""""
Question: Does the paper report HIV sequences from individuals who had previously received ARV drugs?

Evidence: Individuals at voluntary counseling and testing centers in Guangxi from January 2016 to December 2020 were enrolled in the study. These individuals must meet the following requirements: (1) newly diagnosed with HIV-1; (2) had not received ART;

Rationale: The evidence suggests that the paper does not report HIV sequences from individuals who had previously received ARV drugs.

Answer: No
""""""

""""""
Question: Which drug classes were received by individuals in the study before sample sequencing?

Evidence: No evidence is provided in the passages to suggest that individuals received any drug classes before sample sequencing.

Rationale: The lack of evidence suggests that individuals may not have received any drug classes before sample sequencing.

Answer: None
""""""

""""""
Question: Which drugs were received by individuals in the study before sample sequencing?

Evidence: No evidence is provided in the passages to suggest that individuals received any drugs before sample sequencing.

Rationale: The lack of evidence suggests that individuals may not have received any drugs before sample sequencing.

Answer: None
""""""",67
36779485,,"""""""
Question: Does the paper report HIV sequences from patient samples?

Evidence: Genotypic sequence data from 277 patients initiating ART and 1372 patients experiencing NNRTI-treatment failure were included for analysis as previously described [ 7 ]. Pol sequences were submitted to Stanford HIVdb v9.0 to identify rilpivirine DRMs.

Rationale: The evidence suggests that the paper reports HIV sequences from patient samples, specifically genotypic sequence data from 277 patients initiating ART and 1372 patients experiencing NNRTI-treatment failure.

Answer: Yes
""""""

""""""
Question: Does the paper report in vitro drug susceptibility data?

Evidence: None

Rationale: There is no evidence in the provided passages that suggests the paper reports in vitro drug susceptibility data.

Answer: No
""""""

""""""
Question: Were sequences from the paper made publicly available?

Evidence: None

Rationale: There is no evidence in the provided passages that suggests the sequences from the paper were made publicly available.

Answer: No
""""""

""""""
Question: What were the GenBank accession numbers for sequenced HIV isolates?

Evidence: None

Rationale: There is no evidence in the provided passages that provides the GenBank accession numbers for sequenced HIV isolates.

Answer: Not available
""""""

""""""
Question: How many individuals had samples obtained for HIV sequencing?

Evidence: Patients initiating ART ( *n* = 277) and patients failing NNRTI-based ART ( *n* = 1372).

Rationale: The evidence suggests that 277 patients initiating ART and 1372 patients failing NNRTI-based ART had samples obtained for HIV sequencing.

Answer: 277 and 1372
""""""

""""""
Question: From which countries were the sequenced samples obtained?

Evidence: The study was conducted in South Africa.

Rationale: The evidence suggests that the sequenced samples were obtained from South Africa.

Answer: South Africa
""""""

""""""
Question: From what years were the sequenced samples obtained?

Evidence: None

Rationale: There is no evidence in the provided passages that suggests the years from which the sequenced samples were obtained.

Answer: Not available
""""""

""""""
Question: Were samples cloned prior to sequencing?

Evidence: None

Rationale: There is no evidence in the provided passages that suggests whether the samples were cloned prior to sequencing.

Answer: Not available
""""""

""""""
Question: Which HIV genes were reported to have been sequenced?

Evidence: Pol sequences were submitted to Stanford HIVdb v9.0 to identify rilpivirine DRMs.

Rationale: The evidence suggests that the pol gene was reported to have been sequenced.

Answer: Pol
""""""

""""""
Question: What method was used for sequencing?

Evidence: None

Rationale: There is no evidence in the provided passages that suggests the method used for sequencing.

Answer: Not available
""""""

""""""
Question: What type of samples were sequenced?

Evidence: None

Rationale: There is no evidence in the provided passages that suggests the type of samples that were sequenced.

Answer: Not available
""""""

""""""
Question: Were any sequences obtained from individuals with virological failure on a treatment regimen?

Evidence: Patients failing NNRTI-based ART ( *n* = 1372) were included in the study.

Rationale: The evidence suggests that sequences were obtained from individuals with virological failure on a treatment regimen.

Answer: Yes
""""""

""""""
Question: Were the patients in the study in a clinical trial?

Evidence: None

Rationale: There is no evidence in the provided passages that suggests whether the patients in the study were in a clinical trial.

Answer: Not available
""""""

""""""
Question: Does the paper report HIV sequences from individuals who had previously received ARV drugs?

Evidence: Patients failing NNRTI-based ART ( *n* = 1372) were included in the study.

Rationale: The evidence suggests that the paper reports HIV sequences from individuals who had previously received ARV drugs.

Answer: Yes
""""""

""""""
Question: Which drug classes were received by individuals in the study before sample sequencing?

Evidence: NNRTI-based treatment was widely implemented in the study setting.

Rationale: The evidence suggests that the individuals in the study received NNRTI-based treatment before sample sequencing.

Answer: NNRTI
""""""

""""""
Question: Which drugs were received by individuals in the study before sample sequencing?

Evidence: Rilpivirine and cabotegravir were mentioned as part of the CAB/RPV LA treatment regimen.

Rationale: The evidence suggests that the individuals in the study received rilpivirine and cabotegravir as part of the CAB/RPV LA treatment regimen.

Answer: Rilpivirine and cabotegravir
""""""",51
36795586,,"Here are the answers to the questions in the required format:

""""""
Question: Does the paper report HIV sequences from patient samples?

Evidence: We extracted demographic, clinical, laboratory and ART data retrospectively using standardized structured query language scripts from the EMR system. The data extracted included COE site, age, sex, ART initiation date, ART regimen, DTG initiation date, time on ART and DTG, WHO clinical stage, TB history, nutrition status, VL testing dates and results, HIV genotype testing availability and patient outcomes.

Rationale: The passage does not explicitly mention HIV sequences from patient samples. However, it mentions HIV genotype testing availability, which suggests that the paper may report HIV sequences from patient samples.

Answer: No
""""""

""""""
Question: Does the paper report in vitro drug susceptibility data?

Evidence: None

Rationale: There is no mention of in vitro drug susceptibility data in the provided passages.

Answer: No
""""""

""""""
Question: Were sequences from the paper made publicly available?

Evidence: None

Rationale: There is no mention of publicly available sequences in the provided passages.

Answer: No
""""""

""""""
Question: What were the GenBank accession numbers for sequenced HIV isolates?

Evidence: None

Rationale: There is no mention of GenBank accession numbers in the provided passages.

Answer: Not reported
""""""

""""""
Question: How many individuals had samples obtained for HIV sequencing?

Evidence: A total of 9419 CALHIV received DTG across the BIPAI COEs during the study period.

Rationale: The passage mentions the total number of CALHIV who received DTG, but it does not explicitly mention the number of individuals who had samples obtained for HIV sequencing.

Answer: Not reported
""""""

""""""
Question: From which countries were the sequenced samples obtained?

Evidence: The Baylor College of Medicine International Pediatric AIDS Initiative (BIPAI) Network consists of independent, affiliated nongovernmental organizations (NGOs) that provide comprehensive, patient-centered care to CALHIV through Centres of Excellence (COEs). Each COE partners with respective Ministries of Health and is staffed by interdisciplinary clinical teams. A standardized electronic medical record (EMR) system is used across all COEs. COEs included in the study were from Botswana, Eswatini, Lesotho, Malawi, Tanzania-Mbeya, Tanzania-Mwanza and Uganda.

Rationale: The passage mentions the countries where the COEs are located, but it does not explicitly mention the countries where the sequenced samples were obtained.

Answer: Not reported
""""""

""""""
Question: From what years were the sequenced samples obtained?

Evidence: We conducted a retrospective cohort study analyzing CALHIV of 0--19 years old and weighing greater than or equal to 20 kg who received DTG as part of their HIV care between January 2017 and December 2020.

Rationale: The passage mentions the years when the study was conducted, but it does not explicitly mention the years when the sequenced samples were obtained.

Answer: Not reported
""""""

""""""
Question: Were samples cloned prior to sequencing?

Evidence: None

Rationale: There is no mention of cloning prior to sequencing in the provided passages.

Answer: Not reported
""""""

""""""
Question: Which HIV genes were reported to have been sequenced?

Evidence: None

Rationale: There is no mention of HIV genes being sequenced in the provided passages.

Answer: Not reported
""""""

""""""
Question: What method was used for sequencing?

Evidence: None

Rationale: There is no mention of sequencing methods in the provided passages.

Answer: Not reported
""""""

""""""
Question: What type of samples were sequenced?

Evidence: None

Rationale: There is no mention of sample types in the provided passages.

Answer: Not reported
""""""

""""""
Question: Were any sequences obtained from individuals with virological failure on a treatment regimen?

Evidence: Among previously unsuppressed, 79.8% (426/534) achieved VLS with DTG.

Rationale: The passage mentions virological failure, but it does not explicitly mention sequences obtained from individuals with virological failure.

Answer: Not reported
""""""

""""""
Question: Were the patients in the study in a clinical trial?

Evidence: None

Rationale: There is no mention of a clinical trial in the provided passages.

Answer: No
""""""

""""""
Question: Does the paper report HIV sequences from individuals who had previously received ARV drugs?

Evidence: None

Rationale: There is no mention of HIV sequences from individuals who had previously received ARV drugs in the provided passages.

Answer: No
""""""

""""""
Question: Which drug classes were received by individuals in the study before sample sequencing?

Evidence: The NRTI backbone in the SDS was abacavir-based in 44.4% (1180/2665), tenofovir-based in 38.9% (1032/2665) and zidovudine-based in 16.7% (443/2665).

Rationale: The passage mentions the NRTI backbone used in the study, but it does not explicitly mention the drug classes received by individuals before sample sequencing.

Answer: Not reported
""""""

""""""
Question: Which drugs were received by individuals in the study before sample sequencing?

Evidence: None

Rationale: There is no mention of specific drugs received by individuals before sample sequencing in the provided passages.

Answer: Not reported
""""""",60
36851704,,"Here are the answers to the questions in the required format:

""""""
Question: Does the paper report HIV sequences from patient samples?

Evidence: Five pairs of HIV sequences with a small genetic distance (<0.5%) and without epidemiological link were detected. Therefore, following the WHO/HIV ResNet Laboratory Operational Framework [ 14 ], one sequence was excluded from each pair. Thus, 204 reverse transcriptase and protease sequences and 205 integrase sequences were used for the analysis.

Rationale: The passage mentions that HIV sequences were obtained from patient samples, and the number of sequences used for analysis is provided.

Answer: Yes
""""""

""""""
Question: Does the paper report in vitro drug susceptibility data?

Evidence: None of the passages directly mention in vitro drug susceptibility data.

Rationale: The passages do not provide any information about in vitro drug susceptibility data.

Answer: No
""""""

""""""
Question: Were sequences from the paper made publicly available?

Evidence: The data presented in this study are available on request from the corresponding author.

Rationale: The passage mentions that the data is available on request, but it does not specify if the sequences are publicly available.

Answer: No
""""""

""""""
Question: What were the GenBank accession numbers for sequenced HIV isolates?

Evidence: None of the passages mention GenBank accession numbers.

Rationale: The passages do not provide any information about GenBank accession numbers.

Answer: Not reported
""""""

""""""
Question: How many individuals had samples obtained for HIV sequencing?

Evidence: A total of 206 participants were enrolled in the survey.

Rationale: The passage mentions the total number of participants enrolled in the survey.

Answer: 206
""""""

""""""
Question: From which countries were the sequenced samples obtained?

Evidence: The survey was conducted in Uruguay.

Rationale: The passage mentions the country where the survey was conducted.

Answer: Uruguay
""""""

""""""
Question: From what years were the sequenced samples obtained?

Evidence: The survey was conducted from October 2018 to October 2019.

Rationale: The passage mentions the time period when the survey was conducted.

Answer: 2018-2019
""""""

""""""
Question: Were samples cloned prior to sequencing?

Evidence: None of the passages mention cloning prior to sequencing.

Rationale: The passages do not provide any information about cloning prior to sequencing.

Answer: Not reported
""""""

""""""
Question: Which HIV genes were reported to have been sequenced?

Evidence: Protease (HXB2 positions 6--99), reverse transcriptase (HXB2 positions 1--251), and integrase (HXB2 positions 1--288) HIV genes were amplified and sequenced.

Rationale: The passage mentions the specific HIV genes that were sequenced.

Answer: Protease, reverse transcriptase, and integrase
""""""

""""""
Question: What method was used for sequencing?

Evidence: Sanger sequencing was performed on a 3730xl Genetic Analyser (ThermoFisher, Waltham, MA, USA).

Rationale: The passage mentions the method used for sequencing.

Answer: Sanger sequencing
""""""

""""""
Question: What type of samples were sequenced?

Evidence: Whole blood specimens were collected by venipuncture in EDTA-containing tubes from participants before initiating or reinitiating ART.

Rationale: The passage mentions the type of samples collected from participants.

Answer: Whole blood specimens
""""""

""""""
Question: Were any sequences obtained from individuals with virological failure on a treatment regimen?

Evidence: None of the passages directly mention virological failure on a treatment regimen.

Rationale: The passages do not provide any information about virological failure on a treatment regimen.

Answer: Not reported
""""""

""""""
Question: Were the patients in the study in a clinical trial?

Evidence: None of the passages mention a clinical trial.

Rationale: The passages do not provide any information about a clinical trial.

Answer: No
""""""

""""""
Question: Does the paper report HIV sequences from individuals who had previously received ARV drugs?

Evidence: The proportion of individuals who reported previous exposure to ARV drugs was 35.6% (95% CI: 34.2--37.0%).

Rationale: The passage mentions that some individuals had previously received ARV drugs.

Answer: Yes
""""""

""""""
Question: Which drug classes were received by individuals in the study before sample sequencing?

Evidence: NNRTI-based ART regimens were the most frequently prescribed (55.1%, 95% CI: 54--56.1%), followed by dolutegravir (DTG)-based regimens (29.4%, 95% CI: 28.4--30.4%), and PI/r-based regimens (11.7%, 95% CI: 11.0--12.6%).

Rationale: The passage mentions the different drug classes received by individuals in the study.

Answer: NNRTI, PI/r, and INSTI
""""""

""""""
Question: Which drugs were received by individuals in the study before sample sequencing?

Evidence: The passage mentions several specific drugs, including EFV, NVP, ATV/r, LPV/r, DTG, and others.

Rationale: The passage mentions the specific drugs received by individuals in the study.

Answer: EFV, NVP, ATV/r, LPV/r, DTG, and others
""""""",59
36851760,,"Here are the answers to the questions in the required format:

""""""
Question: Does the paper report HIV sequences from patient samples?

Evidence: HIV-1 RNA was extracted from the 107 DBSs using EasyMag technology as per the manufacturer's instructions. Target integrase regions of the HIV-1 were subsequently amplified by PCR after reverse-transcription production of complementary DNA (cDNA) and sequenced using the Sanger method.

Rationale: The passage explicitly states that HIV-1 RNA was extracted from patient samples and sequenced using the Sanger method.

Answer: Yes
""""""

""""""
Question: Does the paper report in vitro drug susceptibility data?

Evidence: No residue substitutions of major INI RAMs at codons 66, 92, 121, 143, 147, 148, 155, or 263 were observed in the 75 sequences.

Rationale: The passage does not mention in vitro drug susceptibility data. It only reports the absence of major INI RAMs in the sequenced samples.

Answer: No
""""""

""""""
Question: Were sequences from the paper made publicly available?

Evidence: All sequences were submitted to GenBank and registered under accession numbers OQ435656-OQ435729.

Rationale: The passage explicitly states that the sequences were submitted to GenBank and registered under specific accession numbers.

Answer: Yes
""""""

""""""
Question: What were the GenBank accession numbers for sequenced HIV isolates?

Evidence: All sequences were submitted to GenBank and registered under accession numbers OQ435656-OQ435729.

Rationale: The passage explicitly states the GenBank accession numbers for the sequenced HIV isolates.

Answer: OQ435656-OQ435729
""""""

""""""
Question: How many individuals had samples obtained for HIV sequencing?

Evidence: Dried blood spots (DBSs) were obtained from 107 HIV-1-infected children aged less than 15 years old living in two West African countries, Mali and Benin.

Rationale: The passage explicitly states the number of individuals who had samples obtained for HIV sequencing.

Answer: 107
""""""

""""""
Question: From which countries were the sequenced samples obtained?

Evidence: Dried blood spots (DBSs) were obtained from 107 HIV-1-infected children aged less than 15 years old living in two West African countries, Mali and Benin.

Rationale: The passage explicitly states the countries from which the sequenced samples were obtained.

Answer: Mali and Benin
""""""

""""""
Question: From what years were the sequenced samples obtained?

Evidence: The DBSs were collected from 51 ART-treated children with virological failure, defined as having at least one viral load (VL) >1000 copies/mL, during a study conducted in Benin between 2015 and 2016 and from 56 ART-naïve children, collected between 2018 and 2020 during early diagnosis testing and follow-up in Mali.

Rationale: The passage explicitly states the years during which the sequenced samples were obtained.

Answer: 2015-2016 and 2018-2020
""""""

""""""
Question: Were samples cloned prior to sequencing?

Evidence: No information is provided about cloning prior to sequencing.

Rationale: The passage does not mention cloning prior to sequencing.

Answer: No information available
""""""

""""""
Question: Which HIV genes were reported to have been sequenced?

Evidence: Target integrase regions of the HIV-1 were subsequently amplified by PCR after reverse-transcription production of complementary DNA (cDNA) and sequenced using the Sanger method.

Rationale: The passage explicitly states that the integrase gene was sequenced.

Answer: Integrase gene
""""""

""""""
Question: What method was used for sequencing?

Evidence: Target integrase regions of the HIV-1 were subsequently amplified by PCR after reverse-transcription production of complementary DNA (cDNA) and sequenced using the Sanger method.

Rationale: The passage explicitly states that the Sanger method was used for sequencing.

Answer: Sanger method
""""""

""""""
Question: What type of samples were sequenced?

Evidence: Dried blood spots (DBSs) were obtained from 107 HIV-1-infected children aged less than 15 years old living in two West African countries, Mali and Benin.

Rationale: The passage explicitly states that dried blood spots (DBSs) were sequenced.

Answer: Dried blood spots (DBSs)
""""""

""""""
Question: Were any sequences obtained from individuals with virological failure on a treatment regimen?

Evidence: The DBSs were collected from 51 ART-treated children with virological failure, defined as having at least one viral load (VL) >1000 copies/mL, during a study conducted in Benin between 2015 and 2016.

Rationale: The passage explicitly states that sequences were obtained from individuals with virological failure on a treatment regimen.

Answer: Yes
""""""

""""""
Question: Were the patients in the study in a clinical trial?

Evidence: No information is provided about a clinical trial.

Rationale: The passage does not mention a clinical trial.

Answer: No information available
""""""

""""""
Question: Does the paper report HIV sequences from individuals who had previously received ARV drugs?

Evidence: The DBSs were collected from 51 ART-treated children with virological failure, defined as having at least one viral load (VL) >1000 copies/mL, during a study conducted in Benin between 2015 and 2016.

Rationale: The passage explicitly states that sequences were obtained from individuals who had previously received ARV drugs.

Answer: Yes
""""""

""""""
Question: Which drug classes were received by individuals in the study before sample sequencing?

Evidence: At enrollment, 90.3% of the treated children were receiving non-nucleoside-reverse-transcriptase-inhibitor (NNRTI)-based regimens, and only 9.7% received both nucleoside-reverse-transcriptase inhibitor (NRTI)- and PI-based regimens.

Rationale: The passage explicitly states the drug classes received by individuals in the study before sample sequencing.

Answer: NNRTI, NRTI, and PI
""""""

""""""
Question: Which drugs were received by individuals in the study before sample sequencing?

Evidence: No specific drugs are mentioned in the passage.

Rationale: The passage does not mention specific drugs received by individuals in the study before sample sequencing.

Answer: No information available
""""""",72
36920025,,"Here are the answers to the questions in the required format:

""""""
Question: Does the paper report HIV sequences from patient samples?

Evidence: The sequencing data (Figure 2, 3, and 4) is available at NIH Sequencing Read Archive (SRA) under BioProject ID PRJNA853351. Viral RNA was extracted from plasma samples using the QIAamp viral RNA mini kit (QIAGEN, Hilden, Germany).

Rationale: The paper mentions that the sequencing data is available at NIH Sequencing Read Archive (SRA) under BioProject ID PRJNA853351, which suggests that the sequences are from patient samples. Additionally, the paper mentions that viral RNA was extracted from plasma samples, which further supports this conclusion.

Answer: Yes
""""""

""""""
Question: Does the paper report in vitro drug susceptibility data?

Evidence: The paper reports EC ~50~ values for mutant virus cultures against a panel of inhibitors (n = 50). The highest level of resistance recorded was 100 µM.

Rationale: The paper reports EC ~50~ values, which is a measure of in vitro drug susceptibility. This suggests that the paper does report in vitro drug susceptibility data.

Answer: Yes
""""""

""""""
Question: Were sequences from the paper made publicly available?

Evidence: The sequencing data (Figure 2, 3, and 4) is available at NIH Sequencing Read Archive (SRA) under BioProject ID PRJNA853351.

Rationale: The paper explicitly states that the sequencing data is available at NIH Sequencing Read Archive (SRA) under BioProject ID PRJNA853351, which suggests that the sequences are publicly available.

Answer: Yes
""""""

""""""
Question: What were the GenBank accession numbers for sequenced HIV isolates?

Evidence: Not mentioned in the provided passages.

Rationale: The passages do not mention GenBank accession numbers for sequenced HIV isolates.

Answer: Not mentioned
""""""

""""""
Question: How many individuals had samples obtained for HIV sequencing?

Evidence: Not mentioned in the provided passages.

Rationale: The passages do not mention the number of individuals who had samples obtained for HIV sequencing.

Answer: Not mentioned
""""""

""""""
Question: From which countries were the sequenced samples obtained?

Evidence: Not mentioned in the provided passages.

Rationale: The passages do not mention the countries from which the sequenced samples were obtained.

Answer: Not mentioned
""""""

""""""
Question: From what years were the sequenced samples obtained?

Evidence: Not mentioned in the provided passages.

Rationale: The passages do not mention the years from which the sequenced samples were obtained.

Answer: Not mentioned
""""""

""""""
Question: Were samples cloned prior to sequencing?

Evidence: Total cellular DNA was isolated from infected cell pellets by using the QIAamp blood kit (QIAGEN). The protease-coding domain of viral DNA was amplified by nested PCR. PCR products were purified by using QIAquick PCR purification kit (QIAGEN) and directly sequenced or cloned into the pT7Blue vector (Novagen) and sequenced.

Rationale: The paper mentions that PCR products were cloned into the pT7Blue vector (Novagen) and sequenced, which suggests that some samples were cloned prior to sequencing.

Answer: Yes
""""""

""""""
Question: Which HIV genes were reported to have been sequenced?

Evidence: The sequencing covered the HIV-1 PR region (HXB2 2648-2914, 3001-3257).

Rationale: The paper mentions that the sequencing covered the HIV-1 PR region, which suggests that the protease gene was sequenced.

Answer: Protease gene
""""""

""""""
Question: What method was used for sequencing?

Evidence: The sequencing was performed using the MiSeq 300 base paired-end sequencing protocol (Illumina).

Rationale: The paper mentions that the sequencing was performed using the MiSeq 300 base paired-end sequencing protocol (Illumina), which suggests that next-generation sequencing was used.

Answer: Next-generation sequencing
""""""

""""""
Question: What type of samples were sequenced?

Evidence: Viral RNA was extracted from plasma samples using the QIAamp viral RNA mini kit (QIAGEN, Hilden, Germany).

Rationale: The paper mentions that viral RNA was extracted from plasma samples, which suggests that plasma samples were sequenced.

Answer: Plasma samples
""""""

""""""
Question: Were any sequences obtained from individuals with virological failure on a treatment regimen?

Evidence: Not mentioned in the provided passages.

Rationale: The passages do not mention whether any sequences were obtained from individuals with virological failure on a treatment regimen.

Answer: Not mentioned
""""""

""""""
Question: Were the patients in the study in a clinical trial?

Evidence: Not mentioned in the provided passages.

Rationale: The passages do not mention whether the patients in the study were in a clinical trial.

Answer: Not mentioned
""""""

""""""
Question: Does the paper report HIV sequences from individuals who had previously received ARV drugs?

Evidence: Not mentioned in the provided passages.

Rationale: The passages do not mention whether the paper reports HIV sequences from individuals who had previously received ARV drugs.

Answer: Not mentioned
""""""

""""""
Question: Which drug classes were received by individuals in the study before sample sequencing?

Evidence: Not mentioned in the provided passages.

Rationale: The passages do not mention which drug classes were received by individuals in the study before sample sequencing.

Answer: Not mentioned
""""""

""""""
Question: Which drugs were received by individuals in the study before sample sequencing?

Evidence: Not mentioned in the provided passages.

Rationale: The passages do not mention which drugs were received by individuals in the study before sample sequencing.

Answer: Not mentioned
""""""",66
36931676,,"Here are the answers to the questions in the required format:

""""""
Question: Does the paper report HIV sequences from patient samples?

Evidence: In the major clinical centres blood plasma/serum/liquor samples are collected, and in selected cases also peripheral blood mononuclear cells, HIV isolates, CSF and CSF cells in biobanks. HIV-RNA (plasma and cerebrospinal fluid (CSF)) and HIV drug resistance (including viral sequences) results, described as both mutations and predicted phenotypic sensitivity, as well as CD4+ and CD8+ T cell counts and CD4/CD8 ratios are either automatically or manually included depending on the HIV centre.

Rationale: The evidence suggests that the paper reports HIV sequences from patient samples, as it mentions the collection of HIV isolates and the inclusion of HIV drug resistance results, including viral sequences.

Answer: Yes
""""""

""""""
Question: Does the paper report in vitro drug susceptibility data?

Evidence: None

Rationale: There is no evidence in the provided passages that suggests the paper reports in vitro drug susceptibility data.

Answer: No
""""""

""""""
Question: Were sequences from the paper made publicly available?

Evidence: Data are available upon reasonable request. Data can be made available upon reasonable request and after ethical approval.

Rationale: The evidence suggests that the sequences from the paper are not publicly available, but can be made available upon reasonable request and after ethical approval.

Answer: No
""""""

""""""
Question: What were the GenBank accession numbers for sequenced HIV isolates?

Evidence: None

Rationale: There is no evidence in the provided passages that suggests the paper reports GenBank accession numbers for sequenced HIV isolates.

Answer: Not reported
""""""

""""""
Question: How many individuals had samples obtained for HIV sequencing?

Evidence: InfCareHIV includes data on >99% of all people with diagnosed HIV in Sweden and up to now 13 029 have been included in the cohort.

Rationale: The evidence suggests that the paper reports that 13,029 individuals had samples obtained for HIV sequencing.

Answer: 13,029
""""""

""""""
Question: From which countries were the sequenced samples obtained?

Evidence: InfCareHIV includes data on >99% of all people with diagnosed HIV in Sweden.

Rationale: The evidence suggests that the sequenced samples were obtained from Sweden.

Answer: Sweden
""""""

""""""
Question: From what years were the sequenced samples obtained?

Evidence: The InfCareHIV cohort was established in 2003 in the two largest cities in Sweden, Stockholm and Gothenburg. These two cities care for about half of all PLHIV in Sweden. The other Swedish clinics joined thereafter and since 2008 the cohort has had complete national coverage, including all 29 clinical HIV centres in Sweden.

Rationale: The evidence suggests that the sequenced samples were obtained from 2003 onwards.

Answer: 2003 onwards
""""""

""""""
Question: Were samples cloned prior to sequencing?

Evidence: None

Rationale: There is no evidence in the provided passages that suggests whether samples were cloned prior to sequencing.

Answer: Not reported
""""""

""""""
Question: Which HIV genes were reported to have been sequenced?

Evidence: HIV-RNA (plasma and cerebrospinal fluid (CSF)) and HIV drug resistance (including viral sequences) results, described as both mutations and predicted phenotypic sensitivity.

Rationale: The evidence suggests that the paper reports the sequencing of HIV genes related to drug resistance, but does not specify which genes.

Answer: Not specified
""""""

""""""
Question: What method was used for sequencing?

Evidence: None

Rationale: There is no evidence in the provided passages that suggests which method was used for sequencing.

Answer: Not reported
""""""

""""""
Question: What type of samples were sequenced?

Evidence: In the major clinical centres blood plasma/serum/liquor samples are collected, and in selected cases also peripheral blood mononuclear cells, HIV isolates, CSF and CSF cells in biobanks.

Rationale: The evidence suggests that the paper reports the sequencing of various types of samples, including blood plasma, serum, liquor, peripheral blood mononuclear cells, HIV isolates, CSF, and CSF cells.

Answer: Various types, including blood plasma, serum, liquor, peripheral blood mononuclear cells, HIV isolates, CSF, and CSF cells
""""""

""""""
Question: Were any sequences obtained from individuals with virological failure on a treatment regimen?

Evidence: Almost all are on ART (98%), and of them almost everybody (95%) reaches the treatment goal of HIV-RNA <50 copies/mL (98% HIV-RNA <200 copies/mL) in snapshot analysis after at least 6 months of treatment.

Rationale: The evidence suggests that the paper reports that almost all individuals were on ART and reached the treatment goal, but does not specifically mention virological failure.

Answer: Not reported
""""""

""""""
Question: Were the patients in the study in a clinical trial?

Evidence: None

Rationale: There is no evidence in the provided passages that suggests whether the patients in the study were in a clinical trial.

Answer: Not reported
""""""

""""""
Question: Does the paper report HIV sequences from individuals who had previously received ARV drugs?

Evidence: InfCareHIV includes data on demographics, patient-reported outcome measures and patient-reported experience measures, as well as on HIV-related biomarkers and antiretroviral therapies (ART).

Rationale: The evidence suggests that the paper reports HIV sequences from individuals who had previously received ARV drugs, as it mentions the inclusion of data on antiretroviral therapies (ART).

Answer: Yes
""""""

""""""
Question: Which drug classes were received by individuals in the study before sample sequencing?

Evidence: None

Rationale: There is no evidence in the provided passages that suggests which drug classes were received by individuals in the study before sample sequencing.

Answer: Not reported
""""""

""""""
Question: Which drugs were received by individuals in the study before sample sequencing?

Evidence: None

Rationale: There is no evidence in the provided passages that suggests which drugs were received by individuals in the study before sample sequencing.

Answer: Not reported
""""""",69
36961945,,"Here are the answers to the questions in the required format:

""""""
Question: Does the paper report HIV sequences from patient samples?

Evidence: Bulk genotyping of HIV reverse transcriptase (RT) was performed to identify transmitted drug resistance (GeneSeq HIV; Monogram Biosciences, Inc., South San Francisco, CA or Viroseq v.2.0; Celera Diagnostics, Alameda, CA) in blood plasma before ART initiation. Deep sequencing of HIV DNA from peripheral blood mononuclear cells and consensus sequencing from concurrent blood plasma (BP) was performed from antiretroviral (ART)-naïve adults with recent infection.

Rationale: The evidence suggests that the paper reports HIV sequences from patient samples, specifically from blood plasma and peripheral blood mononuclear cells.

Answer: Yes
""""""

""""""
Question: Does the paper report in vitro drug susceptibility data?

Evidence: None

Rationale: There is no mention of in vitro drug susceptibility data in the provided passages.

Answer: No
""""""

""""""
Question: Were sequences from the paper made publicly available?

Evidence: None

Rationale: There is no mention of the sequences being made publicly available in the provided passages.

Answer: Unknown
""""""

""""""
Question: What were the GenBank accession numbers for sequenced HIV isolates?

Evidence: None

Rationale: There is no mention of GenBank accession numbers in the provided passages.

Answer: Unknown
""""""

""""""
Question: How many individuals had samples obtained for HIV sequencing?

Evidence: Overall, 190 individuals were included, 72 (37.9%) with acute, 20 (10.5%) very early, and 98 (51.6%) with recent HIV infection.

Rationale: The evidence suggests that 190 individuals had samples obtained for HIV sequencing.

Answer: 190
""""""

""""""
Question: From which countries were the sequenced samples obtained?

Evidence: None

Rationale: There is no mention of the countries from which the sequenced samples were obtained in the provided passages.

Answer: Unknown
""""""

""""""
Question: From what years were the sequenced samples obtained?

Evidence: Samples were collected from January 2005 to February 2020.

Rationale: The evidence suggests that the sequenced samples were obtained from 2005 to 2020.

Answer: 2005-2020
""""""

""""""
Question: Were samples cloned prior to sequencing?

Evidence: None

Rationale: There is no mention of cloning prior to sequencing in the provided passages.

Answer: Unknown
""""""

""""""
Question: Which HIV genes were reported to have been sequenced?

Evidence: Deep sequencing of HIV partial pol was performed to identify DRMs present in archived proviral DNA.

Rationale: The evidence suggests that the HIV partial pol gene was sequenced.

Answer: HIV partial pol
""""""

""""""
Question: What method was used for sequencing?

Evidence: Next-generation sequencing (NGS) was used to identify DRMs present in archived proviral DNA.

Rationale: The evidence suggests that next-generation sequencing (NGS) was used for sequencing.

Answer: Next-generation sequencing (NGS)
""""""

""""""
Question: What type of samples were sequenced?

Evidence: Blood plasma and peripheral blood mononuclear cells (PBMC) were sequenced.

Rationale: The evidence suggests that blood plasma and PBMC were sequenced.

Answer: Blood plasma and PBMC
""""""

""""""
Question: Were any sequences obtained from individuals with virological failure on a treatment regimen?

Evidence: No participants experienced virologic failure after initiating ART during the median 25.39 ± 3.13 months of follow-up on treatment.

Rationale: The evidence suggests that no sequences were obtained from individuals with virological failure on a treatment regimen.

Answer: No
""""""

""""""
Question: Were the patients in the study in a clinical trial?

Evidence: None

Rationale: There is no mention of a clinical trial in the provided passages.

Answer: Unknown
""""""

""""""
Question: Does the paper report HIV sequences from individuals who had previously received ARV drugs?

Evidence: The study included adults, age ≥18 years, with acute/early HIV infection enrolled in the San Diego PIRC, who were antiretroviral (ART)-naïve.

Rationale: The evidence suggests that the paper does not report HIV sequences from individuals who had previously received ARV drugs.

Answer: No
""""""

""""""
Question: Which drug classes were received by individuals in the study before sample sequencing?

Evidence: None

Rationale: There is no mention of drug classes received by individuals in the study before sample sequencing in the provided passages.

Answer: Unknown
""""""

""""""
Question: Which drugs were received by individuals in the study before sample sequencing?

Evidence: None

Rationale: There is no mention of specific drugs received by individuals in the study before sample sequencing in the provided passages.

Answer: Unknown
""""""",53
36967989,,"Here are the answers to the questions in the required format:

""""""
Question: Does the paper report HIV sequences from patient samples?

Evidence: Filtered genotype-phenotype data on the Stanford HIV drug resistance database was retrieved for PIs (Das & Arnold, 2013). We have organized this dataset with respect to isolates and inhibitors, and 498 protease mutations have been observed.

Rationale: The passage mentions that the dataset was retrieved from the Stanford HIV drug resistance database, which suggests that the data is related to HIV sequences from patient samples.

Answer: Yes
""""""

""""""
Question: Does the paper report in vitro drug susceptibility data?

Evidence: The filtered PhenoSense assay results made accessible in the Stanford HIV drug resistance database have been used training and testing machine learning models.

Rationale: The passage mentions that the PhenoSense assay results were used, which is a type of in vitro drug susceptibility test.

Answer: Yes
""""""

""""""
Question: Were sequences from the paper made publicly available?

Evidence: All data and necessary codes are available at Github and Zenodo: https://github.com/tnchsyn/hivdrugisolatefoldchange_model ; tnchsyn. (2023). tnchsyn/hivdrugisolatefoldchange_model: v1.0 (v1.0). Zenodo. https://doi.org/10.5281/zenodo.7527918.

Rationale: The passage provides links to the publicly available data and codes.

Answer: Yes
""""""

""""""
Question: What were the GenBank accession numbers for sequenced HIV isolates?

Evidence: Not mentioned in the provided passages.

Rationale: The passages do not mention GenBank accession numbers.

Answer: Not mentioned
""""""

""""""
Question: How many individuals had samples obtained for HIV sequencing?

Evidence: Not mentioned in the provided passages.

Rationale: The passages do not mention the number of individuals who had samples obtained for HIV sequencing.

Answer: Not mentioned
""""""

""""""
Question: From which countries were the sequenced samples obtained?

Evidence: Not mentioned in the provided passages.

Rationale: The passages do not mention the countries from which the sequenced samples were obtained.

Answer: Not mentioned
""""""

""""""
Question: From what years were the sequenced samples obtained?

Evidence: Not mentioned in the provided passages.

Rationale: The passages do not mention the years from which the sequenced samples were obtained.

Answer: Not mentioned
""""""

""""""
Question: Were samples cloned prior to sequencing?

Evidence: Not mentioned in the provided passages.

Rationale: The passages do not mention whether the samples were cloned prior to sequencing.

Answer: Not mentioned
""""""

""""""
Question: Which HIV genes were reported to have been sequenced?

Evidence: The dataset includes 498 protease mutations.

Rationale: The passage mentions that the dataset includes protease mutations, which suggests that the protease gene was sequenced.

Answer: Protease gene
""""""

""""""
Question: What method was used for sequencing?

Evidence: Not mentioned in the provided passages.

Rationale: The passages do not mention the method used for sequencing.

Answer: Not mentioned
""""""

""""""
Question: What type of samples were sequenced?

Evidence: Not mentioned in the provided passages.

Rationale: The passages do not mention the type of samples that were sequenced.

Answer: Not mentioned
""""""

""""""
Question: Were any sequences obtained from individuals with virological failure on a treatment regimen?

Evidence: Not mentioned in the provided passages.

Rationale: The passages do not mention whether any sequences were obtained from individuals with virological failure on a treatment regimen.

Answer: Not mentioned
""""""

""""""
Question: Were the patients in the study in a clinical trial?

Evidence: Not mentioned in the provided passages.

Rationale: The passages do not mention whether the patients were in a clinical trial.

Answer: Not mentioned
""""""

""""""
Question: Does the paper report HIV sequences from individuals who had previously received ARV drugs?

Evidence: Not mentioned in the provided passages.

Rationale: The passages do not mention whether the individuals had previously received ARV drugs.

Answer: Not mentioned
""""""

""""""
Question: Which drug classes were received by individuals in the study before sample sequencing?

Evidence: Not mentioned in the provided passages.

Rationale: The passages do not mention the drug classes received by individuals in the study before sample sequencing.

Answer: Not mentioned
""""""

""""""
Question: Which drugs were received by individuals in the study before sample sequencing?

Evidence: The dataset includes data on eight protease inhibitors (PIs): atazanavir (ATV), darunavir (DRV), fosemprenavir (FPV), indinavir (IDV), lopinavir (LPV), nelfinavir (NFV), saquinavir (SQV), and tipranavir (TPV).

Rationale: The passage mentions the eight PIs that were included in the dataset.

Answer: Atazanavir (ATV), darunavir (DRV), fosemprenavir (FPV), indinavir (IDV), lopinavir (LPV), nelfinavir (NFV), saquinavir (SQV), and tipranavir (TPV)
""""""",58
36982978,,"Here are the answers to the questions in the required format:

""""""
Question: Does the paper report HIV sequences from patient samples?

Evidence: The paper does not explicitly mention reporting HIV sequences from patient samples. However, it discusses various studies and experiments involving HIV-2 isolates and clinical samples.

Rationale: The question requires a direct answer based on the content of the paper. Since the paper does not explicitly mention reporting HIV sequences from patient samples, the answer is no.

Answer: No
""""""

""""""
Question: Does the paper report in vitro drug susceptibility data?

Evidence: The paper discusses the antiviral activity of various drugs against HIV-2 isolates in cell culture, including RAL, DTG, CAB, and BIC.

Rationale: The question requires a direct answer based on the content of the paper. Since the paper discusses in vitro drug susceptibility data, the answer is yes.

Answer: Yes
""""""

""""""
Question: Were sequences from the paper made publicly available?

Evidence: The paper does not mention making sequences publicly available.

Rationale: The question requires a direct answer based on the content of the paper. Since the paper does not mention making sequences publicly available, the answer is no.

Answer: No
""""""

""""""
Question: What were the GenBank accession numbers for sequenced HIV isolates?

Evidence: The paper does not mention GenBank accession numbers for sequenced HIV isolates.

Rationale: The question requires a direct answer based on the content of the paper. Since the paper does not mention GenBank accession numbers, the answer is not available.

Answer: Not available
""""""

""""""
Question: How many individuals had samples obtained for HIV sequencing?

Evidence: The paper does not mention the number of individuals who had samples obtained for HIV sequencing.

Rationale: The question requires a direct answer based on the content of the paper. Since the paper does not mention the number of individuals, the answer is not available.

Answer: Not available
""""""

""""""
Question: From which countries were the sequenced samples obtained?

Evidence: The paper does not mention the countries from which the sequenced samples were obtained.

Rationale: The question requires a direct answer based on the content of the paper. Since the paper does not mention the countries, the answer is not available.

Answer: Not available
""""""

""""""
Question: From what years were the sequenced samples obtained?

Evidence: The paper does not mention the years from which the sequenced samples were obtained.

Rationale: The question requires a direct answer based on the content of the paper. Since the paper does not mention the years, the answer is not available.

Answer: Not available
""""""

""""""
Question: Were samples cloned prior to sequencing?

Evidence: The paper does not mention whether samples were cloned prior to sequencing.

Rationale: The question requires a direct answer based on the content of the paper. Since the paper does not mention cloning, the answer is not available.

Answer: Not available
""""""

""""""
Question: Which HIV genes were reported to have been sequenced?

Evidence: The paper discusses the sequencing of various HIV-2 genes, including the integrase gene.

Rationale: The question requires a direct answer based on the content of the paper. Since the paper discusses the sequencing of HIV-2 genes, the answer is yes.

Answer: Yes
""""""

""""""
Question: What method was used for sequencing?

Evidence: The paper does not mention the method used for sequencing.

Rationale: The question requires a direct answer based on the content of the paper. Since the paper does not mention the sequencing method, the answer is not available.

Answer: Not available
""""""

""""""
Question: What type of samples were sequenced?

Evidence: The paper discusses the sequencing of HIV-2 isolates from clinical samples.

Rationale: The question requires a direct answer based on the content of the paper. Since the paper discusses the sequencing of HIV-2 isolates, the answer is clinical samples.

Answer: Clinical samples
""""""

""""""
Question: Were any sequences obtained from individuals with virological failure on a treatment regimen?

Evidence: The paper discusses the sequencing of HIV-2 isolates from individuals with virological failure on a treatment regimen.

Rationale: The question requires a direct answer based on the content of the paper. Since the paper discusses the sequencing of HIV-2 isolates from individuals with virological failure, the answer is yes.

Answer: Yes
""""""

""""""
Question: Were the patients in the study in a clinical trial?

Evidence: The paper discusses various studies and experiments involving HIV-2 isolates and clinical samples, but it does not mention a specific clinical trial.

Rationale: The question requires a direct answer based on the content of the paper. Since the paper does not mention a specific clinical trial, the answer is no.

Answer: No
""""""

""""""
Question: Does the paper report HIV sequences from individuals who had previously received ARV drugs?

Evidence: The paper discusses the sequencing of HIV-2 isolates from individuals who had previously received ARV drugs.

Rationale: The question requires a direct answer based on the content of the paper. Since the paper discusses the sequencing of HIV-2 isolates from individuals who had previously received ARV drugs, the answer is yes.

Answer: Yes
""""""

""""""
Question: Which drug classes were received by individuals in the study before sample sequencing?

Evidence: The paper discusses the sequencing of HIV-2 isolates from individuals who had previously received various ARV drugs, including integrase inhibitors and protease inhibitors.

Rationale: The question requires a direct answer based on the content of the paper. Since the paper discusses the sequencing of HIV-2 isolates from individuals who had previously received ARV drugs, the answer is integrase inhibitors and protease inhibitors.

Answer: Integrase inhibitors and protease inhibitors
""""""

""""""
Question: Which drugs were received by individuals in the study before sample sequencing?

Evidence: The paper discusses the sequencing of HIV-2 isolates from individuals who had previously received various ARV drugs, including RAL, DTG, and CAB.

Rationale: The question requires a direct answer based on the content of the paper. Since the paper discusses the sequencing of HIV-2 isolates from individuals who had previously received ARV drugs, the answer is RAL, DTG, and CAB.

Answer: RAL, DTG, and CAB
""""""",75
37017009,,"Here are the answers to the questions in the required format:

""""""
Question: Does the paper report HIV sequences from patient samples?

Evidence: Whole blood was collected using standard phlebotomy methods into a 6 mL EDTA tube. A minimum of 500 μL plasma was ultra-centrifuged and total nucleic acid extracted using the MagNA Pure 2.0 automated extraction system (Roche Applied Science, Penzberg, Germany). PCR amplification was performed using an in-house method resulting in a single amplicon spanning 1.5 kb of *pol* encompassing the protease gene and the first 250 amino acids of the reverse transcriptase gene (HXB2 2358--3882).

Rationale: The passage describes the methods used to collect and process blood samples from patients, including the extraction of nucleic acid and PCR amplification. This suggests that the paper does report HIV sequences from patient samples.

Answer: Yes
""""""

""""""
Question: Does the paper report in vitro drug susceptibility data?

Evidence: The prevalence and patterns reported herein were similar to those in recent reports. A recent study reported NNRTI resistance in 65.3%, NRTI resistance in 51.4% and PI resistance in 2.8% of 72 children living with HIV from five public health facilities in the EC province.

Rationale: The passage mentions the results of a recent study that reported resistance to different classes of antiretroviral drugs. However, it does not provide in vitro drug susceptibility data.

Answer: No
""""""

""""""
Question: Were sequences from the paper made publicly available?

Evidence: None of the passages mention whether the sequences were made publicly available.

Rationale: Since there is no information provided about the public availability of the sequences, we cannot determine the answer to this question.

Answer: Unknown
""""""

""""""
Question: What were the GenBank accession numbers for sequenced HIV isolates?

Evidence: None of the passages mention GenBank accession numbers.

Rationale: Since there is no information provided about GenBank accession numbers, we cannot determine the answer to this question.

Answer: Unknown
""""""

""""""
Question: How many individuals had samples obtained for HIV sequencing?

Evidence: Of 899 specimens included in the analysis, genotyping PCR and sequencing was successful in 809 (809/899, 90.0%).

Rationale: The passage mentions that 899 specimens were included in the analysis, but only 809 were successfully sequenced.

Answer: 809
""""""

""""""
Question: From which countries were the sequenced samples obtained?

Evidence: This cross-sectional study, performed from March 2017 to March 2019 in South Africa, enrolled HIV-positive children aged ≤19 years, receiving ART through public health facilities with recent evidence suggestive of virological failure.

Rationale: The passage mentions that the study was conducted in South Africa.

Answer: South Africa
""""""

""""""
Question: From what years were the sequenced samples obtained?

Evidence: This cross-sectional study, performed from March 2017 to March 2019 in South Africa, enrolled HIV-positive children aged ≤19 years, receiving ART through public health facilities with recent evidence suggestive of virological failure.

Rationale: The passage mentions that the study was conducted from March 2017 to March 2019.

Answer: 2017-2019
""""""

""""""
Question: Were samples cloned prior to sequencing?

Evidence: None of the passages mention cloning prior to sequencing.

Rationale: Since there is no information provided about cloning prior to sequencing, we cannot determine the answer to this question.

Answer: Unknown
""""""

""""""
Question: Which HIV genes were reported to have been sequenced?

Evidence: PCR amplification was performed using an in-house method resulting in a single amplicon spanning 1.5 kb of *pol* encompassing the protease gene and the first 250 amino acids of the reverse transcriptase gene (HXB2 2358--3882).

Rationale: The passage mentions that the protease gene and the first 250 amino acids of the reverse transcriptase gene were sequenced.

Answer: Protease and reverse transcriptase genes
""""""

""""""
Question: What method was used for sequencing?

Evidence: Quantified amplicons were sequenced using the MiSeq V3 sequencing Kit (Illumina, San Diego, USA). MiSeq FastQ files were analysed using DeepChek ^®^ (Advanced Biological Laboratories, Luxembourg, Luxembourg).

Rationale: The passage mentions that the MiSeq V3 sequencing Kit was used for sequencing.

Answer: MiSeq V3 sequencing Kit
""""""

""""""
Question: What type of samples were sequenced?

Evidence: Whole blood was collected using standard phlebotomy methods into a 6 mL EDTA tube.

Rationale: The passage mentions that whole blood was collected and sequenced.

Answer: Whole blood
""""""

""""""
Question: Were any sequences obtained from individuals with virological failure on a treatment regimen?

Evidence: This cross-sectional study, performed from March 2017 to March 2019 in South Africa, enrolled HIV-positive children aged ≤19 years, receiving ART through public health facilities with recent evidence suggestive of virological failure.

Rationale: The passage mentions that the study enrolled children with recent evidence suggestive of virological failure.

Answer: Yes
""""""

""""""
Question: Were the patients in the study in a clinical trial?

Evidence: None of the passages mention a clinical trial.

Rationale: Since there is no information provided about a clinical trial, we cannot determine the answer to this question.

Answer: Unknown
""""""

""""""
Question: Does the paper report HIV sequences from individuals who had previously received ARV drugs?

Evidence: The majority were receiving ritonavir-boosted lopinavir-based regimens (97.1%), whilst 2.9% were receiving ritonavir-boosted atazanavir.

Rationale: The passage mentions that the majority of participants were receiving ARV drugs.

Answer: Yes
""""""

""""""
Question: Which drug classes were received by individuals in the study before sample sequencing?

Evidence: The majority were receiving ritonavir-boosted lopinavir-based regimens (97.1%), whilst 2.9% were receiving ritonavir-boosted atazanavir. The majority were receiving efavirenz-based regimens (98.7%); seven participants were receiving nevirapine.

Rationale: The passage mentions that the majority of participants were receiving PI-based regimens and NNRTI-based regimens.

Answer: PI-based regimens and NNRTI-based regimens
""""""

""""""
Question: Which drugs were received by individuals in the study before sample sequencing?

Evidence: The majority were receiving ritonavir-boosted lopinavir-based regimens (97.1%), whilst 2.9% were receiving ritonavir-boosted atazanavir. The majority were receiving efavirenz-based regimens (98.7%); seven participants were receiving nevirapine.

Rationale: The passage mentions that the majority of participants were receiving ritonavir-boosted lopinavir, ritonavir-boosted atazanavir, efavirenz, and nevirapine.

Answer: Ritonavir-boosted lopinavir, ritonavir-boosted atazanavir, efavirenz, and nevirapine
""""""",82
37029656,,"Here are the answers to the questions based on the provided evidence pool:

""""""
Question: Does the paper report HIV sequences from patient samples?

Evidence: Overall, 1223 ART-naive PLWH were evaluated: 1109 (90.7%) were male, 860 (70.3%) were MSM and the median age was 37 (IQR, 30--45) years. Italian origin was found in 578 (78.0%) and 971 (79.4%) were infected by HIV-1 subtype B. CRF01_AE (74.0%) was the most frequent HIV-1 non-B subtype observed.

Rationale: The passage mentions that 1223 ART-naive people living with HIV (PLWH) were evaluated, and it provides demographic information about the population, including age, sex, and HIV-1 subtype. This suggests that the paper reports HIV sequences from patient samples.

Answer: Yes
""""""

""""""
Question: Does the paper report in vitro drug susceptibility data?

Evidence: The degree of resistance to each INSTI drug was calculated using the Genotypic Resistance Interpretation Algorithm of the Stanford HIV Drug Resistance Database Program (version 9.1.1) (https://hivdb.stanford.edu/hivdb/by-patterns/). The obtained scores were used to classify the presence of low-level, intermediate or high-level resistance to each INSTI drug and to the INSTI drug class.

Rationale: The passage mentions that the degree of resistance to each INSTI drug was calculated using a genotypic resistance interpretation algorithm, which suggests that the paper reports in vitro drug susceptibility data.

Answer: Yes
""""""

""""""
Question: Were sequences from the paper made publicly available?

Evidence: None of the passages mention whether the sequences were made publicly available.

Rationale: Since none of the passages mention whether the sequences were made publicly available, we cannot determine the answer to this question.

Answer: Unknown
""""""

""""""
Question: What were the GenBank accession numbers for sequenced HIV isolates?

Evidence: None of the passages mention GenBank accession numbers.

Rationale: Since none of the passages mention GenBank accession numbers, we cannot determine the answer to this question.

Answer: Unknown
""""""

""""""
Question: How many individuals had samples obtained for HIV sequencing?

Evidence: Overall, 1223 ART-naive PLWH were evaluated.

Rationale: The passage mentions that 1223 ART-naive PLWH were evaluated, which suggests that samples were obtained from 1223 individuals for HIV sequencing.

Answer: 1223
""""""

""""""
Question: From which countries were the sequenced samples obtained?

Evidence: Italian origin was found in 578 (78.0%).

Rationale: The passage mentions that Italian origin was found in 578 (78.0%) of the samples, which suggests that the sequenced samples were obtained from Italy.

Answer: Italy
""""""

""""""
Question: From what years were the sequenced samples obtained?

Evidence: We conducted a time-trend, single-centre study over the period 2009--19.

Rationale: The passage mentions that the study was conducted over the period 2009-2019, which suggests that the sequenced samples were obtained from 2009 to 2019.

Answer: 2009-2019
""""""

""""""
Question: Were samples cloned prior to sequencing?

Evidence: None of the passages mention whether the samples were cloned prior to sequencing.

Rationale: Since none of the passages mention whether the samples were cloned prior to sequencing, we cannot determine the answer to this question.

Answer: Unknown
""""""

""""""
Question: Which HIV genes were reported to have been sequenced?

Evidence: None of the passages mention specific HIV genes that were sequenced.

Rationale: Since none of the passages mention specific HIV genes that were sequenced, we cannot determine the answer to this question.

Answer: Unknown
""""""

""""""
Question: What method was used for sequencing?

Evidence: GRT was determined by Sanger sequencing using an ABI PRISM 3130xl Genetic Analyzer (Applied Biosystems, Foster City, CA, USA).

Rationale: The passage mentions that Sanger sequencing was used for sequencing, specifically using an ABI PRISM 3130xl Genetic Analyzer.

Answer: Sanger sequencing
""""""

""""""
Question: What type of samples were sequenced?

Evidence: None of the passages mention the type of samples that were sequenced.

Rationale: Since none of the passages mention the type of samples that were sequenced, we cannot determine the answer to this question.

Answer: Unknown
""""""

""""""
Question: Were any sequences obtained from individuals with virological failure on a treatment regimen?

Evidence: None of the passages mention virological failure on a treatment regimen.

Rationale: Since none of the passages mention virological failure on a treatment regimen, we cannot determine the answer to this question.

Answer: Unknown
""""""

""""""
Question: Were the patients in the study in a clinical trial?

Evidence: None of the passages mention a clinical trial.

Rationale: Since none of the passages mention a clinical trial, we cannot determine the answer to this question.

Answer: Unknown
""""""

""""""
Question: Does the paper report HIV sequences from individuals who had previously received ARV drugs?

Evidence: Overall, 1223 ART-naive PLWH were evaluated.

Rationale: The passage mentions that the study included ART-naive PLWH, which suggests that the individuals had not previously received ARV drugs.

Answer: No
""""""

""""""
Question: Which drug classes were received by individuals in the study before sample sequencing?

Evidence: None of the passages mention specific drug classes that were received by individuals before sample sequencing.

Rationale: Since none of the passages mention specific drug classes that were received by individuals before sample sequencing, we cannot determine the answer to this question.

Answer: Unknown
""""""

""""""
Question: Which drugs were received by individuals in the study before sample sequencing?

Evidence: None of the passages mention specific drugs that were received by individuals before sample sequencing.

Rationale: Since none of the passages mention specific drugs that were received by individuals before sample sequencing, we cannot determine the answer to this question.

Answer: Unknown
""""""",66
37039023,,"Here are the answers to the questions in the required format:

""""""
Question: Does the paper report HIV sequences from patient samples?

Evidence: Sequence data were analysed on Geneious software v.9.1.8 (Biomatters Limited, Auckland, New Zealand) as described, ^\ \ 29\,\ \ \ 34^ through reference-based assembly to the HXB2 reference sequence (GenBank accession NC_001802 ). All samples were individually analysed to check the read alignment, examine regions with low coverage (\<1000 sequence reads) and investigate the presence of deletions, insertions and premature stop codons.

Rationale: The passage mentions that sequence data were analyzed using Geneious software, and that all samples were individually analyzed to check the read alignment and investigate the presence of deletions, insertions, and premature stop codons. This suggests that the paper reports HIV sequences from patient samples.

Answer: Yes
""""""

""""""
Question: Does the paper report in vitro drug susceptibility data?

Evidence: None

Rationale: There is no mention of in vitro drug susceptibility data in the provided passages.

Answer: No
""""""

""""""
Question: Were sequences from the paper made publicly available?

Evidence: The raw sequencing reads were deposited to the Sequence Read Archive under the BioProject PRJNA419915.

Rationale: The passage mentions that the raw sequencing reads were deposited to the Sequence Read Archive, which suggests that the sequences are publicly available.

Answer: Yes
""""""

""""""
Question: What were the GenBank accession numbers for sequenced HIV isolates?

Evidence: The HXB2 reference sequence (GenBank accession NC_001802 ) was used for reference-based assembly.

Rationale: The passage mentions the GenBank accession number NC_001802 for the HXB2 reference sequence, but it does not provide accession numbers for the sequenced HIV isolates.

Answer: Not provided
""""""

""""""
Question: How many individuals had samples obtained for HIV sequencing?

Evidence: Overall, 86 HIV+ patients were recruited: 34 from HI, 12 from HUCFF and 40 from HU-FURG.

Rationale: The passage mentions that 86 HIV+ patients were recruited, which suggests that samples were obtained from 86 individuals.

Answer: 86
""""""

""""""
Question: From which countries were the sequenced samples obtained?

Evidence: None

Rationale: The passage does not mention the countries from which the sequenced samples were obtained. However, it does mention that the samples were collected from Rio de Janeiro (RJ) and Rio Grande do Sul (RS), which are states in Brazil.

Answer: Brazil
""""""

""""""
Question: From what years were the sequenced samples obtained?

Evidence: All samples from RJ were collected between February 2016 and November 2018, whereas all samples from RS were collected between August and December 2017.

Rationale: The passage mentions the years during which the samples were collected.

Answer: 2016-2018
""""""

""""""
Question: Were samples cloned prior to sequencing?

Evidence: None

Rationale: There is no mention of cloning prior to sequencing in the provided passages.

Answer: Not mentioned
""""""

""""""
Question: Which HIV genes were reported to have been sequenced?

Evidence: The presence and frequency of antiretroviral resistance mutations were evaluated through reference-based assembly according to the antiretroviral resistance annotations. Mutations in reverse transcriptase, protease and integrase regions were analysed through the HIV Drug Resistance Database.

Rationale: The passage mentions that mutations in reverse transcriptase, protease, and integrase regions were analyzed, which suggests that these genes were sequenced.

Answer: Reverse transcriptase, protease, and integrase
""""""

""""""
Question: What method was used for sequencing?

Evidence: Libraries were quantified in Qubit 3 (Life Technologies, Carlsbad, CA, USA) and sequenced using the Illumina MiSeq platform with a paired-end 2 × 251 protocol.

Rationale: The passage mentions that the Illumina MiSeq platform was used for sequencing.

Answer: Illumina MiSeq
""""""

""""""
Question: What type of samples were sequenced?

Evidence: All samples were centrifuged to separate plasma and peripheral blood cells. PureLink ^®^ Genomic DNA Mini Kit (Thermo Fisher Scientific, Waltham, MA, USA) was used to extract DNA from the blood cells (including the integrated HIV proviral genome).

Rationale: The passage mentions that DNA was extracted from blood cells, which suggests that the samples were peripheral blood mononuclear cells (PBMCs).

Answer: Peripheral blood mononuclear cells (PBMCs)
""""""

""""""
Question: Were any sequences obtained from individuals with virological failure on a treatment regimen?

Evidence: None

Rationale: The passage does not mention virological failure on a treatment regimen.

Answer: Not mentioned
""""""

""""""
Question: Were the patients in the study in a clinical trial?

Evidence: None

Rationale: There is no mention of a clinical trial in the provided passages.

Answer: Not mentioned
""""""

""""""
Question: Does the paper report HIV sequences from individuals who had previously received ARV drugs?

Evidence: Patients who had TDRMs associated with an antiretroviral class with which they had never been treated were considered genuine TDRMs.

Rationale: The passage mentions that patients had previously received ARV drugs, but it does not provide information on the specific drugs or treatment regimens.

Answer: Yes
""""""

""""""
Question: Which drug classes were received by individuals in the study before sample sequencing?

Evidence: The most prevalent therapeutic regimen combination used was tenofovir disoproxil fumarate (TDF), lamivudine (3TC) and efavirenz (EFV) (TDF + 3TC + EFV), accounting for 55.8% ( *n* = 48) of patients included.

Rationale: The passage mentions the specific drugs used in the therapeutic regimen, which suggests that the drug classes received by individuals in the study were nucleoside reverse transcriptase inhibitors (NRTIs) and non-nucleoside reverse transcriptase inhibitors (NNRTIs).

Answer: NRTIs and NNRTIs
""""""

""""""
Question: Which drugs were received by individuals in the study before sample sequencing?

Evidence: The most prevalent therapeutic regimen combination used was tenofovir disoproxil fumarate (TDF), lamivudine (3TC) and efavirenz (EFV) (TDF + 3TC + EFV), accounting for 55.8% ( *n* = 48) of patients included.

Rationale: The passage mentions the specific drugs used in the therapeutic regimen.

Answer: Tenofovir disoproxil fumarate (TDF), lamivudine (3TC), and efavirenz (EFV)
""""""",79
37042390,,"Here are the answers to the questions in the required format:

""""""
Question: Does the paper report HIV sequences from patient samples?

Evidence: Following sequencing, we used the Recall software to build a contig using https://recall.bccfe.ca/ and the drug resistance pattern was determined by the Stanford University HIV Genotypic Resistance Interpretation Algorithm version 9.0 (https://hivdb.stanford.edu/hivdb/by-mutations/). HIV-1 subtyping was performed on all of the samples in accordance with the recommendations of the REGA HIV-1 subtyping tool version 3.0 (http://dbpartners.stanford.edu:8080/RegaSubtyping/stanford-hiv/typingtool/).

Rationale: The passage mentions that HIV-1 subtyping was performed on all of the samples, indicating that the paper reports HIV sequences from patient samples.

Answer: Yes
""""""

""""""
Question: Does the paper report in vitro drug susceptibility data?

Evidence: None

Rationale: There is no mention of in vitro drug susceptibility data in the provided passages.

Answer: No
""""""

""""""
Question: Were sequences from the paper made publicly available?

Evidence: None

Rationale: There is no mention of the sequences being made publicly available in the provided passages.

Answer: No
""""""

""""""
Question: What were the GenBank accession numbers for sequenced HIV isolates?

Evidence: None

Rationale: There is no mention of GenBank accession numbers in the provided passages.

Answer: Not reported
""""""

""""""
Question: How many individuals had samples obtained for HIV sequencing?

Evidence: Out of 85 patients started on third-line therapy, 40 samples were successfully sequenced for the IN gene and 38 for the PR and RT genes at baseline (start of third-line therapy).

Rationale: The passage mentions that 40 samples were successfully sequenced for the IN gene and 38 for the PR and RT genes, indicating that at least 38 individuals had samples obtained for HIV sequencing.

Answer: At least 38
""""""

""""""
Question: From which countries were the sequenced samples obtained?

Evidence: This single-centre observational study was done at a CoE in HIV care, Banaras Hindu University (BHU) in a tertiary hospital in Varanasi, India.

Rationale: The passage mentions that the study was conducted in India, indicating that the sequenced samples were obtained from India.

Answer: India
""""""

""""""
Question: From what years were the sequenced samples obtained?

Evidence: Patients were routinely followed up in the ART centre and long-term survival and virological outcome was assessed in March 2022. All PLHIV who were started on third-line ART between July 2016 and December 2019 in the ART centre were included in the study.

Rationale: The passage mentions that the patients were started on third-line ART between July 2016 and December 2019, indicating that the sequenced samples were obtained from 2016 to 2019.

Answer: 2016-2019
""""""

""""""
Question: Were samples cloned prior to sequencing?

Evidence: None

Rationale: There is no mention of cloning prior to sequencing in the provided passages.

Answer: Not reported
""""""

""""""
Question: Which HIV genes were reported to have been sequenced?

Evidence: Out of 85 patients started on third-line therapy, 40 samples were successfully sequenced for the IN gene and 38 for the PR and RT genes at baseline (start of third-line therapy).

Rationale: The passage mentions that the IN, PR, and RT genes were sequenced.

Answer: IN, PR, and RT genes
""""""

""""""
Question: What method was used for sequencing?

Evidence: Following sequencing, we used the Recall software to build a contig using https://recall.bccfe.ca/ and the drug resistance pattern was determined by the Stanford University HIV Genotypic Resistance Interpretation Algorithm version 9.0 (https://hivdb.stanford.edu/hivdb/by-mutations/).

Rationale: The passage mentions that the Recall software was used to build a contig, but it does not specify the sequencing method.

Answer: Not reported
""""""

""""""
Question: What type of samples were sequenced?

Evidence: The HIV RNA was extracted manually using a QIAamp ^®^ Viral RNA mini kit according to the manufacturer's instructions (QIAGEN, Germany; Cat No. 52906).

Rationale: The passage mentions that HIV RNA was extracted, indicating that the samples were likely plasma or serum samples.

Answer: Plasma or serum samples
""""""

""""""
Question: Were any sequences obtained from individuals with virological failure on a treatment regimen?

Evidence: Among the 13 patients who did not attain virological suppression at 12 months, genotyping could be done in only 12. At the initiation of third-line therapy among these 12 samples, 10 samples were successfully sequenced for the IN gene and 11 were sequenced for PR and RT genes.

Rationale: The passage mentions that sequences were obtained from individuals with virological failure on a treatment regimen.

Answer: Yes
""""""

""""""
Question: Were the patients in the study in a clinical trial?

Evidence: None

Rationale: There is no mention of a clinical trial in the provided passages.

Answer: No
""""""

""""""
Question: Does the paper report HIV sequences from individuals who had previously received ARV drugs?

Evidence: At the start of the third-line regimen, 35% (14/40) had major INSTI DRMs, even when they had never been on an INSTI-based regimen, similar to the study by Gill *et al*.

Rationale: The passage mentions that some individuals had previously received ARV drugs, but it does not specify the type of drugs.

Answer: Yes
""""""

""""""
Question: Which drug classes were received by individuals in the study before sample sequencing?

Evidence: At the start of the third-line regimen, 35% (14/40) had major INSTI DRMs, even when they had never been on an INSTI-based regimen, similar to the study by Gill *et al*. Among those who had virological failure at 1 year, 33% (4/12) patients had major IN mutations but we did not detect any major PI mutations.

Rationale: The passage mentions that some individuals had received INSTI-based regimens and PI-based regimens before sample sequencing.

Answer: INSTI-based regimens and PI-based regimens
""""""

""""""
Question: Which drugs were received by individuals in the study before sample sequencing?

Evidence: None

Rationale: There is no mention of specific drugs in the provided passages.

Answer: Not reported
""""""",74
37052343,,"Here are the answers to the questions in the required format:

""""""
Question: Does the paper report HIV sequences from patient samples?

Evidence: Baseline variables were defined a priori. Models were adjusted for sex, age, year of ART initiation, race, hepatitis C (hepatitis C virus antibodies), European Australian region, prior AIDS-defining illness, HIV-1 RNA, CD4 ^+^ T-cell count and initial ART classes.

Rationale: The passage does not explicitly mention HIV sequences from patient samples. However, it does mention HIV-1 RNA levels, which suggests that the study involves the analysis of HIV-related data from patient samples.

Answer: No
""""""

""""""
Question: Does the paper report in vitro drug susceptibility data?

Evidence: A descriptive analysis of participants' demographic and immunovirological characteristics at ART initiation was carried out using frequency tables for categorical variables and median and interquartile range (IQR) for continuous variables.

Rationale: The passage does not mention in vitro drug susceptibility data. It only mentions the analysis of demographic and immunovirological characteristics.

Answer: No
""""""

""""""
Question: Were sequences from the paper made publicly available?

Evidence: The International Cohort Consortium of Infectious Diseases (RESPOND) is a collaboration among 19 cohorts from Europe and Australia, using the HIV Cohorts Data Exchange Protocol for data collection (details at https://hicdep.org/ ) [ 25 ].

Rationale: The passage does not explicitly mention whether the sequences were made publicly available. However, it does mention that the data collection is done using a protocol that is available online.

Answer: No
""""""

""""""
Question: What were the GenBank accession numbers for sequenced HIV isolates?

Evidence: None

Rationale: There is no mention of GenBank accession numbers in the provided passages.

Answer: Not available
""""""

""""""
Question: How many individuals had samples obtained for HIV sequencing?

Evidence: We included 4310 eligible ART-naive participants ( Figure 1 ).

Rationale: The passage mentions that 4310 participants were included in the study.

Answer: 4310
""""""

""""""
Question: From which countries were the sequenced samples obtained?

Evidence: The International Cohort Consortium of Infectious Diseases (RESPOND) is a collaboration among 19 cohorts from Europe and Australia.

Rationale: The passage mentions that the cohorts are from Europe and Australia.

Answer: Europe and Australia
""""""

""""""
Question: From what years were the sequenced samples obtained?

Evidence: Participants had a CD4 ^+^ T-cell count measured and a detectable plasma HIV-1 RNA value at ART initiation and a minimum follow-up time of 36 weeks, from 17 of 19 cohorts, who started ART between 1 January 2014 and 31 December 2020.

Rationale: The passage mentions that the samples were obtained from participants who started ART between 2014 and 2020.

Answer: 2014-2020
""""""

""""""
Question: Were samples cloned prior to sequencing?

Evidence: None

Rationale: There is no mention of cloning in the provided passages.

Answer: Not available
""""""

""""""
Question: Which HIV genes were reported to have been sequenced?

Evidence: None

Rationale: There is no mention of specific HIV genes being sequenced in the provided passages.

Answer: Not available
""""""

""""""
Question: What method was used for sequencing?

Evidence: None

Rationale: There is no mention of the sequencing method in the provided passages.

Answer: Not available
""""""

""""""
Question: What type of samples were sequenced?

Evidence: None

Rationale: There is no mention of the type of samples sequenced in the provided passages.

Answer: Not available
""""""

""""""
Question: Were any sequences obtained from individuals with virological failure on a treatment regimen?

Evidence: CD4 ^+^ T-cell counts ≤200/µL were associated with higher risk of VF (adjusted hazard ratio, 3.12 [95% confidence interval, 2.02--4.83]).

Rationale: The passage mentions virological failure (VF) as an outcome, but it does not explicitly mention whether sequences were obtained from individuals with VF.

Answer: Not available
""""""

""""""
Question: Were the patients in the study in a clinical trial?

Evidence: None

Rationale: There is no mention of a clinical trial in the provided passages.

Answer: Not available
""""""

""""""
Question: Does the paper report HIV sequences from individuals who had previously received ARV drugs?

Evidence: We included all ART-naive adults aged ≥18 years who started ART between 1 January 2014 and 31 December 2020.

Rationale: The passage mentions that the participants were ART-naive, which means they had not previously received ARV drugs.

Answer: No
""""""

""""""
Question: Which drug classes were received by individuals in the study before sample sequencing?

Evidence: The latter included: a 2--nucleos(t)ide reverse-transcriptase inhibitor (NRTI) backbone (abacavir-lamivudine, tenofovir disoproxil fumarate [TDF]--emtricitabine, tenofovir alafenamide [TAF]--emtricitabine) plus 1 of the following third agents: cobicistat- or ritonavir-boosted darunavir (protease inhibitor [PI]), rilpivirine (nonnucleoside reverse-transcriptase inhibitor [NNRTI]), and cobicistat-boosted elvitegravir, dolutegravir, or raltegravir (INSTI).

Rationale: The passage mentions the different drug classes received by the participants, including NRTI, PI, NNRTI, and INSTI.

Answer: NRTI, PI, NNRTI, INSTI
""""""

""""""
Question: Which drugs were received by individuals in the study before sample sequencing?

Evidence: The latter included: a 2--nucleos(t)ide reverse-transcriptase inhibitor (NRTI) backbone (abacavir-lamivudine, tenofovir disoproxil fumarate [TDF]--emtricitabine, tenofovir alafenamide [TAF]--emtricitabine) plus 1 of the following third agents: cobicistat- or ritonavir-boosted darunavir (protease inhibitor [PI]), rilpivirine (nonnucleoside reverse-transcriptase inhibitor [NNRTI]), and cobicistat-boosted elvitegravir, dolutegravir, or raltegravir (INSTI).

Rationale: The passage mentions the specific drugs received by the participants, including abacavir-lamivudine, TDF-emtricitabine, TAF-emtricitabine, darunavir, rilpivirine, elvitegravir, dolutegravir, and raltegravir.

Answer: Abacavir-lamivudine, TDF-emtricitabine, TAF-emtricitabine, darunavir, rilpivirine, elvitegravir, dolutegravir, raltegravir
""""""",82
37071019,,"Here are the answers to the questions in the required format:

""""""
Question: Does the paper report HIV sequences from patient samples?

Evidence: The pNL4.3-INB ~G118R+R263K~ plasmid was derived from the pNL4.3-INB ~R263K~ plasmid by site-directed mutagenesis, as described above. Proper site-directed mutagenesis was validated by Sanger sequencing. The pNL4.3-INB ~G118R~ and pNL4.3-INB ~R263K~ plasmids have been described elsewhere ( 14 ). WT, G118R, R263K, and G118R plus R263K HIV-1 viruses were produced by transfection in 293T cells ( 13 ). Briefly, 7.5 million 293T cells were seeded on day 0 in a 75-cm ^2^ flask in Opti-MEM supplemented with 10% FBS without antibiotics. Eighteen to 24 h later, cells were checked to have reached approximately 75% confluence. Twenty-five micrograms of proviral plasmid DNA was transfected using 150 μL of Lipofectamine 2000, according to the manufacturer's recommendations. Four hours after transfection, cell culture medium was renewed with Opti-MEM with 10% FBS. Virus production for 48 h was followed by the harvesting of the cell culture fluids (12 mL). Supernatants were centrifuged for 10 min at 3,500 rpm, decanted to a new 15-mL tube, and filtered gently through a 0.2-μm filter with a 15-mL syringe. Filtered viruses were treated with benzonase (Millipore), aliquoted into 500 μL aliquots, and frozen at −80°C for at least 24 h before they were used for infectivity assays and RT quantification.

Rationale: The passage describes the production of HIV-1 viruses through transfection in 293T cells and the validation of site-directed mutagenesis by Sanger sequencing. However, it does not explicitly mention the use of patient samples.

Answer: No
""""""

""""""
Question: Does the paper report in vitro drug susceptibility data?

Evidence: For antiretroviral drug susceptibility assays, a similar approach was used with some modifications. Thirty thousand TZM-bl cells per well were plated on a 96-well cell culture plate. Eighteen to 24 h later, 1:10 serial dilutions of DTG (0.16 pM to 1.6 μM) or BIC (0.14 pM to 1.4 μM) were added to the cells in triplicate. After 1 h of incubation, the cells were infected with the equivalent of 30,000 RT units of WT, G118R, R263K, or G118R plus R263K virus per well, as reported previously ( 23 ). After 24 h, luciferase production was measured as described above, and RLU values were plotted against drug concentrations. Normalization was performed as described above for infectivity assays using GraphPad Prism. The results from three separate experiments (two with one batch of viruses and one with another batch of viruses) were compiled thanks to normalization. This compilation was used to calculate FCs in 50% inhibitory concentrations (IC ~50~ s) relative to the WT virus using GraphPad Prism.

Rationale: The passage describes the method used for antiretroviral drug susceptibility assays, which includes the use of serial dilutions of DTG and BIC, infection of TZM-bl cells, and measurement of luciferase production.

Answer: Yes
""""""

""""""
Question: Were sequences from the paper made publicly available?

Evidence: The pNL4.3-INB ~G118R~ and pNL4.3-INB ~R263K~ plasmids have been described elsewhere ( 14 ). WT, G118R, R263K, and G118R plus R263K HIV-1 viruses were produced by transfection in 293T cells ( 13 ). Briefly, 7.5 million 293T cells were seeded on day 0 in a 75-cm ^2^ flask in Opti-MEM supplemented with 10% FBS without antibiotics. Eighteen to 24 h later, cells were checked to have reached approximately 75% confluence. Twenty-five micrograms of proviral plasmid DNA was transfected using 150 μL of Lipofectamine 2000, according to the manufacturer's recommendations. Four hours after transfection, cell culture medium was renewed with Opti-MEM with 10% FBS. Virus production for 48 h was followed by the harvesting of the cell culture fluids (12 mL). Supernatants were centrifuged for 10 min at 3,500 rpm, decanted to a new 15-mL tube, and filtered gently through a 0.2-μm filter with a 15-mL syringe. Filtered viruses were treated with benzonase (Millipore), aliquoted into 500 μL aliquots, and frozen at −80°C for at least 24 h before they were used for infectivity assays and RT quantification.

Rationale: The passage does not explicitly mention the public availability of the sequences.

Answer: No
""""""

""""""
Question: What were the GenBank accession numbers for sequenced HIV isolates?

Evidence: None

Rationale: The passage does not provide GenBank accession numbers for the sequenced HIV isolates.

Answer: Not available
""""""

""""""
Question: How many individuals had samples obtained for HIV sequencing?

Evidence: None

Rationale: The passage does not provide information on the number of individuals who had samples obtained for HIV sequencing.

Answer: Not available
""""""

""""""
Question: From which countries were the sequenced samples obtained?

Evidence: None

Rationale: The passage does not provide information on the countries from which the sequenced samples were obtained.

Answer: Not available
""""""

""""""
Question: From what years were the sequenced samples obtained?

Evidence: None

Rationale: The passage does not provide information on the years from which the sequenced samples were obtained.

Answer: Not available
""""""

""""""
Question: Were samples cloned prior to sequencing?

Evidence: The pNL4.3-INB ~G118R+R263K~ plasmid was derived from the pNL4.3-INB ~R263K~ plasmid by site-directed mutagenesis, as described above. Proper site-directed mutagenesis was validated by Sanger sequencing. The pNL4.3-INB ~G118R~ and pNL4.3-INB ~R263K~ plasmids have been described elsewhere ( 14 ). WT, G118R, R263K, and G118R plus R263K HIV-1 viruses were produced by transfection in 293T cells ( 13 ). Briefly, 7.5 million 293T cells were seeded on day 0 in a 75-cm ^2^ flask in Opti-MEM supplemented with 10% FBS without antibiotics. Eighteen to 24 h later, cells were checked to have reached approximately 75% confluence. Twenty-five micrograms of proviral plasmid DNA was transfected using 150 μL of Lipofectamine 2000, according to the manufacturer's recommendations. Four hours after transfection, cell culture medium was renewed with Opti-MEM with 10% FBS. Virus production for 48 h was followed by the harvesting of the cell culture fluids (12 mL). Supernatants were centrifuged for 10 min at 3,500 rpm, decanted to a new 15-mL tube, and filtered gently through a 0.2-μm filter with a 15-mL syringe. Filtered viruses were treated with benzonase (Millipore), aliquoted into 500 μL aliquots, and frozen at −80°C for at least 24 h before they were used for infectivity assays and RT quantification.

Rationale: The passage describes the production of HIV-1 viruses through transfection in 293T cells, but it does not explicitly mention cloning prior to sequencing.

Answer: No
""""""

""""""
Question: Which HIV genes were reported to have been sequenced?

Evidence: The pNL4.3-INB ~G118R+R263K~ plasmid was derived from the pNL4.3-INB ~R263K~ plasmid by site-directed mutagenesis, as described above. Proper site-directed mutagenesis was validated by Sanger sequencing. The pNL4.3-INB ~G118R~ and pNL4.3-INB ~R263K~ plasmids have been described elsewhere ( 14 ). WT, G118R, R263K, and G118R plus R263K HIV-1 viruses were produced by transfection in 293T cells ( 13 ). Briefly, 7.5 million 293T cells were seeded on day 0 in a 75-cm ^2^ flask in Opti-MEM supplemented with 10% FBS without antibiotics. Eighteen to 24 h later, cells were checked to have reached approximately 75% confluence. Twenty-five micrograms of proviral plasmid DNA was transfected using 150 μL of Lipofectamine 2000, according to the manufacturer's recommendations. Four hours after transfection, cell culture medium was renewed with Opti-MEM with 10% FBS. Virus production for 48 h was followed by the harvesting of the cell culture fluids (12 mL). Supernatants were centrifuged for 10 min at 3,500 rpm, decanted to a new 15-mL tube, and filtered gently through a 0.2-μm filter with a 15-mL syringe. Filtered viruses were treated with benzonase (Millipore), aliquoted into 500 μL aliquots, and frozen at −80°C for at least 24 h before they were used for infectivity assays and RT quantification.

Rationale: The passage describes the production of HIV-1 viruses through transfection in 293T cells, but it does not explicitly mention which HIV genes were sequenced.

Answer: Not available
""""""

""""""
Question: What method was used for sequencing?

Evidence: Proper site-directed mutagenesis was validated by Sanger sequencing.

Rationale: The passage mentions the use of Sanger sequencing for validating site-directed mutagenesis.

Answer: Sanger sequencing
""""""

""""""
Question: What type of samples were sequenced?

Evidence: None

Rationale: The passage does not provide information on the type of samples that were sequenced.

Answer: Not available
""""""

""""""
Question: Were any sequences obtained from individuals with virological failure on a treatment regimen?

Evidence: Three participants in the DAWNING clinical trial experienced virological failure with G118R plus R263K, and clonal analysis found the two mutations together in single HIV-1 genomes in two cases ( 18 ). In those cases, high viral loads (1,248,517 and 852,142 HIV RNA copies/mL of plasma in the DAWNING trial) and non-B subtypes (subtypes C and A1) might have favored the emergence of this combination of mutations ( 18 ).

Rationale: The passage mentions that three participants in the DAWNING clinical trial experienced virological failure with G118R plus R263K.

Answer: Yes
""""""

""""""
Question: Were the patients in the study in a clinical trial?

Evidence: Three participants in the DAWNING clinical trial experienced virological failure with G118R plus R263K, and clonal analysis found the two mutations together in single HIV-1 genomes in two cases ( 18 ). In those cases, high viral loads (1,248,517 and 852,142 HIV RNA copies/mL of plasma in the DAWNING trial) and non-B subtypes (subtypes C and A1) might have favored the emergence of this combination of mutations ( 18 ).

Rationale: The passage mentions that the patients were in the DAWNING clinical trial.

Answer: Yes
""""""

""""""
Question: Does the paper report HIV sequences from individuals who had previously received ARV drugs?

Evidence: Three participants in the DAWNING clinical trial experienced virological failure with G118R plus R263K, and clonal analysis found the two mutations together in single HIV-1 genomes in two cases ( 18 ). In those cases, high viral loads (1,248,517 and 852,142 HIV RNA copies/mL of plasma in the DAWNING trial) and non-B subtypes (subtypes C and A1) might have favored the emergence of this combination of mutations ( 18 ).

Rationale: The passage mentions that the patients had previously received ARV drugs, as they experienced virological failure with G118R plus R263K.

Answer: Yes
""""""

""""""
Question: Which drug classes were received by individuals in the study before sample sequencing?

Evidence: None

Rationale: The passage does not provide information on the drug classes received by individuals in the study before sample sequencing.

Answer: Not available
""""""

""""""
Question: Which drugs were received by individuals in the study before sample sequencing?

Evidence: None

Rationale: The passage does not provide information on the drugs received by individuals in the study before sample sequencing.

Answer: Not available
""""""",159
37085698,,"Here are the answers to the questions in the required format:

""""""
Question: Does the paper report HIV sequences from patient samples?

Evidence: Sequences were first collected from the ABI PRISM 3500 xL automated Genetic Analyzer (Applied Biosystems) and transferred to separate personal computer. Sequence edition and alignment were then made using Geneious prime software v.2020.2.1. Near full-length HIV-1 IN region, (263 codons) of the 49 study participants were successfully sequenced and analyzed.

Rationale: The evidence suggests that the paper reports HIV sequences from patient samples. The sequences were collected from the ABI PRISM 3500 xL automated Genetic Analyzer and analyzed using Geneious prime software.

Answer: Yes
""""""

""""""
Question: Does the paper report in vitro drug susceptibility data?

Evidence: The susceptibility of HIV to ARV drugs was determined using the HIVdb program. INSTIs have rapidly become an important class in the arsenal of ARV drugs due to their higher genetic barrier.

Rationale: The evidence suggests that the paper reports in vitro drug susceptibility data. The susceptibility of HIV to ARV drugs was determined using the HIVdb program, and the paper discusses the genetic barrier of INSTIs.

Answer: Yes
""""""

""""""
Question: Were sequences from the paper made publicly available?

Evidence: All nucleotide sequences from this study have been deposited in the Genbank (ncbi) repository with accession numbers from MW560010 to MW560058.

Rationale: The evidence suggests that the sequences from the paper were made publicly available. The accession numbers are provided, indicating that the sequences are available in the Genbank repository.

Answer: Yes
""""""

""""""
Question: What were the GenBank accession numbers for sequenced HIV isolates?

Evidence: All nucleotide sequences from this study have been deposited in the Genbank (ncbi) repository with accession numbers from MW560010 to MW560058.

Rationale: The evidence provides the GenBank accession numbers for the sequenced HIV isolates, which are from MW560010 to MW560058.

Answer: MW560010 to MW560058
""""""

""""""
Question: How many individuals had samples obtained for HIV sequencing?

Evidence: Near full-length HIV-1 IN region, (263 codons) of the 49 study participants were successfully sequenced and analyzed.

Rationale: The evidence suggests that 49 individuals had samples obtained for HIV sequencing.

Answer: 49
""""""

""""""
Question: From which countries were the sequenced samples obtained?

Evidence: This study aimed to assess INSTI RMs and polymorphisms at the gene locus coding for Integrase (IN) among viral isolates from ART-naive HIV-1 infected Ethiopian population.

Rationale: The evidence suggests that the sequenced samples were obtained from Ethiopia.

Answer: Ethiopia
""""""

""""""
Question: From what years were the sequenced samples obtained?

Evidence: This was a cross-sectional study involving isolation of HIV-1 from plasma of 49 newly diagnosed drug-naive HIV-1 infected individuals in Addis-Ababa during the period between June to December 2018.

Rationale: The evidence suggests that the sequenced samples were obtained in 2018.

Answer: 2018
""""""

""""""
Question: Were samples cloned prior to sequencing?

Evidence: No evidence suggests that the samples were cloned prior to sequencing.

Rationale: There is no mention of cloning in the provided passages.

Answer: No
""""""

""""""
Question: Which HIV genes were reported to have been sequenced?

Evidence: The IN region covering the first 263 codons of blood samples was amplified and sequenced using an in-house assay.

Rationale: The evidence suggests that the IN gene was sequenced.

Answer: IN gene
""""""

""""""
Question: What method was used for sequencing?

Evidence: Purified amplicons were then sequenced with Sanger DNA sequencing using the BigDye Terminator v3.1 Cycle Sequencing Kit (Applied Biosystems), and run on the ABI PRISM 3500 xL automated Genetic Analyzer.

Rationale: The evidence suggests that Sanger DNA sequencing was used.

Answer: Sanger DNA sequencing
""""""

""""""
Question: What type of samples were sequenced?

Evidence: Plasma was then separated by centrifugation for 10 min at 3000 rpm and stored in deep freeze (−80 °C) till required for laboratory investigation.

Rationale: The evidence suggests that plasma samples were sequenced.

Answer: Plasma samples
""""""

""""""
Question: Were any sequences obtained from individuals with virological failure on a treatment regimen?

Evidence: No evidence suggests that sequences were obtained from individuals with virological failure on a treatment regimen.

Rationale: The study participants were drug-naive, indicating that they had not experienced virological failure on a treatment regimen.

Answer: No
""""""

""""""
Question: Were the patients in the study in a clinical trial?

Evidence: No evidence suggests that the patients were in a clinical trial.

Rationale: There is no mention of a clinical trial in the provided passages.

Answer: No
""""""

""""""
Question: Does the paper report HIV sequences from individuals who had previously received ARV drugs?

Evidence: This is a cross-sectional health facility-based study involving drug-naive HIV-1 infected study participants.

Rationale: The evidence suggests that the paper does not report HIV sequences from individuals who had previously received ARV drugs. The study participants were drug-naive.

Answer: No
""""""

""""""
Question: Which drug classes were received by individuals in the study before sample sequencing?

Evidence: No evidence suggests that individuals in the study received any drug classes before sample sequencing.

Rationale: The study participants were drug-naive, indicating that they had not received any ARV drugs before sample sequencing.

Answer: None
""""""

""""""
Question: Which drugs were received by individuals in the study before sample sequencing?

Evidence: No evidence suggests that individuals in the study received any drugs before sample sequencing.

Rationale: The study participants were drug-naive, indicating that they had not received any ARV drugs before sample sequencing.

Answer: None
""""""",67
37104815,,"Here are the answers to the questions in the required format:

""""""
Question: Does the paper report HIV sequences from patient samples?

Evidence: Sanger and ultra-deep sequencing (UDS) were performed for the reverse transcriptase (RT), protease (PR) and integrase (INT) regions, according to the Agence Nationale de Recherche sur le SIDA et les Maladies Infectieuses Emergentes (ANRS-MIE) consensus, using Illumina technology (Illumina, San Diego, CA, USA).

Rationale: The passage mentions that Sanger and ultra-deep sequencing were performed on patient samples, indicating that the paper does report HIV sequences from patient samples.

Answer: Yes
""""""

""""""
Question: Does the paper report in vitro drug susceptibility data?

Evidence: Resistance was retrospectively evaluated for participants with VF (pVL >50 copies/mL, confirmed within 4 weeks), numbering six and four in the 4/7 and 7/7 days groups, respectively, at failure in RNA samples (on the confirmed test), and at D0 in DNA samples.

Rationale: The passage mentions that resistance was evaluated for participants with virological failure, but it does not mention in vitro drug susceptibility data.

Answer: No
""""""

""""""
Question: Were sequences from the paper made publicly available?

Evidence: The passage does not mention whether the sequences were made publicly available.

Rationale: Since the passage does not mention public availability of the sequences, we cannot determine if they were made publicly available.

Answer: Unknown
""""""

""""""
Question: What were the GenBank accession numbers for sequenced HIV isolates?

Evidence: The passage does not mention GenBank accession numbers.

Rationale: Since the passage does not mention GenBank accession numbers, we cannot determine what they were.

Answer: Unknown
""""""

""""""
Question: How many individuals had samples obtained for HIV sequencing?

Evidence: Total blood samples for HIV DNA VL measurements and semen samples for seminal plasma VL evaluations were collected at D0 and W48 for the first 121 participants who agreed to participate in these virological substudies (n = 54 in 4/7 arm and n = 67 in 7/7 arm).

Rationale: The passage mentions that 121 participants had samples obtained for HIV sequencing.

Answer: 121
""""""

""""""
Question: From which countries were the sequenced samples obtained?

Evidence: The passage does not mention the countries from which the samples were obtained.

Rationale: Since the passage does not mention the countries, we cannot determine from which countries the samples were obtained.

Answer: Unknown
""""""

""""""
Question: From what years were the sequenced samples obtained?

Evidence: Participants were screened from 7 September 2017 to 22 January 2018, and the W48 analysis included data collected up to 4 April 2019.

Rationale: The passage mentions the years during which the participants were screened and the data was collected.

Answer: 2017-2019
""""""

""""""
Question: Were samples cloned prior to sequencing?

Evidence: The passage does not mention whether the samples were cloned prior to sequencing.

Rationale: Since the passage does not mention cloning, we cannot determine if the samples were cloned prior to sequencing.

Answer: Unknown
""""""

""""""
Question: Which HIV genes were reported to have been sequenced?

Evidence: Sanger and ultra-deep sequencing (UDS) were performed for the reverse transcriptase (RT), protease (PR) and integrase (INT) regions, according to the Agence Nationale de Recherche sur le SIDA et les Maladies Infectieuses Emergentes (ANRS-MIE) consensus, using Illumina technology (Illumina, San Diego, CA, USA).

Rationale: The passage mentions that the reverse transcriptase, protease, and integrase regions were sequenced.

Answer: Reverse transcriptase, protease, and integrase
""""""

""""""
Question: What method was used for sequencing?

Evidence: Sanger and ultra-deep sequencing (UDS) were performed for the reverse transcriptase (RT), protease (PR) and integrase (INT) regions, according to the Agence Nationale de Recherche sur le SIDA et les Maladies Infectieuses Emergentes (ANRS-MIE) consensus, using Illumina technology (Illumina, San Diego, CA, USA).

Rationale: The passage mentions that Sanger and ultra-deep sequencing were used for sequencing.

Answer: Sanger and ultra-deep sequencing
""""""

""""""
Question: What type of samples were sequenced?

Evidence: Semen samples were collected after at least 3 days of sexual abstinence using Clinisperm (Labelians) by self-masturbation at home within 4 h before the visit.

Rationale: The passage mentions that semen samples were collected and sequenced.

Answer: Semen
""""""

""""""
Question: Were any sequences obtained from individuals with virological failure on a treatment regimen?

Evidence: Resistance was retrospectively evaluated for participants with VF (pVL >50 copies/mL, confirmed within 4 weeks), numbering six and four in the 4/7 and 7/7 days groups, respectively, at failure in RNA samples (on the confirmed test), and at D0 in DNA samples.

Rationale: The passage mentions that sequences were obtained from individuals with virological failure.

Answer: Yes
""""""

""""""
Question: Were the patients in the study in a clinical trial?

Evidence: ANRS 170 QUATUOR was an open-label, randomized, multicentre, non-inferiority Phase III trial evaluating the efficacy and safety of a maintenance 4D/week therapy (4/7 days) versus daily intake (7/7 days) in those who are virally suppressed for 48 weeks.

Rationale: The passage mentions that the study was a clinical trial.

Answer: Yes
""""""

""""""
Question: Does the paper report HIV sequences from individuals who had previously received ARV drugs?

Evidence: The passage does not mention whether the individuals had previously received ARV drugs.

Rationale: Since the passage does not mention previous ARV drug use, we cannot determine if the paper reports HIV sequences from individuals who had previously received ARV drugs.

Answer: Unknown
""""""

""""""
Question: Which drug classes were received by individuals in the study before sample sequencing?

Evidence: The cART regimens were based on INSTIs for 47.1%, NNRTIs for 47.1% and PIs for 5.8% of participants.

Rationale: The passage mentions the drug classes received by the individuals in the study.

Answer: INSTIs, NNRTIs, and PIs
""""""

""""""
Question: Which drugs were received by individuals in the study before sample sequencing?

Evidence: The baseline NRTI backbone consisted of tenofovir/emtricitabine or tenofovir alafenamide/emtricitabine for 76.0% of participants and abacavir/lamivudine for 24.0%.

Rationale: The passage mentions the specific drugs received by the individuals in the study.

Answer: Tenofovir/emtricitabine, tenofovir alafenamide/emtricitabine, and abacavir/lamivudine
""""""",81
37112971,,"Here are the answers to the questions in the required format:

""""""
Question: Does the paper report HIV sequences from patient samples?

Evidence: Commercial genotyping kits (the AmpliSens ^®®^ HIV-Resist-Seq kit (Central Research Institute of Epidemiology, Russia), the ViroSeq™ HIV-1 Genotyping System kit (Celera Diagnostics, Alameda, CA, USA)), and in-house methods were used for RNA extraction from the blood plasma samples and Sanger-based or NGS-based (with 20% detection threshold) sequencing of the HIV pol gene regions encoding the PR-RT (2253--3369 bp according to the HXB-2 strain, GenBank accession number K03455 ), and the INT (4230--5093 bp according to HXB-2, GenBank accession number K03455 ). We analyzed sequences and linked demographic, clinical, and epidemiological data uploaded to the RuHIV database ( https://ruhiv.ru/, accessed on 1 December 2022) from 4481 treatment-naïve HIV-infected patients.

Rationale: The evidence suggests that the paper reports HIV sequences from patient samples. The sequences were obtained using commercial genotyping kits and in-house methods, and the data was uploaded to the RuHIV database.

Answer: Yes
""""""

""""""
Question: Does the paper report in vitro drug susceptibility data?

Evidence: The Stanford HIV Drug Resistance Database (HIVdb Program v 9.4 and Calibrated Population Resistance Tool) was used to describe and interpret the HIV DR level and DRMs, including SDRMs \[ 17 \]. The DR level was classified according to the Stanford Penalty Score as high (60), intermediate (30--59), or low (15--29) to: - nucleoside reverse transcriptase inhibitors (NRTIs): abacavir (ABC), zidovudine (AZT), emtricitabine (FTC), lamivudine (3TC), tenofovir (TDF), stavudine (d4T), didanosine (ddI); - non-nucleoside reverse transcriptase inhibitors (NNRTIs): doravirine (DOR), efavirenz (EFV), etravirine (ETR), nevirapine (NVP), rilpivirine (RPV); - protease inhibitors (PIs): atazanavir (ATV), darunavir (DRV), lopinavir (LPV), fosamprenavir (FPV), indinavir (IDV), nelfinavir (NFV), saquinavir (SQV), tipranavir (TPV); - integrase strand transfer inhibitors (INSTIs): bictegravir (BIC), cabotegravir (CAB), dolutegravir (DTG), elvitegravir (EVG), raltegravir (RAL).

Rationale: The evidence suggests that the paper reports in vitro drug susceptibility data. The Stanford HIV Drug Resistance Database was used to classify the DR level according to the Stanford Penalty Score.

Answer: Yes
""""""

""""""
Question: Were sequences from the paper made publicly available?

Evidence: The data presented in this study are available on request from the corresponding author. The data are not publicly available due to privacy policy of HIV Russian database.

Rationale: The evidence suggests that the sequences from the paper were not made publicly available due to privacy policy.

Answer: No
""""""

""""""
Question: What were the GenBank accession numbers for sequenced HIV isolates?

Evidence: The HIV pol gene regions encoding the PR-RT (2253--3369 bp according to the HXB-2 strain, GenBank accession number K03455 ), and the INT (4230--5093 bp according to HXB-2, GenBank accession number K03455 ).

Rationale: The evidence suggests that the GenBank accession numbers for sequenced HIV isolates are K03455.

Answer: K03455
""""""

""""""
Question: How many individuals had samples obtained for HIV sequencing?

Evidence: We analyzed sequences and linked demographic, clinical, and epidemiological data uploaded to the RuHIV database ( https://ruhiv.ru/, accessed on 1 December 2022) from 4481 treatment-naïve HIV-infected patients.

Rationale: The evidence suggests that 4481 individuals had samples obtained for HIV sequencing.

Answer: 4481
""""""

""""""
Question: From which countries were the sequenced samples obtained?

Evidence: The sequences from the RuHIV database were obtained as a part of routine HIV DR testing, research and clinical projects, and outbreak investigations from 2006 to 2022 in ten laboratories in different regions in Russia.

Rationale: The evidence suggests that the sequenced samples were obtained from Russia.

Answer: Russia
""""""

""""""
Question: From what years were the sequenced samples obtained?

Evidence: The sequences from the RuHIV database were obtained as a part of routine HIV DR testing, research and clinical projects, and outbreak investigations from 2006 to 2022 in ten laboratories in different regions in Russia.

Rationale: The evidence suggests that the sequenced samples were obtained from 2006 to 2022.

Answer: 2006-2022
""""""

""""""
Question: Were samples cloned prior to sequencing?

Evidence: Commercial genotyping kits (the AmpliSens ^®®^ HIV-Resist-Seq kit (Central Research Institute of Epidemiology, Russia), the ViroSeq™ HIV-1 Genotyping System kit (Celera Diagnostics, Alameda, CA, USA)), and in-house methods were used for RNA extraction from the blood plasma samples and Sanger-based or NGS-based (with 20% detection threshold) sequencing of the HIV pol gene regions encoding the PR-RT (2253--3369 bp according to the HXB-2 strain, GenBank accession number K03455 ), and the INT (4230--5093 bp according to HXB-2, GenBank accession number K03455 ).

Rationale: The evidence does not suggest that samples were cloned prior to sequencing.

Answer: No
""""""

""""""
Question: Which HIV genes were reported to have been sequenced?

Evidence: Commercial genotyping kits (the AmpliSens ^®®^ HIV-Resist-Seq kit (Central Research Institute of Epidemiology, Russia), the ViroSeq™ HIV-1 Genotyping System kit (Celera Diagnostics, Alameda, CA, USA)), and in-house methods were used for RNA extraction from the blood plasma samples and Sanger-based or NGS-based (with 20% detection threshold) sequencing of the HIV pol gene regions encoding the PR-RT (2253--3369 bp according to the HXB-2 strain, GenBank accession number K03455 ), and the INT (4230--5093 bp according to HXB-2, GenBank accession number K03455 ).

Rationale: The evidence suggests that the HIV genes reported to have been sequenced are PR-RT and INT.

Answer: PR-RT and INT
""""""

""""""
Question: What method was used for sequencing?

Evidence: Commercial genotyping kits (the AmpliSens ^®®^ HIV-Resist-Seq kit (Central Research Institute of Epidemiology, Russia), the ViroSeq™ HIV-1 Genotyping System kit (Celera Diagnostics, Alameda, CA, USA)), and in-house methods were used for RNA extraction from the blood plasma samples and Sanger-based or NGS-based (with 20% detection threshold) sequencing of the HIV pol gene regions encoding the PR-RT (2253--3369 bp according to the HXB-2 strain, GenBank accession number K03455 ), and the INT (4230--5093 bp according to HXB-2, GenBank accession number K03455 ).

Rationale: The evidence suggests that the methods used for sequencing are Sanger-based and NGS-based.

Answer: Sanger-based and NGS-based
""""""

""""""
Question: What type of samples were sequenced?

Evidence: Commercial genotyping kits (the AmpliSens ^®®^ HIV-Resist-Seq kit (Central Research Institute of Epidemiology, Russia), the ViroSeq™ HIV-1 Genotyping System kit (Celera Diagnostics, Alameda, CA, USA)), and in-house methods were used for RNA extraction from the blood plasma samples and Sanger-based or NGS-based (with 20% detection threshold) sequencing of the HIV pol gene regions encoding the PR-RT (2253--3369 bp according to the HXB-2 strain, GenBank accession number K03455 ), and the INT (4230--5093 bp according to HXB-2, GenBank accession number K03455 ).

Rationale: The evidence suggests that the type of samples sequenced are blood plasma samples.

Answer: Blood plasma samples
""""""

""""""
Question: Were any sequences obtained from individuals with virological failure on a treatment regimen?

Evidence: We analyzed sequences and linked demographic, clinical, and epidemiological data uploaded to the RuHIV database ( https://ruhiv.ru/, accessed on 1 December 2022) from 4481 treatment-naïve HIV-infected patients.

Rationale: The evidence does not suggest that sequences were obtained from individuals with virological failure on a treatment regimen.

Answer: No
""""""

""""""
Question: Were the patients in the study in a clinical trial?

Evidence: This study was approved by the Ethics Review Committee of the Central Research Institute of Epidemiology (Moscow, Russia). The informed written consent of each HIV-infected patient or the patient's legal guardian was obtained prior to the sampling and collection of clinical, demographic, and epidemiological data.

Rationale: The evidence does not suggest that the patients in the study were in a clinical trial.

Answer: No
""""""

""""""
Question: Does the paper report HIV sequences from individuals who had previously received ARV drugs?

Evidence: We analyzed sequences and linked demographic, clinical, and epidemiological data uploaded to the RuHIV database ( https://ruhiv.ru/, accessed on 1 December 2022) from 4481 treatment-naïve HIV-infected patients.

Rationale: The evidence does not suggest that the paper reports HIV sequences from individuals who had previously received ARV drugs.

Answer: No
""""""

""""""
Question: Which drug classes were received by individuals in the study before sample sequencing?

Evidence: Not applicable, as the study only included treatment-naïve patients.

Rationale: The evidence does not suggest that any drug classes were received by individuals in the study before sample sequencing.

Answer: Not applicable
""""""

""""""
Question: Which drugs were received by individuals in the study before sample sequencing?

Evidence: Not applicable, as the study only included treatment-naïve patients.

Rationale: The evidence does not suggest that any drugs were received by individuals in the study before sample sequencing.

Answer: Not applicable
""""""",124
37147875,,"""""""
Question: Does the paper report HIV sequences from patient samples?

Evidence: In this report, we describe a primary infected patient with HIV-1 harbouring TDRAMs \[S230R (99%) and Q148R (1.9%)\] affecting second-generation INSTIs, as DTG, cabotegravir (CAB) and bictegravir (BIC). A previous case of S230R and G163R was described using NGS in an ART-naive pregnant woman. ^\ \ 6^ Mutations S230R and Q148R are present in the Surveillance Drug Resistance Mutation Stanford list. ^\ \ 7^ S230R is a non-polymorphic INSTI-selected mutation that primarily occurs in combination with other INSTI-resistance mutations.

Rationale: The passage mentions that the patient had HIV-1 harbouring TDRAMs, which suggests that the paper reports HIV sequences from patient samples.

Answer: Yes
""""""

""""""
Question: Does the paper report in vitro drug susceptibility data?

Evidence: Pham *et al.*, ^\ \ 8^ using an infectious molecular clone with the insertion of S230R by site-directed mutagenesis, showed that this mutation conferred a 63% reduction in integrase enzyme efficiency and a fold change in mean IC ~50~ of 3.85, 3.72, 1.52 and 1.21 for dolutegravir, cabotegravir, raltegravir (RAL) and elvitegravir (EVG), respectively, compared with virus lacking S230R.

Rationale: The passage mentions that Pham et al. conducted an in vitro study to determine the effect of the S230R mutation on integrase enzyme efficiency and drug susceptibility.

Answer: Yes
""""""

""""""
Question: Were sequences from the paper made publicly available?

Evidence: None of the passages mention that the sequences were made publicly available.

Rationale: Since none of the passages mention that the sequences were made publicly available, we cannot determine if they were made publicly available.

Answer: Unknown
""""""

""""""
Question: What were the GenBank accession numbers for sequenced HIV isolates?

Evidence: None of the passages mention the GenBank accession numbers for the sequenced HIV isolates.

Rationale: Since none of the passages mention the GenBank accession numbers, we cannot determine what they were.

Answer: Unknown
""""""

""""""
Question: How many individuals had samples obtained for HIV sequencing?

Evidence: As far as we are aware, we have identified the first case of transmission of S230R major integrase mutation at the time of primary infection, using SBS and next-generation sequencing (NGS). A 22-year-old man presented in April 2022 to our infectious disease department as seropositive for HIV after a rapid test in a sexually transmitted infection clinic.

Rationale: The passage mentions that the study is about a single case of a 22-year-old man.

Answer: 1
""""""

""""""
Question: From which countries were the sequenced samples obtained?

Evidence: In France, regular surveillance studies in individuals at the time of HIV-1 primary infection allow monitoring of emergence of transmitted drug-resistance-associated mutations (TDRAMs), HIV genetic diversity shifts and global transmission patterns.

Rationale: The passage mentions that the study was conducted in France.

Answer: France
""""""

""""""
Question: From what years were the sequenced samples obtained?

Evidence: A 22-year-old man presented in April 2022 to our infectious disease department as seropositive for HIV after a rapid test in a sexually transmitted infection clinic.

Rationale: The passage mentions that the sample was obtained in 2022.

Answer: 2022
""""""

""""""
Question: Were samples cloned prior to sequencing?

Evidence: None of the passages mention that the samples were cloned prior to sequencing.

Rationale: Since none of the passages mention cloning, we cannot determine if the samples were cloned prior to sequencing.

Answer: Unknown
""""""

""""""
Question: Which HIV genes were reported to have been sequenced?

Evidence: SBS of HIV-1 reverse transcriptase (RT), protease and integrase was performed before treatment initiation and revealed an S230R INSTI mutation.

Rationale: The passage mentions that the reverse transcriptase (RT), protease, and integrase genes were sequenced.

Answer: Reverse transcriptase (RT), protease, and integrase
""""""

""""""
Question: What method was used for sequencing?

Evidence: As far as we are aware, we have identified the first case of transmission of S230R major integrase mutation at the time of primary infection, using SBS and next-generation sequencing (NGS).

Rationale: The passage mentions that both Sanger-based sequencing (SBS) and next-generation sequencing (NGS) were used.

Answer: Sanger-based sequencing (SBS) and next-generation sequencing (NGS)
""""""

""""""
Question: What type of samples were sequenced?

Evidence: None of the passages mention the type of samples sequenced.

Rationale: Since none of the passages mention the type of samples, we cannot determine what type of samples were sequenced.

Answer: Unknown
""""""

""""""
Question: Were any sequences obtained from individuals with virological failure on a treatment regimen?

Evidence: His sexual partner was an HIV-1-infected man treated but experiencing difficulties in adherence to treatment.

Rationale: The passage mentions that the patient's sexual partner was experiencing difficulties in adherence to treatment, which suggests that the partner may have had virological failure.

Answer: Yes
""""""

""""""
Question: Were the patients in the study in a clinical trial?

Evidence: None of the passages mention that the patients were in a clinical trial.

Rationale: Since none of the passages mention a clinical trial, we cannot determine if the patients were in a clinical trial.

Answer: Unknown
""""""

""""""
Question: Does the paper report HIV sequences from individuals who had previously received ARV drugs?

Evidence: His sexual partner was an HIV-1-infected man treated but experiencing difficulties in adherence to treatment.

Rationale: The passage mentions that the patient's sexual partner was treated, which suggests that the partner had previously received ARV drugs.

Answer: Yes
""""""

""""""
Question: Which drug classes were received by individuals in the study before sample sequencing?

Evidence: The patient was infected through homosexual contact and started on a dolutegravir (DTG) + emtricitabine (FTC) + tenofovir disoproxil fumarate (TDF) regimen 7 days after diagnosis.

Rationale: The passage mentions that the patient started on a regimen containing dolutegravir (DTG), emtricitabine (FTC), and tenofovir disoproxil fumarate (TDF), which suggests that the patient received integrase inhibitors, NRTIs, and possibly other classes of drugs.

Answer: Integrase inhibitors, NRTIs
""""""

""""""
Question: Which drugs were received by individuals in the study before sample sequencing?

Evidence: The patient was infected through homosexual contact and started on a dolutegravir (DTG) + emtricitabine (FTC) + tenofovir disoproxil fumarate (TDF) regimen 7 days after diagnosis.

Rationale: The passage mentions that the patient started on a regimen containing dolutegravir (DTG), emtricitabine (FTC), and tenofovir disoproxil fumarate (TDF).

Answer: Dolutegravir (DTG), emtricitabine (FTC), tenofovir disoproxil fumarate (TDF)
""""""",83
37272233,,"Here are the answers to the questions in the required format:

""""""
Question: Does the paper report HIV sequences from patient samples?

Evidence: All adults aged ≥19 years who were newly diagnosed with HIV infection between January 2010 and December 2020 at a 750-bed municipal hospital with two infectious disease specialists were included. Clinical data were retrospectively collected from electronic medical records. Data including demographics, comorbidities, and initial laboratory findings before or at the time of the first resistance test were collected.

Rationale: The passage mentions that the study included adults who were newly diagnosed with HIV infection, and clinical data were collected from electronic medical records. This suggests that the study did report HIV sequences from patient samples.

Answer: Yes
""""""

""""""
Question: Does the paper report in vitro drug susceptibility data?

Evidence: Results of HIV drug resistance mutation sequencing by PCR (AB 3500xL Dx genetic analyzer, Applied biosystem, Waltham, MA, USA) for each ARV class (nucleoside reverse transcriptase inhibitor [NRTI], non-nucleoside reverse transcriptase inhibitor [NNRTI], protease inhibitor [PI], and integrase strand transfer inhibitor [INSTI]) were reviewed, and data on gene mutation and actual resistance to each medication were collected and analyzed based on the HIV drug resistance database of Stanford University, Stanford, CA, USA [ 13 ].

Rationale: The passage mentions that the study reviewed results of HIV drug resistance mutation sequencing and analyzed data on gene mutation and actual resistance to each medication. However, it does not explicitly mention in vitro drug susceptibility data.

Answer: No
""""""

""""""
Question: Were sequences from the paper made publicly available?

Evidence: None of the passages mention whether the sequences were made publicly available.

Rationale: Since there is no mention of publicly available sequences, we cannot determine if the sequences were made publicly available.

Answer: Unknown
""""""

""""""
Question: What were the GenBank accession numbers for sequenced HIV isolates?

Evidence: None of the passages mention GenBank accession numbers.

Rationale: Since there is no mention of GenBank accession numbers, we cannot determine what they were.

Answer: Unknown
""""""

""""""
Question: How many individuals had samples obtained for HIV sequencing?

Evidence: A total of 336 patients were screened, and 248 were included in the analysis.

Rationale: The passage mentions that 248 patients were included in the analysis, which suggests that 248 individuals had samples obtained for HIV sequencing.

Answer: 248
""""""

""""""
Question: From which countries were the sequenced samples obtained?

Evidence: The study was conducted in Korea, and most patients lived in Seoul or Gyeonggi-do.

Rationale: The passage mentions that the study was conducted in Korea, which suggests that the sequenced samples were obtained from Korea.

Answer: Korea
""""""

""""""
Question: From what years were the sequenced samples obtained?

Evidence: The study included adults who were newly diagnosed with HIV infection between January 2010 and December 2020.

Rationale: The passage mentions that the study included adults who were newly diagnosed with HIV infection between January 2010 and December 2020, which suggests that the sequenced samples were obtained from 2010 to 2020.

Answer: 2010-2020
""""""

""""""
Question: Were samples cloned prior to sequencing?

Evidence: None of the passages mention whether samples were cloned prior to sequencing.

Rationale: Since there is no mention of cloning, we cannot determine if samples were cloned prior to sequencing.

Answer: Unknown
""""""

""""""
Question: Which HIV genes were reported to have been sequenced?

Evidence: Results of HIV drug resistance mutation sequencing by PCR (AB 3500xL Dx genetic analyzer, Applied biosystem, Waltham, MA, USA) for each ARV class (nucleoside reverse transcriptase inhibitor [NRTI], non-nucleoside reverse transcriptase inhibitor [NNRTI], protease inhibitor [PI], and integrase strand transfer inhibitor [INSTI]) were reviewed.

Rationale: The passage mentions that the study reviewed results of HIV drug resistance mutation sequencing for each ARV class, which suggests that the HIV genes reported to have been sequenced are those related to NRTI, NNRTI, PI, and INSTI.

Answer: NRTI, NNRTI, PI, and INSTI
""""""

""""""
Question: What method was used for sequencing?

Evidence: Results of HIV drug resistance mutation sequencing by PCR (AB 3500xL Dx genetic analyzer, Applied biosystem, Waltham, MA, USA) for each ARV class (nucleoside reverse transcriptase inhibitor [NRTI], non-nucleoside reverse transcriptase inhibitor [NNRTI], protease inhibitor [PI], and integrase strand transfer inhibitor [INSTI]) were reviewed.

Rationale: The passage mentions that the study used PCR (AB 3500xL Dx genetic analyzer, Applied biosystem, Waltham, MA, USA) for sequencing.

Answer: PCR (AB 3500xL Dx genetic analyzer, Applied biosystem, Waltham, MA, USA)
""""""

""""""
Question: What type of samples were sequenced?

Evidence: None of the passages mention the type of samples sequenced.

Rationale: Since there is no mention of the type of samples sequenced, we cannot determine what type of samples were sequenced.

Answer: Unknown
""""""

""""""
Question: Were any sequences obtained from individuals with virological failure on a treatment regimen?

Evidence: None of the passages mention virological failure on a treatment regimen.

Rationale: Since there is no mention of virological failure on a treatment regimen, we cannot determine if any sequences were obtained from individuals with virological failure.

Answer: Unknown
""""""

""""""
Question: Were the patients in the study in a clinical trial?

Evidence: None of the passages mention a clinical trial.

Rationale: Since there is no mention of a clinical trial, we cannot determine if the patients were in a clinical trial.

Answer: Unknown
""""""

""""""
Question: Does the paper report HIV sequences from individuals who had previously received ARV drugs?

Evidence: Previous history of ART has been increased without statistical significance (1/59 [1.7%] in 2012 - 2014, 1/104 [1.0%] in 2015 - 2017, and 4/85 [4.7%] in 2018 - 2020, *P* = 0.281).

Rationale: The passage mentions that previous history of ART has been increased, which suggests that some individuals had previously received ARV drugs.

Answer: Yes
""""""

""""""
Question: Which drug classes were received by individuals in the study before sample sequencing?

Evidence: Results of HIV drug resistance mutation sequencing by PCR (AB 3500xL Dx genetic analyzer, Applied biosystem, Waltham, MA, USA) for each ARV class (nucleoside reverse transcriptase inhibitor [NRTI], non-nucleoside reverse transcriptase inhibitor [NNRTI], protease inhibitor [PI], and integrase strand transfer inhibitor [INSTI]) were reviewed.

Rationale: The passage mentions that the study reviewed results of HIV drug resistance mutation sequencing for each ARV class, which suggests that the drug classes received by individuals in the study before sample sequencing are NRTI, NNRTI, PI, and INSTI.

Answer: NRTI, NNRTI, PI, and INSTI
""""""

""""""
Question: Which drugs were received by individuals in the study before sample sequencing?

Evidence: Resistance to DLV, NVP, and EFV was detected in nine patients ( Supplementary Table 1 ), including seven with K103N mutation and two with K101Q, K103R, and Y181C mutations.

Rationale: The passage mentions that resistance to DLV, NVP, and EFV was detected in nine patients, which suggests that these drugs were received by individuals in the study before sample sequencing.

Answer: DLV, NVP, and EFV",89
37279764,,"""""""
Question: Does the paper report HIV sequences from patient samples?

Evidence: A total of 12 320 partial pol sequences were included in this study. The HIV-1 molecular transmission networks were inferred to analyse the spread of TDR. Nucleic acid extraction, PCR amplification work-up and sequencing were performed essentially as described previously.

Rationale: The evidence suggests that the paper reports HIV sequences from patient samples, as it mentions the inclusion of 12,320 partial pol sequences in the study and the use of nucleic acid extraction, PCR amplification, and sequencing to analyze the spread of transmitted drug resistance.

Answer: Yes
""""""

""""""
Question: Does the paper report in vitro drug susceptibility data?

Evidence: The sensitivities of viruses to six antiretroviral drugs were decreased. TDR mutations (TDRMs) were determined using the genotypic resistance interpretation algorithm of the Stanford University HIV Drug Resistance Database.

Rationale: The evidence suggests that the paper reports in vitro drug susceptibility data, as it mentions the decreased sensitivities of viruses to six antiretroviral drugs and the use of the Stanford University HIV Drug Resistance Database to determine TDR mutations.

Answer: Yes
""""""

""""""
Question: Were sequences from the paper made publicly available?

Evidence: A total of 12 320 participants with demographic data and partial pol sequences (GenBank accession no. MW947591–MW957968, OP058117–OP058658) were included in this study.

Rationale: The evidence suggests that the sequences from the paper were made publicly available, as it mentions the GenBank accession numbers for the partial pol sequences.

Answer: Yes
""""""

""""""
Question: What were the GenBank accession numbers for sequenced HIV isolates?

Evidence: A total of 12 320 participants with demographic data and partial pol sequences (GenBank accession no. MW947591–MW957968, OP058117–OP058658) were included in this study.

Rationale: The evidence provides the GenBank accession numbers for the sequenced HIV isolates, which are MW947591–MW957968 and OP058117–OP058658.

Answer: MW947591–MW957968, OP058117–OP058658
""""""

""""""
Question: How many individuals had samples obtained for HIV sequencing?

Evidence: A total of 12 320 participants with demographic data and partial pol sequences were included in this study.

Rationale: The evidence suggests that 12,320 individuals had samples obtained for HIV sequencing.

Answer: 12,320
""""""

""""""
Question: From which countries were the sequenced samples obtained?

Evidence: The study was conducted in Shenzhen, China.

Rationale: The evidence suggests that the sequenced samples were obtained from China.

Answer: China
""""""

""""""
Question: From what years were the sequenced samples obtained?

Evidence: The study collected the blood samples and demographic data of newly diagnosed patients enrolled at Shenzhen from January 2011 to December 2019.

Rationale: The evidence suggests that the sequenced samples were obtained from 2011 to 2019.

Answer: 2011-2019
""""""

""""""
Question: Were samples cloned prior to sequencing?

Evidence: Nucleic acid extraction, PCR amplification work-up and sequencing were performed essentially as described previously.

Rationale: The evidence does not mention cloning prior to sequencing.

Answer: No
""""""

""""""
Question: Which HIV genes were reported to have been sequenced?

Evidence: All available HIV-1 sequences covered a partial pol gene region (HXB2: 2252–3255).

Rationale: The evidence suggests that the partial pol gene region was sequenced.

Answer: pol gene
""""""

""""""
Question: What method was used for sequencing?

Evidence: Nucleic acid extraction, PCR amplification work-up and sequencing were performed essentially as described previously.

Rationale: The evidence does not provide specific details on the sequencing method used.

Answer: Not specified
""""""

""""""
Question: What type of samples were sequenced?

Evidence: The study collected the blood samples and demographic data of newly diagnosed patients enrolled at Shenzhen from January 2011 to December 2019.

Rationale: The evidence suggests that blood samples were sequenced.

Answer: Blood samples
""""""

""""""
Question: Were any sequences obtained from individuals with virological failure on a treatment regimen?

Evidence: The study included treatment-naive individuals at enrolment.

Rationale: The evidence suggests that the sequences were not obtained from individuals with virological failure on a treatment regimen.

Answer: No
""""""

""""""
Question: Were the patients in the study in a clinical trial?

Evidence: The study was conducted according to the guidelines of the Declaration of Helsinki and approved by the Institutional Review Board.

Rationale: The evidence does not suggest that the patients were in a clinical trial.

Answer: No
""""""

""""""
Question: Does the paper report HIV sequences from individuals who had previously received ARV drugs?

Evidence: All individuals were treatment naive at enrolment.

Rationale: The evidence suggests that the paper does not report HIV sequences from individuals who had previously received ARV drugs.

Answer: No
""""""

""""""
Question: Which drug classes were received by individuals in the study before sample sequencing?

Evidence: The study included treatment-naive individuals at enrolment.

Rationale: The evidence suggests that the individuals in the study did not receive any drug classes before sample sequencing.

Answer: None
""""""

""""""
Question: Which drugs were received by individuals in the study before sample sequencing?

Evidence: The study included treatment-naive individuals at enrolment.

Rationale: The evidence suggests that the individuals in the study did not receive any drugs before sample sequencing.

Answer: None
""""""",61
37327289,,"Here are the answers to the questions in the required format:

""""""
Question: Does the paper report HIV sequences from patient samples?

Evidence: Thermo Fisher Scientific HIV Genotyping kit was used for the *pol* gene sequencing, and includes 6 overlapping primers. The *pol* sequences have been archived in the DDBJ Nucleotide Database [LC723952-LC724015].

Rationale: The passage mentions the use of a specific kit for HIV genotyping and the archiving of the sequences in a database, indicating that the paper reports HIV sequences from patient samples.

Answer: Yes
""""""

""""""
Question: Does the paper report in vitro drug susceptibility data?

Evidence: None of the passages mention in vitro drug susceptibility data.

Rationale: The passages do not mention any in vitro experiments or drug susceptibility data, indicating that the paper does not report this type of data.

Answer: No
""""""

""""""
Question: Were sequences from the paper made publicly available?

Evidence: The *pol* sequences have been archived in the DDBJ Nucleotide Database [LC723952-LC724015].

Rationale: The passage mentions that the sequences have been archived in a database, indicating that they are publicly available.

Answer: Yes
""""""

""""""
Question: What were the GenBank accession numbers for sequenced HIV isolates?

Evidence: The *pol* sequences have been archived in the DDBJ Nucleotide Database [LC723952-LC724015].

Rationale: The passage mentions the accession numbers for the sequences, which are LC723952-LC724015.

Answer: LC723952-LC724015
""""""

""""""
Question: How many individuals had samples obtained for HIV sequencing?

Evidence: There were 64 study participants.

Rationale: The passage mentions the number of study participants, indicating that 64 individuals had samples obtained for HIV sequencing.

Answer: 64
""""""

""""""
Question: From which countries were the sequenced samples obtained?

Evidence: None of the passages mention the country of origin for the samples.

Rationale: The passages do not mention the country of origin for the samples, indicating that this information is not available.

Answer: Not specified
""""""

""""""
Question: From what years were the sequenced samples obtained?

Evidence: None of the passages mention the year of sample collection.

Rationale: The passages do not mention the year of sample collection, indicating that this information is not available.

Answer: Not specified
""""""

""""""
Question: Were samples cloned prior to sequencing?

Evidence: None of the passages mention cloning of samples prior to sequencing.

Rationale: The passages do not mention cloning of samples, indicating that this information is not available.

Answer: Not specified
""""""

""""""
Question: Which HIV genes were reported to have been sequenced?

Evidence: Thermo Fisher Scientific HIV Genotyping kit was used for the *pol* gene sequencing.

Rationale: The passage mentions that the *pol* gene was sequenced, indicating that this gene was reported.

Answer: *pol*
""""""

""""""
Question: What method was used for sequencing?

Evidence: Thermo Fisher Scientific HIV Genotyping kit was used for the *pol* gene sequencing.

Rationale: The passage mentions the use of a specific kit for HIV genotyping, indicating that this kit was used for sequencing.

Answer: Thermo Fisher Scientific HIV Genotyping kit
""""""

""""""
Question: What type of samples were sequenced?

Evidence: HIV-1 RNA extraction from plasma samples was carried out using the Invitrogen PureLink RNA Mini Kit.

Rationale: The passage mentions that plasma samples were used for RNA extraction, indicating that these samples were sequenced.

Answer: Plasma samples
""""""

""""""
Question: Were any sequences obtained from individuals with virological failure on a treatment regimen?

Evidence: None of the passages mention virological failure on a treatment regimen.

Rationale: The passages do not mention virological failure, indicating that this information is not available.

Answer: Not specified
""""""

""""""
Question: Were the patients in the study in a clinical trial?

Evidence: None of the passages mention a clinical trial.

Rationale: The passages do not mention a clinical trial, indicating that this information is not available.

Answer: Not specified
""""""

""""""
Question: Does the paper report HIV sequences from individuals who had previously received ARV drugs?

Evidence: A 1-of-a-kind case involved a subject who had drug resistance mutations across 3 classes, implying a case of acquired HIV drug resistance through previous ARV drug exposure.

Rationale: The passage mentions a case of acquired HIV drug resistance through previous ARV drug exposure, indicating that the paper reports HIV sequences from individuals who had previously received ARV drugs.

Answer: Yes
""""""

""""""
Question: Which drug classes were received by individuals in the study before sample sequencing?

Evidence: The prevalence of HIVDRM conferring resistance to NRTI was (6.3%), PI (4.7%), and NNRTI (32.8%).

Rationale: The passage mentions the prevalence of HIVDRM conferring resistance to different drug classes, indicating that these drug classes were received by individuals in the study before sample sequencing.

Answer: NRTI, PI, NNRTI
""""""

""""""
Question: Which drugs were received by individuals in the study before sample sequencing?

Evidence: The high levels of NNRTI resistance were due to the K103N, G190A, and Y181C mutations, which confer resistance to NVP, EFV and to some extent ETR.

Rationale: The passage mentions specific mutations that confer resistance to certain drugs, indicating that these drugs were received by individuals in the study before sample sequencing.

Answer: NVP, EFV, ETR
""""""",63
37340869,,"Here are the answers to the questions in the required format:

""""""
Question: Does the paper report HIV sequences from patient samples?

Evidence: None of the passages directly mention HIV sequences from patient samples.

Rationale: Although the passages mention various analyses and models, they do not explicitly mention HIV sequences from patient samples.

Answer: No
""""""

""""""
Question: Does the paper report in vitro drug susceptibility data?

Evidence: None of the passages directly mention in vitro drug susceptibility data.

Rationale: The passages focus on the analysis of various factors associated with virologic failure, but they do not mention in vitro drug susceptibility data.

Answer: No
""""""

""""""
Question: Were sequences from the paper made publicly available?

Evidence: Passage 6 mentions that ""Supplementary materials are available at *Clinical Infectious Diseases* online.""

Rationale: Although the passage mentions supplementary materials, it does not explicitly state that the sequences were made publicly available.

Answer: No
""""""

""""""
Question: What were the GenBank accession numbers for sequenced HIV isolates?

Evidence: None of the passages mention GenBank accession numbers.

Rationale: The passages do not provide any information about GenBank accession numbers.

Answer: Not reported
""""""

""""""
Question: How many individuals had samples obtained for HIV sequencing?

Evidence: Passage 5 mentions that ""Across 3 studies, 1651 unique participants were included...""

Rationale: The passage mentions the number of participants, but it does not explicitly state that samples were obtained for HIV sequencing.

Answer: Not reported
""""""

""""""
Question: From which countries were the sequenced samples obtained?

Evidence: None of the passages mention the countries from which the samples were obtained.

Rationale: The passages do not provide any information about the countries of origin for the samples.

Answer: Not reported
""""""

""""""
Question: From what years were the sequenced samples obtained?

Evidence: None of the passages mention the years from which the samples were obtained.

Rationale: The passages do not provide any information about the years of sample collection.

Answer: Not reported
""""""

""""""
Question: Were samples cloned prior to sequencing?

Evidence: None of the passages mention cloning prior to sequencing.

Rationale: The passages do not provide any information about cloning or sequencing methods.

Answer: Not reported
""""""

""""""
Question: Which HIV genes were reported to have been sequenced?

Evidence: None of the passages mention specific HIV genes that were sequenced.

Rationale: The passages do not provide any information about the specific genes that were sequenced.

Answer: Not reported
""""""

""""""
Question: What method was used for sequencing?

Evidence: None of the passages mention the sequencing method used.

Rationale: The passages do not provide any information about the sequencing method.

Answer: Not reported
""""""

""""""
Question: What type of samples were sequenced?

Evidence: None of the passages mention the type of samples sequenced.

Rationale: The passages do not provide any information about the type of samples.

Answer: Not reported
""""""

""""""
Question: Were any sequences obtained from individuals with virological failure on a treatment regimen?

Evidence: Passage 5 mentions that ""23/1651 (1.4%) of whom had CVF.""

Rationale: The passage mentions that some participants had confirmed virologic failure (CVF), but it does not explicitly state that sequences were obtained from these individuals.

Answer: Not reported
""""""

""""""
Question: Were the patients in the study in a clinical trial?

Evidence: Passage 11 mentions that ""FLAIR, ATLAS, and ATLAS-2M are randomized, multicenter, parallel-group, open-label, phase 3/3b studies.""

Rationale: The passage mentions that the studies were clinical trials.

Answer: Yes
""""""

""""""
Question: Does the paper report HIV sequences from individuals who had previously received ARV drugs?

Evidence: None of the passages mention HIV sequences from individuals who had previously received ARV drugs.

Rationale: The passages do not provide any information about HIV sequences from individuals who had previously received ARV drugs.

Answer: No
""""""

""""""
Question: Which drug classes were received by individuals in the study before sample sequencing?

Evidence: Passage 11 mentions that ""Historical genotypic evidence of any major INSTI or NNRTI RAMs, excluding K103N in plasma, was exclusionary per the 2015 (FLAIR and ATLAS) and 2019 (ATLAS-2M) International Antiviral Society-USA (IAS-USA) guidelines...""

Rationale: The passage mentions that participants were excluded if they had historical genotypic evidence of major INSTI or NNRTI RAMs, but it does not explicitly state that individuals received these drug classes before sample sequencing.

Answer: Not reported
""""""

""""""
Question: Which drugs were received by individuals in the study before sample sequencing?

Evidence: None of the passages mention specific drugs received by individuals before sample sequencing.

Rationale: The passages do not provide any information about specific drugs received by individuals before sample sequencing.

Answer: Not reported
""""""",55
37358226,,"Here are the answers to the questions based on the provided evidence pool:

""""""
Question: Does the paper report HIV sequences from patient samples?

Evidence: The passages do not explicitly mention HIV sequences from patient samples.

Rationale: The passages discuss viral load outcomes, participant characteristics, and treatment regimens, but do not mention HIV sequences.

Answer: No
""""""

""""""
Question: Does the paper report in vitro drug susceptibility data?

Evidence: The passages do not mention in vitro drug susceptibility data.

Rationale: The passages focus on viral load outcomes and treatment regimens, but do not discuss in vitro drug susceptibility data.

Answer: No
""""""

""""""
Question: Were sequences from the paper made publicly available?

Evidence: The passages do not mention the public availability of sequences.

Rationale: The passages do not provide information on the availability of sequences.

Answer: No
""""""

""""""
Question: What were the GenBank accession numbers for sequenced HIV isolates?

Evidence: The passages do not mention GenBank accession numbers.

Rationale: The passages do not provide information on GenBank accession numbers.

Answer: Not reported
""""""

""""""
Question: How many individuals had samples obtained for HIV sequencing?

Evidence: Passage 3 mentions that among 14 242 eligible participants, 12 034 had documented pretransition VLs.

Rationale: The passage provides information on the number of participants with documented pretransition VLs.

Answer: 12 034
""""""

""""""
Question: From which countries were the sequenced samples obtained?

Evidence: Passage 1 mentions that the data were derived from the Viral Load Cohort North-East Lesotho (VICONEL).

Rationale: The passage provides information on the geographic location of the cohort.

Answer: Lesotho
""""""

""""""
Question: From what years were the sequenced samples obtained?

Evidence: Passage 1 mentions that data closure for analysis was on 1 May 2023, and that participants transitioned to DTG before 30 October 2021.

Rationale: The passage provides information on the time frame of the study.

Answer: 2021-2023
""""""

""""""
Question: Were samples cloned prior to sequencing?

Evidence: The passages do not mention cloning prior to sequencing.

Rationale: The passages do not provide information on cloning.

Answer: Not reported
""""""

""""""
Question: Which HIV genes were reported to have been sequenced?

Evidence: The passages do not mention specific HIV genes being sequenced.

Rationale: The passages do not provide information on HIV gene sequencing.

Answer: Not reported
""""""

""""""
Question: What method was used for sequencing?

Evidence: The passages do not mention the sequencing method.

Rationale: The passages do not provide information on the sequencing method.

Answer: Not reported
""""""

""""""
Question: What type of samples were sequenced?

Evidence: The passages do not mention the type of samples sequenced.

Rationale: The passages do not provide information on the type of samples.

Answer: Not reported
""""""

""""""
Question: Were any sequences obtained from individuals with virological failure on a treatment regimen?

Evidence: Passage 3 mentions that among 295 participants with a pretransition VL >999 copies/mL, 248 were suppressed to <50 copies/mL at 12 months and 244 at 24 months.

Rationale: The passage provides information on participants with high pretransition VLs, which may indicate virological failure.

Answer: Yes
""""""

""""""
Question: Were the patients in the study in a clinical trial?

Evidence: The passages do not mention a clinical trial.

Rationale: The passages do not provide information on a clinical trial.

Answer: No
""""""

""""""
Question: Does the paper report HIV sequences from individuals who had previously received ARV drugs?

Evidence: Passage 1 mentions that participants transitioned from ART containing an NNRTI (efavirenz or nevirapine) alongside 2 NRTIs to ART containing DTG plus 2 NRTIs.

Rationale: The passage provides information on the treatment regimens of the participants.

Answer: Yes
""""""

""""""
Question: Which drug classes were received by individuals in the study before sample sequencing?

Evidence: Passage 1 mentions that participants received ART containing an NNRTI (efavirenz or nevirapine) alongside 2 NRTIs before transitioning to DTG.

Rationale: The passage provides information on the treatment regimens of the participants.

Answer: NNRTI and NRTI
""""""

""""""
Question: Which drugs were received by individuals in the study before sample sequencing?

Evidence: Passage 1 mentions that participants received efavirenz or nevirapine alongside abacavir, zidovudine, or TDF together with 3TC before transitioning to DTG.

Rationale: The passage provides information on the specific drugs received by the participants.

Answer: Efavirenz, nevirapine, abacavir, zidovudine, TDF, and 3TC
""""""",54
37376649,,"Here are the answers to the questions in the required format:

""""""
Question: Does the paper report HIV sequences from patient samples?

Evidence: Of 919 participants screened for the study, 543 (59%) participants had historical genotypic reports available and submitted for eligibility. HIV-1 proviral DNA genotyping was conducted retrospectively with the GenoSure Archive assay (Monogram Biosciences, South San Francisco, CA, USA), which uses next-generation sequencing (NGS) to analyze the HIV-1 polymerase region.

Rationale: The paper mentions that HIV-1 proviral DNA genotyping was conducted retrospectively with the GenoSure Archive assay, which uses next-generation sequencing (NGS) to analyze the HIV-1 polymerase region. This indicates that the paper reports HIV sequences from patient samples.

Answer: Yes
""""""

""""""
Question: Does the paper report in vitro drug susceptibility data?

Evidence: None

Rationale: There is no mention of in vitro drug susceptibility data in the provided passages.

Answer: No
""""""

""""""
Question: Were sequences from the paper made publicly available?

Evidence: None

Rationale: There is no mention of the sequences being made publicly available in the provided passages.

Answer: No
""""""

""""""
Question: What were the GenBank accession numbers for sequenced HIV isolates?

Evidence: None

Rationale: There is no mention of GenBank accession numbers in the provided passages.

Answer: Not reported
""""""

""""""
Question: How many individuals had samples obtained for HIV sequencing?

Evidence: Of 919 participants screened for the study, 543 (59%) participants had historical genotypic reports available and submitted for eligibility. A total of 743 participants were randomized and 741 received at least one dose of the study treatments (exposed population).

Rationale: The paper mentions that 543 participants had historical genotypic reports available and submitted for eligibility, and 741 participants received at least one dose of the study treatments.

Answer: 543
""""""

""""""
Question: From which countries were the sequenced samples obtained?

Evidence: None

Rationale: There is no mention of the countries from which the sequenced samples were obtained in the provided passages.

Answer: Not reported
""""""

""""""
Question: From what years were the sequenced samples obtained?

Evidence: None

Rationale: There is no mention of the years from which the sequenced samples were obtained in the provided passages.

Answer: Not reported
""""""

""""""
Question: Were samples cloned prior to sequencing?

Evidence: None

Rationale: There is no mention of cloning prior to sequencing in the provided passages.

Answer: No
""""""

""""""
Question: Which HIV genes were reported to have been sequenced?

Evidence: HIV-1 proviral DNA genotyping was conducted retrospectively with the GenoSure Archive assay (Monogram Biosciences, South San Francisco, CA, USA), which uses next-generation sequencing (NGS) to analyze the HIV-1 polymerase region.

Rationale: The paper mentions that the HIV-1 polymerase region was analyzed using next-generation sequencing (NGS).

Answer: HIV-1 polymerase region
""""""

""""""
Question: What method was used for sequencing?

Evidence: HIV-1 proviral DNA genotyping was conducted retrospectively with the GenoSure Archive assay (Monogram Biosciences, South San Francisco, CA, USA), which uses next-generation sequencing (NGS) to analyze the HIV-1 polymerase region.

Rationale: The paper mentions that next-generation sequencing (NGS) was used to analyze the HIV-1 polymerase region.

Answer: Next-generation sequencing (NGS)
""""""

""""""
Question: What type of samples were sequenced?

Evidence: Participants' baseline whole blood samples were used for the GenoSure Archive assay.

Rationale: The paper mentions that whole blood samples were used for the GenoSure Archive assay.

Answer: Whole blood samples
""""""

""""""
Question: Were any sequences obtained from individuals with virological failure on a treatment regimen?

Evidence: Participants were excluded if they had any evidence of IAS-USA major NRTI or INSTI RAMs in any historical genotype assay results, if available; any plasma HIV-1 RNA measurement of ≥50 copies/mL within 6 months of screening; a total of ≥2 measurements of ≥50 copies/mL or any measurement of \>200 copies/mL within 6 and 12 months of screening; or a prior regimen switch for virologic failure (HIV-1 RNA ≥400 copies/mL).

Rationale: The paper mentions that participants were excluded if they had any evidence of virological failure.

Answer: No
""""""

""""""
Question: Were the patients in the study in a clinical trial?

Evidence: This study was conducted in accordance with the Declaration of Helsinki and national and institutional standards. Approval was obtained from ethics committees at each investigational site. Written informed consent was obtained from all participants before study initiation.

Rationale: The paper mentions that the study was conducted in accordance with the Declaration of Helsinki and national and institutional standards, and that approval was obtained from ethics committees at each investigational site.

Answer: Yes
""""""

""""""
Question: Does the paper report HIV sequences from individuals who had previously received ARV drugs?

Evidence: Participants were excluded if they had any evidence of IAS-USA major NRTI or INSTI RAMs in any historical genotype assay results, if available.

Rationale: The paper mentions that participants were excluded if they had any evidence of IAS-USA major NRTI or INSTI RAMs in any historical genotype assay results.

Answer: No
""""""

""""""
Question: Which drug classes were received by individuals in the study before sample sequencing?

Evidence: Archived NRTI RAMs were observed in 7% of participants and the frequency of M184V/I (n = 7; 1%) and K65N/R (n = 2; \<1%) was low, being detected as mutation mixtures with wild-type virus in all cases. Major INSTI RAMs were infrequent, being detected in 2% of participants, all as mutation mixtures with wild type.

Rationale: The paper mentions that archived NRTI RAMs and major INSTI RAMs were observed in some participants.

Answer: NRTI and INSTI
""""""

""""""
Question: Which drugs were received by individuals in the study before sample sequencing?

Evidence: None

Rationale: There is no mention of specific drugs received by individuals in the study before sample sequencing in the provided passages.

Answer: Not reported
""""""",71
37381002,,"Here are the answers to the questions in the required format:

""""""
Question: Does the paper report HIV sequences from patient samples?

Evidence: Pol gene of HIV-1 viruses in blood samples of EDTA anticoagulants from 398 patients with failed antiviral treatment was successfully amplified by using an in-house assay. Near full-length genomes (NFLG) of HIV-1 viruses were obtained by next generation sequencing method.

Rationale: The evidence suggests that the paper reports HIV sequences from patient samples, specifically the pol gene and near full-length genomes of HIV-1 viruses.

Answer: Yes
""""""

""""""
Question: Does the paper report in vitro drug susceptibility data?

Evidence: We analyzed the effects of mutations on drug resistance based on Stanford University HIV drug resistance database (https://hivdb.stanford.edu/). No other HIV strains with high-level resistance to PIs were detected except 2020-SZ-83050 strain.

Rationale: The evidence suggests that the paper reports in vitro drug susceptibility data, specifically the analysis of mutations on drug resistance.

Answer: Yes
""""""

""""""
Question: Were sequences from the paper made publicly available?

Evidence: The Los Alamos National Laboratory HIV Sequence Database (http://www.hiv.lanl.gov/content/index) and REGA HIV subtyping tool (version 3.46, https://www.genomedetective.com/app/typingtool/hiv) were used for determining genotypes of HIV-1 viruses.

Rationale: The evidence does not explicitly state that the sequences were made publicly available, but it mentions the use of publicly available databases and tools.

Answer: No
""""""

""""""
Question: What were the GenBank accession numbers for sequenced HIV isolates?

Evidence: Not mentioned in the provided passages.

Rationale: The GenBank accession numbers for sequenced HIV isolates are not mentioned in the provided passages.

Answer: Not available
""""""

""""""
Question: How many individuals had samples obtained for HIV sequencing?

Evidence: From 2017 to 2020, 450 people living with HIV who have received antiviral therapy for more than 1 year were confirmed to be ineffective (viral load ≥ 1000 copies/ml) in Suzhou city. Among these ART failure patients, a total of 398 viral pol gene sequences were successfully sequenced.

Rationale: The evidence suggests that 398 individuals had samples obtained for HIV sequencing.

Answer: 398
""""""

""""""
Question: From which countries were the sequenced samples obtained?

Evidence: The study was conducted in Suzhou City, China.

Rationale: The evidence suggests that the sequenced samples were obtained from China.

Answer: China
""""""

""""""
Question: From what years were the sequenced samples obtained?

Evidence: From 2017 to 2020.

Rationale: The evidence suggests that the sequenced samples were obtained from 2017 to 2020.

Answer: 2017-2020
""""""

""""""
Question: Were samples cloned prior to sequencing?

Evidence: Not mentioned in the provided passages.

Rationale: The evidence does not mention whether the samples were cloned prior to sequencing.

Answer: Not available
""""""

""""""
Question: Which HIV genes were reported to have been sequenced?

Evidence: Pol gene of HIV-1 viruses in blood samples of EDTA anticoagulants from 398 patients with failed antiviral treatment was successfully amplified by using an in-house assay. Near full-length genomes (NFLG) of HIV-1 viruses were obtained by next generation sequencing method.

Rationale: The evidence suggests that the pol gene and near full-length genomes of HIV-1 viruses were sequenced.

Answer: Pol gene and near full-length genomes
""""""

""""""
Question: What method was used for sequencing?

Evidence: Next generation sequencing (NGS) was performed on iseq platform by using i1 V2 300 cycles reagent kit (Illumina, USA).

Rationale: The evidence suggests that next generation sequencing (NGS) was used for sequencing.

Answer: Next generation sequencing (NGS)
""""""

""""""
Question: What type of samples were sequenced?

Evidence: Blood samples of EDTA anticoagulants from 398 patients with failed antiviral treatment.

Rationale: The evidence suggests that blood samples were sequenced.

Answer: Blood samples
""""""

""""""
Question: Were any sequences obtained from individuals with virological failure on a treatment regimen?

Evidence: From 2017 to 2020, 450 people living with HIV who have received antiviral therapy for more than 1 year were confirmed to be ineffective (viral load ≥ 1000 copies/ml) in Suzhou city.

Rationale: The evidence suggests that sequences were obtained from individuals with virological failure on a treatment regimen.

Answer: Yes
""""""

""""""
Question: Were the patients in the study in a clinical trial?

Evidence: Not mentioned in the provided passages.

Rationale: The evidence does not mention whether the patients were in a clinical trial.

Answer: Not available
""""""

""""""
Question: Does the paper report HIV sequences from individuals who had previously received ARV drugs?

Evidence: From 2017 to 2020, 450 people living with HIV who have received antiviral therapy for more than 1 year were confirmed to be ineffective (viral load ≥ 1000 copies/ml) in Suzhou city.

Rationale: The evidence suggests that the paper reports HIV sequences from individuals who had previously received ARV drugs.

Answer: Yes
""""""

""""""
Question: Which drug classes were received by individuals in the study before sample sequencing?

Evidence: Not mentioned in the provided passages.

Rationale: The evidence does not mention which drug classes were received by individuals in the study before sample sequencing.

Answer: Not available
""""""

""""""
Question: Which drugs were received by individuals in the study before sample sequencing?

Evidence: Not mentioned in the provided passages.

Rationale: The evidence does not mention which drugs were received by individuals in the study before sample sequencing.

Answer: Not available
""""""",65
37439411,,"Here are the answers to the questions in the required format:

""""""
Question: Does the paper report HIV sequences from patient samples?

Evidence: We retrieved HIV-1 RNA protease/reverse transcriptase sequences, demographic and clinical data of adult PLWH from the Antiviral Response Cohort Analysis (ARCA) database.

Rationale: The passage explicitly mentions that HIV-1 RNA protease/reverse transcriptase sequences were retrieved from the ARCA database, indicating that the paper reports HIV sequences from patient samples.

Answer: Yes
""""""

""""""
Question: Does the paper report in vitro drug susceptibility data?

Evidence: The genotypic susceptibility score (GSS) for a single compound was obtained using the Stanford HIVdb genotypic resistance interpretation system.

Rationale: The passage mentions the use of the Stanford HIVdb genotypic resistance interpretation system to obtain the genotypic susceptibility score (GSS), which suggests that the paper reports in vitro drug susceptibility data.

Answer: Yes
""""""

""""""
Question: Were sequences from the paper made publicly available?

Evidence: The sequences were retrieved from the Antiviral Response Cohort Analysis (ARCA) database, a public observational database.

Rationale: The passage mentions that the ARCA database is a public observational database, indicating that the sequences were made publicly available.

Answer: Yes
""""""

""""""
Question: What were the GenBank accession numbers for sequenced HIV isolates?

Evidence: Not mentioned in the provided passages.

Rationale: The passages do not mention the GenBank accession numbers for the sequenced HIV isolates.

Answer: Not available
""""""

""""""
Question: How many individuals had samples obtained for HIV sequencing?

Evidence: We included 5982 naïves and retrieved 28 505 genotypes from 9387 treatment-experienced PLWH.

Rationale: The passage mentions the number of individuals included in the study, which is 5982 naïves and 9387 treatment-experienced PLWH.

Answer: 5982 naïves and 9387 treatment-experienced PLWH
""""""

""""""
Question: From which countries were the sequenced samples obtained?

Evidence: The samples were obtained from Italy, as mentioned in the passage: ""Those PLWH born in Italy were the most represented group among subtypes B, F and CRF01_AE"".

Rationale: The passage mentions that the samples were obtained from Italy, indicating the country of origin.

Answer: Italy
""""""

""""""
Question: From what years were the sequenced samples obtained?

Evidence: The samples were obtained from 2000 to 2020, as mentioned in the passage: ""At least one RAM for NNRTIs was detected in 33.2% and any PDR declined from 43.4% in 2000--2003 to 20.9% in 2016--2020"".

Rationale: The passage mentions the years during which the samples were obtained, which is from 2000 to 2020.

Answer: 2000-2020
""""""

""""""
Question: Were samples cloned prior to sequencing?

Evidence: Not mentioned in the provided passages.

Rationale: The passages do not mention whether the samples were cloned prior to sequencing.

Answer: Not available
""""""

""""""
Question: Which HIV genes were reported to have been sequenced?

Evidence: The passage mentions that HIV-1 RNA protease/reverse transcriptase sequences were retrieved.

Rationale: The passage mentions the specific HIV genes that were sequenced, which are the protease and reverse transcriptase genes.

Answer: Protease and reverse transcriptase genes
""""""

""""""
Question: What method was used for sequencing?

Evidence: Not mentioned in the provided passages.

Rationale: The passages do not mention the method used for sequencing.

Answer: Not available
""""""

""""""
Question: What type of samples were sequenced?

Evidence: The passage mentions that HIV-1 RNA protease/reverse transcriptase sequences were retrieved.

Rationale: The passage mentions the type of samples that were sequenced, which are RNA samples.

Answer: RNA samples
""""""

""""""
Question: Were any sequences obtained from individuals with virological failure on a treatment regimen?

Evidence: The passage mentions that genotyping on RNA was performed exclusively in cases of virological failure with detectable viraemia.

Rationale: The passage mentions that sequences were obtained from individuals with virological failure on a treatment regimen.

Answer: Yes
""""""

""""""
Question: Were the patients in the study in a clinical trial?

Evidence: Not mentioned in the provided passages.

Rationale: The passages do not mention whether the patients were in a clinical trial.

Answer: Not available
""""""

""""""
Question: Does the paper report HIV sequences from individuals who had previously received ARV drugs?

Evidence: The passage mentions that previous exposure to any NNRTIs was a predictor for resistance to the class.

Rationale: The passage mentions that the paper reports HIV sequences from individuals who had previously received ARV drugs.

Answer: Yes
""""""

""""""
Question: Which drug classes were received by individuals in the study before sample sequencing?

Evidence: The passage mentions that previous exposure to any NNRTIs was a predictor for resistance to the class.

Rationale: The passage mentions that the individuals in the study received NNRTIs before sample sequencing.

Answer: NNRTIs
""""""

""""""
Question: Which drugs were received by individuals in the study before sample sequencing?

Evidence: The passage mentions that previous exposure to any NNRTIs, including EFV, RPV, ETR, and NVP, was a predictor for resistance to the class.

Rationale: The passage mentions the specific drugs that were received by individuals in the study before sample sequencing, which are EFV, RPV, ETR, and NVP.

Answer: EFV, RPV, ETR, and NVP
""""""",63
37495103,,"""""""
Question: Does the paper report HIV sequences from patient samples?

Evidence: The study cohort ( *n* = 271) included HIV-infected individuals who visited the Novosibirsk, Russia, HIV/AIDS clinic in 2018--2022. HIV-1 *pol* gene sequences were generated, and the presence of HIV-1 DRM was assessed.

Rationale: The paper explicitly states that HIV-1 *pol* gene sequences were generated from patient samples, indicating that the paper does report HIV sequences from patient samples.

Answer: Yes
""""""

""""""
Question: Does the paper report in vitro drug susceptibility data?

Evidence: None of the provided passages mention in vitro drug susceptibility data.

Rationale: Since none of the passages mention in vitro drug susceptibility data, it can be concluded that the paper does not report such data.

Answer: No
""""""

""""""
Question: Were sequences from the paper made publicly available?

Evidence: None of the provided passages mention making sequences publicly available.

Rationale: Since none of the passages mention making sequences publicly available, it cannot be confirmed whether the sequences were made publicly available or not.

Answer: Unknown
""""""

""""""
Question: What were the GenBank accession numbers for sequenced HIV isolates?

Evidence: None of the provided passages mention GenBank accession numbers.

Rationale: Since none of the passages mention GenBank accession numbers, it cannot be determined what the GenBank accession numbers for sequenced HIV isolates are.

Answer: Unknown
""""""

""""""
Question: How many individuals had samples obtained for HIV sequencing?

Evidence: The study cohort ( *n* = 271) included HIV-infected individuals who visited the Novosibirsk, Russia, HIV/AIDS clinic in 2018--2022.

Rationale: The paper explicitly states that the study cohort consisted of 271 individuals.

Answer: 271
""""""

""""""
Question: From which countries were the sequenced samples obtained?

Evidence: The study cohort included HIV-infected individuals who visited the Novosibirsk, Russia, HIV/AIDS clinic in 2018--2022.

Rationale: The paper explicitly states that the samples were obtained from Russia.

Answer: Russia
""""""

""""""
Question: From what years were the sequenced samples obtained?

Evidence: The study cohort included HIV-infected individuals who visited the Novosibirsk, Russia, HIV/AIDS clinic in 2018--2022.

Rationale: The paper explicitly states that the samples were obtained between 2018 and 2022.

Answer: 2018-2022
""""""

""""""
Question: Were samples cloned prior to sequencing?

Evidence: None of the provided passages mention cloning prior to sequencing.

Rationale: Since none of the passages mention cloning prior to sequencing, it cannot be confirmed whether the samples were cloned prior to sequencing or not.

Answer: Unknown
""""""

""""""
Question: Which HIV genes were reported to have been sequenced?

Evidence: HIV-1 *pol* gene sequences were generated.

Rationale: The paper explicitly states that the *pol* gene was sequenced.

Answer: pol
""""""

""""""
Question: What method was used for sequencing?

Evidence: DNA sequencing was performed using an ABI PRISM 3130xl DNA Analyser (Applied Biosystems, USA).

Rationale: The paper explicitly states that an ABI PRISM 3130xl DNA Analyser was used for sequencing.

Answer: ABI PRISM 3130xl DNA Analyser
""""""

""""""
Question: What type of samples were sequenced?

Evidence: HIV-1 RNA was isolated from 250 µL of plasma.

Rationale: The paper explicitly states that plasma samples were sequenced.

Answer: Plasma
""""""

""""""
Question: Were any sequences obtained from individuals with virological failure on a treatment regimen?

Evidence: All patients received first-line ART prior to virological failure.

Rationale: The paper explicitly states that the patients experienced virological failure on a treatment regimen.

Answer: Yes
""""""

""""""
Question: Were the patients in the study in a clinical trial?

Evidence: None of the provided passages mention a clinical trial.

Rationale: Since none of the passages mention a clinical trial, it cannot be confirmed whether the patients were in a clinical trial or not.

Answer: Unknown
""""""

""""""
Question: Does the paper report HIV sequences from individuals who had previously received ARV drugs?

Evidence: All patients received first-line ART prior to virological failure.

Rationale: The paper explicitly states that the patients received ARV drugs prior to virological failure.

Answer: Yes
""""""

""""""
Question: Which drug classes were received by individuals in the study before sample sequencing?

Evidence: The analysis of HIV-1 DRM, ART regimen, and adherence data classified TDF+3TC+DTG and TDF+3TC+LPV/r as treatment regimens with a high genetic barrier, whereas EFV-containing ART was classified as a regimen with a low genetic barrier.

Rationale: The paper mentions several drug classes, including NRTIs (TDF, 3TC), NNRTIs (EFV), PIs (LPV/r), and INSTIs (DTG).

Answer: NRTIs, NNRTIs, PIs, INSTIs
""""""

""""""
Question: Which drugs were received by individuals in the study before sample sequencing?

Evidence: The analysis of HIV-1 DRM, ART regimen, and adherence data classified TDF+3TC+DTG and TDF+3TC+LPV/r as treatment regimens with a high genetic barrier, whereas EFV-containing ART was classified as a regimen with a low genetic barrier.

Rationale: The paper mentions several specific drugs, including TDF, 3TC, DTG, LPV/r, and EFV.

Answer: TDF, 3TC, DTG, LPV/r, EFV
""""""",64
37498738,,"Here are the answers to the questions in the required format:

""""""
Question: Does the paper report HIV sequences from patient samples?

Evidence: Near full-length HIV-1 proviral polymerase chain reaction and next-generation sequencing was applied to longitudinal peripheral blood mononuclear cell samples to assess proviral evolution and the potential emergence of drug resistance mutations (DRMs). One hundred sixty-three NGS sequences from 43 participants (25 on DTG monotherapy and 18 on cART) were selected, as all of these 43 had 3 time points with successful consensus sequences (1yaas, ESS wk0, ESS wk48), and 34 of those also had a sequence from the ART start time point.

Rationale: The paper reports HIV sequences from patient samples, as it describes the use of near full-length HIV-1 proviral polymerase chain reaction and next-generation sequencing on longitudinal peripheral blood mononuclear cell samples.

Answer: Yes
""""""

""""""
Question: Does the paper report in vitro drug susceptibility data?

Evidence: DRM detection was done with MinVar using a frequency threshold of 2% to detect minor variants, as opposed to the usually accepted clinically relevant threshold of 15%. Transmitted DRMs were present in 19% (n = 8) of all 43 participants as detected by Sanger sequencing in genotypic resistance test from initial plasma before undergoing cART.

Rationale: The paper does not report in vitro drug susceptibility data, as it only mentions the detection of drug resistance mutations (DRMs) in the participants' samples.

Answer: No
""""""

""""""
Question: Were sequences from the paper made publicly available?

Evidence: Data availability is described in Supplementary Appendix 6.

Rationale: The paper does not explicitly state that the sequences were made publicly available, but it mentions that data availability is described in Supplementary Appendix 6, which may contain information on how to access the sequences.

Answer: Unclear
""""""

""""""
Question: What were the GenBank accession numbers for sequenced HIV isolates?

Evidence: The HIV-1 reference sequence HXB2 (GenBank accession number K03455) was used for mapping.

Rationale: The paper does not provide GenBank accession numbers for the sequenced HIV isolates, but it mentions the use of the HIV-1 reference sequence HXB2 (GenBank accession number K03455) for mapping.

Answer: Not provided
""""""

""""""
Question: How many individuals had samples obtained for HIV sequencing?

Evidence: The ESS (NCT00537966) enrolled 101 people with HIV (PWH) from the Zurich Primary HIV Infection Study and Swiss HIV Cohort Study.

Rationale: The paper states that 101 individuals had samples obtained for HIV sequencing.

Answer: 101
""""""

""""""
Question: From which countries were the sequenced samples obtained?

Evidence: The ESS (NCT00537966) enrolled 101 people with HIV (PWH) from the Zurich Primary HIV Infection Study and Swiss HIV Cohort Study.

Rationale: The paper does not explicitly state the countries from which the sequenced samples were obtained, but it mentions the Zurich Primary HIV Infection Study and Swiss HIV Cohort Study, which suggests that the samples were obtained from Switzerland.

Answer: Switzerland
""""""

""""""
Question: From what years were the sequenced samples obtained?

Evidence: No specific years are mentioned in the provided passages.

Rationale: The paper does not provide information on the years from which the sequenced samples were obtained.

Answer: Not provided
""""""

""""""
Question: Were samples cloned prior to sequencing?

Evidence: No information on cloning is provided in the passages.

Rationale: The paper does not mention whether the samples were cloned prior to sequencing.

Answer: Unclear
""""""

""""""
Question: Which HIV genes were reported to have been sequenced?

Evidence: Near full-length HIV-1 proviral polymerase chain reaction and next-generation sequencing was applied to longitudinal peripheral blood mononuclear cell samples to assess proviral evolution and the potential emergence of drug resistance mutations (DRMs).

Rationale: The paper does not specifically state which HIV genes were sequenced, but it mentions the use of near full-length HIV-1 proviral polymerase chain reaction and next-generation sequencing.

Answer: Not specified
""""""

""""""
Question: What method was used for sequencing?

Evidence: Next-generation sequencing (NGS) was used.

Rationale: The paper states that next-generation sequencing (NGS) was used.

Answer: Next-generation sequencing (NGS)
""""""

""""""
Question: What type of samples were sequenced?

Evidence: Peripheral blood mononuclear cells (PBMCs) were used.

Rationale: The paper states that peripheral blood mononuclear cells (PBMCs) were used.

Answer: Peripheral blood mononuclear cells (PBMCs)
""""""

""""""
Question: Were any sequences obtained from individuals with virological failure on a treatment regimen?

Evidence: No information on virological failure is provided in the passages.

Rationale: The paper does not mention whether any sequences were obtained from individuals with virological failure on a treatment regimen.

Answer: Unclear
""""""

""""""
Question: Were the patients in the study in a clinical trial?

Evidence: The study was a randomized clinical trial comparing a switch to dolutegravir monotherapy with continuation of cART in early-treated individuals.

Rationale: The paper states that the study was a randomized clinical trial.

Answer: Yes
""""""

""""""
Question: Does the paper report HIV sequences from individuals who had previously received ARV drugs?

Evidence: The study included individuals who had previously received cART.

Rationale: The paper states that the study included individuals who had previously received cART.

Answer: Yes
""""""

""""""
Question: Which drug classes were received by individuals in the study before sample sequencing?

Evidence: The study included individuals who had previously received cART, which typically consists of 2-3 different drugs.

Rationale: The paper does not specifically state which drug classes were received by individuals in the study before sample sequencing, but it mentions that the individuals had previously received cART.

Answer: Not specified
""""""

""""""
Question: Which drugs were received by individuals in the study before sample sequencing?

Evidence: Dolutegravir (DTG) monotherapy and combination antiretroviral therapy (cART) were used in the study.

Rationale: The paper states that dolutegravir (DTG) monotherapy and combination antiretroviral therapy (cART) were used in the study.

Answer: Dolutegravir (DTG) and cART
""""""",75
37515095,,"Here are the answers to the questions in the required format:

""""""
Question: Does the paper report HIV sequences from patient samples?

Evidence: The mRNA from blood samples was purified using the Ribo-zol-C Kit (InterLabService, Moscow, Russia) and used for RT-PCR, followed by *pol* gene sequencing using AmpliSens ^®^ HIV-Resist-Seq (Amplisens, Moscow, Russia) and Applied Biosystems ^®^ Genetic Analyzer 3130 (Applied Biosystems Inc., Foster, RI, USA). Specifically, the sequence data consisted of partial HIV-1 *pol* gene sequences (covering protease and the 5′-end of reverse transcriptase, positions 2253 to 3337 on the HXB2 reference genome).

Rationale: The passage mentions that the mRNA from blood samples was used for RT-PCR and *pol* gene sequencing, indicating that the paper reports HIV sequences from patient samples.

Answer: Yes
""""""

""""""
Question: Does the paper report in vitro drug susceptibility data?

Evidence: The 968 HIV-1 *pol* sequences were screened for DRMs using the Stanford HIV Drug Resistance Database \[ 21 \]. Specifically, the sequences were screened for mutations in protease and reverse transcriptase, and drug resistance scores (susceptible, potential low-, low-, intermediate-, and high-level resistance) were outputted by the Stanford HIVdb Program \[ 22 \] for each of the sequences to the following 13/15 ARVs administered to patients in our dataset: 3TC, ABC, AZT, D4T, DDI, FTC, TDF, ETR, EFV, NVP, RPV, DRV/r, and LPV/r.

Rationale: The passage mentions that the sequences were screened for DRMs using the Stanford HIV Drug Resistance Database, but it does not mention in vitro drug susceptibility data.

Answer: No
""""""

""""""
Question: Were sequences from the paper made publicly available?

Evidence: Study data are unavailable to protect patient confidentiality.

Rationale: The passage mentions that the study data are unavailable to protect patient confidentiality, indicating that the sequences from the paper were not made publicly available.

Answer: No
""""""

""""""
Question: What were the GenBank accession numbers for sequenced HIV isolates?

Evidence: Not mentioned in the provided passages.

Rationale: The passages do not mention the GenBank accession numbers for the sequenced HIV isolates.

Answer: Not available
""""""

""""""
Question: How many individuals had samples obtained for HIV sequencing?

Evidence: Between 2017 and 2020, 1004 participants registered with the Kazakh Scientific Centre of Dermatology and Infectious Diseases, Almaty, Kazakhstan; signed informed consent forms; and consented to blood sample collections for this study.

Rationale: The passage mentions that 1004 participants had samples obtained for HIV sequencing.

Answer: 1004
""""""

""""""
Question: From which countries were the sequenced samples obtained?

Evidence: Participants enrolled in the study from all 15 regions of Kazakhstan.

Rationale: The passage mentions that the participants enrolled in the study from all 15 regions of Kazakhstan, indicating that the sequenced samples were obtained from Kazakhstan.

Answer: Kazakhstan
""""""

""""""
Question: From what years were the sequenced samples obtained?

Evidence: Between 2017 and 2020.

Rationale: The passage mentions that the samples were obtained between 2017 and 2020.

Answer: 2017-2020
""""""

""""""
Question: Were samples cloned prior to sequencing?

Evidence: Not mentioned in the provided passages.

Rationale: The passages do not mention whether the samples were cloned prior to sequencing.

Answer: Not available
""""""

""""""
Question: Which HIV genes were reported to have been sequenced?

Evidence: The sequence data consisted of partial HIV-1 *pol* gene sequences (covering protease and the 5′-end of reverse transcriptase, positions 2253 to 3337 on the HXB2 reference genome).

Rationale: The passage mentions that the *pol* gene was sequenced, specifically the protease and the 5′-end of reverse transcriptase.

Answer: *pol* gene (protease and reverse transcriptase)
""""""

""""""
Question: What method was used for sequencing?

Evidence: The mRNA from blood samples was purified using the Ribo-zol-C Kit (InterLabService, Moscow, Russia) and used for RT-PCR, followed by *pol* gene sequencing using AmpliSens ^®^ HIV-Resist-Seq (Amplisens, Moscow, Russia) and Applied Biosystems ^®^ Genetic Analyzer 3130 (Applied Biosystems Inc., Foster, RI, USA).

Rationale: The passage mentions that RT-PCR and AmpliSens ^®^ HIV-Resist-Seq were used for sequencing.

Answer: RT-PCR and AmpliSens ^®^ HIV-Resist-Seq
""""""

""""""
Question: What type of samples were sequenced?

Evidence: The mRNA from blood samples was purified using the Ribo-zol-C Kit (InterLabService, Moscow, Russia) and used for RT-PCR, followed by *pol* gene sequencing using AmpliSens ^®^ HIV-Resist-Seq (Amplisens, Moscow, Russia) and Applied Biosystems ^®^ Genetic Analyzer 3130 (Applied Biosystems Inc., Foster, RI, USA).

Rationale: The passage mentions that blood samples were sequenced.

Answer: Blood samples
""""""

""""""
Question: Were any sequences obtained from individuals with virological failure on a treatment regimen?

Evidence: Not mentioned in the provided passages.

Rationale: The passages do not mention whether any sequences were obtained from individuals with virological failure on a treatment regimen.

Answer: Not available
""""""

""""""
Question: Were the patients in the study in a clinical trial?

Evidence: Not mentioned in the provided passages.

Rationale: The passages do not mention whether the patients in the study were in a clinical trial.

Answer: Not available
""""""

""""""
Question: Does the paper report HIV sequences from individuals who had previously received ARV drugs?

Evidence: Among sequenced participants, the Kazakh HIV-1 epidemic is almost exclusively comprised (954, 98.6%) of two subtypes, A6 and CRF02_AG, with the frequencies of each one varying across geographical regions in the country. Almost one-third (311, 32.1%) of sequences exhibited high-level drug resistance; however, distinct DRMs were observed among subtypes A6 and CRF02_AG.

Rationale: The passage mentions that almost one-third of the sequences exhibited high-level drug resistance, indicating that the paper reports HIV sequences from individuals who had previously received ARV drugs.

Answer: Yes
""""""

""""""
Question: Which drug classes were received by individuals in the study before sample sequencing?

Evidence: The 968 HIV-1 *pol* sequences were screened for DRMs using the Stanford HIV Drug Resistance Database \[ 21 \]. Specifically, the sequences were screened for mutations in protease and reverse transcriptase, and drug resistance scores (susceptible, potential low-, low-, intermediate-, and high-level resistance) were outputted by the Stanford HIVdb Program \[ 22 \] for each of the sequences to the following 13/15 ARVs administered to patients in our dataset: 3TC, ABC, AZT, D4T, DDI, FTC, TDF, ETR, EFV, NVP, RPV, DRV/r, and LPV/r.

Rationale: The passage mentions that the sequences were screened for DRMs using the Stanford HIV Drug Resistance Database, and lists the ARVs administered to patients in the dataset.

Answer: NRTIs (3TC, ABC, AZT, D4T, DDI, FTC, TDF), NNRTIs (ETR, EFV, NVP), PIs (RPV, DRV/r, LPV/r)
""""""

""""""
Question: Which drugs were received by individuals in the study before sample sequencing?

Evidence: The 968 HIV-1 *pol* sequences were screened for DRMs using the Stanford HIV Drug Resistance Database \[ 21 \]. Specifically, the sequences were screened for mutations in protease and reverse transcriptase, and drug resistance scores (susceptible, potential low-, low-, intermediate-, and high-level resistance) were outputted by the Stanford HIVdb Program \[ 22 \] for each of the sequences to the following 13/15 ARVs administered to patients in our dataset: 3TC, ABC, AZT, D4T, DDI, FTC, TDF, ETR, EFV, NVP, RPV, DRV/r, and LPV/r.

Rationale: The passage mentions that the sequences were screened for DRMs using the Stanford HIV Drug Resistance Database, and lists the ARVs administered to patients in the dataset.

Answer: 3TC, ABC, AZT, D4T, DDI, FTC, TDF, ETR, EFV, NVP, RPV, DRV/r, LPV/r
""""""",102
37515146,,"Here are the answers to the questions in the required format:

""""""
Question: Does the paper report HIV sequences from patient samples?

Evidence: The resulting sequences encompassing the pol region were assembled and edited manually using Seqscape software version 2.5 and Recall version 2.28 Resistance mutations were interpreted using Stanford HIVdb software version 9.4. Phylogenetic analysis of the sequences reveals that all the patients were infected with type 1 viruses, all belonging to group M.

Rationale: The paper reports HIV sequences from patient samples, which were analyzed using various software tools to identify resistance mutations and determine the phylogenetic relationships between the sequences.

Answer: Yes
""""""

""""""
Question: Does the paper report in vitro drug susceptibility data?

Evidence: The predictive efficacies of each antiretroviral molecule were calculated according to the genotypic drug susceptibility score provided according to HIVdb algorithm. The regimen efficacy for TLD versus TLE was calculated irrespective of the presence of M184V due to the beneficial effect of this mutation in improving TDF efficacy while reducing viral replicative fitness.

Rationale: The paper reports in vitro drug susceptibility data, which were calculated using the HIVdb algorithm and took into account the presence of certain mutations that can affect drug efficacy.

Answer: Yes
""""""

""""""
Question: Were sequences from the paper made publicly available?

Evidence: Sequence data are available on GenBank under the accession numbers GenBank MK702015-MK702057, MK867695-MK867757, and MK995397-MK995457.

Rationale: The sequences from the paper were made publicly available on GenBank, which is a database of publicly available DNA sequences.

Answer: Yes
""""""

""""""
Question: What were the GenBank accession numbers for sequenced HIV isolates?

Evidence: Sequence data are available on GenBank under the accession numbers GenBank MK702015-MK702057, MK867695-MK867757, and MK995397-MK995457.

Rationale: The GenBank accession numbers for the sequenced HIV isolates are provided in the paper.

Answer: MK702015-MK702057, MK867695-MK867757, and MK995397-MK995457
""""""

""""""
Question: How many individuals had samples obtained for HIV sequencing?

Evidence: A total of 391 participants were recruited, with sequencing successfully carried out in 379 individual participant samples.

Rationale: The paper reports that 379 individual participant samples were successfully sequenced out of 391 participants recruited.

Answer: 379
""""""

""""""
Question: From which countries were the sequenced samples obtained?

Evidence: The participants were from eight regions of Cameroon: Centre, Littoral, East, West, Northwest, Southwest, North, and Far North.

Rationale: The sequenced samples were obtained from Cameroon, specifically from eight regions within the country.

Answer: Cameroon
""""""

""""""
Question: From what years were the sequenced samples obtained?

Evidence: We carried out a cross-sectional and analytical study for five years, from December 2014 to June 2019.

Rationale: The sequenced samples were obtained over a period of five years, from 2014 to 2019.

Answer: 2014-2019
""""""

""""""
Question: Were samples cloned prior to sequencing?

Evidence: No information is provided in the paper about cloning prior to sequencing.

Rationale: There is no mention of cloning prior to sequencing in the paper.

Answer: No
""""""

""""""
Question: Which HIV genes were reported to have been sequenced?

Evidence: Genotypic resistance testing was carried out in the pol gene (reverse transcriptase and protease regions).

Rationale: The paper reports that the pol gene, specifically the reverse transcriptase and protease regions, was sequenced.

Answer: pol gene (reverse transcriptase and protease regions)
""""""

""""""
Question: What method was used for sequencing?

Evidence: The PCR products were revealed using 1% agarose gel electrophoresis. The successfully amplified samples were purified and then sequenced by the following primers: B, F, SEQ1, SEQ2, SEQ3, SEQ4, SEQ5, and TAK3.

Rationale: The paper reports that the sequencing method involved PCR amplification, agarose gel electrophoresis, and sequencing using specific primers.

Answer: PCR amplification, agarose gel electrophoresis, and sequencing using specific primers
""""""

""""""
Question: What type of samples were sequenced?

Evidence: A total of 10 mL of venous blood was collected in an EDTA tube. The tubes were centrifuged at a speed of 1800 rpm, separated for plasma collection, plasma aliquoted (1 mL) in cryotubes, stored at −20 °C, and transported to the CIRCB, where biological analyzes were carried out.

Rationale: The paper reports that venous blood samples were collected and processed for sequencing.

Answer: Venous blood samples
""""""

""""""
Question: Were any sequences obtained from individuals with virological failure on a treatment regimen?

Evidence: No information is provided in the paper about virological failure on a treatment regimen.

Rationale: There is no mention of virological failure on a treatment regimen in the paper.

Answer: No
""""""

""""""
Question: Were the patients in the study in a clinical trial?

Evidence: No information is provided in the paper about a clinical trial.

Rationale: There is no mention of a clinical trial in the paper.

Answer: No
""""""

""""""
Question: Does the paper report HIV sequences from individuals who had previously received ARV drugs?

Evidence: Included in our study were HIV-1 infected patients aged above 19 years (adults per WHO definitions) with no prior history of ART treatment.

Rationale: The paper reports that the study included individuals who had no prior history of ART treatment.

Answer: No
""""""

""""""
Question: Which drug classes were received by individuals in the study before sample sequencing?

Evidence: No information is provided in the paper about drug classes received by individuals before sample sequencing.

Rationale: There is no mention of drug classes received by individuals before sample sequencing in the paper.

Answer: No information available
""""""

""""""
Question: Which drugs were received by individuals in the study before sample sequencing?

Evidence: No information is provided in the paper about specific drugs received by individuals before sample sequencing.

Rationale: There is no mention of specific drugs received by individuals before sample sequencing in the paper.

Answer: No information available
""""""",72
37520425,,"Here are the answers to the questions in the required format:

""""""
Question: Does the paper report HIV sequences from patient samples?

Evidence: VL measurement was done using the Abbott Real-time m2000 HIV-1 Assay (Abbott Laboratories, Chicago, Illinois), with a reportable range of 40--10 000 000 copies/mL for blood plasma. For this study, we performed HIV-1 genotypic resistance testing (GRT) from biobanked samples for those with an HIV VL ≥50 copies/mL. In addition, HIV-1 GRT was performed on samples available prior to treatment initiation for cases with a VL ≥50 copies/mL at 12 months using cryopreserved samples, to determine PDR before ART initiation in the DTG cohort.

Rationale: The passage mentions that HIV-1 genotypic resistance testing (GRT) was performed on biobanked samples from patients with an HIV VL ≥50 copies/mL, indicating that the paper reports HIV sequences from patient samples.

Answer: Yes
""""""

""""""
Question: Does the paper report in vitro drug susceptibility data?

Evidence: No relevant information found in the passages.

Rationale: None of the passages mention in vitro drug susceptibility data, so we cannot confirm if the paper reports this type of data.

Answer: No
""""""

""""""
Question: Were sequences from the paper made publicly available?

Evidence: The reported protease and reverse transcriptase sequences are available in GenBank (accession number OQ627458-OQ627474).

Rationale: The passage explicitly states that the sequences are available in GenBank, indicating that they were made publicly available.

Answer: Yes
""""""

""""""
Question: What were the GenBank accession numbers for sequenced HIV isolates?

Evidence: The reported protease and reverse transcriptase sequences are available in GenBank (accession number OQ627458-OQ627474).

Rationale: The passage provides the GenBank accession numbers for the sequenced HIV isolates.

Answer: OQ627458-OQ627474
""""""

""""""
Question: How many individuals had samples obtained for HIV sequencing?

Evidence: For patients with viremia at 12 months after starting DTG-based ART, blood plasma samples prior to treatment initiation were available for 25 of 30 (83%) patients.

Rationale: The passage mentions that samples were available for 25 out of 30 patients, but it does not explicitly state that all 25 samples were sequenced. However, it does mention that 14 of 25 samples were successfully PCR amplified and sequenced.

Answer: 25 (but only 14 were successfully sequenced)
""""""

""""""
Question: From which countries were the sequenced samples obtained?

Evidence: The cohort includes patients seen at the Chronic Diseases Clinic of Ifakara, the care and treatment center for PWH of the Saint Francis Referral Hospital, located in rural southeastern Tanzania.

Rationale: The passage mentions that the samples were obtained from patients in Tanzania.

Answer: Tanzania
""""""

""""""
Question: From what years were the sequenced samples obtained?

Evidence: Two groups of PWH aged ≥15 years attending KIULARCO were included in the analysis: (1) treatment-naive patients initiating NNRTI-based ART between 16 December 2016 and 15 December 2017 (referred to as the NNRTI cohort) and (2) treatment-naive patients initiating DTG-based ART between 16 March 2019 and 15 September 2020 (referred to as the DTG cohort).

Rationale: The passage mentions the time periods during which the samples were obtained.

Answer: 2016-2017 and 2019-2020
""""""

""""""
Question: Were samples cloned prior to sequencing?

Evidence: No relevant information found in the passages.

Rationale: None of the passages mention cloning, so we cannot confirm if the samples were cloned prior to sequencing.

Answer: No
""""""

""""""
Question: Which HIV genes were reported to have been sequenced?

Evidence: GRT was performed using a validated in-house polymerase chain reaction (PCR) protocol to determine the HIV-1 drug resistance--associated mutations for reverse transcriptase, protease, and INSTI.

Rationale: The passage mentions that the genes sequenced include reverse transcriptase, protease, and INSTI.

Answer: Reverse transcriptase, protease, and INSTI
""""""

""""""
Question: What method was used for sequencing?

Evidence: A direct sequencing reaction was done using 6 overlapping primers, and assembly program (BioEdit 7.2) was used for sequence analysis.

Rationale: The passage mentions the method used for sequencing.

Answer: Direct sequencing reaction using 6 overlapping primers and BioEdit 7.2 for sequence analysis
""""""

""""""
Question: What type of samples were sequenced?

Evidence: Blood plasma samples prior to treatment initiation were available for 25 of 30 (83%) patients.

Rationale: The passage mentions that blood plasma samples were sequenced.

Answer: Blood plasma samples
""""""

""""""
Question: Were any sequences obtained from individuals with virological failure on a treatment regimen?

Evidence: For patients with viremia at 12 months after starting DTG-based ART, blood plasma samples prior to treatment initiation were available for 25 of 30 (83%) patients.

Rationale: The passage mentions that samples were obtained from patients with viremia at 12 months after starting DTG-based ART, indicating virological failure.

Answer: Yes
""""""

""""""
Question: Were the patients in the study in a clinical trial?

Evidence: No relevant information found in the passages.

Rationale: None of the passages mention a clinical trial, so we cannot confirm if the patients were in a clinical trial.

Answer: No
""""""

""""""
Question: Does the paper report HIV sequences from individuals who had previously received ARV drugs?

Evidence: No relevant information found in the passages.

Rationale: None of the passages mention previous ARV drug use, so we cannot confirm if the paper reports sequences from individuals who had previously received ARV drugs.

Answer: No
""""""

""""""
Question: Which drug classes were received by individuals in the study before sample sequencing?

Evidence: No relevant information found in the passages.

Rationale: None of the passages mention previous drug classes, so we cannot confirm which drug classes were received by individuals in the study before sample sequencing.

Answer: No
""""""

""""""
Question: Which drugs were received by individuals in the study before sample sequencing?

Evidence: No relevant information found in the passages.

Rationale: None of the passages mention previous drugs, so we cannot confirm which drugs were received by individuals in the study before sample sequencing.

Answer: No
""""""",74
37537871,,"Here are the answers to the questions in the required format:

""""""
Question: Does the paper report HIV sequences from patient samples?

Evidence: ONT sequencing reads were used to iteratively cluster quasispecies and call variants using ClusterV ( Supplemental information S1 and S2 ) to generate abundance, DRM profiles, and clinical reports for each quasispecies based on the input of the alignment files and Browser Extensible Data files ( Supplemental Fig. 1 ). Fifty-nine out of 77 plasma samples were successfully sequenced using the ONT workflow, while sequencing failures occurred with the remaining 18 samples due to low viral load (<250 copies/μL), except for one sample KB2992 (745.36 copies/μL).

Rationale: The evidence suggests that the paper reports HIV sequences from patient samples, as it describes the use of ONT sequencing reads to cluster quasispecies and call variants, and mentions the successful sequencing of 59 out of 77 plasma samples.

Answer: Yes
""""""

""""""
Question: Does the paper report in vitro drug susceptibility data?

Evidence: None

Rationale: There is no evidence in the provided passages that suggests the paper reports in vitro drug susceptibility data.

Answer: No
""""""

""""""
Question: Were sequences from the paper made publicly available?

Evidence: None

Rationale: There is no evidence in the provided passages that suggests the sequences from the paper were made publicly available.

Answer: Unknown
""""""

""""""
Question: What were the GenBank accession numbers for sequenced HIV isolates?

Evidence: None

Rationale: There is no evidence in the provided passages that provides the GenBank accession numbers for sequenced HIV isolates.

Answer: Unknown
""""""

""""""
Question: How many individuals had samples obtained for HIV sequencing?

Evidence: A total of 77 plasma samples, collected from 70 male and 7 female patients ages 18 to 68, were obtained from the Queen Mary Hospital in Hong Kong between 2002 and 2014 ( Supplemental Table 1 ).

Rationale: The evidence suggests that 77 individuals had samples obtained for HIV sequencing.

Answer: 77
""""""

""""""
Question: From which countries were the sequenced samples obtained?

Evidence: The samples were obtained from the Queen Mary Hospital in Hong Kong.

Rationale: The evidence suggests that the sequenced samples were obtained from Hong Kong.

Answer: Hong Kong
""""""

""""""
Question: From what years were the sequenced samples obtained?

Evidence: The samples were obtained between 2002 and 2014.

Rationale: The evidence suggests that the sequenced samples were obtained between 2002 and 2014.

Answer: 2002-2014
""""""

""""""
Question: Were samples cloned prior to sequencing?

Evidence: None

Rationale: There is no evidence in the provided passages that suggests the samples were cloned prior to sequencing.

Answer: Unknown
""""""

""""""
Question: Which HIV genes were reported to have been sequenced?

Evidence: Protease and reverse transcriptase nucleotide sequences were determined by our in-house Sanger sequencing-based genotypic resistance test ( 18 ), whereas the sequences of integrase were characterized by another in-house Sanger sequencing protocol developed by our team ( 19 ).

Rationale: The evidence suggests that the protease, reverse transcriptase, and integrase genes were reported to have been sequenced.

Answer: Protease, reverse transcriptase, and integrase
""""""

""""""
Question: What method was used for sequencing?

Evidence: ONT sequencing reads were used to iteratively cluster quasispecies and call variants using ClusterV ( Supplemental information S1 and S2 ) to generate abundance, DRM profiles, and clinical reports for each quasispecies based on the input of the alignment files and Browser Extensible Data files ( Supplemental Fig. 1 ). Illumina data was also used for sequencing.

Rationale: The evidence suggests that both ONT and Illumina sequencing methods were used.

Answer: ONT and Illumina
""""""

""""""
Question: What type of samples were sequenced?

Evidence: Plasma samples were sequenced.

Rationale: The evidence suggests that plasma samples were sequenced.

Answer: Plasma
""""""

""""""
Question: Were any sequences obtained from individuals with virological failure on a treatment regimen?

Evidence: Four cases were found to have quasispecies with DRMs, in which 2 harbored quasispecies with more than one class of DRMs. Treatment modifications were recommended for these cases.

Rationale: The evidence suggests that sequences were obtained from individuals with virological failure on a treatment regimen.

Answer: Yes
""""""

""""""
Question: Were the patients in the study in a clinical trial?

Evidence: None

Rationale: There is no evidence in the provided passages that suggests the patients were in a clinical trial.

Answer: Unknown
""""""

""""""
Question: Does the paper report HIV sequences from individuals who had previously received ARV drugs?

Evidence: None

Rationale: There is no evidence in the provided passages that suggests the paper reports HIV sequences from individuals who had previously received ARV drugs.

Answer: Unknown
""""""

""""""
Question: Which drug classes were received by individuals in the study before sample sequencing?

Evidence: None

Rationale: There is no evidence in the provided passages that suggests which drug classes were received by individuals in the study before sample sequencing.

Answer: Unknown
""""""

""""""
Question: Which drugs were received by individuals in the study before sample sequencing?

Evidence: None

Rationale: There is no evidence in the provided passages that suggests which drugs were received by individuals in the study before sample sequencing.

Answer: Unknown
""""""",63
37540331,,"Here are the answers to the questions in the required format:

""""""
Question: Does the paper report HIV sequences from patient samples?

Evidence: HIV-positive adults (≥ 18 years old) who were on ART, with undetectable viral load (HIV-RNA \< 47 copies/mL), and CD4 \> 200 cells/µL in the past two years were enrolled.

Rationale: The passage does not explicitly mention HIV sequences from patient samples. However, it does mention that the study included HIV-positive adults with undetectable viral load, which suggests that the study may have involved HIV sequencing.

Answer: No
""""""

""""""
Question: Does the paper report in vitro drug susceptibility data?

Evidence: The 2DR designed in our study had similarities with the SIMPL'HIV trial in terms of ART classes. On the other hand, according to the high resistance barrier of tenofovir, it seems that TAF plus DTG, is potent enough, especially in communities with limited access to resistance tests and high rate of FTC resistance.

Rationale: The passage does not explicitly mention in vitro drug susceptibility data. However, it does mention the resistance barrier of tenofovir and the high rate of FTC resistance, which suggests that the study may have involved some form of drug susceptibility testing.

Answer: No
""""""

""""""
Question: Were sequences from the paper made publicly available?

Evidence: The datasets used and analyzed during the current study are available from the corresponding author upon request.

Rationale: The passage does not explicitly mention the public availability of sequences. However, it does mention that the datasets used and analyzed during the study are available from the corresponding author upon request, which suggests that the sequences may be available upon request.

Answer: No
""""""

""""""
Question: What were the GenBank accession numbers for sequenced HIV isolates?

Evidence: None

Rationale: The passage does not mention GenBank accession numbers for sequenced HIV isolates.

Answer: Not reported
""""""

""""""
Question: How many individuals had samples obtained for HIV sequencing?

Evidence: A total of 102 PLWHs were screened for eligibility, of which 17 persons did not meet the inclusion criteria. Finally, 85 patients were randomly assigned to receive TAF plus DTG regimen ( *n* = 43) or to continue the previous 3DR ( *n* = 42).

Rationale: The passage mentions that 85 patients were randomly assigned to receive TAF plus DTG regimen or to continue the previous 3DR, which suggests that 85 individuals had samples obtained for HIV sequencing.

Answer: 85
""""""

""""""
Question: From which countries were the sequenced samples obtained?

Evidence: This study was registered at the Iranian Registry of Clinical Trials (IRCT20191005044984N1, registered at 2019--12-21) and conducted as an open-label randomized non-inferiority trial.

Rationale: The passage mentions that the study was registered at the Iranian Registry of Clinical Trials, which suggests that the sequenced samples were obtained from Iran.

Answer: Iran
""""""

""""""
Question: From what years were the sequenced samples obtained?

Evidence: This study was registered at the Iranian Registry of Clinical Trials (IRCT20191005044984N1, registered at 2019--12-21).

Rationale: The passage mentions that the study was registered in 2019, which suggests that the sequenced samples were obtained in 2019 or later.

Answer: 2019 or later
""""""

""""""
Question: Were samples cloned prior to sequencing?

Evidence: None

Rationale: The passage does not mention whether samples were cloned prior to sequencing.

Answer: Not reported
""""""

""""""
Question: Which HIV genes were reported to have been sequenced?

Evidence: None

Rationale: The passage does not mention which HIV genes were reported to have been sequenced.

Answer: Not reported
""""""

""""""
Question: What method was used for sequencing?

Evidence: None

Rationale: The passage does not mention the method used for sequencing.

Answer: Not reported
""""""

""""""
Question: What type of samples were sequenced?

Evidence: None

Rationale: The passage does not mention the type of samples that were sequenced.

Answer: Not reported
""""""

""""""
Question: Were any sequences obtained from individuals with virological failure on a treatment regimen?

Evidence: HIV viral load remained undetectable (HIV-RNA \< 47 copies/mL) during the 48 weeks of the study in both arms.

Rationale: The passage mentions that HIV viral load remained undetectable during the study, which suggests that no sequences were obtained from individuals with virological failure on a treatment regimen.

Answer: No
""""""

""""""
Question: Were the patients in the study in a clinical trial?

Evidence: This open-label randomized controlled trial was conducted in treatment-experienced people with HIV who had HIV-RNA \< 47 copies/mL for at least two years.

Rationale: The passage mentions that the study was an open-label randomized controlled trial, which suggests that the patients were in a clinical trial.

Answer: Yes
""""""

""""""
Question: Does the paper report HIV sequences from individuals who had previously received ARV drugs?

Evidence: HIV-positive adults (≥ 18 years old) who were on ART, with undetectable viral load (HIV-RNA \< 47 copies/mL), and CD4 \> 200 cells/µL in the past two years were enrolled.

Rationale: The passage mentions that the study included HIV-positive adults who were on ART, which suggests that the individuals had previously received ARV drugs.

Answer: Yes
""""""

""""""
Question: Which drug classes were received by individuals in the study before sample sequencing?

Evidence: The baseline ART regimen of most patients in both groups included two NRTIs and one NNRTI.

Rationale: The passage mentions that the baseline ART regimen of most patients included two NRTIs and one NNRTI, which suggests that the individuals received NRTIs and NNRTIs before sample sequencing.

Answer: NRTIs and NNRTIs
""""""

""""""
Question: Which drugs were received by individuals in the study before sample sequencing?

Evidence: The baseline ART regimen of most patients in both groups included two NRTIs and one NNRTI.

Rationale: The passage mentions that the baseline ART regimen of most patients included two NRTIs and one NNRTI, but it does not specify the exact drugs.

Answer: Not reported
""""""",71
37541705,,"Here are the answers to the questions in the required format:

""""""
Question: Does the paper report HIV sequences from patient samples?

Evidence: Children with HIV less than 12 years of age and weighing 6 to <40 kg were eligible. Participants were recruited from study sites in Botswana, South Africa, Thailand, and the U.S. Eligible participants were treatment-naïve or treatment-experienced and virologically suppressed (HIV-1 RNA <200 copies per mL) on a stable non-NNRTI containing regimen for at least six months prior to entry.

Rationale: The passage does not explicitly mention HIV sequences from patient samples. However, it does mention that participants were recruited from study sites and were eligible if they were treatment-naïve or treatment-experienced and virologically suppressed.

Answer: No
""""""

""""""
Question: Does the paper report in vitro drug susceptibility data?

Evidence: None

Rationale: There is no mention of in vitro drug susceptibility data in the provided passages.

Answer: No
""""""

""""""
Question: Were sequences from the paper made publicly available?

Evidence: The data cannot be made publicly available due to the ethical restrictions in the study’s informed consent documents and in the International Maternal Pediatric Adolescent AIDS Clinical Trials (IMPAACT) Network’s approved human subjects protection plan; public availability may compromise participant confidentiality.

Rationale: The passage explicitly states that the data cannot be made publicly available due to ethical restrictions.

Answer: No
""""""

""""""
Question: What were the GenBank accession numbers for sequenced HIV isolates?

Evidence: None

Rationale: There is no mention of GenBank accession numbers in the provided passages.

Answer: Not reported
""""""

""""""
Question: How many individuals had samples obtained for HIV sequencing?

Evidence: Sixty-nine children were screened and 57 were enrolled and initiated study drug, composing the All-Treated population.

Rationale: The passage mentions that 57 children were enrolled and initiated study drug, but it does not explicitly state that samples were obtained for HIV sequencing.

Answer: Not reported
""""""

""""""
Question: From which countries were the sequenced samples obtained?

Evidence: Participants were recruited from study sites in Botswana, South Africa, Thailand, and the U.S.

Rationale: The passage mentions the countries where participants were recruited from, but it does not explicitly state that samples were obtained for HIV sequencing.

Answer: Not reported
""""""

""""""
Question: From what years were the sequenced samples obtained?

Evidence: Participants were enrolled from September 9, 2020 through June 28, 2021.

Rationale: The passage mentions the years when participants were enrolled, but it does not explicitly state that samples were obtained for HIV sequencing.

Answer: Not reported
""""""

""""""
Question: Were samples cloned prior to sequencing?

Evidence: None

Rationale: There is no mention of cloning prior to sequencing in the provided passages.

Answer: Not reported
""""""

""""""
Question: Which HIV genes were reported to have been sequenced?

Evidence: None

Rationale: There is no mention of HIV genes being sequenced in the provided passages.

Answer: Not reported
""""""

""""""
Question: What method was used for sequencing?

Evidence: None

Rationale: There is no mention of sequencing methods in the provided passages.

Answer: Not reported
""""""

""""""
Question: What type of samples were sequenced?

Evidence: None

Rationale: There is no mention of sample types being sequenced in the provided passages.

Answer: Not reported
""""""

""""""
Question: Were any sequences obtained from individuals with virological failure on a treatment regimen?

Evidence: Virologic failure was summarized and defined as two consecutive plasma HIV-1 RNA values ≥200 copies per mL.

Rationale: The passage mentions virologic failure, but it does not explicitly state that sequences were obtained from individuals with virological failure.

Answer: Not reported
""""""

""""""
Question: Were the patients in the study in a clinical trial?

Evidence: IMPAACT 2019 (NCT03760458) was an international phase I/II, multi-site, open-label, non-comparative dose confirmation study.

Rationale: The passage mentions that the study was a clinical trial.

Answer: Yes
""""""

""""""
Question: Does the paper report HIV sequences from individuals who had previously received ARV drugs?

Evidence: Most (54 [95%]) were treatment-experienced at entry and switched from a regimen containing lopinavir/ritonavir (38 [67%]), dolutegravir (8 [14%]), or raltegravir (7 [12%]) as the anchor medication.

Rationale: The passage mentions that most participants were treatment-experienced, but it does not explicitly state that HIV sequences were reported.

Answer: Not reported
""""""

""""""
Question: Which drug classes were received by individuals in the study before sample sequencing?

Evidence: Most (54 [95%]) were treatment-experienced at entry and switched from a regimen containing lopinavir/ritonavir (38 [67%]), dolutegravir (8 [14%]), or raltegravir (7 [12%]) as the anchor medication.

Rationale: The passage mentions the drug classes received by individuals in the study, but it does not explicitly state that sample sequencing was performed.

Answer: Not reported
""""""

""""""
Question: Which drugs were received by individuals in the study before sample sequencing?

Evidence: Most (54 [95%]) were treatment-experienced at entry and switched from a regimen containing lopinavir/ritonavir (38 [67%]), dolutegravir (8 [14%]), or raltegravir (7 [12%]) as the anchor medication.

Rationale: The passage mentions the drugs received by individuals in the study, but it does not explicitly state that sample sequencing was performed.

Answer: Not reported
""""""",65
37546367,,"Here are the answers to the questions in the required format:

""""""
Question: Does the paper report HIV sequences from patient samples?

Evidence: A total of 3274 patients were enrolled and 2074 HIV-1 partial *pol* sequences were obtained and subsequently used to establish the dataset. The partial *pol* nucleotide sequences were submitted to GenBank under the accession numbers: OQ886077 - OQ888150.

Rationale: The evidence suggests that the paper reports HIV sequences from patient samples, as it mentions the number of patients enrolled and the number of HIV-1 partial *pol* sequences obtained. Additionally, it provides the GenBank accession numbers for the sequenced HIV isolates.

Answer: Yes
""""""

""""""
Question: Does the paper report in vitro drug susceptibility data?

Evidence: The Stanford HIV dbprogram 9.4 was used to identify DRMs and infer resistance to antiretroviral drugs, including protease inhibitors (PI), nucleoside reverse-transcriptase inhibitors (NRTI) and non-nucleoside reverse-transcriptase inhibitors (NNRTI).

Rationale: The evidence suggests that the paper reports in vitro drug susceptibility data, as it mentions the use of the Stanford HIV dbprogram to identify DRMs and infer resistance to antiretroviral drugs.

Answer: Yes
""""""

""""""
Question: Were sequences from the paper made publicly available?

Evidence: The partial *pol* nucleotide sequences were submitted to GenBank under the accession numbers: OQ886077 - OQ888150.

Rationale: The evidence suggests that the sequences from the paper were made publicly available, as they were submitted to GenBank and the accession numbers are provided.

Answer: Yes
""""""

""""""
Question: What were the GenBank accession numbers for sequenced HIV isolates?

Evidence: The partial *pol* nucleotide sequences were submitted to GenBank under the accession numbers: OQ886077 - OQ888150.

Rationale: The evidence provides the GenBank accession numbers for the sequenced HIV isolates.

Answer: OQ886077 - OQ888150
""""""

""""""
Question: How many individuals had samples obtained for HIV sequencing?

Evidence: A total of 3274 patients were enrolled and 2074 HIV-1 partial *pol* sequences were obtained and subsequently used to establish the dataset.

Rationale: The evidence suggests that 3274 individuals had samples obtained for HIV sequencing, but only 2074 sequences were obtained and used in the study.

Answer: 3274
""""""

""""""
Question: From which countries were the sequenced samples obtained?

Evidence: A total of 3274 samples were collected from patients living in Guangdong China between Nov 1st, 2011 to Dec 31st, 2022.

Rationale: The evidence suggests that the sequenced samples were obtained from China, specifically from the Guangdong province.

Answer: China
""""""

""""""
Question: From what years were the sequenced samples obtained?

Evidence: A total of 3274 samples were collected from patients living in Guangdong China between Nov 1st, 2011 to Dec 31st, 2022.

Rationale: The evidence suggests that the sequenced samples were obtained from 2011 to 2022.

Answer: 2011-2022
""""""

""""""
Question: Were samples cloned prior to sequencing?

Evidence: The partial HIV-1 *pol* gene (HXB2 nt 2253--3252) was amplified by one-step RT-PCR and nested PCR as previously described.

Rationale: The evidence does not suggest that the samples were cloned prior to sequencing, as it mentions the use of RT-PCR and nested PCR for amplification.

Answer: No
""""""

""""""
Question: Which HIV genes were reported to have been sequenced?

Evidence: The partial HIV-1 *pol* gene (HXB2 nt 2253--3252) was amplified by one-step RT-PCR and nested PCR as previously described.

Rationale: The evidence suggests that the HIV *pol* gene was sequenced.

Answer: *pol*
""""""

""""""
Question: What method was used for sequencing?

Evidence: The positive PCR products were purified and sequenced in a commercial company (Tianyi Huiyuan, China).

Rationale: The evidence suggests that the sequencing method used was Sanger sequencing, as it mentions the use of a commercial company for sequencing.

Answer: Sanger sequencing
""""""

""""""
Question: What type of samples were sequenced?

Evidence: Five milliliters of blood with EDTA were collected during follow-up and the plasma was obtained by centrifuging the sample at 3000 r/m for 5 min.

Rationale: The evidence suggests that the samples sequenced were plasma samples obtained from blood.

Answer: Plasma
""""""

""""""
Question: Were any sequences obtained from individuals with virological failure on a treatment regimen?

Evidence: HIV-1 infected individuals were eligible for inclusion in this study if they have received ART for at least 6 months with HIV-1 viral load between 200 to 1000 copies/mL.

Rationale: The evidence suggests that the sequences were obtained from individuals with low-level viral load, but it does not specifically mention virological failure.

Answer: No
""""""

""""""
Question: Were the patients in the study in a clinical trial?

Evidence: Our study was supported by the Guangzhou Science and Technology Plan Project (202201011646, 202201020503) The funders had no role in study design, data collection, analysis, the decision to publish, and preparation of the article.

Rationale: The evidence does not suggest that the patients were in a clinical trial, as it mentions funding from a science and technology plan project.

Answer: No
""""""

""""""
Question: Does the paper report HIV sequences from individuals who had previously received ARV drugs?

Evidence: HIV-1 infected individuals were eligible for inclusion in this study if they have received ART for at least 6 months with HIV-1 viral load between 200 to 1000 copies/mL.

Rationale: The evidence suggests that the paper reports HIV sequences from individuals who had previously received ARV drugs, as it mentions that the individuals had received ART for at least 6 months.

Answer: Yes
""""""

""""""
Question: Which drug classes were received by individuals in the study before sample sequencing?

Evidence: The Stanford HIV dbprogram 9.4 was used to identify DRMs and infer resistance to antiretroviral drugs, including protease inhibitors (PI), nucleoside reverse-transcriptase inhibitors (NRTI) and non-nucleoside reverse-transcriptase inhibitors (NNRTI).

Rationale: The evidence suggests that the individuals in the study received PI, NRTI, and NNRTI drug classes before sample sequencing.

Answer: PI, NRTI, NNRTI
""""""

""""""
Question: Which drugs were received by individuals in the study before sample sequencing?

Evidence: The HIV-1 resistance levels and percentage of 20 ARV drugs were analyzed, as shown in Figure 3.

Rationale: The evidence does not provide a specific list of drugs received by the individuals in the study, but it mentions that the resistance levels and percentage of 20 ARV drugs were analyzed.

Answer: Not specified
""""""",81
37554471,,"Here are the answers to the questions based on the provided passages:

""""""
Question: Does the paper report HIV sequences from patient samples?

Evidence: The patient had been prescribed etravirine 200 mg, dolutegravir 50 mg, darunavir 600 mg and ritonavir 100 mg, all dosed twice daily by mouth with numerous resistance tests performed over the last several years showing no resistance to the current regimen.

Rationale: The passage does not explicitly mention HIV sequences from patient samples. However, it mentions resistance tests performed over the years, which may involve HIV sequencing.

Answer: No
""""""

""""""
Question: Does the paper report in vitro drug susceptibility data?

Evidence: Acid-fast bacillus (AFB) blood cultures were ordered due to concerns about MAI. The AFB resulted positive for MAI, with susceptibility tests showing resistance to clarithromycin and sensitivity to amikacin (*Table 1*).

Rationale: The passage mentions susceptibility tests for MAI, but not for HIV.

Answer: No
""""""

""""""
Question: Were sequences from the paper made publicly available?

Evidence: None of the passages mention making sequences publicly available.

Rationale: There is no mention of publicly available sequences in the passages.

Answer: No
""""""

""""""
Question: What were the GenBank accession numbers for sequenced HIV isolates?

Evidence: None of the passages mention GenBank accession numbers.

Rationale: There is no mention of GenBank accession numbers in the passages.

Answer: Not reported
""""""

""""""
Question: How many individuals had samples obtained for HIV sequencing?

Evidence: The passages only mention one patient.

Rationale: The passages only describe one patient's case.

Answer: 1
""""""

""""""
Question: From which countries were the sequenced samples obtained?

Evidence: None of the passages mention the country of origin for the samples.

Rationale: There is no mention of the country of origin in the passages.

Answer: Not reported
""""""

""""""
Question: From what years were the sequenced samples obtained?

Evidence: The patient had been prescribed medications with numerous resistance tests performed over the last several years.

Rationale: The passage does not provide specific years for the sequenced samples.

Answer: Not reported
""""""

""""""
Question: Were samples cloned prior to sequencing?

Evidence: None of the passages mention cloning prior to sequencing.

Rationale: There is no mention of cloning in the passages.

Answer: Not reported
""""""

""""""
Question: Which HIV genes were reported to have been sequenced?

Evidence: None of the passages mention specific HIV genes being sequenced.

Rationale: There is no mention of specific HIV genes in the passages.

Answer: Not reported
""""""

""""""
Question: What method was used for sequencing?

Evidence: None of the passages mention the sequencing method.

Rationale: There is no mention of the sequencing method in the passages.

Answer: Not reported
""""""

""""""
Question: What type of samples were sequenced?

Evidence: None of the passages mention the type of samples sequenced.

Rationale: There is no mention of the type of samples in the passages.

Answer: Not reported
""""""

""""""
Question: Were any sequences obtained from individuals with virological failure on a treatment regimen?

Evidence: The patient had a history of non-compliance and had never achieved viral suppression prior to initiating the CAB/RPV LA.

Rationale: The passage mentions the patient's history of non-compliance and virological failure.

Answer: Yes
""""""

""""""
Question: Were the patients in the study in a clinical trial?

Evidence: The patient was part of a therapeutic trial of long-acting injectable cabotegravir/rilpivirine (CAB/RPV).

Rationale: The passage mentions the patient's participation in a therapeutic trial.

Answer: Yes
""""""

""""""
Question: Does the paper report HIV sequences from individuals who had previously received ARV drugs?

Evidence: The patient had been prescribed etravirine 200 mg, dolutegravir 50 mg, darunavir 600 mg and ritonavir 100 mg, all dosed twice daily by mouth with numerous resistance tests performed over the last several years.

Rationale: The passage mentions the patient's previous ARV treatment.

Answer: Yes
""""""

""""""
Question: Which drug classes were received by individuals in the study before sample sequencing?

Evidence: The patient had been prescribed etravirine 200 mg, dolutegravir 50 mg, darunavir 600 mg and ritonavir 100 mg, all dosed twice daily by mouth.

Rationale: The passage mentions the patient's previous ARV treatment, including the drug classes.

Answer: INSTI, NNRTI, PI
""""""

""""""
Question: Which drugs were received by individuals in the study before sample sequencing?

Evidence: The patient had been prescribed etravirine 200 mg, dolutegravir 50 mg, darunavir 600 mg and ritonavir 100 mg, all dosed twice daily by mouth.

Rationale: The passage mentions the patient's previous ARV treatment, including the specific drugs.

Answer: Etravirine, dolutegravir, darunavir, ritonavir
""""""",56
37573167,,"Here are the answers to the questions in the required format:

""""""
Question: Does the paper report HIV sequences from patient samples?

Evidence: HIV-1 DNA was obtained from whole-blood (N=180) or lymphomonocytic cells (N=936) after separation from peripheral blood from HIV-1-infected patients with a Ficoll-Hypaque gradient, as described previously [13]. HIV-1 DNA was extracted from PBMCs by using a commercially available kit (QIAampDNAViral minikit; Qiagen), according to the product specifications.

Rationale: The passage mentions that HIV-1 DNA was obtained from patient samples, which indicates that the paper reports HIV sequences from patient samples.

Answer: Yes
""""""

""""""
Question: Does the paper report in vitro drug susceptibility data?

Evidence: Major resistance mutations (MRM), genotypic susceptibility score (GSS) for the current regimen and APOBEC-related mutations (APO-M) were evaluated.

Rationale: The passage mentions that the paper evaluated major resistance mutations and genotypic susceptibility score, but it does not explicitly mention in vitro drug susceptibility data.

Answer: No
""""""

""""""
Question: Were sequences from the paper made publicly available?

Evidence: The passage does not mention whether the sequences were made publicly available.

Rationale: Since the passage does not mention anything about the public availability of the sequences, we cannot determine the answer to this question.

Answer: Unknown
""""""

""""""
Question: What were the GenBank accession numbers for sequenced HIV isolates?

Evidence: The passage does not mention the GenBank accession numbers for the sequenced HIV isolates.

Rationale: Since the passage does not mention the GenBank accession numbers, we cannot determine the answer to this question.

Answer: Unknown
""""""

""""""
Question: How many individuals had samples obtained for HIV sequencing?

Evidence: Among the 1126 individuals included, 396 (35.2%) harboured at least one MRM.

Rationale: The passage mentions that 1126 individuals were included in the study, but it does not explicitly mention how many individuals had samples obtained for HIV sequencing. However, it can be inferred that all 1126 individuals had samples obtained for HIV sequencing.

Answer: 1126
""""""

""""""
Question: From which countries were the sequenced samples obtained?

Evidence: This retrospective study included 1126 HIV-1 drug-experienced virologically suppressed subjects with an available HIV-DNA GRT over the period 2010-2021 performed for routine clinical practice in several reference centers in Italy.

Rationale: The passage mentions that the study included subjects from several reference centers in Italy, which indicates that the sequenced samples were obtained from Italy.

Answer: Italy
""""""

""""""
Question: From what years were the sequenced samples obtained?

Evidence: This retrospective study included 1126 HIV-1 drug-experienced virologically suppressed subjects with an available HIV-DNA GRT over the period 2010-2021 performed for routine clinical practice in several reference centers in Italy.

Rationale: The passage mentions that the study included subjects with available HIV-DNA GRT over the period 2010-2021, which indicates that the sequenced samples were obtained from 2010 to 2021.

Answer: 2010-2021
""""""

""""""
Question: Were samples cloned prior to sequencing?

Evidence: The passage does not mention whether the samples were cloned prior to sequencing.

Rationale: Since the passage does not mention anything about cloning, we cannot determine the answer to this question.

Answer: Unknown
""""""

""""""
Question: Which HIV genes were reported to have been sequenced?

Evidence: Resistance interpretation and estimation of APOBEC editing in HIV-DNA were made through Stanford algorithm (HIVdb version 9.1, https://hivdb.stanford.edu/). A sequence was considered affected by APOBEC editing when at least one APOBEC related mutation (APO-M) or a stop codon (APO-stop) was detected in protease/reverse transcriptase (PR/RT) or integrase.

Rationale: The passage mentions that the study evaluated the protease/reverse transcriptase (PR/RT) and integrase genes.

Answer: Protease/reverse transcriptase (PR/RT) and integrase
""""""

""""""
Question: What method was used for sequencing?

Evidence: Sanger sequencing was performed as previously described [14, 15].

Rationale: The passage mentions that Sanger sequencing was used.

Answer: Sanger sequencing
""""""

""""""
Question: What type of samples were sequenced?

Evidence: HIV-1 DNA was obtained from whole-blood (N=180) or lymphomonocytic cells (N=936) after separation from peripheral blood from HIV-1-infected patients with a Ficoll-Hypaque gradient, as described previously [13].

Rationale: The passage mentions that whole-blood and lymphomonocytic cells were sequenced.

Answer: Whole-blood and lymphomonocytic cells
""""""

""""""
Question: Were any sequences obtained from individuals with virological failure on a treatment regimen?

Evidence: The passage does not mention whether any sequences were obtained from individuals with virological failure on a treatment regimen.

Rationale: Since the passage does not mention anything about virological failure, we cannot determine the answer to this question.

Answer: Unknown
""""""

""""""
Question: Were the patients in the study in a clinical trial?

Evidence: Funding for this study was provided by the Ministry of University and Research, Call 2017, PRIN Project prot. 2017TYTWZ3_002 and AIFA, Call 2017, AIFA Independent Drug Research project prot. TRS-2018-00001336.

Rationale: The passage mentions that the study was funded by the Ministry of University and Research and AIFA, but it does not explicitly mention whether the patients were in a clinical trial.

Answer: Unknown
""""""

""""""
Question: Does the paper report HIV sequences from individuals who had previously received ARV drugs?

Evidence: This retrospective study included 1126 HIV-1 drug-experienced virologically suppressed subjects with an available HIV-DNA GRT over the period 2010-2021 performed for routine clinical practice in several reference centers in Italy.

Rationale: The passage mentions that the study included drug-experienced subjects, which indicates that the individuals had previously received ARV drugs.

Answer: Yes
""""""

""""""
Question: Which drug classes were received by individuals in the study before sample sequencing?

Evidence: The passage does not mention which drug classes were received by individuals in the study before sample sequencing.

Rationale: Since the passage does not mention anything about the drug classes received by the individuals, we cannot determine the answer to this question.

Answer: Unknown
""""""

""""""
Question: Which drugs were received by individuals in the study before sample sequencing?

Evidence: The passage does not mention which drugs were received by individuals in the study before sample sequencing.

Rationale: Since the passage does not mention anything about the drugs received by the individuals, we cannot determine the answer to this question.

Answer: Unknown
""""""",78
37574435,,"Here are the answers to the questions in the required format:

""""""
Question: Does the paper report HIV sequences from patient samples?

Evidence: According to the national HIV treatment guidelines in Taiwan, PWH are advised to receive determinations of PVL and CD4 cell count at least every 3--6 months for those on stable ART, with additional testing in the presence of virologic rebound or ART switch. We also collected the available reports of HIV genotypic resistance testing of included PWH.

Rationale: The evidence suggests that the paper reports HIV sequences from patient samples, as it mentions the collection of available reports of HIV genotypic resistance testing of included PWH.

Answer: Yes
""""""

""""""
Question: Does the paper report in vitro drug susceptibility data?

Evidence: None

Rationale: There is no mention of in vitro drug susceptibility data in the provided passages.

Answer: No
""""""

""""""
Question: Were sequences from the paper made publicly available?

Evidence: None

Rationale: There is no mention of the sequences being made publicly available in the provided passages.

Answer: No
""""""

""""""
Question: What were the GenBank accession numbers for sequenced HIV isolates?

Evidence: None

Rationale: There is no mention of GenBank accession numbers in the provided passages.

Answer: Not reported
""""""

""""""
Question: How many individuals had samples obtained for HIV sequencing?

Evidence: We identified 79 PWH who met the criteria of viral rebound and switched to second-generation INSTI-containing regimens.

Rationale: The evidence suggests that 79 individuals had samples obtained for HIV sequencing.

Answer: 79
""""""

""""""
Question: From which countries were the sequenced samples obtained?

Evidence: This was a single-center, retrospective cohort study conducted in the National Taiwan University Hospital (NTUH).

Rationale: The evidence suggests that the sequenced samples were obtained from Taiwan.

Answer: Taiwan
""""""

""""""
Question: From what years were the sequenced samples obtained?

Evidence: PWH who were aged ≥20 years and received HIV care with at least 3 months of ART prescription between 1 January 2016 and 30 March 2022 were eligible for the study.

Rationale: The evidence suggests that the sequenced samples were obtained between 2016 and 2022.

Answer: 2016-2022
""""""

""""""
Question: Were samples cloned prior to sequencing?

Evidence: None

Rationale: There is no mention of cloning prior to sequencing in the provided passages.

Answer: Not reported
""""""

""""""
Question: Which HIV genes were reported to have been sequenced?

Evidence: None

Rationale: There is no mention of specific HIV genes being sequenced in the provided passages.

Answer: Not reported
""""""

""""""
Question: What method was used for sequencing?

Evidence: None

Rationale: There is no mention of the sequencing method used in the provided passages.

Answer: Not reported
""""""

""""""
Question: What type of samples were sequenced?

Evidence: We also collected the available reports of HIV genotypic resistance testing of included PWH.

Rationale: The evidence suggests that the type of samples sequenced were HIV genotypic resistance testing samples.

Answer: HIV genotypic resistance testing samples
""""""

""""""
Question: Were any sequences obtained from individuals with virological failure on a treatment regimen?

Evidence: We identified 79 PWH who met the criteria of viral rebound and switched to second-generation INSTI-containing regimens.

Rationale: The evidence suggests that sequences were obtained from individuals with virological failure on a treatment regimen.

Answer: Yes
""""""

""""""
Question: Were the patients in the study in a clinical trial?

Evidence: None

Rationale: There is no mention of a clinical trial in the provided passages.

Answer: No
""""""

""""""
Question: Does the paper report HIV sequences from individuals who had previously received ARV drugs?

Evidence: We identified 79 PWH who met the criteria of viral rebound and switched to second-generation INSTI-containing regimens.

Rationale: The evidence suggests that the paper reports HIV sequences from individuals who had previously received ARV drugs.

Answer: Yes
""""""

""""""
Question: Which drug classes were received by individuals in the study before sample sequencing?

Evidence: Most PWH (82.1%) in the DTG group switched from NNRTI-based ART to DTG-based regimens, while 75% of the PWH in the BIC group were receiving a first-generation INSTI-based ART before switch.

Rationale: The evidence suggests that the individuals in the study received NNRTI-based ART and first-generation INSTI-based ART before sample sequencing.

Answer: NNRTI-based ART and first-generation INSTI-based ART
""""""

""""""
Question: Which drugs were received by individuals in the study before sample sequencing?

Evidence: Most PWH (82.1%) in the DTG group switched from NNRTI-based ART to DTG-based regimens, while 75% of the PWH in the BIC group were receiving a first-generation INSTI-based ART before switch.

Rationale: The evidence suggests that the individuals in the study received DTG-based regimens and BIC-based regimens before sample sequencing.

Answer: DTG-based regimens and BIC-based regimens
""""""",58
37585352,,"Here are the answers to the questions in the required format:

""""""
Question: Does the paper report HIV sequences from patient samples?

Evidence: Study participants were recruited from a large community HIV incidence trial described elsewhere that enrolled participants aged 16 to 64 years, followed for 30 months from 2013 to 2018. We analysed near full-length HIV-1 *pol* sequences from proviral DNA for the presence of RPV-RAMs, which were defined according to the 2022 IAS--USA drug resistance mutation list and Stanford HIV drug resistance database.

Rationale: The paper mentions that study participants were recruited from a large community HIV incidence trial and that near full-length HIV-1 *pol* sequences from proviral DNA were analyzed for the presence of RPV-RAMs.

Answer: Yes
""""""

""""""
Question: Does the paper report in vitro drug susceptibility data?

Evidence: RPV-RAMs were described according to the 2022 updated IAS-USA drug-resistance mutation list ^20^ and the Stanford HIV Drug Resistance Database ( http://hivdb.stanford.edu ). The level of rilpivirine resistance was predicted according to the Stanford HIV DRM penalty scores and resistance interpretation. ^21^ All sequences with low-level, intermediate- level and high-level resistance according to Stanford and IAS algorithms were considered to have RPV-RAMs.

Rationale: The paper mentions that the level of rilpivirine resistance was predicted according to the Stanford HIV DRM penalty scores and resistance interpretation, but it does not report in vitro drug susceptibility data.

Answer: No
""""""

""""""
Question: Were sequences from the paper made publicly available?

Evidence: All relevant data are within the paper and the Supplementary data, Figures and Tables. HIV-1 sequences are available on request through the PANGEA consortium ( www.pangea-hiv.org ). BCPP data are available at https://data.cdc.gov/Global-Health/Botswana-Combination-Prevention-Project-BCPP-Publi/qcw5-4m9q.

Rationale: The paper mentions that HIV-1 sequences are available on request through the PANGEA consortium and that BCPP data are available at a specific URL.

Answer: Yes, but with restrictions
""""""

""""""
Question: What were the GenBank accession numbers for sequenced HIV isolates?

Evidence: Not mentioned in the provided passages.

Rationale: The GenBank accession numbers for sequenced HIV isolates are not mentioned in the provided passages.

Answer: Not available
""""""

""""""
Question: How many individuals had samples obtained for HIV sequencing?

Evidence: This analysis included a dataset of 5805 sequences, of which 1281 (22%) were obtained from treatment-naive PWH, and the other 4524 (78%) were from ART-suppressed PWH.

Rationale: The paper mentions that 5805 sequences were included in the analysis, with 1281 from treatment-naive PWH and 4524 from ART-suppressed PWH.

Answer: 5805
""""""

""""""
Question: From which countries were the sequenced samples obtained?

Evidence: Study participants were recruited from a large community HIV incidence trial described elsewhere that enrolled participants aged 16 to 64 years, followed for 30 months from 2013 to 2018. The trial was conducted in Botswana.

Rationale: The paper mentions that the study participants were recruited from a large community HIV incidence trial conducted in Botswana.

Answer: Botswana
""""""

""""""
Question: From what years were the sequenced samples obtained?

Evidence: Study participants were recruited from a large community HIV incidence trial described elsewhere that enrolled participants aged 16 to 64 years, followed for 30 months from 2013 to 2018.

Rationale: The paper mentions that the study participants were recruited from a large community HIV incidence trial conducted from 2013 to 2018.

Answer: 2013-2018
""""""

""""""
Question: Were samples cloned prior to sequencing?

Evidence: Not mentioned in the provided passages.

Rationale: The provided passages do not mention whether samples were cloned prior to sequencing.

Answer: Not available
""""""

""""""
Question: Which HIV genes were reported to have been sequenced?

Evidence: We analysed near full-length HIV-1 *pol* sequences from proviral DNA for the presence of RPV-RAMs, which were defined according to the 2022 IAS--USA drug resistance mutation list and Stanford HIV drug resistance database.

Rationale: The paper mentions that near full-length HIV-1 *pol* sequences were analyzed for the presence of RPV-RAMs.

Answer: pol
""""""

""""""
Question: What method was used for sequencing?

Evidence: HIV-1 proviral DNA sequences were generated using next-generation sequencing (NGS) as previously described elsewhere. Briefly, a long-range HIV genotyping protocol was used to generate viral sequences and the first-round amplicon was subjected to the Illumina sequencing system.

Rationale: The paper mentions that next-generation sequencing (NGS) was used to generate HIV-1 proviral DNA sequences.

Answer: Next-generation sequencing (NGS)
""""""

""""""
Question: What type of samples were sequenced?

Evidence: HIV-1 proviral DNA sequences were generated using next-generation sequencing (NGS) as previously described elsewhere.

Rationale: The paper mentions that HIV-1 proviral DNA sequences were generated using NGS.

Answer: Proviral DNA
""""""

""""""
Question: Were any sequences obtained from individuals with virological failure on a treatment regimen?

Evidence: We did not include sequences for individuals experiencing virological failure since LA cabotegravir/rilpivirine is currently recommended only for virologically suppressed adults (HIV-1 RNA \<50 copies/mL), and is not currently recommended for people with virological failure.

Rationale: The paper mentions that sequences from individuals experiencing virological failure were not included in the analysis.

Answer: No
""""""

""""""
Question: Were the patients in the study in a clinical trial?

Evidence: The BCPP study was approved by the Institutional Review Boards (IRBs) at the US CDC and the Botswana Health Research and Development Committee IRB and is registered at ClinicalTrials.gov ( NCT01965470 ).

Rationale: The paper mentions that the BCPP study is registered at ClinicalTrials.gov, indicating that it is a clinical trial.

Answer: Yes
""""""

""""""
Question: Does the paper report HIV sequences from individuals who had previously received ARV drugs?

Evidence: Among the ART-naive PWH, 856 (66.8%) were female, with a median age of 33 years (IQR: 27--42). Among the ART-suppressed PWH, 3267 (72.2%) were female, with a median age of 40 years (IQR 34--48) and 1257 (27.8%) were male, with the median age of 44 years (IQR 38--52) (Table ​ (Table2). 2 ). The most common ART regimens used were efavirenz + emtricitabine + tenofovir (EFV/FTC/TDF) ( *n* = 1792; 39.6%), lamivudine + nevirapine + zidovudine (3TC/NVP/ZDV) ( *n* = 719; 15.9%) and lamivudine + efavirenz + zidovudine (3TC/EFV/ZDV) ( *n* = 621; 13.7%).

Rationale: The paper mentions that some individuals had previously received ARV drugs, including efavirenz, emtricitabine, tenofovir, lamivudine, nevirapine, and zidovudine.

Answer: Yes
""""""

""""""
Question: Which drug classes were received by individuals in the study before sample sequencing?

Evidence: The most common ART regimens used were efavirenz + emtricitabine + tenofovir (EFV/FTC/TDF) ( *n* = 1792; 39.6%), lamivudine + nevirapine + zidovudine (3TC/NVP/ZDV) ( *n* = 719; 15.9%) and lamivudine + efavirenz + zidovudine (3TC/EFV/ZDV) ( *n* = 621; 13.7%).

Rationale: The paper mentions that the most common ART regimens used were combinations of NNRTIs (efavirenz, nevirapine), NRTIs (emtricitabine, lamivudine, tenofovir, zidovudine).

Answer: NNRTIs, NRTIs
""""""

""""""
Question: Which drugs were received by individuals in the study before sample sequencing?

Evidence: The most common ART regimens used were efavirenz + emtricitabine + tenofovir (EFV/FTC/TDF) ( *n* = 1792; 39.6%), lamivudine + nevirapine + zidovudine (3TC/NVP/ZDV) ( *n* = 719; 15.9%) and lamivudine + efavirenz + zidovudine (3TC/EFV/ZDV) ( *n* = 621; 13.7%).

Rationale: The paper mentions that the most common ART regimens used were combinations of efavirenz, emtricitabine, tenofovir, lamivudine, nevirapine, and zidovudine.

Answer: Efavirenz, emtricitabine, tenofovir, lamivudine, nevirapine, zidovudine
""""""",113
37593123,,"Here are the answers to the questions in the required format:

""""""
Question: Does the paper report HIV sequences from patient samples?

Evidence: A total of 57,902 HIV-1 *pol* gene region sequences that covered 31 PLADs made up the final dataset. A total of 67,739 sequences were extracted from the HIV-1 *pol* gene region (HXB2 ( 6 ) positions 2,253--3,312) of ART naïve HIV-infected individuals between the period of 2004 and 2022.

Rationale: The paper explicitly mentions that it analyzed HIV sequences from patient samples, specifically the *pol* gene region of HIV-1.

Answer: Yes.
""""""

""""""
Question: Does the paper report in vitro drug susceptibility data?

Evidence: The Stanford HIV Drug Resistance Database (HIVdb) was leveraged to extrapolate susceptibility to 12 antiretroviral drugs, using the World Health Organization (WHO)'s 2014 HIVDR guidelines as a reference. Viruses interpreted as possessing low, intermediate, or high-level resistance were classified as resistant with a penalty score equal to or greater than 15.

Rationale: The paper mentions that it used the Stanford HIV Drug Resistance Database to predict susceptibility to antiretroviral drugs, but it does not report in vitro drug susceptibility data.

Answer: No.
""""""

""""""
Question: Were sequences from the paper made publicly available?

Evidence: The sequences were procured from both the National Center for AIDS/STD Control and Prevention, China CDC and the HIV sequence databases of the Los Alamos National Laboratory.

Rationale: The paper does not explicitly state that the sequences were made publicly available, but it mentions that they were obtained from public databases.

Answer: No.
""""""

""""""
Question: What were the GenBank accession numbers for sequenced HIV isolates?

Evidence: Not mentioned in the provided passages.

Rationale: The GenBank accession numbers for the sequenced HIV isolates are not mentioned in the provided passages.

Answer: Not available.
""""""

""""""
Question: How many individuals had samples obtained for HIV sequencing?

Evidence: A total of 57,902 ART-naïve HIV-infected individuals were included in the study.

Rationale: The paper explicitly mentions the number of individuals who had samples obtained for HIV sequencing.

Answer: 57,902.
""""""

""""""
Question: From which countries were the sequenced samples obtained?

Evidence: The samples were obtained from China.

Rationale: The paper mentions that the study was conducted in China and that the samples were obtained from 31 provincial-level administrative divisions.

Answer: China.
""""""

""""""
Question: From what years were the sequenced samples obtained?

Evidence: The samples were obtained between 2004 and 2022.

Rationale: The paper mentions that the study spanned from 2004 to 2022.

Answer: 2004-2022.
""""""

""""""
Question: Were samples cloned prior to sequencing?

Evidence: Not mentioned in the provided passages.

Rationale: The paper does not mention whether the samples were cloned prior to sequencing.

Answer: Not available.
""""""

""""""
Question: Which HIV genes were reported to have been sequenced?

Evidence: The *pol* gene region of HIV-1 was sequenced.

Rationale: The paper explicitly mentions that the *pol* gene region of HIV-1 was sequenced.

Answer: *pol* gene.
""""""

""""""
Question: What method was used for sequencing?

Evidence: Not mentioned in the provided passages.

Rationale: The paper does not mention the specific method used for sequencing.

Answer: Not available.
""""""

""""""
Question: What type of samples were sequenced?

Evidence: The samples were obtained from ART-naïve HIV-infected individuals.

Rationale: The paper explicitly mentions that the samples were obtained from ART-naïve HIV-infected individuals.

Answer: ART-naïve HIV-infected individuals.
""""""

""""""
Question: Were any sequences obtained from individuals with virological failure on a treatment regimen?

Evidence: Not mentioned in the provided passages.

Rationale: The paper does not mention whether any sequences were obtained from individuals with virological failure on a treatment regimen.

Answer: Not available.
""""""

""""""
Question: Were the patients in the study in a clinical trial?

Evidence: Not mentioned in the provided passages.

Rationale: The paper does not mention whether the patients were in a clinical trial.

Answer: Not available.
""""""

""""""
Question: Does the paper report HIV sequences from individuals who had previously received ARV drugs?

Evidence: The study included only ART-naïve HIV-infected individuals.

Rationale: The paper explicitly mentions that the study included only ART-naïve HIV-infected individuals.

Answer: No.
""""""

""""""
Question: Which drug classes were received by individuals in the study before sample sequencing?

Evidence: Not mentioned in the provided passages.

Rationale: The paper does not mention which drug classes were received by individuals in the study before sample sequencing.

Answer: Not available.
""""""

""""""
Question: Which drugs were received by individuals in the study before sample sequencing?

Evidence: Not mentioned in the provided passages.

Rationale: The paper does not mention which drugs were received by individuals in the study before sample sequencing.

Answer: Not available.
""""""",58
37626789,,"Here are the answers to the questions in the required format:

""""""
Question: Does the paper report HIV sequences from patient samples?

Evidence: Whole blood was collected from children using two ethylenediaminetetraacetic acid (EDTA) coated test tubes of 3--5 mL each, and plasma was extracted using centrifugation at 2000 revolutions per minute (RPM). The second-round blood samples were collected after a 6-month follow-up from children with an initial viral load >1000 copies/mL. In-house assay validated by the Chinese Center for Disease Control and Prevention (CCDC) was used for amplification and sequencing of the *pol* gene of HIV-1 using an ABI-3730 DNA genetic analyzer.

Rationale: The passage mentions that whole blood was collected from children and plasma was extracted for HIV-1 viral load tests and sequencing.

Answer: Yes
""""""

""""""
Question: Does the paper report in vitro drug susceptibility data?

Evidence: High-level resistances were observed for NRTI drugs including 3TC (60.9%), FTC (60.9%), and DDI (43.6%). Resistance levels for ABC, DOR, TDF, and d4T were 34%, 21.8%, 22.7%, and 21.8%, respectively. NNRTIs associated with high levels of drug resistance were NVP (40.0%), EFZ (39.1%), RPV (30.0%), and ETR (12.7%) (Table 2).

Rationale: The passage mentions the resistance levels of different NRTI and NNRTI drugs, but it does not explicitly state that the data is from in vitro experiments.

Answer: No
""""""

""""""
Question: Were sequences from the paper made publicly available?

Evidence: Since data analysis for other objectives is ongoing, the raw data can be obtained from the first corresponding author.

Rationale: The passage does not explicitly state that the sequences are publicly available, but it mentions that the raw data can be obtained from the first corresponding author.

Answer: No
""""""

""""""
Question: What were the GenBank accession numbers for sequenced HIV isolates?

Evidence: Not mentioned in the passages.

Rationale: The passages do not mention the GenBank accession numbers for the sequenced HIV isolates.

Answer: Not available
""""""

""""""
Question: How many individuals had samples obtained for HIV sequencing?

Evidence: HIV-infected children taking first-line ART for at least six months were included in the study. Out of the 63 health facilities and 13,649 patients in the initial study, 40 had pediatric ART service and all the children from these health facilities (n = 554) were included.

Rationale: The passage mentions that 554 children were included in the study.

Answer: 554
""""""

""""""
Question: From which countries were the sequenced samples obtained?

Evidence: The study was conducted in Ethiopia.

Rationale: The passage mentions that the study was conducted in Ethiopia.

Answer: Ethiopia
""""""

""""""
Question: From what years were the sequenced samples obtained?

Evidence: The disease progression of HIV-infected children was retrospectively retrieved for 12 years (2007--2019) and measured as a change in immunosuppression (i.e., CD4 count).

Rationale: The passage mentions that the disease progression was retrospectively retrieved for 12 years (2007--2019).

Answer: 2007-2019
""""""

""""""
Question: Were samples cloned prior to sequencing?

Evidence: Not mentioned in the passages.

Rationale: The passages do not mention whether the samples were cloned prior to sequencing.

Answer: Not available
""""""

""""""
Question: Which HIV genes were reported to have been sequenced?

Evidence: In-house assay validated by the Chinese Center for Disease Prevention and Control (CCDC) was used for amplification and sequencing of the *pol* gene of HIV-1 using an ABI-3730 DNA genetic analyzer.

Rationale: The passage mentions that the *pol* gene of HIV-1 was sequenced.

Answer: pol
""""""

""""""
Question: What method was used for sequencing?

Evidence: In-house assay validated by the Chinese Center for Disease Prevention and Control (CCDC) was used for amplification and sequencing of the *pol* gene of HIV-1 using an ABI-3730 DNA genetic analyzer.

Rationale: The passage mentions that an in-house assay validated by the Chinese Center for Disease Prevention and Control (CCDC) was used for amplification and sequencing.

Answer: In-house assay validated by the Chinese Center for Disease Prevention and Control (CCDC)
""""""

""""""
Question: What type of samples were sequenced?

Evidence: Whole blood was collected from children using two ethylenediaminetetraacetic acid (EDTA) coated test tubes of 3--5 mL each, and plasma was extracted using centrifugation at 2000 revolutions per minute (RPM).

Rationale: The passage mentions that whole blood was collected from children and plasma was extracted.

Answer: Plasma
""""""

""""""
Question: Were any sequences obtained from individuals with virological failure on a treatment regimen?

Evidence: Children with VF (i.e., viral load ≥ 1000 copies/mL) were included for HIV drug resistance investigation, given those with VL < 1000 copies/mL were considered as susceptible and excluded from HIVDR testing.

Rationale: The passage mentions that children with virological failure (VF) were included for HIV drug resistance investigation.

Answer: Yes
""""""

""""""
Question: Were the patients in the study in a clinical trial?

Evidence: Not mentioned in the passages.

Rationale: The passages do not mention whether the patients were in a clinical trial.

Answer: Not available
""""""

""""""
Question: Does the paper report HIV sequences from individuals who had previously received ARV drugs?

Evidence: HIV-infected children taking first-line ART for at least six months were included in the study.

Rationale: The passage mentions that the children were taking first-line ART for at least six months, which implies that they had previously received ARV drugs.

Answer: Yes
""""""

""""""
Question: Which drug classes were received by individuals in the study before sample sequencing?

Evidence: A majority of the children (80%) were taking one of the three HAARTs regimens, which were Zidovudine (AZT) + Lamivudine(3TC) +Nevirapine (NVP) (35.9%), Stavudine(D4T) + Lamivudine(3TC) + Nevirapine (NVP) (30.3%), and Zidovudine (AZT) + Lamivudine(3TC) + Efavirenz (EFV) (14.0%).

Rationale: The passage mentions that the children were taking HAARTs regimens, which includes NRTIs and NNRTIs.

Answer: NRTIs and NNRTIs
""""""

""""""
Question: Which drugs were received by individuals in the study before sample sequencing?

Evidence: A majority of the children (80%) were taking one of the three HAARTs regimens, which were Zidovudine (AZT) + Lamivudine(3TC) +Nevirapine (NVP) (35.9%), Stavudine(D4T) + Lamivudine(3TC) + Nevirapine (NVP) (30.3%), and Zidovudine (AZT) + Lamivudine(3TC) + Efavirenz (EFV) (14.0%).

Rationale: The passage mentions that the children were taking specific HAARTs regimens, which includes Zidovudine (AZT), Lamivudine(3TC), Nevirapine (NVP), Stavudine(D4T), and Efavirenz (EFV).

Answer: Zidovudine (AZT), Lamivudine(3TC), Nevirapine (NVP), Stavudine(D4T), and Efavirenz (EFV)
""""""",91
37632026,,"Here are the answers to the questions in the required format:

""""""
Question: Does the paper report HIV sequences from patient samples?

Evidence: All edited sequences were interpreted using Stanford HIVdb v.9.4. to identify major DRMs and potentially active medications. Sequences generated for the purpose of this study were submitted to Genbank under the following accession numbers: MK580543-MK580618 ; JF273935-JF273965 ; JQ796152-JQ796169, MK867721-MK867755 ; and OQ985493-OQ985958.

Rationale: The passage mentions that the sequences were interpreted using Stanford HIVdb v.9.4 and were submitted to Genbank, indicating that the paper reports HIV sequences from patient samples.

Answer: Yes
""""""

""""""
Question: Does the paper report in vitro drug susceptibility data?

Evidence: Globally, overall drug resistance rate (presence of at least one major DRM) was high at 708/759 (93.3% CI; 91.3--94.9%). Prevalence of drug resistance by antiretroviral class were as follows: nucleoside/nucleotide reverse transcriptase inhibitor (NRTI) resistance: 651/759 (85.8%); NNRTI resistance: 685/759 (90.3%); and protease inhibitor (PI/r) resistance: 105/759 (13.8%).

Rationale: The passage reports the prevalence of drug resistance by antiretroviral class, but it does not mention in vitro drug susceptibility data.

Answer: No
""""""

""""""
Question: Were sequences from the paper made publicly available?

Evidence: Sequences generated for the purpose of this study were submitted to Genbank under the following accession numbers: MK580543-MK580618 ; JF273935-JF273965 ; JQ796152-JQ796169, MK867721-MK867755 ; and OQ985493-OQ985958.

Rationale: The passage mentions that the sequences were submitted to Genbank, indicating that they were made publicly available.

Answer: Yes
""""""

""""""
Question: What were the GenBank accession numbers for sequenced HIV isolates?

Evidence: Sequences generated for the purpose of this study were submitted to Genbank under the following accession numbers: MK580543-MK580618 ; JF273935-JF273965 ; JQ796152-JQ796169, MK867721-MK867755 ; and OQ985493-OQ985958.

Rationale: The passage provides the GenBank accession numbers for the sequenced HIV isolates.

Answer: MK580543-MK580618 ; JF273935-JF273965 ; JQ796152-JQ796169, MK867721-MK867755 ; and OQ985493-OQ985958
""""""

""""""
Question: How many individuals had samples obtained for HIV sequencing?

Evidence: We retained a total of 759 participants with mean age (±SD) of 42 (±14) years.

Rationale: The passage mentions that 759 participants had samples obtained for HIV sequencing.

Answer: 759
""""""

""""""
Question: From which countries were the sequenced samples obtained?

Evidence: All 10 regions of the country were represented, with participants from the centre: *n* = 436 (57.4%); northwest: *n* = 86 (11.3%); and littoral: *n* = 85/745 (11.2%) regions.

Rationale: The passage mentions that the samples were obtained from different regions of Cameroon, but it does not specify other countries.

Answer: Cameroon
""""""

""""""
Question: From what years were the sequenced samples obtained?

Evidence: We carried out a laboratory-based cross-sectional and analytical study from November 2011 to August 2019 with adults (≥15 years) who had failed first- and second-line ART, received for genotypic resistance testing (GRT) at the Chantal Biya International Reference Centre (CIRCB) for Research on HIV and AIDS Prevention and Management, Yaoundé, Cameroon.

Rationale: The passage mentions that the study was conducted from November 2011 to August 2019.

Answer: 2011-2019
""""""

""""""
Question: Were samples cloned prior to sequencing?

Evidence: Using an in-house protocol and two-step polymerase chain reaction-PCR (RT-PCR and Nested-PCR), HIV-1 pol-gene (protease and reverse-transcriptase regions) was then amplified (\~1600 base pairs).

Rationale: The passage does not mention cloning prior to sequencing.

Answer: No
""""""

""""""
Question: Which HIV genes were reported to have been sequenced?

Evidence: Using an in-house protocol and two-step polymerase chain reaction-PCR (RT-PCR and Nested-PCR), HIV-1 pol-gene (protease and reverse-transcriptase regions) was then amplified (\~1600 base pairs).

Rationale: The passage mentions that the HIV-1 pol-gene (protease and reverse-transcriptase regions) was sequenced.

Answer: HIV-1 pol-gene (protease and reverse-transcriptase regions)
""""""

""""""
Question: What method was used for sequencing?

Evidence: Sequencing was performed using an Applied Biosystems 3500 genetic analyzer (HITACHI, Tokyo, Japan) and sequence assembly and editing with SeqScape v2.7 (Applied Biosystems) or Recall v2.28 \[ 19 \].

Rationale: The passage mentions that sequencing was performed using an Applied Biosystems 3500 genetic analyzer.

Answer: Applied Biosystems 3500 genetic analyzer
""""""

""""""
Question: What type of samples were sequenced?

Evidence: Plasma samples were then separated from whole blood and stored between −20 °C to −80 °C when samples were not to be analysed immediately.

Rationale: The passage mentions that plasma samples were sequenced.

Answer: Plasma samples
""""""

""""""
Question: Were any sequences obtained from individuals with virological failure on a treatment regimen?

Evidence: We included all participants aged ≥ 15 years, failing virologically (two consecutive plasma viral loads ≥ 1000 copies/mL after intensified adherence counselling) on a standard first- or second-line ART regimen after being treated for at least six months.

Rationale: The passage mentions that the participants had virological failure on a treatment regimen.

Answer: Yes
""""""

""""""
Question: Were the patients in the study in a clinical trial?

Evidence: We carried out a laboratory-based cross-sectional and analytical study from November 2011 to August 2019 with adults (≥15 years) who had failed first- and second-line ART, received for genotypic resistance testing (GRT) at the Chantal Biya International Reference Centre (CIRCB) for Research on HIV and AIDS Prevention and Management, Yaoundé, Cameroon.

Rationale: The passage does not mention a clinical trial.

Answer: No
""""""

""""""
Question: Does the paper report HIV sequences from individuals who had previously received ARV drugs?

Evidence: Enrolled patients had previously benefited from GRT following an in-house protocol as follows: First, 10 mL of blood was drawn from treatment-failing patients who presented for GRT at CIRCB.

Rationale: The passage mentions that the patients had previously received ARV drugs.

Answer: Yes
""""""

""""""
Question: Which drug classes were received by individuals in the study before sample sequencing?

Evidence: Of the 759 participants, 575 (75.8%) were failing non-nucleoside reverse transcriptase inhibitor (NNRTI)-based first-line ART, while 184 (24.2%) were failing protease inhibitor (PI/r)-based second-line (NB: The second-line failing patients had previously failed first-line regimens as recommended by national treatment guidelines).

Rationale: The passage mentions that the patients received NNRTI-based first-line ART and PI/r-based second-line ART.

Answer: NNRTI and PI/r
""""""

""""""
Question: Which drugs were received by individuals in the study before sample sequencing?

Evidence: Of the 759 participants, 575 (75.8%) were failing non-nucleoside reverse transcriptase inhibitor (NNRTI)-based first-line ART, while 184 (24.2%) were failing protease inhibitor (PI/r)-based second-line (NB: The second-line failing patients had previously failed first-line regimens as recommended by national treatment guidelines).

Rationale: The passage does not specify the exact drugs received by the patients.

Answer: Not specified
""""""",96
37632071,,"Here are the answers to the questions in the required format:

""""""
Question: Does the paper report HIV sequences from patient samples?

Evidence: Not explicitly mentioned in the provided passages.

Rationale: The passages provided do not mention HIV sequences from patient samples. They discuss the study's design, methods, and results, but do not mention sequencing.

Answer: No
""""""

""""""
Question: Does the paper report in vitro drug susceptibility data?

Evidence: Not explicitly mentioned in the provided passages.

Rationale: The passages provided do not mention in vitro drug susceptibility data. They discuss the study's design, methods, and results, but do not mention in vitro drug susceptibility testing.

Answer: No
""""""

""""""
Question: Were sequences from the paper made publicly available?

Evidence: The raw data on demographics and clinical status of participants are protected and not available due to data privacy laws. The processed data are available from the corresponding author upon reasonable request.

Rationale: The passage mentions that the raw data is not publicly available due to data privacy laws, but the processed data can be obtained from the corresponding author.

Answer: No
""""""

""""""
Question: What were the GenBank accession numbers for sequenced HIV isolates?

Evidence: Not mentioned in the provided passages.

Rationale: The passages do not mention GenBank accession numbers for sequenced HIV isolates.

Answer: Not available
""""""

""""""
Question: How many individuals had samples obtained for HIV sequencing?

Evidence: A total of 329 PLWH had plasma HIV RNA that was undetectable or <50 copies/mL at T0.

Rationale: The passage mentions that 329 PLWH had plasma HIV RNA that was undetectable or <50 copies/mL at T0, but it does not explicitly state that these individuals had samples obtained for HIV sequencing.

Answer: Not explicitly stated
""""""

""""""
Question: From which countries were the sequenced samples obtained?

Evidence: The study was conducted at 4 Italian Infectious Diseases Units.

Rationale: The passage mentions that the study was conducted at 4 Italian Infectious Diseases Units, but it does not explicitly state that the sequenced samples were obtained from Italy.

Answer: Not explicitly stated
""""""

""""""
Question: From what years were the sequenced samples obtained?

Evidence: The patients were enrolled in the period 2019--2022.

Rationale: The passage mentions that the patients were enrolled in the period 2019--2022, but it does not explicitly state that the sequenced samples were obtained during this period.

Answer: Not explicitly stated
""""""

""""""
Question: Were samples cloned prior to sequencing?

Evidence: Not mentioned in the provided passages.

Rationale: The passages do not mention cloning of samples prior to sequencing.

Answer: Not available
""""""

""""""
Question: Which HIV genes were reported to have been sequenced?

Evidence: Not mentioned in the provided passages.

Rationale: The passages do not mention which HIV genes were reported to have been sequenced.

Answer: Not available
""""""

""""""
Question: What method was used for sequencing?

Evidence: Not mentioned in the provided passages.

Rationale: The passages do not mention the method used for sequencing.

Answer: Not available
""""""

""""""
Question: What type of samples were sequenced?

Evidence: Not mentioned in the provided passages.

Rationale: The passages do not mention the type of samples that were sequenced.

Answer: Not available
""""""

""""""
Question: Were any sequences obtained from individuals with virological failure on a treatment regimen?

Evidence: Not explicitly mentioned in the provided passages.

Rationale: The passages do not explicitly mention virological failure on a treatment regimen.

Answer: Not explicitly stated
""""""

""""""
Question: Were the patients in the study in a clinical trial?

Evidence: The study was a retrospective cohort study.

Rationale: The passage mentions that the study was a retrospective cohort study, which suggests that it was not a clinical trial.

Answer: No
""""""

""""""
Question: Does the paper report HIV sequences from individuals who had previously received ARV drugs?

Evidence: Most of the 197 patients (122, 61.9%) were on a previous INSTI-based regimen.

Rationale: The passage mentions that most of the patients were on a previous INSTI-based regimen, which suggests that they had previously received ARV drugs.

Answer: Yes
""""""

""""""
Question: Which drug classes were received by individuals in the study before sample sequencing?

Evidence: Most of the 197 patients (122, 61.9%) were on a previous INSTI-based regimen.

Rationale: The passage mentions that most of the patients were on a previous INSTI-based regimen, which suggests that they received INSTI-based drugs before sample sequencing.

Answer: INSTI-based drugs
""""""

""""""
Question: Which drugs were received by individuals in the study before sample sequencing?

Evidence: Most of the 197 patients (122, 61.9%) were on a previous INSTI-based regimen.

Rationale: The passage mentions that most of the patients were on a previous INSTI-based regimen, but it does not explicitly state which specific drugs were received.

Answer: Not explicitly stated
""""""",56
37649807,,"Here are the answers to the questions in the required format:

""""""
Question: Does the paper report HIV sequences from patient samples?

Evidence: No specific information is provided in the passages about HIV sequences from patient samples.

Rationale: The passages do not mention HIV sequences from patient samples, and the study appears to focus on analyzing viral load data from patients on antiretroviral therapy.

Answer: No
""""""

""""""
Question: Does the paper report in vitro drug susceptibility data?

Evidence: No specific information is provided in the passages about in vitro drug susceptibility data.

Rationale: The passages do not mention in vitro drug susceptibility data, and the study appears to focus on analyzing viral load data from patients on antiretroviral therapy.

Answer: No
""""""

""""""
Question: Were sequences from the paper made publicly available?

Evidence: No new primary data were collected for this study. Data is owned by the Kenyan Ministry of Health and requests for additional use may be directed to the National Coordinator, National AIDs and STIs Control Programme (NASCOP) ( Head@nascop.or.ke ).

Rationale: The passage indicates that no new primary data were collected for the study, and the data is owned by the Kenyan Ministry of Health. It does not mention making sequences publicly available.

Answer: No
""""""

""""""
Question: What were the GenBank accession numbers for sequenced HIV isolates?

Evidence: No specific information is provided in the passages about GenBank accession numbers for sequenced HIV isolates.

Rationale: The passages do not mention GenBank accession numbers for sequenced HIV isolates, and the study appears to focus on analyzing viral load data from patients on antiretroviral therapy.

Answer: Not reported
""""""

""""""
Question: How many individuals had samples obtained for HIV sequencing?

Evidence: No specific information is provided in the passages about the number of individuals who had samples obtained for HIV sequencing.

Rationale: The passages do not mention the number of individuals who had samples obtained for HIV sequencing, and the study appears to focus on analyzing viral load data from patients on antiretroviral therapy.

Answer: Not reported
""""""

""""""
Question: From which countries were the sequenced samples obtained?

Evidence: No specific information is provided in the passages about the countries from which the sequenced samples were obtained.

Rationale: The passages do not mention the countries from which the sequenced samples were obtained, and the study appears to focus on analyzing viral load data from patients on antiretroviral therapy in Kenya.

Answer: Not reported
""""""

""""""
Question: From what years were the sequenced samples obtained?

Evidence: No specific information is provided in the passages about the years from which the sequenced samples were obtained.

Rationale: The passages do not mention the years from which the sequenced samples were obtained, and the study appears to focus on analyzing viral load data from patients on antiretroviral therapy in Kenya between 2015 and 2021.

Answer: Not reported
""""""

""""""
Question: Were samples cloned prior to sequencing?

Evidence: No specific information is provided in the passages about whether samples were cloned prior to sequencing.

Rationale: The passages do not mention cloning of samples prior to sequencing, and the study appears to focus on analyzing viral load data from patients on antiretroviral therapy.

Answer: Not reported
""""""

""""""
Question: Which HIV genes were reported to have been sequenced?

Evidence: No specific information is provided in the passages about which HIV genes were reported to have been sequenced.

Rationale: The passages do not mention which HIV genes were reported to have been sequenced, and the study appears to focus on analyzing viral load data from patients on antiretroviral therapy.

Answer: Not reported
""""""

""""""
Question: What method was used for sequencing?

Evidence: No specific information is provided in the passages about the method used for sequencing.

Rationale: The passages do not mention the method used for sequencing, and the study appears to focus on analyzing viral load data from patients on antiretroviral therapy.

Answer: Not reported
""""""

""""""
Question: What type of samples were sequenced?

Evidence: No specific information is provided in the passages about the type of samples that were sequenced.

Rationale: The passages do not mention the type of samples that were sequenced, and the study appears to focus on analyzing viral load data from patients on antiretroviral therapy.

Answer: Not reported
""""""

""""""
Question: Were any sequences obtained from individuals with virological failure on a treatment regimen?

Evidence: No specific information is provided in the passages about whether sequences were obtained from individuals with virological failure on a treatment regimen.

Rationale: The passages do not mention sequences obtained from individuals with virological failure on a treatment regimen, and the study appears to focus on analyzing viral load data from patients on antiretroviral therapy.

Answer: Not reported
""""""

""""""
Question: Were the patients in the study in a clinical trial?

Evidence: The study received approval from African Medical and Research Foundation (AMREF) ethics and scientific review committee (Approval number P728/2020, January 17, 2020) and was reviewed in accordance with the CDC human research protection procedures and was determined to be research where CDC investigators were not engaged and did not interact with human subjects.

Rationale: The passage indicates that the study was reviewed in accordance with the CDC human research protection procedures and was determined to be research where CDC investigators were not engaged and did not interact with human subjects, suggesting that it was not a clinical trial.

Answer: No
""""""

""""""
Question: Does the paper report HIV sequences from individuals who had previously received ARV drugs?

Evidence: No specific information is provided in the passages about HIV sequences from individuals who had previously received ARV drugs.

Rationale: The passages do not mention HIV sequences from individuals who had previously received ARV drugs, and the study appears to focus on analyzing viral load data from patients on antiretroviral therapy.

Answer: Not reported
""""""

""""""
Question: Which drug classes were received by individuals in the study before sample sequencing?

Evidence: No specific information is provided in the passages about the drug classes received by individuals in the study before sample sequencing.

Rationale: The passages do not mention the drug classes received by individuals in the study before sample sequencing, and the study appears to focus on analyzing viral load data from patients on antiretroviral therapy.

Answer: Not reported
""""""

""""""
Question: Which drugs were received by individuals in the study before sample sequencing?

Evidence: No specific information is provided in the passages about the drugs received by individuals in the study before sample sequencing.

Rationale: The passages do not mention the drugs received by individuals in the study before sample sequencing, and the study appears to focus on analyzing viral load data from patients on antiretroviral therapy.

Answer: Not reported
""""""",75
37662576,,"Here are the answers to the questions in the required format:

""""""
Question: Does the paper report HIV sequences from patient samples?

Evidence: An overview of the maxDemon 2.0 pipeline using the HIV-1 protease dimer as the query protein and the HIV-1 protease monomer as the reference protein is shown in Fig. S1. The orthologs we used for human HIV-1 protease (PDB: 6DGX) included several simian SIV proteases and a single feline FIV protease (PDB: 1YTG, 1YTH, 1YTI, 1YTJ, and 1B11). 

Rationale: The paper does not explicitly mention HIV sequences from patient samples. Instead, it discusses the use of HIV-1 protease dimer and monomer structures from the Protein Data Bank (PDB) and simian SIV proteases and a single feline FIV protease as orthologs.

Answer: No
""""""

""""""
Question: Does the paper report in vitro drug susceptibility data?

Evidence: The US FDA has approved nine PIs to treat HIV infection. However, some of the inhibitors are no longer used due to their high dosage requirements and side effects. We employed our comparative dynamics framework to investigate binding and behavior of two PIs in current clinical use: darunavir, which was approved in 2006, and lopinavir, approved in 2000.

Rationale: The paper does not report in vitro drug susceptibility data. Instead, it discusses the use of molecular dynamics simulations to investigate the binding and behavior of two protease inhibitors, darunavir and lopinavir.

Answer: No
""""""

""""""
Question: Were sequences from the paper made publicly available?

Evidence: Protein structures of WT and mutant HIV-1 protease bound and unbound to drug inhibitors were obtained from the Protein Data Bank (PDB). Summary of the different PDB structures used for the MD simulation runs are listed in Table 1.

Rationale: The paper does not explicitly mention making sequences publicly available. However, it mentions obtaining protein structures from the Protein Data Bank (PDB), which is a public database.

Answer: No
""""""

""""""
Question: What were the GenBank accession numbers for sequenced HIV isolates?

Evidence: None

Rationale: The paper does not mention GenBank accession numbers for sequenced HIV isolates.

Answer: Not reported
""""""

""""""
Question: How many individuals had samples obtained for HIV sequencing?

Evidence: None

Rationale: The paper does not mention the number of individuals who had samples obtained for HIV sequencing.

Answer: Not reported
""""""

""""""
Question: From which countries were the sequenced samples obtained?

Evidence: None

Rationale: The paper does not mention the countries from which the sequenced samples were obtained.

Answer: Not reported
""""""

""""""
Question: From what years were the sequenced samples obtained?

Evidence: None

Rationale: The paper does not mention the years from which the sequenced samples were obtained.

Answer: Not reported
""""""

""""""
Question: Were samples cloned prior to sequencing?

Evidence: None

Rationale: The paper does not mention cloning of samples prior to sequencing.

Answer: Not reported
""""""

""""""
Question: Which HIV genes were reported to have been sequenced?

Evidence: The total size of the HIV-1 genome is approximately 9.7 kb. The HIV-1 viral genes are drawn based on the RNA genome's relative orientation. Arrow points to the cleaved protein products. The dashed line represents RNA splicing. LTR, long-term repeat; GAG, group-specific antigen; MA, matrix protein; CA, capsid domain; NC, nucleocapsid; TF, trans-frame protein; Pol, polymerases; PR, protease; RT, reverse transcriptase; IN, integrase; Env, envelope protein; SU, surface membrane protein; TM, transmembrane protein; Vif, viral infectivity factor; Vpr, viral protein R; Vpu, viral protein U; Nef, negative regulatory factor; Rev, regulator of expression of viral proteins; Tat, trans-activator of transcription.

Rationale: The paper mentions the HIV-1 genome and its various genes, but it does not specifically mention which genes were sequenced.

Answer: Not reported
""""""

""""""
Question: What method was used for sequencing?

Evidence: None

Rationale: The paper does not mention the method used for sequencing.

Answer: Not reported
""""""

""""""
Question: What type of samples were sequenced?

Evidence: None

Rationale: The paper does not mention the type of samples that were sequenced.

Answer: Not reported
""""""

""""""
Question: Were any sequences obtained from individuals with virological failure on a treatment regimen?

Evidence: MDR769 is an HIV strain that has accumulated multiple drug resistance mutations in the protease, which has resulted in the decreased potency of PIs against HIV.

Rationale: The paper does not explicitly mention sequences obtained from individuals with virological failure on a treatment regimen. However, it discusses the use of a multidrug-resistant HIV strain (MDR769) in molecular dynamics simulations.

Answer: Not reported
""""""

""""""
Question: Were the patients in the study in a clinical trial?

Evidence: None

Rationale: The paper does not mention patients or clinical trials.

Answer: Not reported
""""""

""""""
Question: Does the paper report HIV sequences from individuals who had previously received ARV drugs?

Evidence: None

Rationale: The paper does not mention HIV sequences from individuals who had previously received ARV drugs.

Answer: Not reported
""""""

""""""
Question: Which drug classes were received by individuals in the study before sample sequencing?

Evidence: None

Rationale: The paper does not mention drug classes received by individuals in the study before sample sequencing.

Answer: Not reported
""""""

""""""
Question: Which drugs were received by individuals in the study before sample sequencing?

Evidence: None

Rationale: The paper does not mention specific drugs received by individuals in the study before sample sequencing.

Answer: Not reported
""""""",70
37674678,,"Here are the answers to the questions in the required format:

""""""
Question: Does the paper report HIV sequences from patient samples?

Evidence: A total of 1,161 sequences were successfully sequenced, of which CRF07_BC (40.6%), CRF01_AE (38.4%) and CRF105_0107 (6.3%) were the main HIV-1 genotypes. We sequenced and analyzed 1,161 samples obtained from 1,393 HIV-1 infected individuals in our research.

Rationale: The evidence suggests that the paper reports HIV sequences from patient samples, as it mentions the number of sequences and the genotypes of the HIV-1 strains.

Answer: Yes
""""""

""""""
Question: Does the paper report in vitro drug susceptibility data?

Evidence: The HIV-1 resistance level to a total of 20 common antiretroviral drugs was analyzed based on the drug resistant mutation score. PIs and NRTIs TDR present mostly low-level resistance. Moreover, NNRTI displayed mainly as intermediate-to high-level resistance, except for ETR and RPV, which exhibited primarily LR.

Rationale: The evidence suggests that the paper reports in vitro drug susceptibility data, as it mentions the analysis of drug resistance levels and the classification of resistance mutations.

Answer: Yes
""""""

""""""
Question: Were sequences from the paper made publicly available?

Evidence: No evidence is provided in the passages to suggest that the sequences were made publicly available.

Rationale: The lack of evidence suggests that the sequences may not have been made publicly available.

Answer: No
""""""

""""""
Question: What were the GenBank accession numbers for sequenced HIV isolates?

Evidence: No evidence is provided in the passages to suggest that the GenBank accession numbers were reported.

Rationale: The lack of evidence suggests that the GenBank accession numbers may not have been reported.

Answer: Not reported
""""""

""""""
Question: How many individuals had samples obtained for HIV sequencing?

Evidence: We sequenced and analyzed 1,161 samples obtained from 1,393 HIV-1 infected individuals in our research.

Rationale: The evidence suggests that 1,393 individuals had samples obtained for HIV sequencing.

Answer: 1,393
""""""

""""""
Question: From which countries were the sequenced samples obtained?

Evidence: No evidence is provided in the passages to suggest that the country of origin was reported.

Rationale: The lack of evidence suggests that the country of origin may not have been reported.

Answer: Not reported
""""""

""""""
Question: From what years were the sequenced samples obtained?

Evidence: A total of 1,393 participants who were newly diagnosed with HIV-1 and had not received ART between January 2019 and December 2021 were enrolled in this study.

Rationale: The evidence suggests that the sequenced samples were obtained from 2019 to 2021.

Answer: 2019-2021
""""""

""""""
Question: Were samples cloned prior to sequencing?

Evidence: No evidence is provided in the passages to suggest that the samples were cloned prior to sequencing.

Rationale: The lack of evidence suggests that the samples may not have been cloned prior to sequencing.

Answer: No
""""""

""""""
Question: Which HIV genes were reported to have been sequenced?

Evidence: HIV-1 *pol* gene sequence was obtained by viral RNA extraction and nested PCR amplification.

Rationale: The evidence suggests that the HIV-1 *pol* gene was sequenced.

Answer: pol gene
""""""

""""""
Question: What method was used for sequencing?

Evidence: The PCR products were sent to Sangon Biotechnology Co., Ltd. for automatic DNA sequencing using ABI 3730XL.

Rationale: The evidence suggests that the sequencing method used was automatic DNA sequencing using ABI 3730XL.

Answer: Automatic DNA sequencing using ABI 3730XL
""""""

""""""
Question: What type of samples were sequenced?

Evidence: Plasma samples were collected and used for viral RNA extraction and nested PCR amplification.

Rationale: The evidence suggests that plasma samples were sequenced.

Answer: Plasma samples
""""""

""""""
Question: Were any sequences obtained from individuals with virological failure on a treatment regimen?

Evidence: No evidence is provided in the passages to suggest that sequences were obtained from individuals with virological failure on a treatment regimen.

Rationale: The lack of evidence suggests that sequences may not have been obtained from individuals with virological failure on a treatment regimen.

Answer: No
""""""

""""""
Question: Were the patients in the study in a clinical trial?

Evidence: No evidence is provided in the passages to suggest that the patients were in a clinical trial.

Rationale: The lack of evidence suggests that the patients may not have been in a clinical trial.

Answer: No
""""""

""""""
Question: Does the paper report HIV sequences from individuals who had previously received ARV drugs?

Evidence: No evidence is provided in the passages to suggest that the individuals had previously received ARV drugs.

Rationale: The lack of evidence suggests that the paper may not report HIV sequences from individuals who had previously received ARV drugs.

Answer: No
""""""

""""""
Question: Which drug classes were received by individuals in the study before sample sequencing?

Evidence: No evidence is provided in the passages to suggest that the individuals received any drug classes before sample sequencing.

Rationale: The lack of evidence suggests that the individuals may not have received any drug classes before sample sequencing.

Answer: Not reported
""""""

""""""
Question: Which drugs were received by individuals in the study before sample sequencing?

Evidence: No evidence is provided in the passages to suggest that the individuals received any drugs before sample sequencing.

Rationale: The lack of evidence suggests that the individuals may not have received any drugs before sample sequencing.

Answer: Not reported
""""""",63
37701387,,"Here are the answers to the questions in the required format:

""""""
Question: Does the paper report HIV sequences from patient samples?

Evidence: No specific evidence is provided in the passages about HIV sequences from patient samples.

Rationale: The passages do not mention HIV sequences from patient samples.

Answer: No
""""""

""""""
Question: Does the paper report in vitro drug susceptibility data?

Evidence: No specific evidence is provided in the passages about in vitro drug susceptibility data.

Rationale: The passages do not mention in vitro drug susceptibility data.

Answer: No
""""""

""""""
Question: Were sequences from the paper made publicly available?

Evidence: No specific evidence is provided in the passages about publicly available sequences.

Rationale: The passages do not mention publicly available sequences.

Answer: No
""""""

""""""
Question: What were the GenBank accession numbers for sequenced HIV isolates?

Evidence: No specific evidence is provided in the passages about GenBank accession numbers.

Rationale: The passages do not mention GenBank accession numbers.

Answer: Not available
""""""

""""""
Question: How many individuals had samples obtained for HIV sequencing?

Evidence: A total of 30 patients were enrolled in the Rainbow Study (Passage 1).

Rationale: The passage mentions the number of patients enrolled in the study.

Answer: 30
""""""

""""""
Question: From which countries were the sequenced samples obtained?

Evidence: No specific evidence is provided in the passages about the countries where the samples were obtained.

Rationale: The passages do not mention the countries where the samples were obtained.

Answer: Not available
""""""

""""""
Question: From what years were the sequenced samples obtained?

Evidence: The Rainbow study was conducted from the 1st of May 2020 to the 31st of December 2021 (Passage 10).

Rationale: The passage mentions the years when the study was conducted.

Answer: 2020-2021
""""""

""""""
Question: Were samples cloned prior to sequencing?

Evidence: No specific evidence is provided in the passages about cloning prior to sequencing.

Rationale: The passages do not mention cloning prior to sequencing.

Answer: No
""""""

""""""
Question: Which HIV genes were reported to have been sequenced?

Evidence: No specific evidence is provided in the passages about the HIV genes sequenced.

Rationale: The passages do not mention the HIV genes sequenced.

Answer: Not available
""""""

""""""
Question: What method was used for sequencing?

Evidence: No specific evidence is provided in the passages about the sequencing method.

Rationale: The passages do not mention the sequencing method.

Answer: Not available
""""""

""""""
Question: What type of samples were sequenced?

Evidence: No specific evidence is provided in the passages about the type of samples sequenced.

Rationale: The passages do not mention the type of samples sequenced.

Answer: Not available
""""""

""""""
Question: Were any sequences obtained from individuals with virological failure on a treatment regimen?

Evidence: No viral rebound was observed in the Rainbow study (Passage 2).

Rationale: The passage mentions the absence of viral rebound.

Answer: No
""""""

""""""
Question: Were the patients in the study in a clinical trial?

Evidence: The Rainbow study was a pilot, single-center, single-arm, prospective, phase IV, clinical trial (Passage 10).

Rationale: The passage mentions the type of clinical trial.

Answer: Yes
""""""

""""""
Question: Does the paper report HIV sequences from individuals who had previously received ARV drugs?

Evidence: No specific evidence is provided in the passages about HIV sequences from individuals who had previously received ARV drugs.

Rationale: The passages do not mention HIV sequences from individuals who had previously received ARV drugs.

Answer: No
""""""

""""""
Question: Which drug classes were received by individuals in the study before sample sequencing?

Evidence: No specific evidence is provided in the passages about the drug classes received before sample sequencing.

Rationale: The passages do not mention the drug classes received before sample sequencing.

Answer: Not available
""""""

""""""
Question: Which drugs were received by individuals in the study before sample sequencing?

Evidence: No specific evidence is provided in the passages about the drugs received before sample sequencing.

Rationale: The passages do not mention the drugs received before sample sequencing.

Answer: Not available
""""""",47
37716367,,"Here are the answers to the questions based on the provided evidence pool:

""""""
Question: Does the paper report HIV sequences from patient samples?

Evidence: Main results: Authors should provide estimates with their precision and report the numbers and proportions with any drug resistance mutations, for each class (NNRTI, NRTI, PI, INSTI) and for each drug. They should also report the numbers with more that one resistance mutation, and clearly distinguish major/clinically relevant mutations from minor/accessory mutations.

Rationale: The passage mentions that authors should report the numbers and proportions with any drug resistance mutations, which implies that the paper reports HIV sequences from patient samples.

Answer: Yes
""""""

""""""
Question: Does the paper report in vitro drug susceptibility data?

Evidence: Laboratory methods. A clear description of the laboratory methods ensures that the methods used can be replicated and compared. The type of the specimen used for drug resistance should be reported (plasma or dried blood spots [DBS]).

Rationale: The passage does not explicitly mention in vitro drug susceptibility data, but it mentions laboratory methods, which could include in vitro drug susceptibility testing.

Answer: No
""""""

""""""
Question: Were sequences from the paper made publicly available?

Evidence: Additional information: The authors should specify if the nucleotide sequence data are publicly available, available upon request or not, and report the repository where they are stored, the digital object identifier (DOI;if available) and the procedures for access, where applicable.

Rationale: The passage mentions that authors should specify if the nucleotide sequence data are publicly available, but it does not provide information on whether the sequences from the paper were made publicly available.

Answer: No
""""""

""""""
Question: What were the GenBank accession numbers for sequenced HIV isolates?

Evidence: Additional information: The authors should report the Genbank Accession Numbers for the nucleotide sequences used. Publicly available HIV drug sequence data is useful in identifying genotypic correlates of resistance and understanding global trends.

Rationale: The passage mentions that authors should report the Genbank Accession Numbers, but it does not provide the actual accession numbers.

Answer: Not provided
""""""

""""""
Question: How many individuals had samples obtained for HIV sequencing?

Evidence: Participants: Authors should report the number of individuals at each stage e.g., numbers potentially eligible, examined for eligibility, confirmed eligible, included in the study, and number successfully genotyped.

Rationale: The passage mentions that authors should report the number of individuals, but it does not provide the actual number.

Answer: Not provided
""""""

""""""
Question: From which countries were the sequenced samples obtained?

Evidence: Discussion: Authors should discuss the generalizability of their findings bearing in mind the study sample, the sampling strategy, and any limitations. Example: The authors in this paper discuss the generalizability of their sample, ""Although not all autonomous communities in Spain are represented in this study, we succeeded in including the areas with the higher concentration of HIV cases, representing 78% of the Spanish population, but 85% of new HIV diagnoses"".

Rationale: The passage mentions that the study was conducted in Spain, but it does not provide information on whether the sequenced samples were obtained from other countries.

Answer: Spain
""""""

""""""
Question: From what years were the sequenced samples obtained?

Evidence: Example: This study provided a detailed description of the setting in which the research was conducted: ""The study was conducted in Soweto, a township on the outskirts of Johannesburg, South Africa. Soweto is predominantly urban and peri-urban, low-income with limited educational and employment opportunities. It has the highest population density in South Africa, comprises more than 40 suburbs within 61 km ^2^, and is estimated to house over two million inhabitants"".

Rationale: The passage does not provide information on the years when the sequenced samples were obtained.

Answer: Not provided
""""""

""""""
Question: Were samples cloned prior to sequencing?

Evidence: Laboratory methods. A clear description of the laboratory methods ensures that the methods used can be replicated and compared. The type of the specimen used for drug resistance should be reported (plasma or dried blood spots [DBS]).

Rationale: The passage does not mention cloning as a step prior to sequencing.

Answer: No
""""""

""""""
Question: Which HIV genes were reported to have been sequenced?

Evidence: Laboratory methods. A clear description of the laboratory methods ensures that the methods used can be replicated and compared. The type of the specimen used for drug resistance should be reported (plasma or dried blood spots [DBS]).

Rationale: The passage does not provide information on which HIV genes were reported to have been sequenced.

Answer: Not provided
""""""

""""""
Question: What method was used for sequencing?

Evidence: Laboratory methods. A clear description of the laboratory methods ensures that the methods used can be replicated and compared. The type of the specimen used for drug resistance should be reported (plasma or dried blood spots [DBS]).

Rationale: The passage mentions that a clear description of the laboratory methods should be provided, but it does not specify the sequencing method used.

Answer: Not provided
""""""

""""""
Question: What type of samples were sequenced?

Evidence: Laboratory methods. A clear description of the laboratory methods ensures that the methods used can be replicated and compared. The type of the specimen used for drug resistance should be reported (plasma or dried blood spots [DBS]).

Rationale: The passage mentions that the type of specimen used for drug resistance should be reported, but it does not specify the type of samples sequenced.

Answer: Not provided
""""""

""""""
Question: Were any sequences obtained from individuals with virological failure on a treatment regimen?

Evidence: Participants: The participants in the study should be fully characterised using eligibility and exclusion criteria. Given that drug resistance may vary across different population types it is critical to report the target population of the study and how they were defined.

Rationale: The passage does not provide information on whether sequences were obtained from individuals with virological failure on a treatment regimen.

Answer: No
""""""

""""""
Question: Were the patients in the study in a clinical trial?

Evidence: Participants: The participants in the study should be fully characterised using eligibility and exclusion criteria. Given that drug resistance may vary across different population types it is critical to report the target population of the study and how they were defined.

Rationale: The passage does not provide information on whether the patients were in a clinical trial.

Answer: No
""""""

""""""
Question: Does the paper report HIV sequences from individuals who had previously received ARV drugs?

Evidence: Participants: The participants in the study should be fully characterised using eligibility and exclusion criteria. Given that drug resistance may vary across different population types it is critical to report the target population of the study and how they were defined.

Rationale: The passage does not provide information on whether the paper reports HIV sequences from individuals who had previously received ARV drugs.

Answer: No
""""""

""""""
Question: Which drug classes were received by individuals in the study before sample sequencing?

Evidence: Example: In this study, the authors clarified the type of resistance they were interested in measuring: ""To provide information about the epidemic trends of HIV and to optimize the treatment strategies in Anhui, the prevalence of surveillance/transmitted drug resistance mutations (SDRMs) was evaluated in ART-naïve MSM who were newly diagnosed as HIV-infected in 2011.""

Rationale: The passage mentions that the study was conducted in ART-naïve MSM, which implies that the individuals had not received ARV drugs before sample sequencing.

Answer: Not provided
""""""

""""""
Question: Which drugs were received by individuals in the study before sample sequencing?

Evidence: Example: In this study, the authors clarified the type of resistance they were interested in measuring: ""To provide information about the epidemic trends of HIV and to optimize the treatment strategies in Anhui, the prevalence of surveillance/transmitted drug resistance mutations (SDRMs) was evaluated in ART-naïve MSM who were newly diagnosed as HIV-infected in 2011.""

Rationale: The passage mentions that the study was conducted in ART-naïve MSM, which implies that the individuals had not received ARV drugs before sample sequencing.

Answer: Not provided
""""""",91
37755428,,"""""""
Question: Does the paper report HIV sequences from patient samples?

Evidence: Following, WHO survey guidance \[ 14 \], Haiti conducted a survey of HIV drug resistance in infants between April 2020 and March 2021. Nucleic acids were extracted from remnant dried blood spot specimens collected at the time of HIV diagnosis and sequenced using a Sanger-based method at the WHO-designated laboratory, Service de Virologie, University Hospital of Martinique in Fort de France. Sequences were quality-assured following WHO recommendations \[ 15 \]. HIVDR was predicted using the Stanford HIVdb algorithm Version 9.09. Sequences with low-level, intermediate-level, or high-level resistance were classified as resistant.

Rationale: The passage explicitly states that nucleic acids were extracted from patient samples and sequenced using a Sanger-based method, indicating that the paper reports HIV sequences from patient samples.

Answer: Yes
""""""

""""""
Question: Does the paper report in vitro drug susceptibility data?

Evidence: The prevalence and patterns of HIV drug resistance-associated mutations among infants aged 18 months or less who are newly diagnosed with HIV and treatment-naive in Haiti, 2020--2021 are shown. The overall prevalence of resistance to EFV/NVP was 50.9% (95% CI 41.7--60.0). The prevalence of any NRTI resistance was 11.2% (95% CI 6.6--18.5) and was driven by ABC and 3TC resistance (10.3%, 95% CI 5.5--17.4), 92% of which was because of the M184V mutation alone which confers low-level resistance to ABC.

Rationale: The passage reports the prevalence of resistance to various drugs, indicating that the paper reports in vitro drug susceptibility data.

Answer: Yes
""""""

""""""
Question: Were sequences from the paper made publicly available?

Evidence: None of the passages mention whether the sequences were made publicly available.

Rationale: Since there is no mention of the sequences being made publicly available, we cannot determine if they were.

Answer: Unknown
""""""

""""""
Question: What were the GenBank accession numbers for sequenced HIV isolates?

Evidence: None of the passages mention the GenBank accession numbers for the sequenced HIV isolates.

Rationale: Since there is no mention of the GenBank accession numbers, we cannot determine what they were.

Answer: Unknown
""""""

""""""
Question: How many individuals had samples obtained for HIV sequencing?

Evidence: During the survey period, 5185 infants were born to HIV-infected mothers; 276 (5.3%) of the infants tested positive for HIV. Of these, 143 (52%) had remnant specimens available for HIVDR testing.

Rationale: The passage states that 143 infants had remnant specimens available for HIVDR testing, indicating that this is the number of individuals who had samples obtained for HIV sequencing.

Answer: 143
""""""

""""""
Question: From which countries were the sequenced samples obtained?

Evidence: Following, WHO survey guidance \[ 14 \], Haiti conducted a survey of HIV drug resistance in infants between April 2020 and March 2021.

Rationale: The passage states that the survey was conducted in Haiti, indicating that the sequenced samples were obtained from Haiti.

Answer: Haiti
""""""

""""""
Question: From what years were the sequenced samples obtained?

Evidence: Following, WHO survey guidance \[ 14 \], Haiti conducted a survey of HIV drug resistance in infants between April 2020 and March 2021.

Rationale: The passage states that the survey was conducted between April 2020 and March 2021, indicating that the sequenced samples were obtained from these years.

Answer: 2020-2021
""""""

""""""
Question: Were samples cloned prior to sequencing?

Evidence: None of the passages mention whether the samples were cloned prior to sequencing.

Rationale: Since there is no mention of cloning, we cannot determine if the samples were cloned prior to sequencing.

Answer: Unknown
""""""

""""""
Question: Which HIV genes were reported to have been sequenced?

Evidence: Of these, 121 (85%) and 105 (73%) yielded a successful quality-assured genotype for protease/reverse transcriptase (PR/RT) and integrase regions, respectively.

Rationale: The passage states that the protease/reverse transcriptase (PR/RT) and integrase regions were sequenced, indicating that these are the HIV genes that were reported to have been sequenced.

Answer: Protease/reverse transcriptase (PR/RT) and integrase regions
""""""

""""""
Question: What method was used for sequencing?

Evidence: Nucleic acids were extracted from remnant dried blood spot specimens collected at the time of HIV diagnosis and sequenced using a Sanger-based method at the WHO-designated laboratory, Service de Virologie, University Hospital of Martinique in Fort de France.

Rationale: The passage states that a Sanger-based method was used for sequencing.

Answer: Sanger-based method
""""""

""""""
Question: What type of samples were sequenced?

Evidence: Nucleic acids were extracted from remnant dried blood spot specimens collected at the time of HIV diagnosis.

Rationale: The passage states that dried blood spot specimens were sequenced.

Answer: Dried blood spot specimens
""""""

""""""
Question: Were any sequences obtained from individuals with virological failure on a treatment regimen?

Evidence: None of the passages mention virological failure on a treatment regimen.

Rationale: Since there is no mention of virological failure, we cannot determine if any sequences were obtained from individuals with virological failure on a treatment regimen.

Answer: Unknown
""""""

""""""
Question: Were the patients in the study in a clinical trial?

Evidence: None of the passages mention a clinical trial.

Rationale: Since there is no mention of a clinical trial, we cannot determine if the patients were in a clinical trial.

Answer: Unknown
""""""

""""""
Question: Does the paper report HIV sequences from individuals who had previously received ARV drugs?

Evidence: Most mothers had received DTG-based ART (70%, 95% CI 58.9--79.5), and most infants (55.2%, 95% CI 46.5--62.3) had been breastfed or were breastfeeding at the time of specimen collection.

Rationale: The passage states that most mothers had received DTG-based ART and most infants had been breastfed or were breastfeeding, indicating that the paper reports HIV sequences from individuals who had previously received ARV drugs.

Answer: Yes
""""""

""""""
Question: Which drug classes were received by individuals in the study before sample sequencing?

Evidence: Most mothers had received DTG-based ART (70%, 95% CI 58.9--79.5), and most infants (55.2%, 95% CI 46.5--62.3) had been breastfed or were breastfeeding at the time of specimen collection.

Rationale: The passage states that most mothers had received DTG-based ART, indicating that the drug class received by individuals in the study before sample sequencing was integrase strand transfer inhibitors (INSTI).

Answer: Integrase strand transfer inhibitors (INSTI)
""""""

""""""
Question: Which drugs were received by individuals in the study before sample sequencing?

Evidence: Most mothers had received DTG-based ART (70%, 95% CI 58.9--79.5), and most infants (55.2%, 95% CI 46.5--62.3) had been breastfed or were breastfeeding at the time of specimen collection.

Rationale: The passage states that most mothers had received DTG-based ART, indicating that the drug received by individuals in the study before sample sequencing was dolutegravir (DTG).

Answer: Dolutegravir (DTG)
""""""",85
37775947,,"Here are the answers to the questions in the required format:

""""""
Question: Does the paper report HIV sequences from patient samples?

Evidence: In this analysis, we considered all mutations used by the Stanford HIV Drug Resistance Database (HIVDB) HIVdb algorithm v8.6 to provide genotypic test result interpretation. Stored plasma from participants with entry HIV RNA >1000 copies/mL were analysed using NGS (llumina MiSeq).

Rationale: The evidence suggests that the paper reports HIV sequences from patient samples, as it mentions the use of next-generation sequencing (NGS) to analyze plasma samples from participants.

Answer: Yes
""""""

""""""
Question: Does the paper report in vitro drug susceptibility data?

Evidence: Figure 1a--c shows the breakdown of the Stanford predictions for drug components of the initial regimen of participants, stratified by the threshold window used to define resistance. Using the 20% Sanger threshold, participants' viruses showed high-level resistance to efavirenz (3%) and lamivudine (3TC) or FTC (0.7 and 0.2%, respectively) while there appeared to be intermediate resistance to elvitegravir (6%) but not to the other INSTIs.

Rationale: The evidence suggests that the paper reports in vitro drug susceptibility data, as it presents the results of drug resistance testing using the Stanford HIVDB algorithm.

Answer: Yes
""""""

""""""
Question: Were sequences from the paper made publicly available?

Evidence: None of the passages mention the public availability of the sequences.

Rationale: The evidence does not suggest that the sequences from the paper were made publicly available.

Answer: No
""""""

""""""
Question: What were the GenBank accession numbers for sequenced HIV isolates?

Evidence: None of the passages mention GenBank accession numbers.

Rationale: The evidence does not provide GenBank accession numbers for the sequenced HIV isolates.

Answer: Not available
""""""

""""""
Question: How many individuals had samples obtained for HIV sequencing?

Evidence: Overall, of the 1819 participants with NGS data at the ≥200 read depth, 1380 (76%) who started ART with three or more drugs, either in the immediate or the deferred arm, and had virological follow-up of ≥1 month were included in this analysis.

Rationale: The evidence suggests that 1380 individuals had samples obtained for HIV sequencing.

Answer: 1380
""""""

""""""
Question: From which countries were the sequenced samples obtained?

Evidence: The study was conducted by the International Network for Strategic Initiatives in Global HIV Trials, and the participants were enrolled from various countries, including South America, Africa, Europe, and the USA.

Rationale: The evidence suggests that the sequenced samples were obtained from various countries, including South America, Africa, Europe, and the USA.

Answer: South America, Africa, Europe, and the USA
""""""

""""""
Question: From what years were the sequenced samples obtained?

Evidence: The START trial, conducted by the International Network for Strategic Initiatives in Global HIV Trials, enrolled ART-naïve participants with HIV between April 2009 and December 2013.

Rationale: The evidence suggests that the sequenced samples were obtained between 2009 and 2013.

Answer: 2009-2013
""""""

""""""
Question: Were samples cloned prior to sequencing?

Evidence: None of the passages mention cloning of samples prior to sequencing.

Rationale: The evidence does not suggest that the samples were cloned prior to sequencing.

Answer: No
""""""

""""""
Question: Which HIV genes were reported to have been sequenced?

Evidence: Sequence reads (FASTQ files) were analyzed with VirVarSeq version 20140929, which calls variants at the codon level. From the output, we extracted amino acid frequencies in the *pol* gene from amino acid position 1--935 where positions 1--99 encode protease protein, positions 100--659 encode reverse transcriptase protein, and positions 660--935 partially encode integrase protein.

Rationale: The evidence suggests that the *pol* gene was sequenced, which encodes protease, reverse transcriptase, and integrase proteins.

Answer: *pol* gene
""""""

""""""
Question: What method was used for sequencing?

Evidence: Stored plasma from participants with entry HIV RNA >1000 copies/mL were analysed using NGS (llumina MiSeq).

Rationale: The evidence suggests that next-generation sequencing (NGS) using the Illumina MiSeq platform was used for sequencing.

Answer: Next-generation sequencing (NGS) using Illumina MiSeq
""""""

""""""
Question: What type of samples were sequenced?

Evidence: A plasma sample, taken within 60 days before enrolment was obtained from all participants who provided consent for stored specimens.

Rationale: The evidence suggests that plasma samples were sequenced.

Answer: Plasma samples
""""""

""""""
Question: Were any sequences obtained from individuals with virological failure on a treatment regimen?

Evidence: Overall, 85 participants met our definition of primary endpoint of TF. Using the 20% threshold, by 2 years from starting ART, the estimated proportion of participants who experienced TF were 13.0% (95% confidence interval [CI] 5.8--20.2) in the GSS 0--2.75 group versus 5.0% (95% CI 3.8--6.3) in the GSS = 3 group.

Rationale: The evidence suggests that sequences were obtained from individuals with virological failure on a treatment regimen.

Answer: Yes
""""""

""""""
Question: Were the patients in the study in a clinical trial?

Evidence: The study was supported in part by the National Institute of Allergy and Infectious Diseases; National Institutes of Health (grants UM1-AI068641, UM1-AI120197); National Heart, Lung, and Blood Institute (NHLBI; grant RO1HL096453); National Institutes of Health Clinical Center; National Cancer Institute; NHLBI; Eunice Kennedy Shriver National Institute of Child Health and Human Development; National Institute of Mental Health; National Institute of Neurological Disorders and Stroke; National Institute of Arthritis and Musculoskeletal and Skin Diseases; Agence Nationale de Recherches sur le SIDA et les Hepatites Virales (France); National Health and Medical Research Council (Australia); National Research Foundation (Denmark); Bundes ministerium fur Bildung und Forschung (Germany); European AIDS Treatment Network; Medical Research Council (UK); National Institute for Health Research; National Health Service (UK); and the University of Minnesota.

Rationale: The evidence suggests that the patients in the study were part of a clinical trial, specifically the START trial.

Answer: Yes
""""""

""""""
Question: Does the paper report HIV sequences from individuals who had previously received ARV drugs?

Evidence: The START trial, conducted by the International Network for Strategic Initiatives in Global HIV Trials, enrolled ART-naïve participants with HIV between April 2009 and December 2013.

Rationale: The evidence suggests that the paper reports HIV sequences from individuals who were ART-naïve, meaning they had not previously received ARV drugs.

Answer: No
""""""

""""""
Question: Which drug classes were received by individuals in the study before sample sequencing?

Evidence: Supplementary Figure S2 shows the breakdown of antiretroviral regimens; the large majority of the population initiated a triple-drug regimen that included tenofovir/emtricitabine (FTC) ( *n* = 80 [83% of those with GSS = 0--2.75] and *n* = 1148 [89% of those with GSS = 3]) in combination with efavirenz (77% of the GSS = 0--2.75 group vs. 63% of the GSS = 3 group).

Rationale: The evidence suggests that the individuals in the study received antiretroviral regimens that included tenofovir/emtricitabine (FTC) and efavirenz.

Answer: Tenofovir/emtricitabine (FTC) and efavirenz
""""""

""""""
Question: Which drugs were received by individuals in the study before sample sequencing?

Evidence: Supplementary Figure S2 shows the breakdown of antiretroviral regimens; the large majority of the population initiated a triple-drug regimen that included tenofovir/emtricitabine (FTC) ( *n* = 80 [83% of those with GSS = 0--2.75] and *n* = 1148 [89% of those with GSS = 3]) in combination with efavirenz (77% of the GSS = 0--2.75 group vs. 63% of the GSS = 3 group).

Rationale: The evidence suggests that the individuals in the study received tenofovir/emtricitabine (FTC) and efavirenz.

Answer: Tenofovir/emtricitabine (FTC) and efavirenz",102
37817087,,"Here are the answers to the questions in the required format:

""""""
Question: Does the paper report HIV sequences from patient samples?

Evidence: Viral RNA was isolated from the sample material (serum, plasma or spot elution) using the automated Biomerieux EasyMag platform. The RNA was subsequently quantified and transcribed into cDNA \[ 12 \]. The cDNA then served as a template for the amplification of three regions of the HIV genome, which contain all major resistance-associated positions.

Rationale: The passage describes the process of isolating viral RNA from patient samples and amplifying specific regions of the HIV genome, indicating that the paper reports HIV sequences from patient samples.

Answer: Yes
""""""

""""""
Question: Does the paper report in vitro drug susceptibility data?

Evidence: Resistance was determined and assessed using the Stanford HIV Drug Resistance Database version 8.9 algorithm \[ 18, 19 \]. Sequences that achieved a mutation penalty score of over 10 (at least low-level resistance) were classified as resistant to a therapeutic agent \[ 18 \].

Rationale: The passage describes the use of the Stanford HIV Drug Resistance Database to determine resistance, but it does not mention in vitro drug susceptibility data.

Answer: No
""""""

""""""
Question: Were sequences from the paper made publicly available?

Evidence: All datasets including sequences are available from the corresponding author upon reasonable request.

Rationale: The passage states that the sequences are available from the corresponding author upon request, but it does not indicate that they are publicly available.

Answer: No
""""""

""""""
Question: What were the GenBank accession numbers for sequenced HIV isolates?

Evidence: Not mentioned in the provided passages.

Rationale: The passages do not mention GenBank accession numbers for the sequenced HIV isolates.

Answer: Not mentioned
""""""

""""""
Question: How many individuals had samples obtained for HIV sequencing?

Evidence: From 2017 to 2020, 11,527 new HIV diagnoses were reported in Germany to the Robert Koch Institute (RKI). Protease (PR) and reverse-transcriptase (RT) sequences were obtained from 4559 (39.6%) cases, and PR, RT and integrase (IN) sequences were obtained from 3097 (26.9%) cases.

Rationale: The passage states that samples were obtained from 4559 individuals for PR and RT sequencing, and from 3097 individuals for PR, RT, and IN sequencing.

Answer: 4559 (PR and RT), 3097 (PR, RT, and IN)
""""""

""""""
Question: From which countries were the sequenced samples obtained?

Evidence: The samples were obtained from Germany.

Rationale: The passage mentions that the samples were obtained from Germany, but it does not mention other countries.

Answer: Germany
""""""

""""""
Question: From what years were the sequenced samples obtained?

Evidence: The samples were obtained from 2017 to 2020.

Rationale: The passage states that the samples were obtained from 2017 to 2020.

Answer: 2017-2020
""""""

""""""
Question: Were samples cloned prior to sequencing?

Evidence: Not mentioned in the provided passages.

Rationale: The passages do not mention whether the samples were cloned prior to sequencing.

Answer: Not mentioned
""""""

""""""
Question: Which HIV genes were reported to have been sequenced?

Evidence: The genomic regions of protease (PR, amino acids 9--99), reverse transcriptase (RT, amino acids 1-252) and integrase (IN, amino acids 1-279) were amplified according to previously published protocols \[ 12, 15 \].

Rationale: The passage states that the PR, RT, and IN genes were sequenced.

Answer: PR, RT, IN
""""""

""""""
Question: What method was used for sequencing?

Evidence: The amplicons were sequenced using an Illumina NGS method (MiSeq).

Rationale: The passage states that the amplicons were sequenced using an Illumina NGS method (MiSeq).

Answer: Illumina NGS (MiSeq)
""""""

""""""
Question: What type of samples were sequenced?

Evidence: The samples were serum, plasma, or spot elution.

Rationale: The passage states that the samples were serum, plasma, or spot elution.

Answer: Serum, plasma, or spot elution
""""""

""""""
Question: Were any sequences obtained from individuals with virological failure on a treatment regimen?

Evidence: Not mentioned in the provided passages.

Rationale: The passages do not mention whether any sequences were obtained from individuals with virological failure on a treatment regimen.

Answer: Not mentioned
""""""

""""""
Question: Were the patients in the study in a clinical trial?

Evidence: Not mentioned in the provided passages.

Rationale: The passages do not mention whether the patients were in a clinical trial.

Answer: Not mentioned
""""""

""""""
Question: Does the paper report HIV sequences from individuals who had previously received ARV drugs?

Evidence: Not mentioned in the provided passages.

Rationale: The passages do not mention whether the individuals had previously received ARV drugs.

Answer: Not mentioned
""""""

""""""
Question: Which drug classes were received by individuals in the study before sample sequencing?

Evidence: Not mentioned in the provided passages.

Rationale: The passages do not mention which drug classes were received by individuals in the study before sample sequencing.

Answer: Not mentioned
""""""

""""""
Question: Which drugs were received by individuals in the study before sample sequencing?

Evidence: Not mentioned in the provided passages.

Rationale: The passages do not mention which drugs were received by individuals in the study before sample sequencing.

Answer: Not mentioned
""""""",62
37823653,,"Here are the answers to the questions in the required format:

""""""
Question: Does the paper report HIV sequences from patient samples?

Evidence: A total of 6,078 HIV-1 near full length sequences were generated for the BCPP study. Of the 6,078 participants with HIV-1 sequences, 48 participants had no ART status and were thus left out from the analysis. Of the remaining 6,030 participants, 1,282 participants were ART naïve and 4,748 were ART experienced.

Rationale: The evidence suggests that the paper reports HIV sequences from patient samples, as it mentions the generation of 6,078 HIV-1 near full length sequences for the BCPP study.

Answer: Yes
""""""

""""""
Question: Does the paper report in vitro drug susceptibility data?

Evidence: Currently, there is no software/database that is used to predict the effect of FTR mutations, and the mutations reported were based on the available literature. We, therefore, cannot conclude on how many individuals are susceptible or have intermediate and high-level resistance to FTR, although we provide a population-level indication of patterns of polymorphisms in FTR-naive individuals in Botswana, which provides a baseline prevalence of possible polymorphisms associated with FTR- associated resistance.

Rationale: The evidence suggests that the paper does not report in vitro drug susceptibility data, as it mentions the lack of software or database to predict the effect of FTR mutations.

Answer: No
""""""

""""""
Question: Were sequences from the paper made publicly available?

Evidence: The NGS was performed by the Biopolimers Facility at Harvard Medical School (https://genome.med.harvard.edu/) and through collaboration with PANGEA HIV consortium (24) at the Wellcome Trust Sanger Institute (Cambridge, UK; http://www.sanger.ac.uk/) with high-sequencing coverage and using Illumina platform MiSeq and HiSeq.

Rationale: The evidence does not explicitly state that the sequences were made publicly available, but it mentions the use of publicly available resources such as the Biopolimers Facility at Harvard Medical School and the Wellcome Trust Sanger Institute.

Answer: Unclear
""""""

""""""
Question: What were the GenBank accession numbers for sequenced HIV isolates?

Evidence: Not mentioned in the provided passages.

Rationale: The evidence does not provide the GenBank accession numbers for the sequenced HIV isolates.

Answer: Not available
""""""

""""""
Question: How many individuals had samples obtained for HIV sequencing?

Evidence: A total of 6,078 HIV-1 near full length sequences were generated for the BCPP study.

Rationale: The evidence suggests that 6,078 individuals had samples obtained for HIV sequencing.

Answer: 6,078
""""""

""""""
Question: From which countries were the sequenced samples obtained?

Evidence: The generated sequences were from PWH aged 16--64 years residing in 30 communities in northern, central, and southern parts of Botswana who were randomly selected to participate in the Botswana Combination Prevention Project (BCPP) (4, 24 -- 26).

Rationale: The evidence suggests that the sequenced samples were obtained from Botswana.

Answer: Botswana
""""""

""""""
Question: From what years were the sequenced samples obtained?

Evidence: Sequences from ART-naïve and ART-experienced individuals were included in the analysis. Previously reported FTR resistance-associated polymorphisms from literature were surveyed from HIV-1C proviral sequences generated from a large HIV-1 population-based cohort enrolled between 2013 and 2018.

Rationale: The evidence suggests that the sequenced samples were obtained between 2013 and 2018.

Answer: 2013-2018
""""""

""""""
Question: Were samples cloned prior to sequencing?

Evidence: Proviral DNA templates were used for amplification, as the majority of participants were receiving ART.

Rationale: The evidence does not explicitly state that the samples were cloned prior to sequencing, but it mentions the use of proviral DNA templates for amplification.

Answer: Unclear
""""""

""""""
Question: Which HIV genes were reported to have been sequenced?

Evidence: We used Gene cutter tool (https://www.hiv.lanl.gov/content/sequence/GENE_CUTTER/cutter.html) to extract the gp120 fragment of the HIV envelope gene.

Rationale: The evidence suggests that the gp120 fragment of the HIV envelope gene was sequenced.

Answer: gp120 fragment of the HIV envelope gene
""""""

""""""
Question: What method was used for sequencing?

Evidence: The NGS was performed by the Biopolimers Facility at Harvard Medical School (https://genome.med.harvard.edu/) and through collaboration with PANGEA HIV consortium (24) at the Wellcome Trust Sanger Institute (Cambridge, UK; http://www.sanger.ac.uk/) with high-sequencing coverage and using Illumina platform MiSeq and HiSeq.

Rationale: The evidence suggests that next-generation sequencing (NGS) was used for sequencing, specifically using the Illumina platform MiSeq and HiSeq.

Answer: Next-generation sequencing (NGS) using Illumina platform MiSeq and HiSeq
""""""

""""""
Question: What type of samples were sequenced?

Evidence: Proviral DNA templates were used for amplification, as the majority of participants were receiving ART.

Rationale: The evidence suggests that proviral DNA templates were sequenced.

Answer: Proviral DNA templates
""""""

""""""
Question: Were any sequences obtained from individuals with virological failure on a treatment regimen?

Evidence: ART-experienced individuals were further sub-divided into virally suppressed individuals and those with VF. Any VL measurements ≤400 copies/mL were considered as viral suppression, while VF was defined as VL >400 copies/mL as per Botswana ARV treatment guidelines (24).

Rationale: The evidence suggests that sequences were obtained from individuals with virological failure on a treatment regimen, as it mentions the sub-division of ART-experienced individuals into those with viral suppression and those with virological failure (VF).

Answer: Yes
""""""

""""""
Question: Were the patients in the study in a clinical trial?

Evidence: (This study has been registered at ClinicalTrials.gov under registration no. NCT01965470.)

Rationale: The evidence suggests that the study was registered at ClinicalTrials.gov, but it does not explicitly state that the patients were in a clinical trial.

Answer: Unclear
""""""

""""""
Question: Does the paper report HIV sequences from individuals who had previously received ARV drugs?

Evidence: Of the remaining 6,030 participants, 1,282 participants were ART naïve and 4,748 were ART experienced.

Rationale: The evidence suggests that the paper reports HIV sequences from individuals who had previously received ARV drugs, as it mentions the inclusion of ART-experienced individuals.

Answer: Yes
""""""

""""""
Question: Which drug classes were received by individuals in the study before sample sequencing?

Evidence: Most of the ART-experienced PWH were on efavirenz- or nevirapine-based ART which was the first-line regimen prior to dolutegravir-based first-line ART implementation in June 2016.

Rationale: The evidence suggests that the individuals in the study received efavirenz- or nevirapine-based ART before sample sequencing.

Answer: Efavirenz- or nevirapine-based ART
""""""

""""""
Question: Which drugs were received by individuals in the study before sample sequencing?

Evidence: Most of the ART-experienced PWH were on efavirenz- or nevirapine-based ART which was the first-line regimen prior to dolutegravir-based first-line ART implementation in June 2016.

Rationale: The evidence suggests that the individuals in the study received efavirenz or nevirapine before sample sequencing.

Answer: Efavirenz or nevirapine",86
37872202,,"Here are the answers to the questions in the required format:

""""""
Question: Does the paper report HIV sequences from patient samples?

Evidence: The plasmids expressing the CRF01_AE Envs HIV-1 ~92TH023~ and HIV-1 ~CM244~ were previously reported in ^^38^\,\ ^61^^. The plasmid pSVIIIenv expressing the clade B HIV-1 ~YU2~ Env and the Tat-expressing plasmid (pLTR-Tat) were previously reported in ^^56^^. The sequence of clade B HIV-1 ~JR-FL~ Env ^^62^^ was codon optimized (GenScript) and cloned into expression plasmid pcDNA3.1(-) (Invitrogen).

Rationale: The passage mentions specific HIV-1 Env sequences, including ~92TH023~, ~CM244~, ~YU2~, and ~JR-FL~, which are derived from patient samples.

Answer: Yes
""""""

""""""
Question: Does the paper report in vitro drug susceptibility data?

Evidence: Recombinant HIV-1 pseudoviruses expressing luciferase and bearing WT or mutated Env from CRF01_AE strains ( **b** ) 92TH023, ( **d** ) CM244 or ( **f** ) clade B YU2 were used to infect Cf2Th-CD4/CCR5 cells in the presence of increasing concentrations of temsavir.

Rationale: The passage describes an experiment where pseudoviruses with different Env mutations are tested for their susceptibility to temsavir in vitro.

Answer: Yes
""""""

""""""
Question: Were sequences from the paper made publicly available?

Evidence: The plasmids expressing the CRF01_AE Envs HIV-1 ~92TH023~ and HIV-1 ~CM244~ were previously reported in ^^38^\,\ ^61^^. The plasmid pSVIIIenv expressing the clade B HIV-1 ~YU2~ Env and the Tat-expressing plasmid (pLTR-Tat) were previously reported in ^^56^^.

Rationale: The passage mentions that the sequences were previously reported, but it does not explicitly state that they are publicly available.

Answer: No
""""""

""""""
Question: What were the GenBank accession numbers for sequenced HIV isolates?

Evidence: Not mentioned in the provided passages.

Rationale: The passages do not mention GenBank accession numbers for the sequenced HIV isolates.

Answer: Not mentioned
""""""

""""""
Question: How many individuals had samples obtained for HIV sequencing?

Evidence: Not mentioned in the provided passages.

Rationale: The passages do not mention the number of individuals who had samples obtained for HIV sequencing.

Answer: Not mentioned
""""""

""""""
Question: From which countries were the sequenced samples obtained?

Evidence: This Env was derived from a transmitted/founder CRF01_AE strain isolated from participant 40100 of the RV217 Early Capture HIV Cohort Study conducted in Thailand ^^42^^.

Rationale: The passage mentions that the sample was obtained from Thailand.

Answer: Thailand
""""""

""""""
Question: From what years were the sequenced samples obtained?

Evidence: Not mentioned in the provided passages.

Rationale: The passages do not mention the years when the samples were obtained.

Answer: Not mentioned
""""""

""""""
Question: Were samples cloned prior to sequencing?

Evidence: The sequence of clade B HIV-1 ~JR-FL~ Env ^^62^^ was codon optimized (GenScript) and cloned into expression plasmid pcDNA3.1(-) (Invitrogen).

Rationale: The passage mentions that the ~JR-FL~ Env sequence was cloned into an expression plasmid.

Answer: Yes
""""""

""""""
Question: Which HIV genes were reported to have been sequenced?

Evidence: The plasmids expressing the CRF01_AE Envs HIV-1 ~92TH023~ and HIV-1 ~CM244~ were previously reported in ^^38^\,\ ^61^^. The plasmid pSVIIIenv expressing the clade B HIV-1 ~YU2~ Env and the Tat-expressing plasmid (pLTR-Tat) were previously reported in ^^56^^.

Rationale: The passage mentions that the Env gene was sequenced.

Answer: Env
""""""

""""""
Question: What method was used for sequencing?

Evidence: Not mentioned in the provided passages.

Rationale: The passages do not mention the method used for sequencing.

Answer: Not mentioned
""""""

""""""
Question: What type of samples were sequenced?

Evidence: Not mentioned in the provided passages.

Rationale: The passages do not mention the type of samples that were sequenced.

Answer: Not mentioned
""""""

""""""
Question: Were any sequences obtained from individuals with virological failure on a treatment regimen?

Evidence: Not mentioned in the provided passages.

Rationale: The passages do not mention whether any sequences were obtained from individuals with virological failure on a treatment regimen.

Answer: Not mentioned
""""""

""""""
Question: Were the patients in the study in a clinical trial?

Evidence: Not mentioned in the provided passages.

Rationale: The passages do not mention whether the patients were in a clinical trial.

Answer: Not mentioned
""""""

""""""
Question: Does the paper report HIV sequences from individuals who had previously received ARV drugs?

Evidence: Not mentioned in the provided passages.

Rationale: The passages do not mention whether the individuals had previously received ARV drugs.

Answer: Not mentioned
""""""

""""""
Question: Which drug classes were received by individuals in the study before sample sequencing?

Evidence: Not mentioned in the provided passages.

Rationale: The passages do not mention which drug classes were received by individuals in the study before sample sequencing.

Answer: Not mentioned
""""""

""""""
Question: Which drugs were received by individuals in the study before sample sequencing?

Evidence: The HIV-1 attachment inhibitor temsavir (BMS-626529) was purchased from APExBIO.

Rationale: The passage mentions that temsavir was used in the study, but it does not mention whether it was received by individuals before sample sequencing.

Answer: Not mentioned
""""""",70
37878637,,"Here are the answers to the questions in the required format:

""""""
Question: Does the paper report HIV sequences from patient samples?

Evidence: PCR products were sequenced using the Applied Biosystems 3500 genetic analyzer; the sequences thus obtained were edited using the Recall CDC Atlanta GA USA software and drug resistance mutations (DRMs) interpreted using Stanford HIVdb.v8.8; Subtyping was done using a rapid subtyping tool, Stanford HIVdb v8.9, and confirmed by MEGA X for molecular phylogeny using the Neighbor-Joining algorithm [ 14 ], maximum likelihood method [ 14 ] and a 500 replicates bootstrap value > 80% for subtype assignation.

Rationale: The passage mentions that PCR products were sequenced and the sequences were edited and interpreted using various software tools, indicating that the paper reports HIV sequences from patient samples.

Answer: Yes
""""""

""""""
Question: Does the paper report in vitro drug susceptibility data?

Evidence: None

Rationale: There is no mention of in vitro drug susceptibility data in the provided passages.

Answer: No
""""""

""""""
Question: Were sequences from the paper made publicly available?

Evidence: None

Rationale: There is no mention of the sequences being made publicly available in the provided passages.

Answer: No
""""""

""""""
Question: What were the GenBank accession numbers for sequenced HIV isolates?

Evidence: None

Rationale: There is no mention of GenBank accession numbers in the provided passages.

Answer: Not reported
""""""

""""""
Question: How many individuals had samples obtained for HIV sequencing?

Evidence: Effectively 311 participants were enrolled, 213 from referral centers and 98 from management units. Of these, the current analysis included 141 participants (with PVL ≥ 1000 RNA copies/mL) who had sequence data available from enrolment to 12-month follow-up.

Rationale: The passage mentions that 311 participants were enrolled, but only 141 had sequence data available.

Answer: 141
""""""

""""""
Question: From which countries were the sequenced samples obtained?

Evidence: The study was conducted in Cameroon.

Rationale: The passage mentions that the study was conducted in Cameroon, indicating that the sequenced samples were obtained from Cameroon.

Answer: Cameroon
""""""

""""""
Question: From what years were the sequenced samples obtained?

Evidence: A cohort study was conducted from 2018--2020 among 311 APHI receiving antiretroviral therapy (ART) in Cameroon.

Rationale: The passage mentions that the study was conducted from 2018-2020.

Answer: 2018-2020
""""""

""""""
Question: Were samples cloned prior to sequencing?

Evidence: None

Rationale: There is no mention of cloning prior to sequencing in the provided passages.

Answer: No
""""""

""""""
Question: Which HIV genes were reported to have been sequenced?

Evidence: Eight in-house primers (B, F, SEQ1, SEQ2, SEQ3, SEQ4, SEQ5, TAK3) that completely covered the protease and reverse-transcriptase regions in the pol gene fragment (~1600 base pairs) were used for sequencing.

Rationale: The passage mentions that the protease and reverse-transcriptase regions in the pol gene fragment were sequenced.

Answer: pol gene
""""""

""""""
Question: What method was used for sequencing?

Evidence: PCR products were sequenced using the Applied Biosystems 3500 genetic analyzer.

Rationale: The passage mentions that the Applied Biosystems 3500 genetic analyzer was used for sequencing.

Answer: Applied Biosystems 3500 genetic analyzer
""""""

""""""
Question: What type of samples were sequenced?

Evidence: Following enrolment, ten mL of whole blood were collected from each participant and transported on icepacks within 6 hours to the virology laboratory of the Chantal Biya international reference center (CIRCB), Yaoundé, Cameroon.

Rationale: The passage mentions that whole blood samples were collected from participants.

Answer: Whole blood
""""""

""""""
Question: Were any sequences obtained from individuals with virological failure on a treatment regimen?

Evidence: Sequencing of protease and reverse transcriptase regions was performed for participants experiencing virological failure, VF, (Plasma viral load, PVL ≥ 1000 RNA copies/ml).

Rationale: The passage mentions that sequencing was performed for participants experiencing virological failure.

Answer: Yes
""""""

""""""
Question: Were the patients in the study in a clinical trial?

Evidence: None

Rationale: There is no mention of a clinical trial in the provided passages.

Answer: No
""""""

""""""
Question: Does the paper report HIV sequences from individuals who had previously received ARV drugs?

Evidence: A cohort study was conducted from 2018--2020 among 311 APHI receiving antiretroviral therapy (ART) in Cameroon.

Rationale: The passage mentions that the study was conducted among individuals receiving antiretroviral therapy, indicating that they had previously received ARV drugs.

Answer: Yes
""""""

""""""
Question: Which drug classes were received by individuals in the study before sample sequencing?

Evidence: Most of the participants (34.5%, 31.3%, and 31.7%) were on a TDF + 3TC + EFV-based regimen.

Rationale: The passage mentions that the majority of participants were on a TDF + 3TC + EFV-based regimen, indicating that they received non-nucleoside reverse transcriptase inhibitors (NNRTIs) and nucleoside reverse transcriptase inhibitors (NRTIs).

Answer: NNRTIs and NRTIs
""""""

""""""
Question: Which drugs were received by individuals in the study before sample sequencing?

Evidence: Most of the participants (34.5%, 31.3%, and 31.7%) were on a TDF + 3TC + EFV-based regimen.

Rationale: The passage mentions that the majority of participants were on a TDF + 3TC + EFV-based regimen.

Answer: TDF, 3TC, EFV
""""""",68
37880705,,"Here are the answers to the questions in the required format:

""""""
Question: Does the paper report HIV sequences from patient samples?

Evidence: Sequences of the included studies were downloaded from GenBank if they were publicly available and, if they were not found online, study authors were contacted for the respective sequences. We identified nine studies and analyzed 1070 retrieved HIV-1 pol sequences in this systematic review.

Rationale: The evidence suggests that the paper reports HIV sequences from patient samples, as the authors downloaded sequences from GenBank and analyzed 1070 retrieved HIV-1 pol sequences.

Answer: Yes
""""""

""""""
Question: Does the paper report in vitro drug susceptibility data?

Evidence: None of the passages mention in vitro drug susceptibility data.

Rationale: The evidence suggests that the paper does not report in vitro drug susceptibility data, as there is no mention of it in the provided passages.

Answer: No
""""""

""""""
Question: Were sequences from the paper made publicly available?

Evidence: Sequences of the included studies were downloaded from GenBank if they were publicly available and, if they were not found online, study authors were contacted for the respective sequences.

Rationale: The evidence suggests that some sequences from the paper were made publicly available, as the authors were able to download them from GenBank.

Answer: Yes
""""""

""""""
Question: What were the GenBank accession numbers for sequenced HIV isolates?

Evidence: None of the passages mention the GenBank accession numbers for sequenced HIV isolates.

Rationale: The evidence suggests that the paper does not provide the GenBank accession numbers for sequenced HIV isolates, as there is no mention of it in the provided passages.

Answer: Not available
""""""

""""""
Question: How many individuals had samples obtained for HIV sequencing?

Evidence: We identified nine studies and analyzed 1070 retrieved HIV-1 pol sequences in this systematic review.

Rationale: The evidence suggests that the paper analyzed 1070 retrieved HIV-1 pol sequences, but it does not provide the exact number of individuals who had samples obtained for HIV sequencing.

Answer: Not available
""""""

""""""
Question: From which countries were the sequenced samples obtained?

Evidence: The studies were mainly from the capital city and from the northern part of Ethiopia.

Rationale: The evidence suggests that the sequenced samples were obtained from Ethiopia.

Answer: Ethiopia
""""""

""""""
Question: From what years were the sequenced samples obtained?

Evidence: The studies were conducted between 2003 and 2018.

Rationale: The evidence suggests that the sequenced samples were obtained from 2003 to 2018.

Answer: 2003-2018
""""""

""""""
Question: Were samples cloned prior to sequencing?

Evidence: None of the passages mention cloning prior to sequencing.

Rationale: The evidence suggests that the paper does not provide information on whether samples were cloned prior to sequencing.

Answer: Not available
""""""

""""""
Question: Which HIV genes were reported to have been sequenced?

Evidence: We identified nine studies and analyzed 1070 retrieved HIV-1 pol sequences in this systematic review.

Rationale: The evidence suggests that the paper analyzed HIV-1 pol sequences, which includes the protease and partial RT genes.

Answer: Protease and partial RT
""""""

""""""
Question: What method was used for sequencing?

Evidence: None of the passages mention the specific sequencing method used.

Rationale: The evidence suggests that the paper does not provide information on the sequencing method used.

Answer: Not available
""""""

""""""
Question: What type of samples were sequenced?

Evidence: None of the passages mention the specific type of samples sequenced.

Rationale: The evidence suggests that the paper does not provide information on the type of samples sequenced.

Answer: Not available
""""""

""""""
Question: Were any sequences obtained from individuals with virological failure on a treatment regimen?

Evidence: None of the passages mention virological failure on a treatment regimen.

Rationale: The evidence suggests that the paper does not provide information on whether any sequences were obtained from individuals with virological failure on a treatment regimen.

Answer: Not available
""""""

""""""
Question: Were the patients in the study in a clinical trial?

Evidence: None of the passages mention a clinical trial.

Rationale: The evidence suggests that the paper does not provide information on whether the patients were in a clinical trial.

Answer: Not available
""""""

""""""
Question: Does the paper report HIV sequences from individuals who had previously received ARV drugs?

Evidence: The studies were conducted among ART-naïve individuals.

Rationale: The evidence suggests that the paper does not report HIV sequences from individuals who had previously received ARV drugs, as the studies were conducted among ART-naïve individuals.

Answer: No
""""""

""""""
Question: Which drug classes were received by individuals in the study before sample sequencing?

Evidence: None of the passages mention the specific drug classes received by individuals before sample sequencing.

Rationale: The evidence suggests that the paper does not provide information on the drug classes received by individuals before sample sequencing.

Answer: Not available
""""""

""""""
Question: Which drugs were received by individuals in the study before sample sequencing?

Evidence: None of the passages mention the specific drugs received by individuals before sample sequencing.

Rationale: The evidence suggests that the paper does not provide information on the drugs received by individuals before sample sequencing.

Answer: Not available
""""""",59
37896785,,"Here are the answers to the questions in the required format:

""""""
Question: Does the paper report HIV sequences from patient samples?

Evidence: Nucleotide sequences were aligned using the MEGA 7.0 program using the ClustalW algorithm. The nucleotide sequences of 61 HIV-1 samples were obtained and deposited in GenBank (numbers OQ215322-OQ215382).

Rationale: The evidence suggests that the paper reports HIV sequences from patient samples, as it mentions the alignment and deposition of nucleotide sequences in GenBank.

Answer: Yes
""""""

""""""
Question: Does the paper report in vitro drug susceptibility data?

Evidence: Analysis of HIV-1 genetic sequences for the presence of drug resistance mutations was performed using the Stanford database. The Q58E mutation---a minimum polymorphic additional mutation selected by each of the PIs except DRV---in combination with other PI resistance mutations, may contribute to low levels of ATV resistance.

Rationale: The evidence suggests that the paper reports in vitro drug susceptibility data, as it mentions the analysis of drug resistance mutations and the effect of specific mutations on drug resistance.

Answer: Yes
""""""

""""""
Question: Were sequences from the paper made publicly available?

Evidence: The nucleotide sequences of 61 HIV-1 samples were obtained and deposited in GenBank (numbers OQ215322-OQ215382).

Rationale: The evidence suggests that the sequences from the paper were made publicly available, as they were deposited in GenBank.

Answer: Yes
""""""

""""""
Question: What were the GenBank accession numbers for sequenced HIV isolates?

Evidence: The nucleotide sequences of 61 HIV-1 samples were obtained and deposited in GenBank (numbers OQ215322-OQ215382).

Rationale: The evidence provides the GenBank accession numbers for the sequenced HIV isolates.

Answer: OQ215322-OQ215382
""""""

""""""
Question: How many individuals had samples obtained for HIV sequencing?

Evidence: The study material was blood plasma samples collected in 2021 from 61 pregnant women in need of PMTCT in Ho Chi Minh City with a viral load above 500 copies per ml of blood plasma.

Rationale: The evidence suggests that 61 individuals had samples obtained for HIV sequencing.

Answer: 61
""""""

""""""
Question: From which countries were the sequenced samples obtained?

Evidence: The study material was blood plasma samples collected in 2021 from 61 pregnant women in need of PMTCT in Ho Chi Minh City.

Rationale: The evidence suggests that the sequenced samples were obtained from Vietnam.

Answer: Vietnam
""""""

""""""
Question: From what years were the sequenced samples obtained?

Evidence: The study material was blood plasma samples collected in 2021 from 61 pregnant women in need of PMTCT in Ho Chi Minh City.

Rationale: The evidence suggests that the sequenced samples were obtained in 2021.

Answer: 2021
""""""

""""""
Question: Were samples cloned prior to sequencing?

Evidence: No evidence suggests that samples were cloned prior to sequencing.

Rationale: The evidence does not mention cloning of samples prior to sequencing.

Answer: No
""""""

""""""
Question: Which HIV genes were reported to have been sequenced?

Evidence: HIV-1 genotyping was performed based on analysis of the nucleotide sequences of the 1285 nt *pol* gene region encoding the protease (PR) and part of the reverse transcriptase (RT) in the 2085--3369 nt region.

Rationale: The evidence suggests that the *pol* gene region, including the protease and reverse transcriptase genes, was sequenced.

Answer: *pol* gene region, including protease and reverse transcriptase genes
""""""

""""""
Question: What method was used for sequencing?

Evidence: For samples with a detectable viral load, reverse transcription and PCR were performed, followed by Sanger sequencing using the AmpliSens HIVResist-Seq (Central Research Institute of Epidemiology, Moscow, Russia) commercial kit.

Rationale: The evidence suggests that Sanger sequencing was used.

Answer: Sanger sequencing
""""""

""""""
Question: What type of samples were sequenced?

Evidence: The study material was blood plasma samples collected in 2021 from 61 pregnant women in need of PMTCT in Ho Chi Minh City with a viral load above 500 copies per ml of blood plasma.

Rationale: The evidence suggests that blood plasma samples were sequenced.

Answer: Blood plasma samples
""""""

""""""
Question: Were any sequences obtained from individuals with virological failure on a treatment regimen?

Evidence: In the surveyed group, 31 women showed virological failure of ART, and 30 women had not previously received therapy.

Rationale: The evidence suggests that sequences were obtained from individuals with virological failure on a treatment regimen.

Answer: Yes
""""""

""""""
Question: Were the patients in the study in a clinical trial?

Evidence: No evidence suggests that the patients were in a clinical trial.

Rationale: The evidence does not mention a clinical trial.

Answer: No
""""""

""""""
Question: Does the paper report HIV sequences from individuals who had previously received ARV drugs?

Evidence: In the surveyed group, 31 women showed virological failure of ART, and 30 women had not previously received therapy.

Rationale: The evidence suggests that the paper reports HIV sequences from individuals who had previously received ARV drugs.

Answer: Yes
""""""

""""""
Question: Which drug classes were received by individuals in the study before sample sequencing?

Evidence: The most common mutations in our study group were polymorphic substitutions in the protease region, K20R (27.87%, CI: 17.15--40.83%) and I10I/V (21.31%, CI: 11.86--33.68%), which increase the replication of viruses with other PI-resistance mutations.

Rationale: The evidence suggests that protease inhibitors (PIs) were received by individuals in the study before sample sequencing.

Answer: Protease inhibitors (PIs)
""""""

""""""
Question: Which drugs were received by individuals in the study before sample sequencing?

Evidence: The Q58E mutation---a minimum polymorphic additional mutation selected by each of the PIs except DRV---in combination with other PI resistance mutations, may contribute to low levels of ATV resistance.

Rationale: The evidence suggests that atazanavir (ATV) and darunavir (DRV) were received by individuals in the study before sample sequencing.

Answer: Atazanavir (ATV) and darunavir (DRV)
""""""",73
37896860,,"Here are the answers to the questions in the required format:

""""""
Question: Does the paper report HIV sequences from patient samples?

Evidence: Whole blood was collected from study participants for POC VL testing and separated into plasma for testing using a GeneXpert system. HIV DR testing was performed on plasma samples using Sanger sequencing with Applied Biosystems 3130xl Genetic Analyzers.

Rationale: The evidence suggests that the paper reports HIV sequences from patient samples, as it mentions the collection of whole blood and plasma samples for HIV DR testing using Sanger sequencing.

Answer: Yes
""""""

""""""
Question: Does the paper report in vitro drug susceptibility data?

Evidence: The DRT result reports contained a list of the DR genotypes as well as phenotypic interpretations based on the scoring systems generated by the Stanford Genotypic Resistance Interpretation Algorithm.

Rationale: The evidence suggests that the paper reports in vitro drug susceptibility data, as it mentions the use of the Stanford Genotypic Resistance Interpretation Algorithm to generate phenotypic interpretations.

Answer: Yes
""""""

""""""
Question: Were sequences from the paper made publicly available?

Evidence: The de-identified data presented in this study are available on request from the corresponding author. The data are not publicly available due to the sensitive nature of the disease being studied.

Rationale: The evidence suggests that the sequences from the paper are not publicly available, but can be made available upon request from the corresponding author.

Answer: No
""""""

""""""
Question: What were the GenBank accession numbers for sequenced HIV isolates?

Evidence: Not mentioned in the provided passages.

Rationale: The GenBank accession numbers for sequenced HIV isolates are not mentioned in the provided passages.

Answer: Not available
""""""

""""""
Question: How many individuals had samples obtained for HIV sequencing?

Evidence: A total of 704 children were enrolled in the study.

Rationale: The evidence suggests that 704 children had samples obtained for HIV sequencing, as they were enrolled in the study.

Answer: 704
""""""

""""""
Question: From which countries were the sequenced samples obtained?

Evidence: Not mentioned in the provided passages, but the study was conducted in Kenya.

Rationale: Although the country of origin is not explicitly mentioned, the study was conducted in Kenya, suggesting that the sequenced samples were obtained from Kenya.

Answer: Kenya
""""""

""""""
Question: From what years were the sequenced samples obtained?

Evidence: Not mentioned in the provided passages.

Rationale: The years from which the sequenced samples were obtained are not mentioned in the provided passages.

Answer: Not available
""""""

""""""
Question: Were samples cloned prior to sequencing?

Evidence: Not mentioned in the provided passages.

Rationale: The evidence does not suggest whether samples were cloned prior to sequencing or not.

Answer: Not available
""""""

""""""
Question: Which HIV genes were reported to have been sequenced?

Evidence: HIV DR testing was performed on plasma samples using Sanger sequencing with Applied Biosystems 3130xl Genetic Analyzers to detect reverse transcriptase and PI mutations.

Rationale: The evidence suggests that the HIV genes reported to have been sequenced include reverse transcriptase and PI genes.

Answer: Reverse transcriptase and PI genes
""""""

""""""
Question: What method was used for sequencing?

Evidence: HIV DR testing was performed on plasma samples using Sanger sequencing with Applied Biosystems 3130xl Genetic Analyzers.

Rationale: The evidence suggests that Sanger sequencing was used for sequencing.

Answer: Sanger sequencing
""""""

""""""
Question: What type of samples were sequenced?

Evidence: Whole blood was collected from study participants for POC VL testing and separated into plasma for testing using a GeneXpert system.

Rationale: The evidence suggests that plasma samples were sequenced.

Answer: Plasma samples
""""""

""""""
Question: Were any sequences obtained from individuals with virological failure on a treatment regimen?

Evidence: Among the eighty-eight CHIV in the intervention group of the study who had DRT requested, forty-seven (53%) had more than one DRT requested for repeat viremia during the study.

Rationale: The evidence suggests that sequences were obtained from individuals with virological failure on a treatment regimen, as the study mentions repeat viremia during the study.

Answer: Yes
""""""

""""""
Question: Were the patients in the study in a clinical trial?

Evidence: The study was a randomized controlled trial.

Rationale: The evidence suggests that the patients in the study were in a clinical trial, as it was a randomized controlled trial.

Answer: Yes
""""""

""""""
Question: Does the paper report HIV sequences from individuals who had previously received ARV drugs?

Evidence: A total of 382 (54.3%) of the participants were on an NNRTI-containing regimen at study enrollment, 294 (41.8%) were on a PI-containing regimen, 27 (3.8%) were on an INSTI-containing regimen, and 1 (0.1%) was on a PI and INSTI regimen.

Rationale: The evidence suggests that the paper reports HIV sequences from individuals who had previously received ARV drugs, as the study mentions the use of different ARV regimens at study enrollment.

Answer: Yes
""""""

""""""
Question: Which drug classes were received by individuals in the study before sample sequencing?

Evidence: A total of 382 (54.3%) of the participants were on an NNRTI-containing regimen at study enrollment, 294 (41.8%) were on a PI-containing regimen, 27 (3.8%) were on an INSTI-containing regimen, and 1 (0.1%) was on a PI and INSTI regimen.

Rationale: The evidence suggests that the drug classes received by individuals in the study before sample sequencing include NNRTI, PI, and INSTI.

Answer: NNRTI, PI, and INSTI
""""""

""""""
Question: Which drugs were received by individuals in the study before sample sequencing?

Evidence: Over half of those with DRT results demonstrated DR to abacavir, emtricitabine, lamivudine, efavirenz, and nevirapine, while over 10% had resistance to zidovudine and tenofovir.

Rationale: The evidence suggests that the drugs received by individuals in the study before sample sequencing include abacavir, emtricitabine, lamivudine, efavirenz, nevirapine, zidovudine, and tenofovir.

Answer: Abacavir, emtricitabine, lamivudine, efavirenz, nevirapine, zidovudine, and tenofovir
""""""",73
37910452,,"Here are the answers to the questions in the required format:

""""""
Question: Does the paper report HIV sequences from patient samples?

Evidence: A total of 126 records were retrieved from the databases and supplementary searches. Of these, 49 duplicates were identified and removed. We excluded 56 records after screening titles and abstracts. Twenty-one full-texts were assessed for eligibility, and 14 met our inclusion criteria and were subjected to review.

Rationale: The passage does not explicitly mention HIV sequences from patient samples. However, it mentions that 14 studies were included in the review, which suggests that the paper may report on HIV sequences from patient samples indirectly.

Answer: No

""""""

""""""
Question: Does the paper report in vitro drug susceptibility data?

Evidence: None

Rationale: There is no mention of in vitro drug susceptibility data in the provided passages.

Answer: No

""""""

""""""
Question: Were sequences from the paper made publicly available?

Evidence: Data publicly available for purposes of replicability at figshare (DOI: 10.6084/m9.figshare.24226444 ) and Dryad (DOI: 10.5061/dryad.gtht76hss ).

Rationale: The passage explicitly mentions that the data is publicly available at figshare and Dryad.

Answer: Yes

""""""

""""""
Question: What were the GenBank accession numbers for sequenced HIV isolates?

Evidence: None

Rationale: There is no mention of GenBank accession numbers in the provided passages.

Answer: Not reported

""""""

""""""
Question: How many individuals had samples obtained for HIV sequencing?

Evidence: A total of 4,436 HIV-positive patients were studied across the 14 studies to ascertain their adherence to ART with sample sizes ranging from 25 [ 36 ] to 683 [ 30 ].

Rationale: The passage mentions that 4,436 HIV-positive patients were studied across the 14 studies.

Answer: 4,436

""""""

""""""
Question: From which countries were the sequenced samples obtained?

Evidence: The studies were predominantly conducted in health facilities in the Ashanti (4/14; 28.6%) [ 24, 25, 46, 49 ] and Greater Accra (4/14; 28.6%) [ 23, 26, 36, 50 ] regions of Ghana.

Rationale: The passage mentions that the studies were conducted in Ghana, specifically in the Ashanti and Greater Accra regions.

Answer: Ghana

""""""

""""""
Question: From what years were the sequenced samples obtained?

Evidence: These 14 studies were conducted between 2013 and 2022.

Rationale: The passage mentions that the studies were conducted between 2013 and 2022.

Answer: 2013-2022

""""""

""""""
Question: Were samples cloned prior to sequencing?

Evidence: None

Rationale: There is no mention of cloning prior to sequencing in the provided passages.

Answer: Not reported

""""""

""""""
Question: Which HIV genes were reported to have been sequenced?

Evidence: None

Rationale: There is no mention of specific HIV genes being sequenced in the provided passages.

Answer: Not reported

""""""

""""""
Question: What method was used for sequencing?

Evidence: None

Rationale: There is no mention of the sequencing method used in the provided passages.

Answer: Not reported

""""""

""""""
Question: What type of samples were sequenced?

Evidence: None

Rationale: There is no mention of the type of samples sequenced in the provided passages.

Answer: Not reported

""""""

""""""
Question: Were any sequences obtained from individuals with virological failure on a treatment regimen?

Evidence: None

Rationale: There is no mention of virological failure on a treatment regimen in the provided passages.

Answer: Not reported

""""""

""""""
Question: Were the patients in the study in a clinical trial?

Evidence: Study designs used include surveys [ 23 -- 26, 28, 30, 31, 36, 47 -- 49 ], randomized control trials [ 27, 50 ], and a prospective cohort [ 46 ].

Rationale: The passage mentions that some of the studies included randomized control trials, which suggests that some patients may have been in a clinical trial.

Answer: Some patients may have been in a clinical trial

""""""

""""""
Question: Does the paper report HIV sequences from individuals who had previously received ARV drugs?

Evidence: None

Rationale: There is no mention of HIV sequences from individuals who had previously received ARV drugs in the provided passages.

Answer: Not reported

""""""

""""""
Question: Which drug classes were received by individuals in the study before sample sequencing?

Evidence: None

Rationale: There is no mention of specific drug classes received by individuals in the study before sample sequencing in the provided passages.

Answer: Not reported

""""""

""""""
Question: Which drugs were received by individuals in the study before sample sequencing?

Evidence: None

Rationale: There is no mention of specific drugs received by individuals in the study before sample sequencing in the provided passages.

Answer: Not reported

""""""",56
37914679,,"Here are the answers to the questions based on the provided passages:

""""""
Question: Does the paper report HIV sequences from patient samples?

Evidence: All of the 76 HIV-1-infected patients with baseline plasma pre-existing low-frequency drug resistance mutations were detected by the MiSeq second-generation sequencing platform (Illumina, San Diego, CA, USA).

Rationale: The passage explicitly states that 76 HIV-1-infected patients had their baseline plasma pre-existing low-frequency drug resistance mutations detected by the MiSeq second-generation sequencing platform.

Answer: Yes
""""""

""""""
Question: Does the paper report in vitro drug susceptibility data?

Evidence: None

Rationale: There is no mention of in vitro drug susceptibility data in the provided passages.

Answer: No
""""""

""""""
Question: Were sequences from the paper made publicly available?

Evidence: None

Rationale: There is no mention of the sequences being made publicly available in the provided passages.

Answer: No
""""""

""""""
Question: What were the GenBank accession numbers for sequenced HIV isolates?

Evidence: None

Rationale: There is no mention of GenBank accession numbers in the provided passages.

Answer: Not reported
""""""

""""""
Question: How many individuals had samples obtained for HIV sequencing?

Evidence: A total of 76 patients enrolled in this study had been tested for pre-existing resistance by conventional Sanger sequencing at baseline.

Rationale: The passage explicitly states that 76 patients had their samples obtained for HIV sequencing.

Answer: 76
""""""

""""""
Question: From which countries were the sequenced samples obtained?

Evidence: None

Rationale: There is no mention of the countries from which the sequenced samples were obtained in the provided passages.

Answer: Not reported
""""""

""""""
Question: From what years were the sequenced samples obtained?

Evidence: HIV-1 ART-naïve patients attending the Second Hospital of Nanjing during January 1, 2018 to December 31, 2020.

Rationale: The passage explicitly states that the samples were obtained from patients attending the Second Hospital of Nanjing during 2018 to 2020.

Answer: 2018-2020
""""""

""""""
Question: Were samples cloned prior to sequencing?

Evidence: None

Rationale: There is no mention of cloning prior to sequencing in the provided passages.

Answer: Not reported
""""""

""""""
Question: Which HIV genes were reported to have been sequenced?

Evidence: None

Rationale: There is no mention of specific HIV genes being sequenced in the provided passages.

Answer: Not reported
""""""

""""""
Question: What method was used for sequencing?

Evidence: All of the 76 HIV-1-infected patients with baseline plasma pre-existing low-frequency drug resistance mutations were detected by the MiSeq second-generation sequencing platform (Illumina, San Diego, CA, USA).

Rationale: The passage explicitly states that the MiSeq second-generation sequencing platform was used for sequencing.

Answer: MiSeq second-generation sequencing platform
""""""

""""""
Question: What type of samples were sequenced?

Evidence: All of the 76 HIV-1-infected patients with baseline plasma pre-existing low-frequency drug resistance mutations were detected by the MiSeq second-generation sequencing platform (Illumina, San Diego, CA, USA).

Rationale: The passage explicitly states that plasma samples were sequenced.

Answer: Plasma samples
""""""

""""""
Question: Were any sequences obtained from individuals with virological failure on a treatment regimen?

Evidence: Thirty-eight patients who failed antiviral therapy were defined as the failure group according to the study definition criteria.

Rationale: The passage explicitly states that 38 patients who failed antiviral therapy were included in the study.

Answer: Yes
""""""

""""""
Question: Were the patients in the study in a clinical trial?

Evidence: None

Rationale: There is no mention of a clinical trial in the provided passages.

Answer: Not reported
""""""

""""""
Question: Does the paper report HIV sequences from individuals who had previously received ARV drugs?

Evidence: The initial treatment regimen of patients in this study population was predominantly 2NRTI + NNRTI in 77.6% (59/76), while the remaining 17 patients were on an INSTI-based antiviral regimen.

Rationale: The passage explicitly states that the patients had received ARV drugs as part of their treatment regimen.

Answer: Yes
""""""

""""""
Question: Which drug classes were received by individuals in the study before sample sequencing?

Evidence: The initial treatment regimen of patients in this study population was predominantly 2NRTI + NNRTI in 77.6% (59/76), while the remaining 17 patients were on an INSTI-based antiviral regimen.

Rationale: The passage explicitly states that the patients received 2NRTI + NNRTI or INSTI-based antiviral regimens.

Answer: 2NRTI + NNRTI, INSTI
""""""

""""""
Question: Which drugs were received by individuals in the study before sample sequencing?

Evidence: None

Rationale: There is no mention of specific drugs received by the individuals in the provided passages.

Answer: Not reported
""""""",56
37920909,,"Here are the answers to the questions based on the provided evidence pool:

""""""
Question: Does the paper report HIV sequences from patient samples?

Evidence: After RNA extraction, an in-house genotyping method and standard Sanger sequencing were used to amplify and sequence HIV-1 integrase genes, as described previously. Of 629 newly reported cases, the HIV-1 integrase genes of 601 cases were sequenced successfully.

Rationale: The paper explicitly states that HIV-1 integrase genes were sequenced from patient samples using Sanger sequencing.

Answer: Yes
""""""

""""""
Question: Does the paper report in vitro drug susceptibility data?

Evidence: G140A along with Q148 mutation decreases RAL and EVG sensitivity by >100-fold, reduces CAB susceptibility by approximately 10-fold, and reduces DTG and BIC susceptibility by approximately 2-fold to 5-fold.

Rationale: The paper reports data on the susceptibility of HIV-1 to various drugs, including RAL, EVG, CAB, DTG, and BIC, which suggests in vitro drug susceptibility data.

Answer: Yes
""""""

""""""
Question: Were sequences from the paper made publicly available?

Evidence: None of the passages explicitly state that the sequences were made publicly available.

Rationale: Although the paper mentions the use of GenBank accession numbers, it does not explicitly state that the sequences were made publicly available.

Answer: No
""""""

""""""
Question: What were the GenBank accession numbers for sequenced HIV isolates?

Evidence: None of the passages provide GenBank accession numbers for the sequenced HIV isolates.

Rationale: The paper does not provide GenBank accession numbers for the sequenced HIV isolates.

Answer: Not available
""""""

""""""
Question: How many individuals had samples obtained for HIV sequencing?

Evidence: Of 629 newly reported cases, the HIV-1 integrase genes of 601 cases were sequenced successfully.

Rationale: The paper states that 601 individuals had samples obtained for HIV sequencing.

Answer: 601
""""""

""""""
Question: From which countries were the sequenced samples obtained?

Evidence: None of the passages explicitly state the country of origin for the sequenced samples.

Rationale: Although the paper mentions Tianjin, China, it does not explicitly state that the samples were obtained from China.

Answer: Not available
""""""

""""""
Question: From what years were the sequenced samples obtained?

Evidence: The current study recruited 629 ART-naïve individuals from Tianjin Second People's Hospital between January 1, 2020, and April 1, 2023.

Rationale: The paper states that the samples were obtained between 2020 and 2023.

Answer: 2020-2023
""""""

""""""
Question: Were samples cloned prior to sequencing?

Evidence: None of the passages explicitly state that the samples were cloned prior to sequencing.

Rationale: The paper does not provide information on whether the samples were cloned prior to sequencing.

Answer: Not available
""""""

""""""
Question: Which HIV genes were reported to have been sequenced?

Evidence: After RNA extraction, an in-house genotyping method and standard Sanger sequencing were used to amplify and sequence HIV-1 integrase genes, as described previously.

Rationale: The paper explicitly states that the HIV-1 integrase genes were sequenced.

Answer: HIV-1 integrase genes
""""""

""""""
Question: What method was used for sequencing?

Evidence: After RNA extraction, an in-house genotyping method and standard Sanger sequencing were used to amplify and sequence HIV-1 integrase genes, as described previously.

Rationale: The paper explicitly states that Sanger sequencing was used.

Answer: Sanger sequencing
""""""

""""""
Question: What type of samples were sequenced?

Evidence: None of the passages explicitly state the type of samples sequenced.

Rationale: Although the paper mentions blood collection, it does not explicitly state the type of samples sequenced.

Answer: Not available
""""""

""""""
Question: Were any sequences obtained from individuals with virological failure on a treatment regimen?

Evidence: None of the passages explicitly state that sequences were obtained from individuals with virological failure on a treatment regimen.

Rationale: The paper does not provide information on whether sequences were obtained from individuals with virological failure on a treatment regimen.

Answer: Not available
""""""

""""""
Question: Were the patients in the study in a clinical trial?

Evidence: None of the passages explicitly state that the patients were in a clinical trial.

Rationale: The paper does not provide information on whether the patients were in a clinical trial.

Answer: Not available
""""""

""""""
Question: Does the paper report HIV sequences from individuals who had previously received ARV drugs?

Evidence: The current study recruited 629 ART-naïve individuals from Tianjin Second People's Hospital between January 1, 2020, and April 1, 2023.

Rationale: The paper explicitly states that the individuals were ART-naïve, indicating that they had not previously received ARV drugs.

Answer: No
""""""

""""""
Question: Which drug classes were received by individuals in the study before sample sequencing?

Evidence: None of the passages explicitly state the drug classes received by individuals in the study before sample sequencing.

Rationale: The paper does not provide information on the drug classes received by individuals in the study before sample sequencing.

Answer: Not available
""""""

""""""
Question: Which drugs were received by individuals in the study before sample sequencing?

Evidence: None of the passages explicitly state the drugs received by individuals in the study before sample sequencing.

Rationale: The paper does not provide information on the drugs received by individuals in the study before sample sequencing.

Answer: Not available
""""""",61
37938856,,"Here are the answers to the questions in the required format:

""""""
Question: Does the paper report HIV sequences from patient samples?

Evidence: HIV DRM testing was performed at the two accredited centralized laboratories in Kenya using Sanger sequencing for participants in the intervention group with VL ≥ 1000 copies/ml.

Rationale: The passage mentions that HIV DRM testing was performed using Sanger sequencing, which implies that HIV sequences were obtained from patient samples.

Answer: Yes
""""""

""""""
Question: Does the paper report in vitro drug susceptibility data?

Evidence: None

Rationale: There is no mention of in vitro drug susceptibility data in the provided passages.

Answer: No
""""""

""""""
Question: Were sequences from the paper made publicly available?

Evidence: De-identified participant data, data dictionary or other specified data sets may be made available to others requesting them upon communication with corresponding author, demonstration of appropriate ethic reviews and establishment of data sharing agreements.

Rationale: The passage mentions that de-identified participant data may be made available upon request, but it does not specifically mention sequences.

Answer: Unclear
""""""

""""""
Question: What were the GenBank accession numbers for sequenced HIV isolates?

Evidence: None

Rationale: There is no mention of GenBank accession numbers in the provided passages.

Answer: Not reported
""""""

""""""
Question: How many individuals had samples obtained for HIV sequencing?

Evidence: 411 and 409 allocated to the intervention and control groups, respectively.

Rationale: The passage mentions the number of participants allocated to each group, but it does not specifically mention the number of individuals who had samples obtained for HIV sequencing.

Answer: Unclear
""""""

""""""
Question: From which countries were the sequenced samples obtained?

Evidence: Kenya

Rationale: The passage mentions that the study was conducted in Kenya.

Answer: Kenya
""""""

""""""
Question: From what years were the sequenced samples obtained?

Evidence: February 2019 to November 2022

Rationale: The passage mentions the study period.

Answer: February 2019 to November 2022
""""""

""""""
Question: Were samples cloned prior to sequencing?

Evidence: None

Rationale: There is no mention of cloning in the provided passages.

Answer: Unclear
""""""

""""""
Question: Which HIV genes were reported to have been sequenced?

Evidence: None

Rationale: There is no mention of specific HIV genes being sequenced in the provided passages.

Answer: Not reported
""""""

""""""
Question: What method was used for sequencing?

Evidence: Sanger sequencing

Rationale: The passage mentions that Sanger sequencing was used for HIV DRM testing.

Answer: Sanger sequencing
""""""

""""""
Question: What type of samples were sequenced?

Evidence: None

Rationale: There is no mention of the type of samples sequenced in the provided passages.

Answer: Unclear
""""""

""""""
Question: Were any sequences obtained from individuals with virological failure on a treatment regimen?

Evidence: Yes, among women with viraemia (VL>1000 copies/ml) who underwent successful DRM testing in the intervention group.

Rationale: The passage mentions that DRM testing was performed on women with viraemia.

Answer: Yes
""""""

""""""
Question: Were the patients in the study in a clinical trial?

Evidence: No, the study was a prospective cohort study.

Rationale: The passage mentions that the study was a prospective cohort study, not a clinical trial.

Answer: No
""""""

""""""
Question: Does the paper report HIV sequences from individuals who had previously received ARV drugs?

Evidence: Yes, among women initiating ART, most of whom reported prior exposure to antiretrovirals for prevention of vertical transmission.

Rationale: The passage mentions that most women initiating ART had prior exposure to antiretrovirals.

Answer: Yes
""""""

""""""
Question: Which drug classes were received by individuals in the study before sample sequencing?

Evidence: NNRTI-, PI-, and integrase-containing ART.

Rationale: The passage mentions the types of ART regimens used by the participants.

Answer: NNRTI-, PI-, and integrase-containing ART
""""""

""""""
Question: Which drugs were received by individuals in the study before sample sequencing?

Evidence: Efavirenz, dolutegravir, atazanavir/ritonavir, lamivudine, and tenofovir.

Rationale: The passage mentions the specific drugs used in the ART regimens.

Answer: Efavirenz, dolutegravir, atazanavir/ritonavir, lamivudine, and tenofovir
""""""",51
37941373,,"Here are the answers to the questions in the required format:

""""""
Question: Does the paper report HIV sequences from patient samples?

Evidence: Our study has several limitations, including the exclusive utilization of the IN gene in the phylogenetic analysis, which could potentially limit the accuracy of subtyping and the recognition of CRF. Whole blood samples were harvested and centrifuged at 3000×g for 15 minutes to remove leucocytes, and then plasma (supernatant) was harvested for RNA extraction. HIV-RNA was extracted utilizing a viral nucleic acid extraction kit (Jiangsu Shuoshi), followed by amplification of the target fragment by nested PCR.

Rationale: The paper reports HIV sequences from patient samples, as it mentions the extraction of HIV-RNA from plasma samples and the amplification of the target fragment by nested PCR.

Answer: Yes.
""""""

""""""
Question: Does the paper report in vitro drug susceptibility data?

Evidence: Primarily, INSTI resistance was identified in the CRF07_BC subtype of the virus. A phylogenetic analysis of the IN gene demonstrated that the sequenced strains could be categorized into 13 different subtypes. Importantly, prolonged use of first-generation INSTIs RAL and EVG can lead to rapid development of drug resistance.

Rationale: The paper reports in vitro drug susceptibility data, as it mentions the identification of INSTI resistance in the CRF07_BC subtype of the virus and the development of drug resistance in patients treated with INSTIs.

Answer: Yes.
""""""

""""""
Question: Were sequences from the paper made publicly available?

Evidence: The newly characterized partial pol gene sequences (IN) were aligned with the subtype reference sequences retrieved from the Los Alamos HIV sequence database (http://www.hiv.lanl.gov/) utilizing the CLUSTAL W alignment tool.

Rationale: The paper does not explicitly state that the sequences were made publicly available, but it mentions the use of publicly available reference sequences from the Los Alamos HIV sequence database.

Answer: No.
""""""

""""""
Question: What were the GenBank accession numbers for sequenced HIV isolates?

Evidence: None.

Rationale: The paper does not provide GenBank accession numbers for the sequenced HIV isolates.

Answer: Not available.
""""""

""""""
Question: How many individuals had samples obtained for HIV sequencing?

Evidence: Samples were harvested from 1080 patients, and successful amplification of the IN gene was achieved in 1032 samples.

Rationale: The paper reports that samples were obtained from 1080 patients, and successful amplification of the IN gene was achieved in 1032 samples.

Answer: 1080.
""""""

""""""
Question: From which countries were the sequenced samples obtained?

Evidence: HIV-1-infected inpatients and outpatients who visited Chongqing Public Health Medical Center between July 2019 and August 2022 were enrolled in this study.

Rationale: The paper does not explicitly state the country of origin, but it mentions that the study was conducted at Chongqing Public Health Medical Center, which is located in China.

Answer: China.
""""""

""""""
Question: From what years were the sequenced samples obtained?

Evidence: HIV-1-infected inpatients and outpatients who visited Chongqing Public Health Medical Center between July 2019 and August 2022 were enrolled in this study.

Rationale: The paper reports that the samples were obtained between July 2019 and August 2022.

Answer: 2019-2022.
""""""

""""""
Question: Were samples cloned prior to sequencing?

Evidence: None.

Rationale: The paper does not mention cloning of samples prior to sequencing.

Answer: No.
""""""

""""""
Question: Which HIV genes were reported to have been sequenced?

Evidence: The HIV-1 IN gene was amplified by a validated In-house method.

Rationale: The paper reports that the HIV-1 IN gene was sequenced.

Answer: IN gene.
""""""

""""""
Question: What method was used for sequencing?

Evidence: Sanger dideoxy sequencing was employed for the identification of the clinically significant known drug resistance mutations.

Rationale: The paper reports that Sanger dideoxy sequencing was used for sequencing.

Answer: Sanger dideoxy sequencing.
""""""

""""""
Question: What type of samples were sequenced?

Evidence: Whole blood samples were harvested and centrifuged at 3000×g for 15 minutes to remove leucocytes, and then plasma (supernatant) was harvested for RNA extraction.

Rationale: The paper reports that whole blood samples and plasma samples were sequenced.

Answer: Whole blood and plasma samples.
""""""

""""""
Question: Were any sequences obtained from individuals with virological failure on a treatment regimen?

Evidence: The study participants were then categorized into ART-naive and ART-treated groups. We primarily observed major and/or accessory mutations, which resulted in resistance to INSTIs, within the group of ART-treated patients.

Rationale: The paper reports that sequences were obtained from individuals with virological failure on a treatment regimen, as it mentions the observation of major and/or accessory mutations in the ART-treated group.

Answer: Yes.
""""""

""""""
Question: Were the patients in the study in a clinical trial?

Evidence: None.

Rationale: The paper does not mention that the patients were in a clinical trial.

Answer: No.
""""""

""""""
Question: Does the paper report HIV sequences from individuals who had previously received ARV drugs?

Evidence: The study participants were then categorized into ART-naive and ART-treated groups. We primarily observed major and/or accessory mutations, which resulted in resistance to INSTIs, within the group of ART-treated patients.

Rationale: The paper reports that HIV sequences were obtained from individuals who had previously received ARV drugs, as it mentions the observation of major and/or accessory mutations in the ART-treated group.

Answer: Yes.
""""""

""""""
Question: Which drug classes were received by individuals in the study before sample sequencing?

Evidence: The patients in the ART-treated group were sub-divided into INSTI-treated and INSTI-naive groups. Among the seventeen patients with INSTI resistance, twelve were INSTI-treated, and five were INSTI-naive.

Rationale: The paper reports that the individuals in the study received INSTIs before sample sequencing.

Answer: INSTIs.
""""""

""""""
Question: Which drugs were received by individuals in the study before sample sequencing?

Evidence: The patients in the ART-treated group were sub-divided into INSTI-treated and INSTI-naive groups. Among the seventeen patients with INSTI resistance, twelve were INSTI-treated, and five were INSTI-naive. The patients were treated with dolutegravir, rilpivirine, lamivudine, tenofovir, crizaline and efavirenz, among others.

Rationale: The paper reports that the individuals in the study received dolutegravir, rilpivirine, lamivudine, tenofovir, crizaline, and efavirenz before sample sequencing.

Answer: Dolutegravir, rilpivirine, lamivudine, tenofovir, crizaline, and efavirenz.
""""""",78
37946329,,"Here are the answers to the questions based on the provided passages:

""""""
Question: Does the paper report HIV sequences from patient samples?

Evidence: A total of 1078 patients who failed in ART treatment, the partial pol gene sequence was successfully amplified in 921, and the integrase (INT) gene sequence in 751 patients.

Rationale: The passage explicitly states that the partial pol gene sequence was successfully amplified in 921 patients and the integrase (INT) gene sequence in 751 patients, indicating that the paper reports HIV sequences from patient samples.

Answer: Yes
""""""

""""""
Question: Does the paper report in vitro drug susceptibility data?

Evidence: Predicted resistance to antiretroviral drugs among HIV-1 nucleotide sequences in treatment experienced patients with drug-resistance-associated mutation: Henan, 2018--2022.

Rationale: The passage mentions predicted resistance to antiretroviral drugs, but it does not explicitly state that the data is from in vitro experiments. However, it can be inferred that the data is related to drug susceptibility.

Answer: No
""""""

""""""
Question: Were sequences from the paper made publicly available?

Evidence: The partial pol gene sequences were also successfully amplified in all the patients whose INT genes were sequenced.

Rationale: The passage does not explicitly state that the sequences were made publicly available. However, it mentions that the sequences were successfully amplified, which suggests that they may be available for further analysis.

Answer: No
""""""

""""""
Question: What were the GenBank accession numbers for sequenced HIV isolates?

Evidence: None

Rationale: The passage does not mention GenBank accession numbers for the sequenced HIV isolates.

Answer: Not available
""""""

""""""
Question: How many individuals had samples obtained for HIV sequencing?

Evidence: A total of 1078 patients who failed in ART treatment, the partial pol gene sequence was successfully amplified in 921, and the integrase (INT) gene sequence in 751 patients.

Rationale: The passage explicitly states that 1078 patients had samples obtained for HIV sequencing.

Answer: 1078
""""""

""""""
Question: From which countries were the sequenced samples obtained?

Evidence: The DRM status of people living with HIV (PLWH) refractory to ART (viral load >200 copies/mL) was assessed based on analysis of plasma samples derived from PLWH in the Sixth People's Hospital of Zhengzhou from June 2018 to April 2022.

Rationale: The passage mentions that the samples were obtained from the Sixth People's Hospital of Zhengzhou, which is located in China.

Answer: China
""""""

""""""
Question: From what years were the sequenced samples obtained?

Evidence: The DRM status of people living with HIV (PLWH) refractory to ART (viral load >200 copies/mL) was assessed based on analysis of plasma samples derived from PLWH in the Sixth People's Hospital of Zhengzhou from June 2018 to April 2022.

Rationale: The passage explicitly states that the samples were obtained from June 2018 to April 2022.

Answer: 2018-2022
""""""

""""""
Question: Were samples cloned prior to sequencing?

Evidence: None

Rationale: The passage does not mention whether the samples were cloned prior to sequencing.

Answer: Not available
""""""

""""""
Question: Which HIV genes were reported to have been sequenced?

Evidence: Further, the partial polymerase (pol) and complete integrase gene-coding sequences were amplified, sequenced, and analyzed to identify DRMs.

Rationale: The passage explicitly states that the partial polymerase (pol) and complete integrase gene-coding sequences were sequenced.

Answer: pol and integrase
""""""

""""""
Question: What method was used for sequencing?

Evidence: None

Rationale: The passage does not mention the method used for sequencing.

Answer: Not available
""""""

""""""
Question: What type of samples were sequenced?

Evidence: The DRM status of people living with HIV (PLWH) refractory to ART (viral load >200 copies/mL) was assessed based on analysis of plasma samples derived from PLWH in the Sixth People's Hospital of Zhengzhou from June 2018 to April 2022.

Rationale: The passage mentions that plasma samples were sequenced.

Answer: Plasma
""""""

""""""
Question: Were any sequences obtained from individuals with virological failure on a treatment regimen?

Evidence: A total of 1078 patients who failed in ART treatment, the partial pol gene sequence was successfully amplified in 921, and the integrase (INT) gene sequence in 751 patients.

Rationale: The passage explicitly states that the sequences were obtained from patients who failed in ART treatment, indicating that they had virological failure on a treatment regimen.

Answer: Yes
""""""

""""""
Question: Were the patients in the study in a clinical trial?

Evidence: None

Rationale: The passage does not mention whether the patients were in a clinical trial.

Answer: Not available
""""""

""""""
Question: Does the paper report HIV sequences from individuals who had previously received ARV drugs?

Evidence: The DRM status of people living with HIV (PLWH) refractory to ART (viral load >200 copies/mL) was assessed based on analysis of plasma samples derived from PLWH in the Sixth People's Hospital of Zhengzhou from June 2018 to April 2022.

Rationale: The passage mentions that the patients had previously received ART, which includes ARV drugs.

Answer: Yes
""""""

""""""
Question: Which drug classes were received by individuals in the study before sample sequencing?

Evidence: The incidence of DRMs in ART regimens containing NNRTI, PI, and integrase inhibitor (INI) was 87.7% (582/664), 63.8% (125/196), and 71.0% (22/31), respectively.

Rationale: The passage mentions that the patients received NNRTI, PI, and integrase inhibitor (INI) before sample sequencing.

Answer: NNRTI, PI, and INI
""""""

""""""
Question: Which drugs were received by individuals in the study before sample sequencing?

Evidence: Figure 1 Predicted resistance to antiretroviral drugs among HIV-1 nucleotide sequences in treatment experienced patients with drug-resistance-associated mutation: Henan, 2018--2022.

Rationale: The passage mentions several drugs, including ABC, ATV/r, BIC, D4T, DTG, EFV, FPV/r, FTC, LPV/r, NVP, RAL, and SQV/r, but it does not explicitly state that these drugs were received by the individuals in the study before sample sequencing.

Answer: Not available
""""""",73
37957382,,"Here are the answers to the questions in the required format:

""""""
Question: Does the paper report HIV sequences from patient samples?

Evidence: We sequenced plasma HIV RNA as previously described. Extracted RNA was diluted to single viral genome levels to meet the criteria of single-genome sequencing of having no more than one template in each well, theoretically no more than 25% of wells being positive for HIV. Primers were designed to amplify *pol-env*, a 6.7-kb region (Supplementary Data 1 ). The amplification reaction was performed using 0.5 µl primers (10 µmol), 1 µl (10 mmol) MgSO ~4~, 1 µl (10 mmol) dNTPs and 1 U Platinum Taq Polymerase (Invitrogen) in 25 µl total volume.

Rationale: The passage describes the method used to sequence plasma HIV RNA, indicating that the paper does report HIV sequences from patient samples.

Answer: Yes
""""""

""""""
Question: Does the paper report in vitro drug susceptibility data?

Evidence: For each sequence, the GSS versus the participants' ART regimen was calculated using the Stanford HIV database drug resistance scoring system. The Stanford HIV database provides a weighted penalty score for the effect of every resistance mutation and antiretroviral medication with 0 if there is no expected effect to 60 for high-level resistance.

Rationale: The passage describes the method used to calculate the genotypic susceptibility score (GSS) for each sequence, which is related to drug susceptibility. However, it does not explicitly state that the paper reports in vitro drug susceptibility data.

Answer: No
""""""

""""""
Question: Were sequences from the paper made publicly available?

Evidence: Sequence data were submitted to Genbank (BioProject: PRJNA973660 ). ROADMAP epigenomic data are available at http://www.roadmapepigenomics.org.

Rationale: The passage states that sequence data were submitted to GenBank and that epigenomic data are available online, indicating that the sequences were made publicly available.

Answer: Yes
""""""

""""""
Question: What were the GenBank accession numbers for sequenced HIV isolates?

Evidence: Sequence data were submitted to Genbank (BioProject: PRJNA973660 ).

Rationale: The passage provides the BioProject accession number, but not individual GenBank accession numbers for each isolate.

Answer: Not provided
""""""

""""""
Question: How many individuals had samples obtained for HIV sequencing?

Evidence: A total of 1,987 single-genome proviral sequences and 222 single-genome plasma sequences were generated for the eight participants with NSV.

Rationale: The passage states that samples were obtained from eight participants.

Answer: 8
""""""

""""""
Question: From which countries were the sequenced samples obtained?

Evidence: Not provided

Rationale: The passage does not mention the country of origin for the samples.

Answer: Not provided
""""""

""""""
Question: From what years were the sequenced samples obtained?

Evidence: Not provided

Rationale: The passage does not mention the year of sample collection.

Answer: Not provided
""""""

""""""
Question: Were samples cloned prior to sequencing?

Evidence: Extracted RNA was diluted to single viral genome levels to meet the criteria of single-genome sequencing of having no more than one template in each well, theoretically no more than 25% of wells being positive for HIV.

Rationale: The passage describes the method used to prepare samples for sequencing, which involves diluting RNA to single viral genome levels, but does not explicitly state that samples were cloned.

Answer: No
""""""

""""""
Question: Which HIV genes were reported to have been sequenced?

Evidence: Primers were designed to amplify *pol-env*, a 6.7-kb region (Supplementary Data 1 ).

Rationale: The passage states that the *pol-env* region was amplified, indicating that the pol and env genes were sequenced.

Answer: pol and env
""""""

""""""
Question: What method was used for sequencing?

Evidence: Products underwent Illumina barcoded library construction and MiSeq sequencing.

Rationale: The passage states that Illumina barcoded library construction and MiSeq sequencing were used.

Answer: Illumina barcoded library construction and MiSeq sequencing
""""""

""""""
Question: What type of samples were sequenced?

Evidence: We sequenced plasma HIV RNA as previously described.

Rationale: The passage states that plasma HIV RNA was sequenced.

Answer: Plasma HIV RNA
""""""

""""""
Question: Were any sequences obtained from individuals with virological failure on a treatment regimen?

Evidence: Longitudinal single-genome sequencing of near-full-length proviruses and plasma HIV-1 *pol* - *env* RNA was performed.

Rationale: The passage does not explicitly state that sequences were obtained from individuals with virological failure, but it does describe the study as focusing on non-suppressible viremia (NSV).

Answer: Yes
""""""

""""""
Question: Were the patients in the study in a clinical trial?

Evidence: A participant with non-suppressible viremia enrolled in the HIV Eradication and Latency (HEAL) cohort, a biorepository of Brigham and Women's Hospital, was included as a part of eight NSVs.

Rationale: The passage mentions that one participant was enrolled in the HEAL cohort, but it does not indicate that the study was a clinical trial.

Answer: No
""""""

""""""
Question: Does the paper report HIV sequences from individuals who had previously received ARV drugs?

Evidence: The median (range) FTC-TP level was 5 (4.4--6.7) pmol per punch and TFV-DP level was 3,702 (2,771--6,684) fmol per punch ^24^. These concentrations are consistent with expected levels in ART-suppressed individuals, including the highest odds of suppression and lowest odds of future viremia ^20\,\ 23\,\ 25\,\ 26^.

Rationale: The passage describes the measurement of antiretroviral drug levels in the participants, indicating that they had previously received ARV drugs.

Answer: Yes
""""""

""""""
Question: Which drug classes were received by individuals in the study before sample sequencing?

Evidence: The table in each figure panel shows presence or absence of drug resistance mutations from both clinical testing and the largest plasma clone from single-genome sequencing. The \""(C)\"" denotes a clinical resistance testing result.

Rationale: The passage does not explicitly state which drug classes were received by the individuals, but it does mention the presence or absence of drug resistance mutations.

Answer: Not provided
""""""

""""""
Question: Which drugs were received by individuals in the study before sample sequencing?

Evidence: LV1 and LV2 had plasma dolutegravir and darunavir concentrations consistent with ongoing ART use (Supplementary Table 5 ). LV3 and LV5-9 had DBS tests for tenofovir (TFV-DP, a measure of cumulative tenofovir/tenofovir alafenamide adherence) ^20\,\ 21^ and emtricitabine (FTC-TP, a measure of recent emtricitabine dosing within the preceding 7 days) ^22\,\ 23^.

Rationale: The passage mentions the specific drugs that were detected in the participants' plasma or DBS tests.

Answer: Dolutegravir, darunavir, tenofovir, tenofovir alafenamide, and emtricitabine
""""""",85
37966701,,"Here are the answers to the questions in the required format:

""""""
Question: Does the paper report HIV sequences from patient samples?

Evidence: This study was conducted with data from the Observational Pharmaco-Epidemiology Research & Analysis (OPERA ^®^ ) cohort, which consists of prospectively captured, routine clinical data from electronic health records from 84 clinics in 18 US states and territories. A total of 321 individuals received at least one continuation CAB + RPV LA injection during the study period.

Rationale: The paper does not explicitly mention HIV sequences from patient samples. It mentions that the study was conducted with data from the OPERA cohort, which consists of routine clinical data from electronic health records. The paper focuses on the analysis of continuation injections and virologic outcomes, but does not mention HIV sequences.

Answer: No
""""""

""""""
Question: Does the paper report in vitro drug susceptibility data?

Evidence: Virologic outcomes were assessed among 221 individuals with a viral load < 50 copies/mL at initiation and ≥ 1 follow-up viral load. Most were undetectable (95%) or suppressed (99%) at their last viral load measurement. Virologic suppression was maintained throughout follow-up in 96% of individuals.

Rationale: The paper does not report in vitro drug susceptibility data. It reports virologic outcomes, including viral load measurements and suppression rates, but does not mention in vitro drug susceptibility data.

Answer: No
""""""

""""""
Question: Were sequences from the paper made publicly available?

Evidence: The datasets used in this study are not publicly available due to privacy concerns and the proprietary nature of the database but can be accessed upon reasonable request through the corresponding author to the OPERA Epidemiological and Clinical Advisory Board.

Rationale: The sequences from the paper were not made publicly available due to privacy concerns and the proprietary nature of the database. However, they can be accessed upon reasonable request through the corresponding author.

Answer: No
""""""

""""""
Question: What were the GenBank accession numbers for sequenced HIV isolates?

Evidence: There is no mention of GenBank accession numbers for sequenced HIV isolates in the provided passages.

Rationale: The paper does not mention GenBank accession numbers for sequenced HIV isolates.

Answer: Not available
""""""

""""""
Question: How many individuals had samples obtained for HIV sequencing?

Evidence: A total of 321 individuals received at least one continuation CAB + RPV LA injection during the study period.

Rationale: The paper does not explicitly mention the number of individuals who had samples obtained for HIV sequencing. However, it mentions that 321 individuals received at least one continuation CAB + RPV LA injection during the study period.

Answer: Not available
""""""

""""""
Question: From which countries were the sequenced samples obtained?

Evidence: The study was conducted with data from the OPERA cohort, which consists of prospectively captured, routine clinical data from electronic health records from 84 clinics in 18 US states and territories.

Rationale: The paper does not mention the countries from which the sequenced samples were obtained. However, it mentions that the study was conducted with data from the OPERA cohort, which consists of data from 84 clinics in 18 US states and territories.

Answer: Not available
""""""

""""""
Question: From what years were the sequenced samples obtained?

Evidence: The study included all people with HIV who received their first CAB + RPV LA injection and ≥ 1 continuation injections between 21 January 2021 and 15 March 2022.

Rationale: The paper does not explicitly mention the years from which the sequenced samples were obtained. However, it mentions the time period during which the study was conducted.

Answer: Not available
""""""

""""""
Question: Were samples cloned prior to sequencing?

Evidence: There is no mention of cloning prior to sequencing in the provided passages.

Rationale: The paper does not mention whether samples were cloned prior to sequencing.

Answer: Not available
""""""

""""""
Question: Which HIV genes were reported to have been sequenced?

Evidence: There is no mention of HIV genes being sequenced in the provided passages.

Rationale: The paper does not mention which HIV genes were reported to have been sequenced.

Answer: Not available
""""""

""""""
Question: What method was used for sequencing?

Evidence: There is no mention of a sequencing method in the provided passages.

Rationale: The paper does not mention the method used for sequencing.

Answer: Not available
""""""

""""""
Question: What type of samples were sequenced?

Evidence: There is no mention of sample types being sequenced in the provided passages.

Rationale: The paper does not mention the type of samples that were sequenced.

Answer: Not available
""""""

""""""
Question: Were any sequences obtained from individuals with virological failure on a treatment regimen?

Evidence: Four confirmed virologic failures were observed over a range of 6--36 weeks after the first injections, three of which resulted in CAB + RPV LA discontinuation; resistance data were not available.

Rationale: The paper mentions that four confirmed virologic failures were observed, but does not mention whether sequences were obtained from these individuals.

Answer: Not available
""""""

""""""
Question: Were the patients in the study in a clinical trial?

Evidence: The OPERA cohort is comprised of EHR data from routine clinical care in the US, and, thus, off-label use may be observed when such use is deemed appropriate by the healthcare provider.

Rationale: The paper does not mention whether the patients in the study were in a clinical trial. However, it mentions that the OPERA cohort is comprised of EHR data from routine clinical care in the US.

Answer: No
""""""

""""""
Question: Does the paper report HIV sequences from individuals who had previously received ARV drugs?

Evidence: There is no mention of HIV sequences from individuals who had previously received ARV drugs in the provided passages.

Rationale: The paper does not mention HIV sequences from individuals who had previously received ARV drugs.

Answer: Not available
""""""

""""""
Question: Which drug classes were received by individuals in the study before sample sequencing?

Evidence: There is no mention of drug classes received by individuals in the study before sample sequencing in the provided passages.

Rationale: The paper does not mention which drug classes were received by individuals in the study before sample sequencing.

Answer: Not available
""""""

""""""
Question: Which drugs were received by individuals in the study before sample sequencing?

Evidence: There is no mention of specific drugs received by individuals in the study before sample sequencing in the provided passages.

Rationale: The paper does not mention which specific drugs were received by individuals in the study before sample sequencing.

Answer: Not available
""""""",72
37973713,,"Here are the answers to the questions in the required format:

""""""
Question: Does the paper report HIV sequences from patient samples?

Evidence: The drug resistance genotyping of HIV-1 protease (PR) and reverse transcriptase (RT) coding region was performed based on a Sanger sequencing method with use of commercially available ViroSeq HIV-1 Genotyping System (Abbott Molecular, Des Plains, IL, USA). The sequences were submitted to the Stanford University HIV Drug Resistance Database (http://hivdb.stanford.edu) in order to comparison of potential differences in the interpretation of the significance of genetic variants detected.

Rationale: The passage mentions that HIV sequences were obtained from patient samples and were analyzed using a Sanger sequencing method.

Answer: Yes
""""""

""""""
Question: Does the paper report in vitro drug susceptibility data?

Evidence: Among the analyzed cohorts we assessed the presence of HIV DRMs. In the group of patients from eastern countries there were 23 (37.70%), and in the group of Polish patients 28 individuals (50.00%) with DRMs (p = 0.218), which corresponded to 43.59% of all recruited patients.

Rationale: The passage does not mention in vitro drug susceptibility data, but it does mention the presence of HIV DRMs, which is related to drug susceptibility.

Answer: No
""""""

""""""
Question: Were sequences from the paper made publicly available?

Evidence: The sequences were submitted to the Stanford University HIV Drug Resistance Database (http://hivdb.stanford.edu) in order to comparison of potential differences in the interpretation of the significance of genetic variants detected.

Rationale: The passage mentions that the sequences were submitted to a public database, which suggests that they are publicly available.

Answer: Yes
""""""

""""""
Question: What were the GenBank accession numbers for sequenced HIV isolates?

Evidence: Not mentioned in the provided passages.

Rationale: The passages do not mention GenBank accession numbers.

Answer: Not mentioned
""""""

""""""
Question: How many individuals had samples obtained for HIV sequencing?

Evidence: The inclusion and exclusion criteria met 117 patients.

Rationale: The passage mentions that 117 patients had samples obtained for HIV sequencing.

Answer: 117
""""""

""""""
Question: From which countries were the sequenced samples obtained?

Evidence: Among patients from eastern countries there were 58 patients (95.08%) from Ukraine (11 war refugees and 47 patients who arrived to Poland before the onset of war), 3 patients (4.92%) from: Belarus, Georgia and Kazakhstan.

Rationale: The passage mentions that the sequenced samples were obtained from Ukraine, Belarus, Georgia, and Kazakhstan.

Answer: Ukraine, Belarus, Georgia, and Kazakhstan
""""""

""""""
Question: From what years were the sequenced samples obtained?

Evidence: The patients were recruited during 2 years period (2020--2022).

Rationale: The passage mentions that the samples were obtained between 2020 and 2022.

Answer: 2020-2022
""""""

""""""
Question: Were samples cloned prior to sequencing?

Evidence: Not mentioned in the provided passages.

Rationale: The passages do not mention whether the samples were cloned prior to sequencing.

Answer: Not mentioned
""""""

""""""
Question: Which HIV genes were reported to have been sequenced?

Evidence: The drug resistance genotyping of HIV-1 protease (PR) and reverse transcriptase (RT) coding region was performed based on a Sanger sequencing method with use of commercially available ViroSeq HIV-1 Genotyping System (Abbott Molecular, Des Plains, IL, USA).

Rationale: The passage mentions that the HIV-1 protease (PR) and reverse transcriptase (RT) coding region were sequenced.

Answer: HIV-1 protease (PR) and reverse transcriptase (RT)
""""""

""""""
Question: What method was used for sequencing?

Evidence: The drug resistance genotyping of HIV-1 protease (PR) and reverse transcriptase (RT) coding region was performed based on a Sanger sequencing method with use of commercially available ViroSeq HIV-1 Genotyping System (Abbott Molecular, Des Plains, IL, USA).

Rationale: The passage mentions that a Sanger sequencing method was used.

Answer: Sanger sequencing
""""""

""""""
Question: What type of samples were sequenced?

Evidence: Not mentioned in the provided passages.

Rationale: The passages do not mention the type of samples that were sequenced.

Answer: Not mentioned
""""""

""""""
Question: Were any sequences obtained from individuals with virological failure on a treatment regimen?

Evidence: Only 3.5--5% of the patients under the observation had detectable HIV-1 viral load after 6 months from the initiation of the therapy, which is consistent with the results from RCT trails [42, 43].

Rationale: The passage mentions that some patients had detectable HIV-1 viral load after 6 months from the initiation of therapy, which could indicate virological failure.

Answer: Yes
""""""

""""""
Question: Were the patients in the study in a clinical trial?

Evidence: The clinical trial recruited 117 individuals during 2 years period (2020--2022).

Rationale: The passage mentions that the study was a clinical trial.

Answer: Yes
""""""

""""""
Question: Does the paper report HIV sequences from individuals who had previously received ARV drugs?

Evidence: Inclusion criteria were recent diagnosis with HIV-1 infection (newly recognized patients), no history of ART, age 18 years or older.

Rationale: The passage mentions that the patients had no history of ART, which suggests that they had not previously received ARV drugs.

Answer: No
""""""

""""""
Question: Which drug classes were received by individuals in the study before sample sequencing?

Evidence: Not mentioned in the provided passages.

Rationale: The passages do not mention which drug classes were received by individuals in the study before sample sequencing.

Answer: Not mentioned
""""""

""""""
Question: Which drugs were received by individuals in the study before sample sequencing?

Evidence: Not mentioned in the provided passages.

Rationale: The passages do not mention which drugs were received by individuals in the study before sample sequencing.

Answer: Not mentioned
""""""",68
37976080,,"Here are the answers to the questions in the required format:

""""""
Question: Does the paper report HIV sequences from patient samples?

Evidence: Sequencher (version 4.10.1, Gene Codes Corp) software was used to recombine and edit the original sequence fragments and nucleosides. BioEdit (version 7.0.9, Informer Technologies) software was used to realign the HXB2 reference sequence. The sequences were realigned, and some common reference sequences (including A to K) were used to identify the subtype by constructing neighbor joining phylogenetic trees in MEGA (version 7.0.26, MEGA Software).

Rationale: The passage mentions the use of software to recombine, edit, and realign sequence fragments, indicating that the paper reports HIV sequences from patient samples.

Answer: Yes
""""""

""""""
Question: Does the paper report in vitro drug susceptibility data?

Evidence: None

Rationale: There is no mention of in vitro drug susceptibility data in the provided passages.

Answer: No
""""""

""""""
Question: Were sequences from the paper made publicly available?

Evidence: Realigned sequences were uploaded to the Stanford Drug Resistance Database [ 26 ] to identify the degree of resistance of the 12 listed drugs that the WHO recommends for monitoring.

Rationale: The passage mentions that the sequences were uploaded to the Stanford Drug Resistance Database, indicating that they were made publicly available.

Answer: Yes
""""""

""""""
Question: What were the GenBank accession numbers for sequenced HIV isolates?

Evidence: None

Rationale: There is no mention of GenBank accession numbers in the provided passages.

Answer: Not reported
""""""

""""""
Question: How many individuals had samples obtained for HIV sequencing?

Evidence: A total of 2869 HIV-positive individuals were initially recruited into the study. After removal of 16 HIV-positive individuals who were younger than 18 years and 9 individuals who had not started ART, the penultimate sample size was 2844. PDR test results were available for 90.3% (n=2568) of participants in RT/PR regions, thus yielding a final sample size of 2568.

Rationale: The passage mentions the initial recruitment of 2869 individuals and the final sample size of 2568 after exclusions.

Answer: 2568
""""""

""""""
Question: From which countries were the sequenced samples obtained?

Evidence: This cross-sectional study was conducted using 2-stage systematic sampling according to the World Health Organization's surveillance guidelines in 8 provincial-level administrative divisions in 2022.

Rationale: The passage mentions that the study was conducted in 8 provincial-level administrative divisions, but does not specify the country. However, based on the context, it is likely that the study was conducted in China.

Answer: China
""""""

""""""
Question: From what years were the sequenced samples obtained?

Evidence: Recruitment and specimen collection of HIV-positive individuals occurred in 2022 as individuals initiated ART.

Rationale: The passage mentions that the recruitment and specimen collection occurred in 2022.

Answer: 2022
""""""

""""""
Question: Were samples cloned prior to sequencing?

Evidence: None

Rationale: There is no mention of cloning prior to sequencing in the provided passages.

Answer: Not reported
""""""

""""""
Question: Which HIV genes were reported to have been sequenced?

Evidence: The amplified products were sequenced by Sanger sequencing. This covered the PR region (4-99 amino acids) and the partial RT region (1-251 amino acids) [ 24 ].

Rationale: The passage mentions that the PR and RT regions were sequenced.

Answer: PR and RT regions
""""""

""""""
Question: What method was used for sequencing?

Evidence: The amplified products were sequenced by Sanger sequencing.

Rationale: The passage mentions that Sanger sequencing was used.

Answer: Sanger sequencing
""""""

""""""
Question: What type of samples were sequenced?

Evidence: Viral RNA was extracted from 200 µL plasma samples using the QIAamp viral RNA mini kit (Qiagen, Hilton, Germany) according to the operational instructions.

Rationale: The passage mentions that plasma samples were used.

Answer: Plasma samples
""""""

""""""
Question: Were any sequences obtained from individuals with virological failure on a treatment regimen?

Evidence: None

Rationale: There is no mention of virological failure on a treatment regimen in the provided passages.

Answer: Not reported
""""""

""""""
Question: Were the patients in the study in a clinical trial?

Evidence: None

Rationale: There is no mention of a clinical trial in the provided passages.

Answer: Not reported
""""""

""""""
Question: Does the paper report HIV sequences from individuals who had previously received ARV drugs?

Evidence: Among 2568 included study participants, 3.2% (n=81) had prior ARV exposure.

Rationale: The passage mentions that 3.2% of the study participants had prior ARV exposure.

Answer: Yes
""""""

""""""
Question: Which drug classes were received by individuals in the study before sample sequencing?

Evidence: Results of the multivariable analysis indicated that individuals who had prior ARV drug exposure had 7.45 times greater odds of PDR compared to those without prior ARV drug exposure.

Rationale: The passage mentions that individuals with prior ARV drug exposure had increased odds of PDR, but does not specify the drug classes.

Answer: Not reported
""""""

""""""
Question: Which drugs were received by individuals in the study before sample sequencing?

Evidence: None

Rationale: There is no mention of specific drugs received by individuals in the study before sample sequencing in the provided passages.

Answer: Not reported
""""""",63
37976185,,"Here are the answers to the questions in the required format:

""""""
Question: Does the paper report HIV sequences from patient samples?

Evidence: We included people with HIV newly diagnosed between 2015 and 2022, assigned for partner services, for whom a genotype obtained within 30 days of diagnosis was available in the NYC HIV Surveillance Registry. HIV-related laboratory results (CD4 cell count, HIV viral load [VL], and HIV-1 genotype sequences [Sanger or consensus sequences when next-generation sequencing is conducted]) are reported to the health department and stored in the Registry and laboratory databases.

Rationale: The passage mentions that the study included people with HIV newly diagnosed between 2015 and 2022, and that HIV-related laboratory results, including HIV-1 genotype sequences, were reported to the health department and stored in the Registry and laboratory databases.

Answer: Yes
""""""

""""""
Question: Does the paper report in vitro drug susceptibility data?

Evidence: None

Rationale: There is no mention of in vitro drug susceptibility data in the provided passages.

Answer: No
""""""

""""""
Question: Were sequences from the paper made publicly available?

Evidence: None

Rationale: There is no mention of the sequences being made publicly available in the provided passages.

Answer: Unknown
""""""

""""""
Question: What were the GenBank accession numbers for sequenced HIV isolates?

Evidence: None

Rationale: There is no mention of GenBank accession numbers in the provided passages.

Answer: Unknown
""""""

""""""
Question: How many individuals had samples obtained for HIV sequencing?

Evidence: Of 10 356 people with a new HIV diagnosis assigned for partner services in this time period, a total of 4246 (40%) had an available genotype obtained within 30 days of diagnosis and comprised our analytic population.

Rationale: The passage mentions that 4246 people had an available genotype obtained within 30 days of diagnosis.

Answer: 4246
""""""

""""""
Question: From which countries were the sequenced samples obtained?

Evidence: None

Rationale: There is no mention of the countries from which the sequenced samples were obtained in the provided passages.

Answer: Unknown
""""""

""""""
Question: From what years were the sequenced samples obtained?

Evidence: We included people with HIV newly diagnosed between 2015 and 2022, assigned for partner services, for whom a genotype obtained within 30 days of diagnosis was available in the NYC HIV Surveillance Registry.

Rationale: The passage mentions that the study included people with HIV newly diagnosed between 2015 and 2022.

Answer: 2015-2022
""""""

""""""
Question: Were samples cloned prior to sequencing?

Evidence: None

Rationale: There is no mention of cloning prior to sequencing in the provided passages.

Answer: Unknown
""""""

""""""
Question: Which HIV genes were reported to have been sequenced?

Evidence: HIV-related laboratory results (CD4 cell count, HIV viral load [VL], and HIV-1 genotype sequences [Sanger or consensus sequences when next-generation sequencing is conducted]) are reported to the health department and stored in the Registry and laboratory databases.

Rationale: The passage mentions that HIV-1 genotype sequences were reported to the health department and stored in the Registry and laboratory databases.

Answer: HIV-1
""""""

""""""
Question: What method was used for sequencing?

Evidence: HIV-related laboratory results (CD4 cell count, HIV viral load [VL], and HIV-1 genotype sequences [Sanger or consensus sequences when next-generation sequencing is conducted]) are reported to the health department and stored in the Registry and laboratory databases.

Rationale: The passage mentions that Sanger or consensus sequences when next-generation sequencing is conducted were used for sequencing.

Answer: Sanger or next-generation sequencing
""""""

""""""
Question: What type of samples were sequenced?

Evidence: None

Rationale: There is no mention of the type of samples sequenced in the provided passages.

Answer: Unknown
""""""

""""""
Question: Were any sequences obtained from individuals with virological failure on a treatment regimen?

Evidence: None

Rationale: There is no mention of virological failure on a treatment regimen in the provided passages.

Answer: Unknown
""""""

""""""
Question: Were the patients in the study in a clinical trial?

Evidence: None

Rationale: There is no mention of a clinical trial in the provided passages.

Answer: Unknown
""""""

""""""
Question: Does the paper report HIV sequences from individuals who had previously received ARV drugs?

Evidence: PrEP use and dates were determined through self-report and medical record review, leading to a potential for recall and information bias, as well as differential misclassification of PrEP use and timing.

Rationale: The passage mentions that PrEP use and dates were determined through self-report and medical record review, which suggests that some individuals may have previously received ARV drugs.

Answer: Yes
""""""

""""""
Question: Which drug classes were received by individuals in the study before sample sequencing?

Evidence: We assessed for PrEP using TDF/TAF with FTC and did not differentiate between daily or event-driven dosing.

Rationale: The passage mentions that PrEP using TDF/TAF with FTC was assessed.

Answer: TDF/TAF with FTC
""""""

""""""
Question: Which drugs were received by individuals in the study before sample sequencing?

Evidence: We assessed for PrEP using TDF/TAF with FTC and did not differentiate between daily or event-driven dosing.

Rationale: The passage mentions that PrEP using TDF/TAF with FTC was assessed.

Answer: TDF/TAF with FTC
""""""",61
37993493,,"Here are the answers to the questions in the required format:

""""""
Question: Does the paper report HIV sequences from patient samples?

Evidence: Viral load testing was performed using Roche cobas 6800/8800 systems. Given that we followed the current Tanzania national HIV treatment guidelines, only samples with viral load count ≥ 1000 copies/mL were subjected to analysis of HIVDR mutations.

Rationale: The passage mentions that viral load testing was performed, and samples with a viral load count ≥ 1000 copies/mL were subjected to analysis of HIVDR mutations, indicating that HIV sequences from patient samples were reported.

Answer: Yes
""""""

""""""
Question: Does the paper report in vitro drug susceptibility data?

Evidence: The drug susceptibility assessment based on the patterns of mutations per patient is illustrated in Fig. 3. The detection of high-level resistance against NRTs and NNRTIs was consistent with patients' treatment history.

Rationale: The passage mentions that the drug susceptibility assessment was performed, and the results are illustrated in Fig. 3, indicating that in vitro drug susceptibility data was reported.

Answer: Yes
""""""

""""""
Question: Were sequences from the paper made publicly available?

Evidence: Data used for analysis to produce this manuscript are available for secondary analysis from the corresponding author or the DUCS Platform database management upon request.

Rationale: The passage mentions that the data is available for secondary analysis upon request, indicating that the sequences are not publicly available but can be obtained through a request.

Answer: No
""""""

""""""
Question: What were the GenBank accession numbers for sequenced HIV isolates?

Evidence: Not mentioned in the provided passages.

Rationale: The passages do not mention the GenBank accession numbers for the sequenced HIV isolates.

Answer: Not available
""""""

""""""
Question: How many individuals had samples obtained for HIV sequencing?

Evidence: Between February and May 2023, 7083 treated patients were screened from the HIV care and treatment clinics in the DUCS platform for eligibility criteria and 1651 patients were found eligible for inclusion.

Rationale: The passage mentions that 1651 patients were found eligible for inclusion, but it does not specify how many individuals had samples obtained for HIV sequencing. However, it is mentioned that 33 samples were eligible for genotyping.

Answer: 33
""""""

""""""
Question: From which countries were the sequenced samples obtained?

Evidence: The study was conducted in Tanzania, specifically in the Dar es Salaam Urban Cohort Study (DUCS) area.

Rationale: The passage mentions that the study was conducted in Tanzania, indicating that the sequenced samples were obtained from Tanzania.

Answer: Tanzania
""""""

""""""
Question: From what years were the sequenced samples obtained?

Evidence: The study was conducted between February and May 2023.

Rationale: The passage mentions that the study was conducted between February and May 2023, indicating that the sequenced samples were obtained during this time period.

Answer: 2023
""""""

""""""
Question: Were samples cloned prior to sequencing?

Evidence: Not mentioned in the provided passages.

Rationale: The passages do not mention whether the samples were cloned prior to sequencing.

Answer: Not available
""""""

""""""
Question: Which HIV genes were reported to have been sequenced?

Evidence: The sequenced codons were 6--99, 1--251, and 1--288, for protease, reverse transcriptase and integrase proteins, respectively.

Rationale: The passage mentions that the sequenced codons were for protease, reverse transcriptase, and integrase proteins, indicating that these HIV genes were reported to have been sequenced.

Answer: Protease, reverse transcriptase, and integrase
""""""

""""""
Question: What method was used for sequencing?

Evidence: We used Management and Development for Health (MDH) WHO adapted protocol (Unpublished) to perform HIVDR testing using the 3500xL genetic analyser (Applied Biosystems), a capillary sequencer using Sanger-style sequencing.

Rationale: The passage mentions that the 3500xL genetic analyser was used for sequencing, indicating that Sanger-style sequencing was the method used.

Answer: Sanger-style sequencing
""""""

""""""
Question: What type of samples were sequenced?

Evidence: Blood sample collection, transportation and storage were treated according to the Temeke Regional Referral Hospital- Specialized Laboratory protocol.

Rationale: The passage mentions that blood samples were collected, indicating that the type of samples sequenced were blood samples.

Answer: Blood samples
""""""

""""""
Question: Were any sequences obtained from individuals with virological failure on a treatment regimen?

Evidence: Five SDRMs (T66I, G118R, E138K, G140A, Q148K) associated with INSTI resistance were detected, of which E138K was the most common 4/30.

Rationale: The passage mentions that SDRMs associated with INSTI resistance were detected, indicating that sequences were obtained from individuals with virological failure on a treatment regimen.

Answer: Yes
""""""

""""""
Question: Were the patients in the study in a clinical trial?

Evidence: Not mentioned in the provided passages.

Rationale: The passages do not mention whether the patients were in a clinical trial.

Answer: Not available
""""""

""""""
Question: Does the paper report HIV sequences from individuals who had previously received ARV drugs?

Evidence: Patients with INSTI mutations and high level INSTI resistance (MC-243, MC-367 and CR-048) had a history of using DTG-based regimen.

Rationale: The passage mentions that patients with INSTI mutations had a history of using DTG-based regimen, indicating that the paper reports HIV sequences from individuals who had previously received ARV drugs.

Answer: Yes
""""""

""""""
Question: Which drug classes were received by individuals in the study before sample sequencing?

Evidence: Patients with INSTI mutations and high level INSTI resistance (MC-243, MC-367 and CR-048) had a history of using DTG-based regimen.

Rationale: The passage mentions that patients had a history of using DTG-based regimen, indicating that the drug class received by individuals in the study before sample sequencing was INSTI.

Answer: INSTI
""""""

""""""
Question: Which drugs were received by individuals in the study before sample sequencing?

Evidence: Patients with INSTI mutations and high level INSTI resistance (MC-243, MC-367 and CR-048) had a history of using DTG-based regimen.

Rationale: The passage mentions that patients had a history of using DTG-based regimen, indicating that the drug received by individuals in the study before sample sequencing was DTG.

Answer: DTG
""""""",74
38005921,,"Here are the answers to the questions in the required format:

""""""
Question: Does the paper report HIV sequences from patient samples?

Evidence: We used 'genotype--phenotype' datasets, which describe a relationship between a viral genotype and the phenotypic manifestation of resistance to protease, and reverse transcriptase and integrase inhibitors from the Stanford HIV Drug Resistance Database [27]. The total dataset contained 1958 protease inhibitor (PI) samples, 1707 nucleoside reverse transcriptase inhibitors (NRTI), and 1819 non-nucleoside reverse transcriptase inhibitors (NNRTI) samples.

Rationale: The paper mentions the use of genotype-phenotype datasets from the Stanford HIV Drug Resistance Database, which includes HIV sequences from patient samples.

Answer: Yes
""""""

""""""
Question: Does the paper report in vitro drug susceptibility data?

Evidence: The experimental level of resistance provided in the dataset was determined using the Phenosense test system.

Rationale: The paper mentions the use of the Phenosense test system to determine the experimental level of resistance, which suggests that in vitro drug susceptibility data is reported.

Answer: Yes
""""""

""""""
Question: Were sequences from the paper made publicly available?

Evidence: The datasets used for building models for the web-service is provided in Supplementary Materials.

Rationale: The paper mentions that the datasets used for building models are provided in Supplementary Materials, which suggests that the sequences are made publicly available.

Answer: Yes
""""""

""""""
Question: What were the GenBank accession numbers for sequenced HIV isolates?

Evidence: Not mentioned in the provided passages.

Rationale: The GenBank accession numbers for sequenced HIV isolates are not mentioned in the provided passages.

Answer: Not mentioned
""""""

""""""
Question: How many individuals had samples obtained for HIV sequencing?

Evidence: The total dataset contained 1958 protease inhibitor (PI) samples, 1707 nucleoside reverse transcriptase inhibitors (NRTI), and 1819 non-nucleoside reverse transcriptase inhibitors (NNRTI) samples.

Rationale: The paper mentions the total number of samples in the dataset, but it does not provide information on the number of individuals.

Answer: Not mentioned
""""""

""""""
Question: From which countries were the sequenced samples obtained?

Evidence: Not mentioned in the provided passages.

Rationale: The countries from which the sequenced samples were obtained are not mentioned in the provided passages.

Answer: Not mentioned
""""""

""""""
Question: From what years were the sequenced samples obtained?

Evidence: The training set included the sequences from the Stanford HIV Drug Resistance Database that came from studies published no later than in 2018, while the rest of the sequences (which came from the studies published after 2018) were used as the test set.

Rationale: The paper mentions that the sequences were obtained from studies published up to 2018, but it does not provide specific information on the years.

Answer: Up to 2018
""""""

""""""
Question: Were samples cloned prior to sequencing?

Evidence: Not mentioned in the provided passages.

Rationale: The paper does not mention whether the samples were cloned prior to sequencing.

Answer: Not mentioned
""""""

""""""
Question: Which HIV genes were reported to have been sequenced?

Evidence: The amino acid sequences of HIV enzymes with values representing the levels of phenotypic resistance.

Rationale: The paper mentions that the amino acid sequences of HIV enzymes were used, but it does not specify which genes were sequenced.

Answer: Not specified
""""""

""""""
Question: What method was used for sequencing?

Evidence: Not mentioned in the provided passages.

Rationale: The paper does not mention the method used for sequencing.

Answer: Not mentioned
""""""

""""""
Question: What type of samples were sequenced?

Evidence: The amino acid sequences of protease and reverse transcriptase.

Rationale: The paper mentions that the amino acid sequences of protease and reverse transcriptase were used, which suggests that the samples were protein-based.

Answer: Protein-based
""""""

""""""
Question: Were any sequences obtained from individuals with virological failure on a treatment regimen?

Evidence: Not mentioned in the provided passages.

Rationale: The paper does not mention whether any sequences were obtained from individuals with virological failure on a treatment regimen.

Answer: Not mentioned
""""""

""""""
Question: Were the patients in the study in a clinical trial?

Evidence: Not mentioned in the provided passages.

Rationale: The paper does not mention whether the patients were in a clinical trial.

Answer: Not mentioned
""""""

""""""
Question: Does the paper report HIV sequences from individuals who had previously received ARV drugs?

Evidence: The datasets used for building models for the web-service is provided in Supplementary Materials.

Rationale: The paper mentions that the datasets used for building models are provided in Supplementary Materials, but it does not specify whether the individuals had previously received ARV drugs.

Answer: Not specified
""""""

""""""
Question: Which drug classes were received by individuals in the study before sample sequencing?

Evidence: The total dataset contained 1958 protease inhibitor (PI) samples, 1707 nucleoside reverse transcriptase inhibitors (NRTI), and 1819 non-nucleoside reverse transcriptase inhibitors (NNRTI) samples.

Rationale: The paper mentions the different classes of drugs used in the study, including protease inhibitors, nucleoside reverse transcriptase inhibitors, and non-nucleoside reverse transcriptase inhibitors.

Answer: Protease inhibitors, nucleoside reverse transcriptase inhibitors, non-nucleoside reverse transcriptase inhibitors
""""""

""""""
Question: Which drugs were received by individuals in the study before sample sequencing?

Evidence: Not mentioned in the provided passages.

Rationale: The paper does not mention the specific drugs received by individuals in the study.

Answer: Not mentioned
""""""",64
38020274,,"Here are the answers to the questions in the required format:

""""""
Question: Does the paper report HIV sequences from patient samples?

Evidence: The sequences obtained were assembled and edited using Recall CDC Atlanta GA USA software and drug resistance mutations (DRMs) interpreted using Stanford HIVdb.v8.8; Subtyping was done using MEGA v10 for molecular phylogeny.

Rationale: The passage mentions that the sequences obtained were assembled and edited, and subtyping was done, which indicates that the paper reports HIV sequences from patient samples.

Answer: Yes
""""""

""""""
Question: Does the paper report in vitro drug susceptibility data?

Evidence: Considered effective were ARVs with susceptibility scores #x003C;30 according to the Stanford HIVDR database.

Rationale: The passage mentions susceptibility scores, which indicates that the paper reports in vitro drug susceptibility data.

Answer: Yes
""""""

""""""
Question: Were sequences from the paper made publicly available?

Evidence: No evidence found.

Rationale: There is no mention of the sequences being made publicly available.

Answer: No
""""""

""""""
Question: What were the GenBank accession numbers for sequenced HIV isolates?

Evidence: No evidence found.

Rationale: There is no mention of GenBank accession numbers.

Answer: Not reported
""""""

""""""
Question: How many individuals had samples obtained for HIV sequencing?

Evidence: Overall, 311 APHI were included at the enrolment phase (T1) with 272 followed-up at 6-months (T2), and 243 at 12-months (T3).

Rationale: The passage mentions the number of individuals included in the study.

Answer: 311
""""""

""""""
Question: From which countries were the sequenced samples obtained?

Evidence: The study was conducted in Cameroon.

Rationale: The passage mentions the location of the study.

Answer: Cameroon
""""""

""""""
Question: From what years were the sequenced samples obtained?

Evidence: A prospective cohort-study was conducted from 2018-2020 among 311 APHI receiving ART in one of the selected health facilities within the 'Resistance Evolution among Adolescents in Yaoundé and its surroundings' (READY-study) in the Centre region of Cameroon.

Rationale: The passage mentions the years during which the study was conducted.

Answer: 2018-2020
""""""

""""""
Question: Were samples cloned prior to sequencing?

Evidence: No evidence found.

Rationale: There is no mention of cloning prior to sequencing.

Answer: No
""""""

""""""
Question: Which HIV genes were reported to have been sequenced?

Evidence: Sequencing of the HIV-1 polymerase and reverse transcriptase gene regions.

Rationale: The passage mentions the specific genes that were sequenced.

Answer: HIV-1 polymerase and reverse transcriptase
""""""

""""""
Question: What method was used for sequencing?

Evidence: No evidence found.

Rationale: There is no mention of the sequencing method used.

Answer: Not reported
""""""

""""""
Question: What type of samples were sequenced?

Evidence: Blood samples stored at -80˚C.

Rationale: The passage mentions the type of samples used for sequencing.

Answer: Blood samples
""""""

""""""
Question: Were any sequences obtained from individuals with virological failure on a treatment regimen?

Evidence: Sequencing was performed in participants experiencing VF, which has HIVDR as one of its main causal factors.

Rationale: The passage mentions that sequencing was performed on individuals with virological failure.

Answer: Yes
""""""

""""""
Question: Were the patients in the study in a clinical trial?

Evidence: No evidence found.

Rationale: There is no mention of a clinical trial.

Answer: No
""""""

""""""
Question: Does the paper report HIV sequences from individuals who had previously received ARV drugs?

Evidence: Majority of our study participants were on first line RTI-based ART, with good adherence and median duration on ART of 36\[21-81\] months.

Rationale: The passage mentions that the study participants had previously received ARV drugs.

Answer: Yes
""""""

""""""
Question: Which drug classes were received by individuals in the study before sample sequencing?

Evidence: Majority of our study participants were on first line RTI-based ART.

Rationale: The passage mentions the drug class received by the study participants.

Answer: RTI-based ART
""""""

""""""
Question: Which drugs were received by individuals in the study before sample sequencing?

Evidence: Fixed dose combination of NRTIs (such as d4T, 3TC) and NNRTIs (such as NVP) were widely used during early ARV rollout in the Cameroonian HIV programme.

Rationale: The passage mentions the specific drugs received by the study participants.

Answer: d4T, 3TC, NVP
""""""",53
38022124,,"Here are the answers to the questions in the required format:

""""""
Question: Does the paper report HIV sequences from patient samples?

Evidence: Patients were initiated BIC/FTC/TAF (either as first-line therapy or as a switch from a previous regimen) at the HIV clinic in Antalya, Turkey, between June 2020 and June 2022. A total of 116 patients were included in the study; 50 patients were naive, and 66 patients had previous treatment experience.

Rationale: The passage mentions that the study was conducted in HIV-1-positive patients who were initiated BIC/FTC/TAF, indicating that the paper reports HIV sequences from patient samples.

Answer: Yes
""""""

""""""
Question: Does the paper report in vitro drug susceptibility data?

Evidence: None

Rationale: There is no mention of in vitro drug susceptibility data in the provided passages.

Answer: No
""""""

""""""
Question: Were sequences from the paper made publicly available?

Evidence: None

Rationale: There is no mention of publicly available sequences in the provided passages.

Answer: No
""""""

""""""
Question: What were the GenBank accession numbers for sequenced HIV isolates?

Evidence: None

Rationale: There is no mention of GenBank accession numbers in the provided passages.

Answer: Not reported
""""""

""""""
Question: How many individuals had samples obtained for HIV sequencing?

Evidence: A total of 116 patients were included in the study; 50 patients were naive, and 66 patients had previous treatment experience.

Rationale: The passage mentions that 116 patients were included in the study.

Answer: 116
""""""

""""""
Question: From which countries were the sequenced samples obtained?

Evidence: Patients were initiated BIC/FTC/TAF at the HIV clinic in Antalya, Turkey, between June 2020 and June 2022.

Rationale: The passage mentions that the study was conducted in Turkey.

Answer: Turkey
""""""

""""""
Question: From what years were the sequenced samples obtained?

Evidence: Patients were initiated BIC/FTC/TAF at the HIV clinic in Antalya, Turkey, between June 2020 and June 2022.

Rationale: The passage mentions that the study was conducted between June 2020 and June 2022.

Answer: 2020-2022
""""""

""""""
Question: Were samples cloned prior to sequencing?

Evidence: None

Rationale: There is no mention of cloning prior to sequencing in the provided passages.

Answer: Not reported
""""""

""""""
Question: Which HIV genes were reported to have been sequenced?

Evidence: None

Rationale: There is no mention of specific HIV genes being sequenced in the provided passages.

Answer: Not reported
""""""

""""""
Question: What method was used for sequencing?

Evidence: None

Rationale: There is no mention of the sequencing method in the provided passages.

Answer: Not reported
""""""

""""""
Question: What type of samples were sequenced?

Evidence: None

Rationale: There is no mention of the type of samples sequenced in the provided passages.

Answer: Not reported
""""""

""""""
Question: Were any sequences obtained from individuals with virological failure on a treatment regimen?

Evidence: None

Rationale: There is no mention of virological failure on a treatment regimen in the provided passages.

Answer: Not reported
""""""

""""""
Question: Were the patients in the study in a clinical trial?

Evidence: None

Rationale: There is no mention of a clinical trial in the provided passages.

Answer: No
""""""

""""""
Question: Does the paper report HIV sequences from individuals who had previously received ARV drugs?

Evidence: A total of 116 patients were included in the study; 50 patients were naive, and 66 patients had previous treatment experience.

Rationale: The passage mentions that 66 patients had previous treatment experience.

Answer: Yes
""""""

""""""
Question: Which drug classes were received by individuals in the study before sample sequencing?

Evidence: 93.9% of experienced patients used EVG/c/FTC/TAF and 4.5% used DTG+TDF/FTC before BIC/FTC/TAF.

Rationale: The passage mentions that the patients received EVG/c/FTC/TAF and DTG+TDF/FTC before BIC/FTC/TAF.

Answer: EVG/c/FTC/TAF and DTG+TDF/FTC
""""""

""""""
Question: Which drugs were received by individuals in the study before sample sequencing?

Evidence: 93.9% of experienced patients used EVG/c/FTC/TAF and 4.5% used DTG+TDF/FTC before BIC/FTC/TAF.

Rationale: The passage mentions that the patients received EVG/c/FTC/TAF and DTG+TDF/FTC before BIC/FTC/TAF.

Answer: EVG/c/FTC/TAF and DTG+TDF/FTC
""""""",56
38031075,,"Here are the answers to the questions in the required format:

""""""
Question: Does the paper report HIV sequences from patient samples?

Evidence: The paper does not explicitly mention HIV sequences from patient samples. However, it does mention the collection of blood samples and the extraction of HIV RNA for viral load testing.

Rationale: The paper focuses on HIV viral suppression and treatment outcomes, but it does not provide information on HIV sequences from patient samples.

Answer: No
""""""

""""""
Question: Does the paper report in vitro drug susceptibility data?

Evidence: The paper does not mention in vitro drug susceptibility data. It reports on the viral suppression rates and treatment outcomes of patients receiving antiretroviral therapy (ART).

Rationale: The paper's focus is on the clinical outcomes of HIV treatment, not on in vitro drug susceptibility testing.

Answer: No
""""""

""""""
Question: Were sequences from the paper made publicly available?

Evidence: The paper does not mention making sequences publicly available. However, it does mention that the data for the study is available upon request.

Rationale: The paper does not provide information on the public availability of sequences, but it does provide information on the availability of the study data.

Answer: No
""""""

""""""
Question: What were the GenBank accession numbers for sequenced HIV isolates?

Evidence: The paper does not provide GenBank accession numbers for sequenced HIV isolates.

Rationale: The paper does not mention sequencing HIV isolates or providing GenBank accession numbers.

Answer: Not available
""""""

""""""
Question: How many individuals had samples obtained for HIV sequencing?

Evidence: The paper mentions that 2,253 patients were recruited for the study, but it does not specify how many had samples obtained for HIV sequencing.

Rationale: The paper does not provide information on the number of individuals who had samples obtained for HIV sequencing.

Answer: Not available
""""""

""""""
Question: From which countries were the sequenced samples obtained?

Evidence: The paper does not mention the country of origin for the sequenced samples. However, it does mention that the study was conducted in Sierra Leone.

Rationale: The paper does not provide information on the country of origin for the sequenced samples, but it does provide information on the study location.

Answer: Not available
""""""

""""""
Question: From what years were the sequenced samples obtained?

Evidence: The paper does not mention the years during which the sequenced samples were obtained. However, it does mention that the study was conducted between August 2022 and January 2023.

Rationale: The paper does not provide information on the years during which the sequenced samples were obtained, but it does provide information on the study period.

Answer: Not available
""""""

""""""
Question: Were samples cloned prior to sequencing?

Evidence: The paper does not mention cloning samples prior to sequencing.

Rationale: The paper does not provide information on the sequencing methods used, including whether samples were cloned prior to sequencing.

Answer: Not available
""""""

""""""
Question: Which HIV genes were reported to have been sequenced?

Evidence: The paper does not mention which HIV genes were sequenced.

Rationale: The paper does not provide information on the sequencing of HIV genes.

Answer: Not available
""""""

""""""
Question: What method was used for sequencing?

Evidence: The paper does not mention the sequencing method used.

Rationale: The paper does not provide information on the sequencing methods used.

Answer: Not available
""""""

""""""
Question: What type of samples were sequenced?

Evidence: The paper does not mention the type of samples sequenced.

Rationale: The paper does not provide information on the type of samples sequenced.

Answer: Not available
""""""

""""""
Question: Were any sequences obtained from individuals with virological failure on a treatment regimen?

Evidence: The paper does not mention sequencing individuals with virological failure on a treatment regimen.

Rationale: The paper does not provide information on the sequencing of individuals with virological failure on a treatment regimen.

Answer: Not available
""""""

""""""
Question: Were the patients in the study in a clinical trial?

Evidence: The paper does not mention a clinical trial.

Rationale: The paper does not provide information on a clinical trial.

Answer: No
""""""

""""""
Question: Does the paper report HIV sequences from individuals who had previously received ARV drugs?

Evidence: The paper does not mention HIV sequences from individuals who had previously received ARV drugs.

Rationale: The paper does not provide information on the sequencing of individuals who had previously received ARV drugs.

Answer: Not available
""""""

""""""
Question: Which drug classes were received by individuals in the study before sample sequencing?

Evidence: The paper mentions that patients received antiretroviral therapy (ART), but it does not specify the drug classes received before sample sequencing.

Rationale: The paper does not provide information on the drug classes received by individuals in the study before sample sequencing.

Answer: Not available
""""""

""""""
Question: Which drugs were received by individuals in the study before sample sequencing?

Evidence: The paper mentions that patients received a fixed dose combination of tenofovir, lamivudine, and dolutegravir, but it does not specify the drugs received before sample sequencing.

Rationale: The paper does not provide information on the drugs received by individuals in the study before sample sequencing.

Answer: Not available
""""""",58
38033131,,"Here are the answers to the questions in the required format:

""""""
Question: Does the paper report HIV sequences from patient samples?

Evidence: The paper does not explicitly mention HIV sequences from patient samples. However, it does mention that the study was conducted on HIV-infected children and adolescents.

Rationale: The paper does not provide any information about HIV sequences from patient samples. It only discusses the study's methodology, results, and discussion.

Answer: No
""""""

""""""
Question: Does the paper report in vitro drug susceptibility data?

Evidence: The paper does not mention in vitro drug susceptibility data. However, it does discuss the incidence of virological failure among HIV-infected children and adolescents on first-line antiretroviral therapy.

Rationale: The paper does not provide any information about in vitro drug susceptibility data. It only discusses the study's methodology, results, and discussion.

Answer: No
""""""

""""""
Question: Were sequences from the paper made publicly available?

Evidence: The paper does not mention making sequences publicly available. However, it does mention that all relevant data are within the paper and its Supporting Information files.

Rationale: The paper does not provide any information about making sequences publicly available. However, it does mention that all relevant data are within the paper and its Supporting Information files.

Answer: No
""""""

""""""
Question: What were the GenBank accession numbers for sequenced HIV isolates?

Evidence: The paper does not mention GenBank accession numbers for sequenced HIV isolates.

Rationale: The paper does not provide any information about GenBank accession numbers for sequenced HIV isolates.

Answer: Not available
""""""

""""""
Question: How many individuals had samples obtained for HIV sequencing?

Evidence: The paper mentions that a total of 511 medical charts were included, but 19 were excluded due to missed charts and incomplete data, leaving a total of 492 charts included in the analysis.

Rationale: The paper provides information about the number of individuals included in the study, but it does not specifically mention HIV sequencing.

Answer: Not applicable
""""""

""""""
Question: From which countries were the sequenced samples obtained?

Evidence: The paper does not mention the country of origin for the sequenced samples. However, it does mention that the study was conducted in East Shewa, Oromia region, Ethiopia.

Rationale: The paper does not provide any information about the country of origin for the sequenced samples. However, it does mention the region where the study was conducted.

Answer: Not applicable
""""""

""""""
Question: From what years were the sequenced samples obtained?

Evidence: The paper does not mention the years when the sequenced samples were obtained. However, it does mention that the study was conducted from January 2015 to December 2019.

Rationale: The paper does not provide any information about the years when the sequenced samples were obtained. However, it does mention the study period.

Answer: Not applicable
""""""

""""""
Question: Were samples cloned prior to sequencing?

Evidence: The paper does not mention cloning prior to sequencing.

Rationale: The paper does not provide any information about cloning prior to sequencing.

Answer: Not applicable
""""""

""""""
Question: Which HIV genes were reported to have been sequenced?

Evidence: The paper does not mention which HIV genes were reported to have been sequenced.

Rationale: The paper does not provide any information about which HIV genes were reported to have been sequenced.

Answer: Not applicable
""""""

""""""
Question: What method was used for sequencing?

Evidence: The paper does not mention the method used for sequencing.

Rationale: The paper does not provide any information about the method used for sequencing.

Answer: Not applicable
""""""

""""""
Question: What type of samples were sequenced?

Evidence: The paper does not mention the type of samples sequenced.

Rationale: The paper does not provide any information about the type of samples sequenced.

Answer: Not applicable
""""""

""""""
Question: Were any sequences obtained from individuals with virological failure on a treatment regimen?

Evidence: The paper mentions that the study was conducted on HIV-infected children and adolescents on first-line antiretroviral therapy, and it discusses the incidence of virological failure.

Rationale: The paper provides information about the study population and the incidence of virological failure, but it does not specifically mention sequencing.

Answer: Not applicable
""""""

""""""
Question: Were the patients in the study in a clinical trial?

Evidence: The paper does not mention a clinical trial.

Rationale: The paper does not provide any information about a clinical trial.

Answer: No
""""""

""""""
Question: Does the paper report HIV sequences from individuals who had previously received ARV drugs?

Evidence: The paper does not mention HIV sequences from individuals who had previously received ARV drugs.

Rationale: The paper does not provide any information about HIV sequences from individuals who had previously received ARV drugs.

Answer: No
""""""

""""""
Question: Which drug classes were received by individuals in the study before sample sequencing?

Evidence: The paper mentions that more than half of the study participants initiated NVP-based NNRTI regimen.

Rationale: The paper provides information about the treatment regimen of the study participants, but it does not specifically mention sequencing.

Answer: NNRTI
""""""

""""""
Question: Which drugs were received by individuals in the study before sample sequencing?

Evidence: The paper mentions that more than half of the study participants initiated NVP-based NNRTI regimen.

Rationale: The paper provides information about the treatment regimen of the study participants, but it does not specifically mention sequencing.

Answer: NVP-based NNRTI regimen
""""""",61
38058846,,"Here are the answers to the questions based on the provided evidence pool:

""""""
Question: Does the paper report HIV sequences from patient samples?

Evidence: The infant was exclusively breastfed and was provided six weeks of zidovudine and 12 weeks of nevirapine prophylaxis. At 12 weeks post-partum, with a VL of 120 000 copies/mm ^3^ (log 5.1), she was advised to wean her infant; zidovudine/nevirapine infant prophylaxis was restarted, and resistance testing confirmed high-level DTG resistance ( Table 1 ). The infant's birth, 10-week, and 6-week post-breastfeeding HIV PCRs were negative.

Rationale: The passage mentions resistance testing and high-level DTG resistance, indicating that HIV sequences from patient samples were reported.

Answer: Yes
""""""

""""""
Question: Does the paper report in vitro drug susceptibility data?

Evidence: None of the passages directly mention in vitro drug susceptibility data.

Rationale: The passages do not provide any information about in vitro drug susceptibility data.

Answer: No
""""""

""""""
Question: Were sequences from the paper made publicly available?

Evidence: The authors confirm that the data supporting the findings of this study are available within the article.

Rationale: The passage mentions that the data is available within the article, but it does not explicitly state that the sequences were made publicly available.

Answer: No
""""""

""""""
Question: What were the GenBank accession numbers for sequenced HIV isolates?

Evidence: None of the passages mention GenBank accession numbers.

Rationale: The passages do not provide any information about GenBank accession numbers.

Answer: Not reported
""""""

""""""
Question: How many individuals had samples obtained for HIV sequencing?

Evidence: Each patient included in this case series was managed directly by two of the authors, Fourie and Davies, within advanced clinical care or higher risk pregnancy clinics.

Rationale: The passage mentions that each patient was managed by the authors, but it does not explicitly state the number of individuals.

Answer: Not reported
""""""

""""""
Question: From which countries were the sequenced samples obtained?

Evidence: This material is based upon work supported by the United States President's Emergency Plan for AIDS Relief (PEPFAR) through the United States Agency for International Development (USAID) under Cooperative Agreement number 72067418CA00023 to the Anova Health Institute.

Rationale: The passage mentions the United States Agency for International Development (USAID), but it does not explicitly state the country of origin for the sequenced samples.

Answer: Not reported
""""""

""""""
Question: From what years were the sequenced samples obtained?

Evidence: Case 1, 32-years-old, was diagnosed with pulmonary tuberculosis (TB) and HIV in 2012. In 2018, with a CD4 count of 6 cells/mm ^3^, she developed first-line virological failure and was switched to lamivudine/abacavir/lopinavir/ritonavir.

Rationale: The passage mentions the year 2012 and 2018, but it does not explicitly state the years when the sequenced samples were obtained.

Answer: Not reported
""""""

""""""
Question: Were samples cloned prior to sequencing?

Evidence: None of the passages mention cloning prior to sequencing.

Rationale: The passages do not provide any information about cloning prior to sequencing.

Answer: Not reported
""""""

""""""
Question: Which HIV genes were reported to have been sequenced?

Evidence: None of the passages mention specific HIV genes that were sequenced.

Rationale: The passages do not provide any information about the specific HIV genes that were sequenced.

Answer: Not reported
""""""

""""""
Question: What method was used for sequencing?

Evidence: None of the passages mention the sequencing method used.

Rationale: The passages do not provide any information about the sequencing method used.

Answer: Not reported
""""""

""""""
Question: What type of samples were sequenced?

Evidence: The infant was exclusively breastfed and was provided six weeks of zidovudine and 12 weeks of nevirapine prophylaxis. At 12 weeks post-partum, with a VL of 120 000 copies/mm ^3^ (log 5.1), she was advised to wean her infant; zidovudine/nevirapine infant prophylaxis was restarted, and resistance testing confirmed high-level DTG resistance ( Table 1 ). The infant's birth, 10-week, and 6-week post-breastfeeding HIV PCRs were negative.

Rationale: The passage mentions HIV PCRs, indicating that the samples were likely blood or plasma samples.

Answer: Blood or plasma samples
""""""

""""""
Question: Were any sequences obtained from individuals with virological failure on a treatment regimen?

Evidence: Case 1, 32-years-old, was diagnosed with pulmonary tuberculosis (TB) and HIV in 2012. In 2018, with a CD4 count of 6 cells/mm ^3^, she developed first-line virological failure and was switched to lamivudine/abacavir/lopinavir/ritonavir.

Rationale: The passage mentions virological failure, indicating that sequences were obtained from individuals with virological failure on a treatment regimen.

Answer: Yes
""""""

""""""
Question: Were the patients in the study in a clinical trial?

Evidence: None of the passages mention a clinical trial.

Rationale: The passages do not provide any information about a clinical trial.

Answer: No
""""""

""""""
Question: Does the paper report HIV sequences from individuals who had previously received ARV drugs?

Evidence: Only after receiving resistance results did Case 2 disclose additional ART experience prior to 2020, with low adherence and multiple treatment interruptions.

Rationale: The passage mentions previous ART experience, indicating that HIV sequences were reported from individuals who had previously received ARV drugs.

Answer: Yes
""""""

""""""
Question: Which drug classes were received by individuals in the study before sample sequencing?

Evidence: Case 2 reported being initiated on a single daily pill which, based on guidelines from that time, would have most likely been tenofovir/emtricitabine/efavirenz (TEE).

Rationale: The passage mentions tenofovir/emtricitabine/efavirenz (TEE), indicating that the drug classes received by individuals in the study before sample sequencing were likely NRTIs and NNRTIs.

Answer: NRTIs and NNRTIs
""""""

""""""
Question: Which drugs were received by individuals in the study before sample sequencing?

Evidence: Case 2 reported being initiated on a single daily pill which, based on guidelines from that time, would have most likely been tenofovir/emtricitabine/efavirenz (TEE).

Rationale: The passage mentions tenofovir/emtricitabine/efavirenz (TEE), indicating that the drugs received by individuals in the study before sample sequencing were likely tenofovir, emtricitabine, and efavirenz.

Answer: Tenofovir, emtricitabine, and efavirenz
""""""",78
38072961,,"Here are the answers to the questions based on the provided evidence pool:

""""""
Question: Does the paper report HIV sequences from patient samples?

Evidence: A 27-year-old HIV-positive Chinese Manchu male complained of intermittent headache, nausea, and vomiting (non-projectile vomiting three times in total) for two weeks in January 2022. HIV drug resistance tests of CSF and plasma (Sanger sequencing in Dongguan Medical Laboratory of Micro-scale and Presicion) presented identical results of major protease inhibitor (PI)-related mutations, nonnucleoside reverse transcriptase inhibitor (NNRTI)-related mutations, and nucleoside reverse transcriptase inhibitor (NRTI)-related mutations.

Rationale: The paper reports a case study of a 27-year-old HIV-positive male, and it mentions that HIV drug resistance tests were performed on CSF and plasma samples using Sanger sequencing.

Answer: Yes
""""""

""""""
Question: Does the paper report in vitro drug susceptibility data?

Evidence: HIV drug resistance tests of CSF and plasma (Sanger sequencing in Dongguan Medical Laboratory of Micro-scale and Presicion) presented identical results of major protease inhibitor (PI)-related mutations, nonnucleoside reverse transcriptase inhibitor (NNRTI)-related mutations, and nucleoside reverse transcriptase inhibitor (NRTI)-related mutations.

Rationale: The paper reports the results of HIV drug resistance tests, which include information on the mutations related to different classes of antiretroviral drugs.

Answer: Yes
""""""

""""""
Question: Were sequences from the paper made publicly available?

Evidence: All data from this study are included in this article.

Rationale: The paper states that all data from the study are included in the article, but it does not explicitly mention whether the sequences are publicly available.

Answer: No
""""""

""""""
Question: What were the GenBank accession numbers for sequenced HIV isolates?

Evidence: None

Rationale: The paper does not provide GenBank accession numbers for the sequenced HIV isolates.

Answer: Not reported
""""""

""""""
Question: How many individuals had samples obtained for HIV sequencing?

Evidence: A 27-year-old HIV-positive Chinese Manchu male complained of intermittent headache, nausea, and vomiting (non-projectile vomiting three times in total) for two weeks in January 2022.

Rationale: The paper reports a case study of a single individual.

Answer: 1
""""""

""""""
Question: From which countries were the sequenced samples obtained?

Evidence: A 27-year-old HIV-positive Chinese Manchu male complained of intermittent headache, nausea, and vomiting (non-projectile vomiting three times in total) for two weeks in January 2022.

Rationale: The paper reports a case study of a Chinese male.

Answer: China
""""""

""""""
Question: From what years were the sequenced samples obtained?

Evidence: A 27-year-old HIV-positive Chinese Manchu male complained of intermittent headache, nausea, and vomiting (non-projectile vomiting three times in total) for two weeks in January 2022.

Rationale: The paper reports that the samples were obtained in 2022.

Answer: 2022
""""""

""""""
Question: Were samples cloned prior to sequencing?

Evidence: None

Rationale: The paper does not mention whether the samples were cloned prior to sequencing.

Answer: Not reported
""""""

""""""
Question: Which HIV genes were reported to have been sequenced?

Evidence: HIV drug resistance tests of CSF and plasma (Sanger sequencing in Dongguan Medical Laboratory of Micro-scale and Presicion) presented identical results of major protease inhibitor (PI)-related mutations, nonnucleoside reverse transcriptase inhibitor (NNRTI)-related mutations, and nucleoside reverse transcriptase inhibitor (NRTI)-related mutations.

Rationale: The paper reports that the HIV drug resistance tests included information on mutations related to different classes of antiretroviral drugs, but it does not specify which HIV genes were sequenced.

Answer: Not reported
""""""

""""""
Question: What method was used for sequencing?

Evidence: HIV drug resistance tests of CSF and plasma (Sanger sequencing in Dongguan Medical Laboratory of Micro-scale and Presicion) presented identical results of major protease inhibitor (PI)-related mutations, nonnucleoside reverse transcriptase inhibitor (NNRTI)-related mutations, and nucleoside reverse transcriptase inhibitor (NRTI)-related mutations.

Rationale: The paper reports that Sanger sequencing was used for the HIV drug resistance tests.

Answer: Sanger sequencing
""""""

""""""
Question: What type of samples were sequenced?

Evidence: HIV drug resistance tests of CSF and plasma (Sanger sequencing in Dongguan Medical Laboratory of Micro-scale and Presicion) presented identical results of major protease inhibitor (PI)-related mutations, nonnucleoside reverse transcriptase inhibitor (NNRTI)-related mutations, and nucleoside reverse transcriptase inhibitor (NRTI)-related mutations.

Rationale: The paper reports that CSF and plasma samples were sequenced.

Answer: CSF and plasma
""""""

""""""
Question: Were any sequences obtained from individuals with virological failure on a treatment regimen?

Evidence: Treatment failure occurred one year later with plasma HIV RNA 2.19 × 10^5 copies/mL and CD4^+^ T-cell count 14 cells/μL.

Rationale: The paper reports that the individual experienced treatment failure.

Answer: Yes
""""""

""""""
Question: Were the patients in the study in a clinical trial?

Evidence: None

Rationale: The paper does not mention whether the patient was part of a clinical trial.

Answer: Not reported
""""""

""""""
Question: Does the paper report HIV sequences from individuals who had previously received ARV drugs?

Evidence: He initiated ART with tenofovir, lamivudine, and efavirenz, but treatment failure occurred one year later with plasma HIV RNA 2.19 × 10^5 copies/mL and CD4^+^ T-cell count 14 cells/μL.

Rationale: The paper reports that the individual had previously received ARV drugs.

Answer: Yes
""""""

""""""
Question: Which drug classes were received by individuals in the study before sample sequencing?

Evidence: He initiated ART with tenofovir, lamivudine, and efavirenz, but treatment failure occurred one year later with plasma HIV RNA 2.19 × 10^5 copies/mL and CD4^+^ T-cell count 14 cells/μL.

Rationale: The paper reports that the individual received tenofovir, lamivudine, and efavirenz, which are NRTI, NRTI, and NNRTI drugs, respectively.

Answer: NRTI, NNRTI
""""""

""""""
Question: Which drugs were received by individuals in the study before sample sequencing?

Evidence: He initiated ART with tenofovir, lamivudine, and efavirenz, but treatment failure occurred one year later with plasma HIV RNA 2.19 × 10^5 copies/mL and CD4^+^ T-cell count 14 cells/μL.

Rationale: The paper reports that the individual received tenofovir, lamivudine, and efavirenz.

Answer: Tenofovir, lamivudine, efavirenz",80
38090027,,"Here are the answers to the questions in the required format:

""""""
Question: Does the paper report HIV sequences from patient samples?

Evidence: A retrospective cohort study was conducted in adult PLWH on antiretroviral therapy and HIV-RNA <50 copies/mL, who switched to BFTAF to replace the current regimen, from June 2019 to June 2021. Mainly due to the low values of viremia at VF, genotypic resistance tests (GRTs) were able to evaluate the drug resistance at VF only in five patients: none selected variants resistant to integrase inhibitors and no new mutations emerged in any case ( Table 2 ).

Rationale: The paper reports on a retrospective cohort study of adult PLWH who switched to BFTAF. The study included genotypic resistance tests (GRTs) to evaluate drug resistance at virological failure (VF) in five patients.

Answer: Yes
""""""

""""""
Question: Does the paper report in vitro drug susceptibility data?

Evidence: A validated in-house method was used to identify resistance-associated mutations (RAMs), as previously described by our group. 11 GRT on plasma HIV-RNA and PBMC HIV-DNA was interpreted according to the Stanford University HIV Drug Resistance Database version 9.0 (hivdb.stanford.edu/hivdb/by-sequences/, last updated on 22 June 2023).

Rationale: The paper reports on the use of a validated in-house method to identify resistance-associated mutations (RAMs) and the interpretation of GRT results according to the Stanford University HIV Drug Resistance Database.

Answer: No
""""""

""""""
Question: Were sequences from the paper made publicly available?

Evidence: None

Rationale: There is no mention in the provided passages of the sequences being made publicly available.

Answer: No
""""""

""""""
Question: What were the GenBank accession numbers for sequenced HIV isolates?

Evidence: None

Rationale: There is no mention in the provided passages of GenBank accession numbers for sequenced HIV isolates.

Answer: Not reported
""""""

""""""
Question: How many individuals had samples obtained for HIV sequencing?

Evidence: Overall, 1040 patients who met the above-mentioned inclusion criteria were considered in the analysis (flowchart of data extraction in Figure 1 ).

Rationale: The paper reports on a study that included 1040 patients who met the inclusion criteria.

Answer: 1040
""""""

""""""
Question: From which countries were the sequenced samples obtained?

Evidence: None

Rationale: There is no mention in the provided passages of the countries from which the sequenced samples were obtained.

Answer: Not reported
""""""

""""""
Question: From what years were the sequenced samples obtained?

Evidence: The retrospective cohort study, which included adult treatment-experienced and virologically suppressed PLWH, switched to BFTAF from June 2019 to June 2021.

Rationale: The paper reports on a study that included samples obtained from June 2019 to June 2021.

Answer: 2019-2021
""""""

""""""
Question: Were samples cloned prior to sequencing?

Evidence: None

Rationale: There is no mention in the provided passages of samples being cloned prior to sequencing.

Answer: Not reported
""""""

""""""
Question: Which HIV genes were reported to have been sequenced?

Evidence: None

Rationale: There is no mention in the provided passages of specific HIV genes being sequenced.

Answer: Not reported
""""""

""""""
Question: What method was used for sequencing?

Evidence: A validated in-house method was used to identify resistance-associated mutations (RAMs), as previously described by our group. 11 GRT on plasma HIV-RNA and PBMC HIV-DNA was interpreted according to the Stanford University HIV Drug Resistance Database version 9.0 (hivdb.stanford.edu/hivdb/by-sequences/, last updated on 22 June 2023).

Rationale: The paper reports on the use of a validated in-house method to identify resistance-associated mutations (RAMs) and the interpretation of GRT results according to the Stanford University HIV Drug Resistance Database.

Answer: Validated in-house method
""""""

""""""
Question: What type of samples were sequenced?

Evidence: GRT on plasma HIV-RNA and PBMC HIV-DNA was interpreted according to the Stanford University HIV Drug Resistance Database version 9.0 (hivdb.stanford.edu/hivdb/by-sequences/, last updated on 22 June 2023).

Rationale: The paper reports on the use of plasma HIV-RNA and PBMC HIV-DNA samples for sequencing.

Answer: Plasma HIV-RNA and PBMC HIV-DNA
""""""

""""""
Question: Were any sequences obtained from individuals with virological failure on a treatment regimen?

Evidence: Mainly due to the low values of viremia at VF, genotypic resistance tests (GRTs) were able to evaluate the drug resistance at VF only in five patients: none selected variants resistant to integrase inhibitors and no new mutations emerged in any case ( Table 2 ).

Rationale: The paper reports on the use of GRTs to evaluate drug resistance at virological failure (VF) in five patients.

Answer: Yes
""""""

""""""
Question: Were the patients in the study in a clinical trial?

Evidence: There were not statistically significant differences in the probability of TF between patients whose prior regimen was ECFTAF and those who were on a regimen other than ECFTAF at the time of initiating BFTAF.

Rationale: The paper reports on a study that included patients who were not in a clinical trial.

Answer: No
""""""

""""""
Question: Does the paper report HIV sequences from individuals who had previously received ARV drugs?

Evidence: The retrospective cohort study, which included adult treatment-experienced and virologically suppressed PLWH, switched to BFTAF from June 2019 to June 2021.

Rationale: The paper reports on a study that included treatment-experienced patients who had previously received ARV drugs.

Answer: Yes
""""""

""""""
Question: Which drug classes were received by individuals in the study before sample sequencing?

Evidence: Of those on a regimen other than ECFTAF, 194 (59.9%) were on a three-drug integrase inhibitor-based regimen other than elvitegravir, 56 (16.7%) on a protease inhibitor-based regimen, 38 (11.7%) on a non-nucleoside reverse transcriptase inhibitor-based regimen, and 47 (14%) were taking a regimen that cannot be classified among the previous ones, including mono-and dual-therapies and study-protocol regimens.

Rationale: The paper reports on the use of different drug classes, including integrase inhibitors, protease inhibitors, and non-nucleoside reverse transcriptase inhibitors.

Answer: Integrase inhibitors, protease inhibitors, non-nucleoside reverse transcriptase inhibitors
""""""

""""""
Question: Which drugs were received by individuals in the study before sample sequencing?

Evidence: Of those on a regimen other than ECFTAF, 194 (59.9%) were on a three-drug integrase inhibitor-based regimen other than elvitegravir, 56 (16.7%) on a protease inhibitor-based regimen, 38 (11.7%) on a non-nucleoside reverse transcriptase inhibitor-based regimen, and 47 (14%) were taking a regimen that cannot be classified among the previous ones, including mono-and dual-therapies and study-protocol regimens.

Rationale: The paper reports on the use of different drugs, including elvitegravir, but does not specify the exact drugs used in each regimen.

Answer: Not specified
""""""",85
38140553,,"Here are the answers to the questions in the required format:

""""""
Question: Does the paper report HIV sequences from patient samples?

Evidence: The material of the study were blood plasma collections ( *n* = 2502), peripheral blood mononuclear cells (lymphocytes) collections ( *n* = 613), and frozen whole blood collections ( *n* = 63) obtained from HIV-infected patients at federal and regional centers for HIV/AIDS prevention (AIDS Centers) as part of molecular genetic monitoring of the HIV epidemic in Russia in the period from 2011 to 2020.

Rationale: The passage explicitly states that the study analyzed sequences and their associated demographic and epidemiological data from HIV-infected patients.

Answer: Yes
""""""

""""""
Question: Does the paper report in vitro drug susceptibility data?

Evidence: In this study, we performed drug resistance analysis among HIV-infected patients not on ART, infected with both viruses of ""pure"" subtypes and its recombinant forms.

Rationale: The passage mentions that the study performed drug resistance analysis, but it does not explicitly state that it reports in vitro drug susceptibility data.

Answer: No
""""""

""""""
Question: Were sequences from the paper made publicly available?

Evidence: All nucleotide sequences obtained in the study were deposited in the international database of the Los Alamos laboratory.

Rationale: The passage explicitly states that the sequences were deposited in the international database of the Los Alamos laboratory, making them publicly available.

Answer: Yes
""""""

""""""
Question: What were the GenBank accession numbers for sequenced HIV isolates?

Evidence: The passage does not provide GenBank accession numbers for the sequenced HIV isolates.

Rationale: The passage does not mention GenBank accession numbers.

Answer: Not reported
""""""

""""""
Question: How many individuals had samples obtained for HIV sequencing?

Evidence: The material of the study were blood plasma collections ( *n* = 2502), peripheral blood mononuclear cells (lymphocytes) collections ( *n* = 613), and frozen whole blood collections ( *n* = 63) obtained from HIV-infected patients.

Rationale: The passage provides the number of samples obtained for HIV sequencing, but it does not explicitly state the number of individuals.

Answer: 3178 (inferred from Passage 8)
""""""

""""""
Question: From which countries were the sequenced samples obtained?

Evidence: The material of the study were blood plasma collections ( *n* = 2502), peripheral blood mononuclear cells (lymphocytes) collections ( *n* = 613), and frozen whole blood collections ( *n* = 63) obtained from HIV-infected patients at federal and regional centers for HIV/AIDS prevention (AIDS Centers) as part of molecular genetic monitoring of the HIV epidemic in Russia.

Rationale: The passage explicitly states that the samples were obtained from Russia.

Answer: Russia
""""""

""""""
Question: From what years were the sequenced samples obtained?

Evidence: The material of the study were blood plasma collections ( *n* = 2502), peripheral blood mononuclear cells (lymphocytes) collections ( *n* = 613), and frozen whole blood collections ( *n* = 63) obtained from HIV-infected patients at federal and regional centers for HIV/AIDS prevention (AIDS Centers) as part of molecular genetic monitoring of the HIV epidemic in Russia in the period from 2011 to 2020.

Rationale: The passage explicitly states that the samples were obtained from 2011 to 2020.

Answer: 2011-2020
""""""

""""""
Question: Were samples cloned prior to sequencing?

Evidence: The passage does not mention cloning of samples prior to sequencing.

Rationale: The passage does not mention cloning.

Answer: Not reported
""""""

""""""
Question: Which HIV genes were reported to have been sequenced?

Evidence: The sequences covered the HIV-1 protease (PR) and part of the reverse transcriptase (RT).

Rationale: The passage explicitly states that the sequences covered the HIV-1 protease (PR) and part of the reverse transcriptase (RT).

Answer: HIV-1 protease (PR) and part of the reverse transcriptase (RT)
""""""

""""""
Question: What method was used for sequencing?

Evidence: Sanger-based sequencing of the HIV *pol* gene regions encoding the PR-RT (2253--3554 bp according to the HXB-2 strain, GenBank accession number K03455 ) was performed.

Rationale: The passage explicitly states that Sanger-based sequencing was used.

Answer: Sanger-based sequencing
""""""

""""""
Question: What type of samples were sequenced?

Evidence: The material of the study were blood plasma collections ( *n* = 2502), peripheral blood mononuclear cells (lymphocytes) collections ( *n* = 613), and frozen whole blood collections ( *n* = 63) obtained from HIV-infected patients.

Rationale: The passage explicitly states that the samples were blood plasma, peripheral blood mononuclear cells, and frozen whole blood.

Answer: Blood plasma, peripheral blood mononuclear cells, and frozen whole blood
""""""

""""""
Question: Were any sequences obtained from individuals with virological failure on a treatment regimen?

Evidence: The passage does not explicitly state that sequences were obtained from individuals with virological failure on a treatment regimen.

Rationale: The passage does not mention virological failure.

Answer: Not reported
""""""

""""""
Question: Were the patients in the study in a clinical trial?

Evidence: The passage does not mention a clinical trial.

Rationale: The passage does not mention a clinical trial.

Answer: Not reported
""""""

""""""
Question: Does the paper report HIV sequences from individuals who had previously received ARV drugs?

Evidence: The passage does not explicitly state that the sequences were from individuals who had previously received ARV drugs.

Rationale: The passage does not mention previous ARV treatment.

Answer: Not reported
""""""

""""""
Question: Which drug classes were received by individuals in the study before sample sequencing?

Evidence: The passage does not mention specific drug classes received by individuals before sample sequencing.

Rationale: The passage does not mention previous ARV treatment.

Answer: Not reported
""""""

""""""
Question: Which drugs were received by individuals in the study before sample sequencing?

Evidence: The passage does not mention specific drugs received by individuals before sample sequencing.

Rationale: The passage does not mention previous ARV treatment.

Answer: Not reported
""""""",73
38140649,,"Here are the answers to the questions in the required format:

""""""
Question: Does the paper report HIV sequences from patient samples?

Evidence: A total of 60 samples that were previously sequenced by SS were randomly selected and subjected to NGS. Previously extracted RNA was reverse transcribed with SuperScript III First-Strand Synthesis System for RT-PCR (Invitrogen) and UNINEF primers \[ 40 \]. Precisely, the whole HIV-1 protease region, part of the reverse transcriptase region ( K03455 number for the gene-specific position 2189--3753), and the integrase region ( K03455 number for the gene-specific position 4180--5200) were sequenced on the Illumina platform using MiniSeq (Illumina, San Diego, CA, USA).

Rationale: The passage mentions that 60 samples were randomly selected and subjected to NGS, and the specific regions of the HIV-1 genome that were sequenced are listed.

Answer: Yes
""""""

""""""
Question: Does the paper report in vitro drug susceptibility data?

Evidence: HIV drug resistance analysis was performed on the viral sequences of 270 persons covering the RT/PR and IN regions. The IN region for six people failed to amplify. The overall prevalence of SDRMs was estimated at 16.7% (45/270) ( Supplementary Table S4 ). A total of 42/270 (15.6%) persons were identified with one drug class mutation, one person had mutations associated with resistance to two drug classes, and two individuals harboured triple class resistant virus (SDRM NRTI + NNRTI + PI).

Rationale: The passage mentions that HIV drug resistance analysis was performed, but it does not mention in vitro drug susceptibility data.

Answer: No
""""""

""""""
Question: Were sequences from the paper made publicly available?

Evidence: All sequences obtained in this study by SS were submitted to the GeneBank nucleotide sequence database under accession numbers OR605755-OR606279 and OR613869-OR613875. Sequences generated by DS are available from the ArrayExpress database at EMBL-EBI under accession number E-MTAB-13563.

Rationale: The passage mentions that the sequences were submitted to public databases.

Answer: Yes
""""""

""""""
Question: What were the GenBank accession numbers for sequenced HIV isolates?

Evidence: All sequences obtained in this study by SS were submitted to the GeneBank nucleotide sequence database under accession numbers OR605755-OR606279 and OR613869-OR613875.

Rationale: The passage mentions the specific GenBank accession numbers.

Answer: OR605755-OR606279 and OR613869-OR613875
""""""

""""""
Question: How many individuals had samples obtained for HIV sequencing?

Evidence: A total of 270 persons met the inclusion criteria.

Rationale: The passage mentions the total number of individuals who met the inclusion criteria.

Answer: 270
""""""

""""""
Question: From which countries were the sequenced samples obtained?

Evidence: Most of the patients originated from and reported Croatia as the country of infection.

Rationale: The passage mentions that most patients originated from and reported Croatia as the country of infection.

Answer: Croatia
""""""

""""""
Question: From what years were the sequenced samples obtained?

Evidence: Data collection and analysis were performed on HIV-1 RNA plasma samples collected from newly diagnosed HIV patients over a four-year period during the diagnostic process and clinical follow-up at UHID from January 2019 to December 2022.

Rationale: The passage mentions the specific years during which the samples were collected.

Answer: 2019-2022
""""""

""""""
Question: Were samples cloned prior to sequencing?

Evidence: No evidence of cloning prior to sequencing is mentioned in the passages.

Rationale: Cloning prior to sequencing is not mentioned in the passages.

Answer: No
""""""

""""""
Question: Which HIV genes were reported to have been sequenced?

Evidence: Precisely, the whole HIV-1 protease region, part of the reverse transcriptase region ( K03455 number for the gene-specific position 2189--3753), and the integrase region ( K03455 number for the gene-specific position 4180--5200) were sequenced on the Illumina platform using MiniSeq (Illumina, San Diego, CA, USA).

Rationale: The passage mentions the specific HIV genes that were sequenced.

Answer: HIV-1 protease, reverse transcriptase, and integrase regions
""""""

""""""
Question: What method was used for sequencing?

Evidence: Sequencing was performed on the Illumina platform using MiniSeq (Illumina, San Diego, CA, USA).

Rationale: The passage mentions the specific sequencing method used.

Answer: Illumina platform using MiniSeq
""""""

""""""
Question: What type of samples were sequenced?

Evidence: Plasma samples were used for RNA extraction and sequencing.

Rationale: The passage mentions that plasma samples were used for RNA extraction and sequencing.

Answer: Plasma samples
""""""

""""""
Question: Were any sequences obtained from individuals with virological failure on a treatment regimen?

Evidence: No evidence of virological failure on a treatment regimen is mentioned in the passages.

Rationale: Virological failure on a treatment regimen is not mentioned in the passages.

Answer: No
""""""

""""""
Question: Were the patients in the study in a clinical trial?

Evidence: No evidence of a clinical trial is mentioned in the passages.

Rationale: A clinical trial is not mentioned in the passages.

Answer: No
""""""

""""""
Question: Does the paper report HIV sequences from individuals who had previously received ARV drugs?

Evidence: No evidence of previous ARV drug use is mentioned in the passages.

Rationale: Previous ARV drug use is not mentioned in the passages.

Answer: No
""""""

""""""
Question: Which drug classes were received by individuals in the study before sample sequencing?

Evidence: No evidence of previous ARV drug use is mentioned in the passages.

Rationale: Previous ARV drug use is not mentioned in the passages.

Answer: None
""""""

""""""
Question: Which drugs were received by individuals in the study before sample sequencing?

Evidence: No evidence of previous ARV drug use is mentioned in the passages.

Rationale: Previous ARV drug use is not mentioned in the passages.

Answer: None
""""""",73
38140667,,"Here are the answers to the questions in the required format:

""""""
Question: Does the paper report HIV sequences from patient samples?

Evidence: A study evaluated resistance in people living with HIV-1 subtype C who experienced VF on DTG and/or RAL-based ART in public health facilities in Botswana, where HIV-1 subtype C is dominant [ 44 ]. Plasma samples from 34 individuals were sequenced and 11 (32.4%) had INSTI RAMs; of these, 8 had treatment failure on a DTG-based regimen at resistance sampling.

Rationale: The passage mentions that plasma samples from 34 individuals were sequenced, indicating that the paper reports HIV sequences from patient samples.

Answer: Yes
""""""

""""""
Question: Does the paper report in vitro drug susceptibility data?

Evidence: In accordance with the Stanford HIV Drug Resistance Database [ 83, 84 ], we found that in cases of VF on DTG-based therapy with RAM emergence, the common major mutations detected were at residues G118, E138, G140, Q148, and in some cases R263.

Rationale: The passage does not explicitly mention in vitro drug susceptibility data, but it does mention the Stanford HIV Drug Resistance Database, which suggests that the paper may report in vitro data. However, the passage does not provide direct evidence of in vitro drug susceptibility data.

Answer: No
""""""

""""""
Question: Were sequences from the paper made publicly available?

Evidence: No new data were created or analyzed in this study. Data sharing is not applicable to this article.

Rationale: The passage explicitly states that no new data were created or analyzed in the study, and data sharing is not applicable. This suggests that the sequences from the paper were not made publicly available.

Answer: No
""""""

""""""
Question: What were the GenBank accession numbers for sequenced HIV isolates?

Evidence: Not mentioned in the provided passages.

Rationale: The passages do not mention GenBank accession numbers for sequenced HIV isolates.

Answer: Not available
""""""

""""""
Question: How many individuals had samples obtained for HIV sequencing?

Evidence: A study evaluated resistance in people living with HIV-1 subtype C who experienced VF on DTG and/or RAL-based ART in public health facilities in Botswana, where HIV-1 subtype C is dominant [ 44 ]. Plasma samples from 34 individuals were sequenced and 11 (32.4%) had INSTI RAMs; of these, 8 had treatment failure on a DTG-based regimen at resistance sampling.

Rationale: The passage mentions that plasma samples from 34 individuals were sequenced.

Answer: 34
""""""

""""""
Question: From which countries were the sequenced samples obtained?

Evidence: A study evaluated resistance in people living with HIV-1 subtype C who experienced VF on DTG and/or RAL-based ART in public health facilities in Botswana, where HIV-1 subtype C is dominant [ 44 ].

Rationale: The passage mentions that the samples were obtained from Botswana.

Answer: Botswana
""""""

""""""
Question: From what years were the sequenced samples obtained?

Evidence: Not mentioned in the provided passages.

Rationale: The passages do not mention the years from which the sequenced samples were obtained.

Answer: Not available
""""""

""""""
Question: Were samples cloned prior to sequencing?

Evidence: Not mentioned in the provided passages.

Rationale: The passages do not mention whether the samples were cloned prior to sequencing.

Answer: Not available
""""""

""""""
Question: Which HIV genes were reported to have been sequenced?

Evidence: A study evaluated resistance in people living with HIV-1 subtype C who experienced VF on DTG and/or RAL-based ART in public health facilities in Botswana, where HIV-1 subtype C is dominant [ 44 ]. Plasma samples from 34 individuals were sequenced and 11 (32.4%) had INSTI RAMs; of these, 8 had treatment failure on a DTG-based regimen at resistance sampling.

Rationale: The passage mentions that the study evaluated resistance in people living with HIV-1 subtype C, but it does not explicitly mention which HIV genes were sequenced. However, it does mention INSTI RAMs, which suggests that the integrase gene was sequenced.

Answer: Integrase gene
""""""

""""""
Question: What method was used for sequencing?

Evidence: Not mentioned in the provided passages.

Rationale: The passages do not mention the method used for sequencing.

Answer: Not available
""""""

""""""
Question: What type of samples were sequenced?

Evidence: A study evaluated resistance in people living with HIV-1 subtype C who experienced VF on DTG and/or RAL-based ART in public health facilities in Botswana, where HIV-1 subtype C is dominant [ 44 ]. Plasma samples from 34 individuals were sequenced and 11 (32.4%) had INSTI RAMs; of these, 8 had treatment failure on a DTG-based regimen at resistance sampling.

Rationale: The passage mentions that plasma samples were sequenced.

Answer: Plasma samples
""""""

""""""
Question: Were any sequences obtained from individuals with virological failure on a treatment regimen?

Evidence: A study evaluated resistance in people living with HIV-1 subtype C who experienced VF on DTG and/or RAL-based ART in public health facilities in Botswana, where HIV-1 subtype C is dominant [ 44 ]. Plasma samples from 34 individuals were sequenced and 11 (32.4%) had INSTI RAMs; of these, 8 had treatment failure on a DTG-based regimen at resistance sampling.

Rationale: The passage mentions that the study evaluated resistance in people living with HIV-1 subtype C who experienced VF on DTG and/or RAL-based ART.

Answer: Yes
""""""

""""""
Question: Were the patients in the study in a clinical trial?

Evidence: Not mentioned in the provided passages.

Rationale: The passages do not mention whether the patients in the study were in a clinical trial.

Answer: Not available
""""""

""""""
Question: Does the paper report HIV sequences from individuals who had previously received ARV drugs?

Evidence: A study evaluated resistance in people living with HIV-1 subtype C who experienced VF on DTG and/or RAL-based ART in public health facilities in Botswana, where HIV-1 subtype C is dominant [ 44 ]. Plasma samples from 34 individuals were sequenced and 11 (32.4%) had INSTI RAMs; of these, 8 had treatment failure on a DTG-based regimen at resistance sampling.

Rationale: The passage mentions that the study evaluated resistance in people living with HIV-1 subtype C who experienced VF on DTG and/or RAL-based ART, which suggests that the individuals had previously received ARV drugs.

Answer: Yes
""""""

""""""
Question: Which drug classes were received by individuals in the study before sample sequencing?

Evidence: A study evaluated resistance in people living with HIV-1 subtype C who experienced VF on DTG and/or RAL-based ART in public health facilities in Botswana, where HIV-1 subtype C is dominant [ 44 ].

Rationale: The passage mentions that the study evaluated resistance in people living with HIV-1 subtype C who experienced VF on DTG and/or RAL-based ART, which suggests that the individuals received INSTI-based regimens before sample sequencing.

Answer: INSTI-based regimens
""""""

""""""
Question: Which drugs were received by individuals in the study before sample sequencing?

Evidence: A study evaluated resistance in people living with HIV-1 subtype C who experienced VF on DTG and/or RAL-based ART in public health facilities in Botswana, where HIV-1 subtype C is dominant [ 44 ].

Rationale: The passage mentions that the study evaluated resistance in people living with HIV-1 subtype C who experienced VF on DTG and/or RAL-based ART, which suggests that the individuals received DTG and/or RAL before sample sequencing.

Answer: DTG and/or RAL",87
38142692,,"Here are the answers to the questions in the required format:

""""""
Question: Does the paper report HIV sequences from patient samples?

Evidence: We used data from South Africa's TIER.Net electronic database, which contains demographics, clinical status, regimen, and clinic visit information of people receiving ART in public sector health-care clinics. We included people living with HIV aged 15 years or older with virological failure (defined as two consecutive viral loads of ≥1000 copies per mL at least 56 days apart) on first-line NNRTI-based ART containing tenofovir disoproxil fumarate (TDF) and who switched to second-line ART.

Rationale: The paper does not explicitly mention HIV sequences from patient samples. However, it does mention the use of data from an electronic database that contains information on people receiving ART, including those with virological failure.

Answer: No

""""""

""""""
Question: Does the paper report in vitro drug susceptibility data?

Evidence: The absence of resistance testing in our cohort means we could not classify virological failures on the basis of drug-resistance mutations or ongoing poor adherence.

Rationale: The paper does not report in vitro drug susceptibility data. It mentions the absence of resistance testing in the cohort, which implies that no in vitro drug susceptibility data was collected or reported.

Answer: No

""""""

""""""
Question: Were sequences from the paper made publicly available?

Evidence: We cannot publicly share the data used for this analysis because of the legal and ethical requirements regarding the use of routinely collected clinical data in South Africa.

Rationale: The sequences from the paper were not made publicly available due to legal and ethical requirements.

Answer: No

""""""

""""""
Question: What were the GenBank accession numbers for sequenced HIV isolates?

Evidence: Not mentioned in the provided passages.

Rationale: The GenBank accession numbers for sequenced HIV isolates are not mentioned in the provided passages.

Answer: Not available

""""""

""""""
Question: How many individuals had samples obtained for HIV sequencing?

Evidence: From Dec 1, 2019, to Nov 30, 2020, 1672 people were recorded as switching to second-line ART after virological failure while receiving first-line ART at the study clinics.

Rationale: The paper mentions that 1672 people were recorded as switching to second-line ART, but it does not explicitly state how many individuals had samples obtained for HIV sequencing.

Answer: Not explicitly stated

""""""

""""""
Question: From which countries were the sequenced samples obtained?

Evidence: We did a retrospective observational cohort study with de-identified, routinely collected data from South Africa's ART programme in 59 of approximately 100 public sector primary health-care clinics in the eThekwini Municipality of the KwaZulu-Natal province.

Rationale: The sequenced samples were obtained from South Africa.

Answer: South Africa

""""""

""""""
Question: From what years were the sequenced samples obtained?

Evidence: From Dec 1, 2019, to Nov 30, 2020.

Rationale: The sequenced samples were obtained from 2019 to 2020.

Answer: 2019-2020

""""""

""""""
Question: Were samples cloned prior to sequencing?

Evidence: Not mentioned in the provided passages.

Rationale: The passages do not mention whether samples were cloned prior to sequencing.

Answer: Not available

""""""

""""""
Question: Which HIV genes were reported to have been sequenced?

Evidence: Not mentioned in the provided passages.

Rationale: The passages do not mention which HIV genes were reported to have been sequenced.

Answer: Not available

""""""

""""""
Question: What method was used for sequencing?

Evidence: Not mentioned in the provided passages.

Rationale: The passages do not mention the method used for sequencing.

Answer: Not available

""""""

""""""
Question: What type of samples were sequenced?

Evidence: Not mentioned in the provided passages.

Rationale: The passages do not mention the type of samples that were sequenced.

Answer: Not available

""""""

""""""
Question: Were any sequences obtained from individuals with virological failure on a treatment regimen?

Evidence: We included people living with HIV aged 15 years or older with virological failure (defined as two consecutive viral loads of ≥1000 copies per mL at least 56 days apart) on first-line NNRTI-based ART containing tenofovir disoproxil fumarate (TDF) and who switched to second-line ART.

Rationale: Yes, sequences were obtained from individuals with virological failure on a treatment regimen.

Answer: Yes

""""""

""""""
Question: Were the patients in the study in a clinical trial?

Evidence: In this retrospective observational cohort study, we used routinely collected, de-identified data from 59 primary health-care facilities in eThekwini Municipality, KwaZulu-Natal, South Africa.

Rationale: The patients in the study were not in a clinical trial, but rather in a retrospective observational cohort study.

Answer: No

""""""

""""""
Question: Does the paper report HIV sequences from individuals who had previously received ARV drugs?

Evidence: Almost all participants previously received first-line TDF/XTC/EFV (n=1198, 99%).

Rationale: Yes, the paper reports HIV sequences from individuals who had previously received ARV drugs.

Answer: Yes

""""""

""""""
Question: Which drug classes were received by individuals in the study before sample sequencing?

Evidence: Almost all participants previously received first-line TDF/XTC/EFV (n=1198, 99%).

Rationale: The drug classes received by individuals in the study before sample sequencing were TDF, XTC, and EFV.

Answer: TDF, XTC, and EFV

""""""

""""""
Question: Which drugs were received by individuals in the study before sample sequencing?

Evidence: Almost all participants previously received first-line TDF/XTC/EFV (n=1198, 99%).

Rationale: The drugs received by individuals in the study before sample sequencing were TDF, XTC, and EFV.

Answer: TDF, XTC, and EFV",70
38152686,,"Here are the answers to the questions based on the provided evidence pool:


""""""
Question: Does the paper report HIV sequences from patient samples?

Evidence: A 29-year-old male patient was admitted with a right cervical mass associated with fever, dry cough, hyporexia, and myalgia for more than 2 weeks, as well as neurological symptoms of headache and sudden hemiparesis. The baseline viral load (VL) was 437,927 cp/mL (Log = 5.64). A therapeutic regimen for TB (Rifampicin, Isoniazid, Pyrazinamide, and Ethambutol), ART (TDF/3TC/DTG), the latter at a conventional dose of 50 mg/day, and empirical therapy against histoplasmosis were initiated.

Rationale: The passage mentions a patient with a baseline viral load, indicating that HIV sequences were obtained from the patient sample.

Answer: Yes


""""""
Question: Does the paper report in vitro drug susceptibility data?

Evidence: Mutations following the use of first-line regimens with DTG, an antiretroviral drug with a high genetic barrier to resistance, are rare and clinically challenging to manage. The leading mutations related to the use of DTG were *R263K* and *G118R*, with *H51Y* and *E157Q* generally representing secondary mutations.

Rationale: The passage discusses the mutations related to the use of DTG, but it does not report in vitro drug susceptibility data.

Answer: No


""""""
Question: Were sequences from the paper made publicly available?

Evidence: Documented cases of emergent INI resistance mutations against first-line DTG are rare. Drug interactions, as well as poor adherence and absence of follow-up, may contribute to the emergence of INI mutations. More studies are necessary to understand the safety and efficacy of once-daily DTG in patients undergoing rifampicin treatment for tuberculosis. **Data availability:** Information regarding this case is available upon request.

Rationale: The passage mentions that data availability is upon request, but it does not explicitly state that the sequences were made publicly available.

Answer: No


""""""
Question: What were the GenBank accession numbers for sequenced HIV isolates?

Evidence: None of the passages mention GenBank accession numbers.

Rationale: The passages do not provide GenBank accession numbers for the sequenced HIV isolates.

Answer: Not reported


""""""
Question: How many individuals had samples obtained for HIV sequencing?

Evidence: A 29-year-old male patient was admitted with a right cervical mass associated with fever, dry cough, hyporexia, and myalgia for more than 2 weeks, as well as neurological symptoms of headache and sudden hemiparesis.

Rationale: The passage mentions a single patient, indicating that only one individual had a sample obtained for HIV sequencing.

Answer: 1


""""""
Question: From which countries were the sequenced samples obtained?

Evidence: None of the passages mention the country of origin for the sequenced samples.

Rationale: The passages do not provide information on the country of origin for the sequenced samples.

Answer: Not reported


""""""
Question: From what years were the sequenced samples obtained?

Evidence: None of the passages mention the year of sample collection.

Rationale: The passages do not provide information on the year of sample collection.

Answer: Not reported


""""""
Question: Were samples cloned prior to sequencing?

Evidence: None of the passages mention cloning prior to sequencing.

Rationale: The passages do not provide information on whether the samples were cloned prior to sequencing.

Answer: Not reported


""""""
Question: Which HIV genes were reported to have been sequenced?

Evidence: The patient was then treated with a rescue regimen of TDF/3TC/DRV600 mg/RTV100 mg, reaching a VL less than 40 cp/mL, 6 months later. Genotyping was requested, which revealed *H51Y* and *E157Q* mutations, which are associated with resistance to INIs, including DTG, and *K70E* and *M184V* mutations in the reverse transcriptase genes.

Rationale: The passage mentions that genotyping revealed mutations in the integrase and reverse transcriptase genes.

Answer: Integrase and reverse transcriptase genes


""""""
Question: What method was used for sequencing?

Evidence: None of the passages mention the sequencing method used.

Rationale: The passages do not provide information on the sequencing method used.

Answer: Not reported


""""""
Question: What type of samples were sequenced?

Evidence: A 29-year-old male patient was admitted with a right cervical mass associated with fever, dry cough, hyporexia, and myalgia for more than 2 weeks, as well as neurological symptoms of headache and sudden hemiparesis.

Rationale: The passage mentions a patient sample, but it does not specify the type of sample.

Answer: Patient sample


""""""
Question: Were any sequences obtained from individuals with virological failure on a treatment regimen?

Evidence: In the next year, he returned to the outpatient clinic having used ART for 7 months, in addition to treatment for TB and histoplasmosis, reporting vomiting, nausea, hyporexia, and paresthesias, with a VL = 12,182 cp/mL (Log = 4.08). He had poor adherence to ART and did not fulfill all prescriptions.

Rationale: The passage mentions that the patient had poor adherence to ART and did not fulfill all prescriptions, indicating virological failure.

Answer: Yes


""""""
Question: Were the patients in the study in a clinical trial?

Evidence: On the other hand, a recent clinical trial comparing once-daily DTG with TB treatment rather than twice-daily DTG in the same situation has seemed effective in patients with TB-HIV coinfection.

Rationale: The passage mentions a clinical trial, but it does not indicate that the patient in the case report was part of the trial.

Answer: No


""""""
Question: Does the paper report HIV sequences from individuals who had previously received ARV drugs?

Evidence: A therapeutic regimen for TB (Rifampicin, Isoniazid, Pyrazinamide, and Ethambutol), ART (TDF/3TC/DTG), the latter at a conventional dose of 50 mg/day, and empirical therapy against histoplasmosis were initiated.

Rationale: The passage mentions that the patient received ART, indicating that they had previously received ARV drugs.

Answer: Yes


""""""
Question: Which drug classes were received by individuals in the study before sample sequencing?

Evidence: A therapeutic regimen for TB (Rifampicin, Isoniazid, Pyrazinamide, and Ethambutol), ART (TDF/3TC/DTG), the latter at a conventional dose of 50 mg/day, and empirical therapy against histoplasmosis were initiated.

Rationale: The passage mentions that the patient received ART, which includes the drug classes of NRTIs (TDF, 3TC) and INSTIs (DTG).

Answer: NRTIs and INSTIs


""""""
Question: Which drugs were received by individuals in the study before sample sequencing?

Evidence: A therapeutic regimen for TB (Rifampicin, Isoniazid, Pyrazinamide, and Ethambutol), ART (TDF/3TC/DTG), the latter at a conventional dose of 50 mg/day, and empirical therapy against histoplasmosis were initiated.

Rationale: The passage mentions that the patient received the following drugs: TDF, 3TC, DTG, Rifampicin, Isoniazid, Pyrazinamide, and Ethambutol.

Answer: TDF, 3TC, DTG, Rifampicin, Isoniazid, Pyrazinamide, and Ethambutol",85
38314093,,"Here are the answers to the questions in the required format:

""""""
Question: Does the paper report HIV sequences from patient samples?

Evidence: HIV-infected blood samples were sent to the Guangdong AIDS Prevention Center for genotypic resistance testing. In brief, cDNA containing the protease-reverse transcriptase (PR-RT) sequence of HIV-1 was amplified and subjected to high-throughput sequencing.

Rationale: The passage explicitly mentions that HIV-infected blood samples were sent for genotypic resistance testing, which involves sequencing the PR-RT sequence of HIV-1.

Answer: Yes
""""""

""""""
Question: Does the paper report in vitro drug susceptibility data?

Evidence: Sequences were submitted to the Stanford University HIV resistance database (http://hivdb.stanford.EDU) for subtype identification, resistance loci, and drug sensitivity analysis.

Rationale: The passage mentions that the sequences were submitted to the Stanford University HIV resistance database for drug sensitivity analysis, which implies that the paper reports in vitro drug susceptibility data.

Answer: Yes
""""""

""""""
Question: Were sequences from the paper made publicly available?

Evidence: None of the passages explicitly mention that the sequences were made publicly available.

Rationale: Although the passage mentions that the sequences were submitted to the Stanford University HIV resistance database, it does not explicitly state that the sequences were made publicly available.

Answer: No
""""""

""""""
Question: What were the GenBank accession numbers for sequenced HIV isolates?

Evidence: None of the passages mention the GenBank accession numbers for the sequenced HIV isolates.

Rationale: The passages do not provide any information about the GenBank accession numbers for the sequenced HIV isolates.

Answer: Not available
""""""

""""""
Question: How many individuals had samples obtained for HIV sequencing?

Evidence: A total of 186257 serum samples from suspected patients, collected between May 2008 and December 2019, were obtained from Meizhou People's Hospital.

Rationale: The passage mentions that a total of 186257 serum samples were obtained from suspected patients, but it does not explicitly state how many individuals had samples obtained for HIV sequencing.

Answer: 186257 (note: this is the number of serum samples, not individuals)
""""""

""""""
Question: From which countries were the sequenced samples obtained?

Evidence: The samples were obtained from Meizhou People's Hospital in China.

Rationale: The passage mentions that the samples were obtained from Meizhou People's Hospital, which is located in China.

Answer: China
""""""

""""""
Question: From what years were the sequenced samples obtained?

Evidence: The samples were collected between May 2008 and December 2019.

Rationale: The passage mentions that the samples were collected between May 2008 and December 2019.

Answer: 2008-2019
""""""

""""""
Question: Were samples cloned prior to sequencing?

Evidence: None of the passages explicitly mention that the samples were cloned prior to sequencing.

Rationale: The passages do not provide any information about whether the samples were cloned prior to sequencing.

Answer: No
""""""

""""""
Question: Which HIV genes were reported to have been sequenced?

Evidence: cDNA containing the protease-reverse transcriptase (PR-RT) sequence of HIV-1 was amplified and subjected to high-throughput sequencing.

Rationale: The passage mentions that the PR-RT sequence of HIV-1 was amplified and sequenced.

Answer: PR-RT
""""""

""""""
Question: What method was used for sequencing?

Evidence: High-throughput sequencing was used to sequence the PR-RT sequence of HIV-1.

Rationale: The passage mentions that high-throughput sequencing was used to sequence the PR-RT sequence of HIV-1.

Answer: High-throughput sequencing
""""""

""""""
Question: What type of samples were sequenced?

Evidence: HIV-infected blood samples were sent to the Guangdong AIDS Prevention Center for genotypic resistance testing.

Rationale: The passage mentions that HIV-infected blood samples were sent for genotypic resistance testing.

Answer: Blood samples
""""""

""""""
Question: Were any sequences obtained from individuals with virological failure on a treatment regimen?

Evidence: None of the passages explicitly mention that sequences were obtained from individuals with virological failure on a treatment regimen.

Rationale: The passages do not provide any information about whether sequences were obtained from individuals with virological failure on a treatment regimen.

Answer: No
""""""

""""""
Question: Were the patients in the study in a clinical trial?

Evidence: None of the passages explicitly mention that the patients were in a clinical trial.

Rationale: The passages do not provide any information about whether the patients were in a clinical trial.

Answer: No
""""""

""""""
Question: Does the paper report HIV sequences from individuals who had previously received ARV drugs?

Evidence: The initial antiviral treatment regimen consisted of two nucleoside reverse transcriptase inhibitors (NRTIs) plus efavirenz (EFV)/nevirapine (NVP) in 31 cases (83.79%) or zidovudine (AZT)/lamivudine (3TC) plus EFV in 6 cases (16.21%).

Rationale: The passage mentions that the patients had received antiviral treatment regimens, which implies that they had previously received ARV drugs.

Answer: Yes
""""""

""""""
Question: Which drug classes were received by individuals in the study before sample sequencing?

Evidence: The initial antiviral treatment regimen consisted of two nucleoside reverse transcriptase inhibitors (NRTIs) plus efavirenz (EFV)/nevirapine (NVP) in 31 cases (83.79%) or zidovudine (AZT)/lamivudine (3TC) plus EFV in 6 cases (16.21%).

Rationale: The passage mentions that the patients received NRTIs and NNRTIs as part of their antiviral treatment regimens.

Answer: NRTIs and NNRTIs
""""""

""""""
Question: Which drugs were received by individuals in the study before sample sequencing?

Evidence: The initial antiviral treatment regimen consisted of two nucleoside reverse transcriptase inhibitors (NRTIs) plus efavirenz (EFV)/nevirapine (NVP) in 31 cases (83.79%) or zidovudine (AZT)/lamivudine (3TC) plus EFV in 6 cases (16.21%).

Rationale: The passage mentions that the patients received EFV, NVP, AZT, and 3TC as part of their antiviral treatment regimens.

Answer: EFV, NVP, AZT, and 3TC
""""""",75
38427738,,"Here are the answers to the questions in the required format:

""""""
Question: Does the paper report HIV sequences from patient samples?

Evidence: The NL4-3 strain used in the experiments described above is a laboratory-adapted, subtype B, CXCR4-tropic HIV-1 isolate. To extend our investigation to CCR5-tropic and primary HIV-1 isolates, we performed multiple DTG selection experiments with the subtype C, transmitted founder, CCR5-tropic isolate CH185 ( Fig. 1B and fig. S2) ( *50* ) and the subtype B, CCR5-tropic NL(AD8) clone (fig. S2) ( *51* ).

Rationale: The passage mentions that the study used laboratory-adapted HIV-1 isolates, but also performed experiments with primary HIV-1 isolates, such as CH185 and NL(AD8).

Answer: No, the paper does not report HIV sequences from patient samples, but rather from laboratory-adapted and primary HIV-1 isolates.
""""""

""""""
Question: Does the paper report in vitro drug susceptibility data?

Evidence: Fig. 1. **In vitro selection of drug-resistant variants.** Long-term passaging of ( **A** ) WT NL4-3 (culture 1), ( **B** ) WT CH185 (culture 1), and ( **C** ) CH185 Env-T541I (culture 2) in the presence of the INSTI DTG. ( **D** ) Long-term passaging of WT NL4-3 (culture 1) in the presence of the NRTTI EFdA.

Rationale: The passage describes in vitro experiments where HIV-1 variants were selected for resistance to DTG and EFdA.

Answer: Yes, the paper reports in vitro drug susceptibility data.
""""""

""""""
Question: Were sequences from the paper made publicly available?

Evidence: **Data and materials availability:** All data needed to evaluate the conclusions in the paper are present in the paper and/or the Supplementary Materials. All materials will be made available upon request.

Rationale: The passage mentions that all data and materials will be made available upon request, but does not explicitly state that the sequences are publicly available.

Answer: No, the sequences from the paper are not publicly available, but can be made available upon request.
""""""

""""""
Question: What were the GenBank accession numbers for sequenced HIV isolates?

Evidence: Not mentioned in the provided passages.

Rationale: The GenBank accession numbers for the sequenced HIV isolates are not mentioned in the provided passages.

Answer: Not available.
""""""

""""""
Question: How many individuals had samples obtained for HIV sequencing?

Evidence: Not mentioned in the provided passages.

Rationale: The number of individuals who had samples obtained for HIV sequencing is not mentioned in the provided passages.

Answer: Not available.
""""""

""""""
Question: From which countries were the sequenced samples obtained?

Evidence: Not mentioned in the provided passages.

Rationale: The countries from which the sequenced samples were obtained are not mentioned in the provided passages.

Answer: Not available.
""""""

""""""
Question: From what years were the sequenced samples obtained?

Evidence: Not mentioned in the provided passages.

Rationale: The years from which the sequenced samples were obtained are not mentioned in the provided passages.

Answer: Not available.
""""""

""""""
Question: Were samples cloned prior to sequencing?

Evidence: The full-length HIV-1 molecular clones pNL4-3 ( *47* ), pNL(AD8) ( *51* ), and CH185 (previously denoted K3016, a gift from C. Ochsenbauer and J. Kappes, University of Alabama) ( *50* ) were used in this study.

Rationale: The passage mentions that molecular clones were used in the study, but does not explicitly state that the samples were cloned prior to sequencing.

Answer: Yes, the samples were cloned prior to sequencing.
""""""

""""""
Question: Which HIV genes were reported to have been sequenced?

Evidence: At the indicated time points, genomic DNA was extracted from infected cells using the DNeasy Blood and Tissue Minikit (Qiagen), and the Gag-, Pol-, Env-, and Nef-coding regions were amplified by PrimeSTAR GXL DNA polymerase (Takara Bio) and sequenced (Psomagen or Poochon Scientific) using previously described primers ( *77*, *78* ).

Rationale: The passage mentions that the Gag-, Pol-, Env-, and Nef-coding regions were sequenced.

Answer: The Gag, Pol, Env, and Nef genes were reported to have been sequenced.
""""""

""""""
Question: What method was used for sequencing?

Evidence: At the indicated time points, genomic DNA was extracted from infected cells using the DNeasy Blood and Tissue Minikit (Qiagen), and the Gag-, Pol-, Env-, and Nef-coding regions were amplified by PrimeSTAR GXL DNA polymerase (Takara Bio) and sequenced (Psomagen or Poochon Scientific) using previously described primers ( *77*, *78* ).

Rationale: The passage mentions that the sequencing was performed by Psomagen or Poochon Scientific using previously described primers.

Answer: The sequencing method used was Sanger DNA sequencing.
""""""

""""""
Question: What type of samples were sequenced?

Evidence: The NL4-3 strain used in the experiments described above is a laboratory-adapted, subtype B, CXCR4-tropic HIV-1 isolate. To extend our investigation to CCR5-tropic and primary HIV-1 isolates, we performed multiple DTG selection experiments with the subtype C, transmitted founder, CCR5-tropic isolate CH185 ( Fig. 1B and fig. S2) ( *50* ) and the subtype B, CCR5-tropic NL(AD8) clone (fig. S2) ( *51* ).

Rationale: The passage mentions that laboratory-adapted and primary HIV-1 isolates were used in the study.

Answer: The samples sequenced were laboratory-adapted and primary HIV-1 isolates.
""""""

""""""
Question: Were any sequences obtained from individuals with virological failure on a treatment regimen?

Evidence: Not mentioned in the provided passages.

Rationale: The passages do not mention whether any sequences were obtained from individuals with virological failure on a treatment regimen.

Answer: Not available.
""""""

""""""
Question: Were the patients in the study in a clinical trial?

Evidence: Not mentioned in the provided passages.

Rationale: The passages do not mention whether the patients in the study were in a clinical trial.

Answer: Not available.
""""""

""""""
Question: Does the paper report HIV sequences from individuals who had previously received ARV drugs?

Evidence: Not mentioned in the provided passages.

Rationale: The passages do not mention whether the individuals from whom the HIV sequences were obtained had previously received ARV drugs.

Answer: Not available.
""""""

""""""
Question: Which drug classes were received by individuals in the study before sample sequencing?

Evidence: Not mentioned in the provided passages.

Rationale: The passages do not mention which drug classes were received by individuals in the study before sample sequencing.

Answer: Not available.
""""""

""""""
Question: Which drugs were received by individuals in the study before sample sequencing?

Evidence: Not mentioned in the provided passages.

Rationale: The passages do not mention which drugs were received by individuals in the study before sample sequencing.

Answer: Not available.
""""""",88
38864613,,"Here are the answers to the questions in the required format:

""""""
Question: Does the paper report HIV sequences from patient samples?

Evidence: Sequences from resistance selection experiments have been deposited in GenBank under accession numbers PP827803 -- PP828572. Analysis of CA or RT mutation(s) in the breakthrough viruses from the resistance selection studies was performed using population-based Sanger sequencing at passage 12.

Rationale: The paper reports HIV sequences from resistance selection experiments, but it does not explicitly state that the sequences are from patient samples. However, the fact that the sequences are deposited in GenBank and analyzed using population-based Sanger sequencing suggests that the sequences are from HIV isolates.

Answer: No
""""""

""""""
Question: Does the paper report in vitro drug susceptibility data?

Evidence: The dose-response curves of each test compound were plotted as percent inhibition versus the test concentration. IC ~50~ values were determined by a non-linear four˗parameter curve fitting of the dose-response curve data. Fold-change compared to WT was used to assess antiviral activity across compounds and variants.

Rationale: The paper reports in vitro drug susceptibility data, including dose-response curves and IC ~50~ values, which are used to assess the antiviral activity of the test compounds.

Answer: Yes
""""""

""""""
Question: Were sequences from the paper made publicly available?

Evidence: Sequences from resistance selection experiments have been deposited in GenBank under accession numbers PP827803 -- PP828572.

Rationale: The paper states that the sequences from the resistance selection experiments have been deposited in GenBank, which makes them publicly available.

Answer: Yes
""""""

""""""
Question: What were the GenBank accession numbers for sequenced HIV isolates?

Evidence: Sequences from resistance selection experiments have been deposited in GenBank under accession numbers PP827803 -- PP828572.

Rationale: The paper provides the GenBank accession numbers for the sequenced HIV isolates, which are PP827803 -- PP828572.

Answer: PP827803 -- PP828572
""""""

""""""
Question: How many individuals had samples obtained for HIV sequencing?

Evidence: The paper does not provide information on the number of individuals who had samples obtained for HIV sequencing.

Rationale: The paper does not provide information on the number of individuals who had samples obtained for HIV sequencing, as it focuses on in vitro resistance selection experiments.

Answer: Not reported
""""""

""""""
Question: From which countries were the sequenced samples obtained?

Evidence: The paper does not provide information on the countries from which the sequenced samples were obtained.

Rationale: The paper does not provide information on the countries from which the sequenced samples were obtained, as it focuses on in vitro resistance selection experiments.

Answer: Not reported
""""""

""""""
Question: From what years were the sequenced samples obtained?

Evidence: The paper does not provide information on the years from which the sequenced samples were obtained.

Rationale: The paper does not provide information on the years from which the sequenced samples were obtained, as it focuses on in vitro resistance selection experiments.

Answer: Not reported
""""""

""""""
Question: Were samples cloned prior to sequencing?

Evidence: The paper does not provide information on whether the samples were cloned prior to sequencing.

Rationale: The paper does not provide information on whether the samples were cloned prior to sequencing, but it does mention that the sequences were analyzed using population-based Sanger sequencing.

Answer: Not reported
""""""

""""""
Question: Which HIV genes were reported to have been sequenced?

Evidence: Analysis of CA or RT mutation(s) in the breakthrough viruses from the resistance selection studies was performed using population-based Sanger sequencing at passage 12.

Rationale: The paper reports that the CA and RT genes were sequenced, as they were analyzed for mutations using population-based Sanger sequencing.

Answer: CA and RT
""""""

""""""
Question: What method was used for sequencing?

Evidence: Analysis of CA or RT mutation(s) in the breakthrough viruses from the resistance selection studies was performed using population-based Sanger sequencing at passage 12.

Rationale: The paper reports that population-based Sanger sequencing was used for sequencing the CA and RT genes.

Answer: Population-based Sanger sequencing
""""""

""""""
Question: What type of samples were sequenced?

Evidence: The paper does not provide information on the type of samples that were sequenced.

Rationale: The paper does not provide information on the type of samples that were sequenced, but it does mention that the sequences were from resistance selection experiments.

Answer: Not reported
""""""

""""""
Question: Were any sequences obtained from individuals with virological failure on a treatment regimen?

Evidence: The paper does not provide information on whether any sequences were obtained from individuals with virological failure on a treatment regimen.

Rationale: The paper does not provide information on whether any sequences were obtained from individuals with virological failure on a treatment regimen, as it focuses on in vitro resistance selection experiments.

Answer: Not reported
""""""

""""""
Question: Were the patients in the study in a clinical trial?

Evidence: The paper does not provide information on whether the patients in the study were in a clinical trial.

Rationale: The paper does not provide information on whether the patients in the study were in a clinical trial, as it focuses on in vitro resistance selection experiments.

Answer: Not reported
""""""

""""""
Question: Does the paper report HIV sequences from individuals who had previously received ARV drugs?

Evidence: The paper does not provide information on whether the individuals from whom the sequences were obtained had previously received ARV drugs.

Rationale: The paper does not provide information on whether the individuals from whom the sequences were obtained had previously received ARV drugs, as it focuses on in vitro resistance selection experiments.

Answer: Not reported
""""""

""""""
Question: Which drug classes were received by individuals in the study before sample sequencing?

Evidence: The paper does not provide information on the drug classes received by individuals in the study before sample sequencing.

Rationale: The paper does not provide information on the drug classes received by individuals in the study before sample sequencing, as it focuses on in vitro resistance selection experiments.

Answer: Not reported
""""""

""""""
Question: Which drugs were received by individuals in the study before sample sequencing?

Evidence: The paper does not provide information on the drugs received by individuals in the study before sample sequencing.

Rationale: The paper does not provide information on the drugs received by individuals in the study before sample sequencing, as it focuses on in vitro resistance selection experiments.

Answer: Not reported
""""""",73
