PMID,QID,Question,Type,Category,Answer
18715920,1,Does the paper report HIV sequences from patient samples?,Boolean,Data availability,"Yes, the paper reports HIV sequences from patient samples."
18715920,2,Does the paper report in vitro drug susceptibility data?,Boolean,Data availability,"Yes, the paper reports in vitro drug susceptibility data."
18715920,3,Were sequences from the paper made publicly available?,Boolean,Data availability,The paper does not specify whether the sequences were made publicly available.
18715920,4,What were the GenBank accession numbers for sequenced HIV isolates?,List,Data availability,The paper does not provide GenBank accession numbers for the sequenced HIV isolates.
18715920,5,How many individuals had samples obtained for HIV sequencing?,Number,Data availability,The paper does not specify how many individuals had samples obtained for HIV sequencing.
18715920,6,From which countries were the sequenced samples obtained?,List,Demographics,The paper does not specify from which countries the sequenced samples were obtained.
18715920,7,From what years were the sequenced samples obtained?,List,Demographics,The paper does not specify from which years the sequenced samples were obtained.
18715920,8,Were samples cloned prior to sequencing?,Boolean,Technical,The paper does not specify whether samples were cloned prior to sequencing.
18715920,9,Which HIV genes were reported to have been sequenced?,List,Technical,The *pol* gene (specifically the IN-encoding region) was reported to have been sequenced.
18715920,10,What method was used for sequencing?,List,Technical,The method used for sequencing was ABI Prism BigDye Terminator cycle sequencing.
18715920,11,What type of samples were sequenced?,List,Technical,The samples that were sequenced were HIV-1 infected cells.
18715920,12,Were any sequences obtained from individuals with virological failure on a treatment regimen?,Boolean,Treatment,The paper does not specify whether any sequences were obtained from individuals with virological failure.
18715920,13,Were the patients in the study in a clinical trial?,Boolean,Treatment,The paper does not specify whether the patients in the study were in a clinical trial.
18715920,14,Does the paper report HIV sequences from individuals who had previously received ARV drugs?,Boolean,Treatment,"Yes, the paper reports HIV sequences from individuals who had previously received ARV drugs."
18715920,15,Which drug classes were received by individuals in the study before sample sequencing?,List,Treatment,The paper does not specify which drug classes were received by individuals before sample sequencing.
18715920,16,Which drugs were received by individuals in the study before sample sequencing?,List,Treatment,The paper does not provide a comprehensive list of which drugs were received by individuals before sample sequencing.
19104010,1,Does the paper report HIV sequences from patient samples?,Boolean,Data availability,Yes.
19104010,2,Does the paper report in vitro drug susceptibility data?,Boolean,Data availability,Yes.
19104010,3,Were sequences from the paper made publicly available?,Boolean,Data availability,Unknown.
19104010,4,What were the GenBank accession numbers for sequenced HIV isolates?,List,Data availability,Not provided.
19104010,5,How many individuals had samples obtained for HIV sequencing?,Number,Data availability,Not specified.
19104010,6,From which countries were the sequenced samples obtained?,List,Demographics,Not mentioned.
19104010,7,From what years were the sequenced samples obtained?,List,Demographics,Not mentioned.
19104010,8,Were samples cloned prior to sequencing?,Boolean,Technical,Yes.
19104010,9,Which HIV genes were reported to have been sequenced?,List,Technical,Integrase gene.
19104010,10,What method was used for sequencing?,List,Technical,BigDye terminator v3.1 cycle sequencing kit.
19104010,11,What type of samples were sequenced?,List,Technical,Viral DNA from infected cell lines.
19104010,12,Were any sequences obtained from individuals with virological failure on a treatment regimen?,Boolean,Treatment,Not specified.
19104010,13,Were the patients in the study in a clinical trial?,Boolean,Treatment,Not mentioned.
19104010,14,Does the paper report HIV sequences from individuals who had previously received ARV drugs?,Boolean,Treatment,Not provided.
19104010,15,Which drug classes were received by individuals in the study before sample sequencing?,List,Treatment,Not specified.
19104010,16,Which drugs were received by individuals in the study before sample sequencing?,List,Treatment,Not mentioned.
21115794,1,Does the paper report HIV sequences from patient samples?,Boolean,Data availability,"Yes, the paper reports HIV sequences from patient samples."
21115794,2,Does the paper report in vitro drug susceptibility data?,Boolean,Data availability,"Yes, the paper reports in vitro drug susceptibility data."
21115794,3,Were sequences from the paper made publicly available?,Boolean,Data availability,No explicit information about public availability of sequences is provided in the paper.
21115794,4,What were the GenBank accession numbers for sequenced HIV isolates?,List,Data availability,No GenBank accession numbers are provided in the paper.
21115794,5,How many individuals had samples obtained for HIV sequencing?,Number,Data availability,The number of individuals from whom samples were obtained is not specified in the paper.
21115794,6,From which countries were the sequenced samples obtained?,List,Demographics,The countries of origin for sequenced samples are not specified in the paper.
21115794,7,From what years were the sequenced samples obtained?,List,Demographics,The years from which the sequenced samples were obtained are not specified in the paper.
21115794,8,Were samples cloned prior to sequencing?,Boolean,Technical,"Yes, samples were cloned prior to sequencing."
21115794,9,Which HIV genes were reported to have been sequenced?,List,Technical,The integrase region of HIV was reported to have been sequenced.
21115794,10,What method was used for sequencing?,List,Technical,The sequencing method used was via Operon Biotechnologies' sequencing service.
21115794,11,What type of samples were sequenced?,List,Technical,"HIV-positive patient samples, specifically PBMCs and isolated viruses, were sequenced."
21115794,12,Were any sequences obtained from individuals with virological failure on a treatment regimen?,Boolean,Treatment,No information regarding sequences from individuals with virological failure is provided in the paper.
21115794,13,Were the patients in the study in a clinical trial?,Boolean,Treatment,There is no information indicating whether the patients in the study were in a clinical trial.
21115794,14,Does the paper report HIV sequences from individuals who had previously received ARV drugs?,Boolean,Treatment,The paper does not specify if HIV sequences are from individuals who had previously received ARV drugs.
21115794,15,Which drug classes were received by individuals in the study before sample sequencing?,List,Treatment,The specific drug classes received by individuals before sample sequencing are not detailed in the paper.
21115794,16,Which drugs were received by individuals in the study before sample sequencing?,List,Treatment,The specific drugs received by individuals before sample sequencing are not detailed in the paper.
23749954,1,Does the paper report HIV sequences from patient samples?,Boolean,Data availability,"Yes, the paper reports HIV sequences from patient samples."
23749954,2,Does the paper report in vitro drug susceptibility data?,Boolean,Data availability,"Yes, the paper reports in vitro drug susceptibility data."
23749954,3,Were sequences from the paper made publicly available?,Boolean,Data availability,The paper does not specify if the sequences were made publicly available.
23749954,4,What were the GenBank accession numbers for sequenced HIV isolates?,List,Data availability,The paper does not provide the GenBank accession numbers for sequenced HIV isolates.
23749954,5,How many individuals had samples obtained for HIV sequencing?,Number,Data availability,The paper does not specify how many individuals had samples obtained for HIV sequencing.
23749954,6,From which countries were the sequenced samples obtained?,List,Demographics,The paper does not specify from which countries the sequenced samples were obtained.
23749954,7,From what years were the sequenced samples obtained?,List,Demographics,The paper does not specify from what years the sequenced samples were obtained.
23749954,8,Were samples cloned prior to sequencing?,Boolean,Technical,"Yes, samples were cloned prior to sequencing."
23749954,9,Which HIV genes were reported to have been sequenced?,List,Technical,The paper does not specify the exact HIV genes that were reported to have been sequenced.
23749954,10,What method was used for sequencing?,List,Technical,The paper does not specify the method that was used for sequencing.
23749954,11,What type of samples were sequenced?,List,Technical,The paper does not specify the type of samples that were sequenced.
23749954,12,Were any sequences obtained from individuals with virological failure on a treatment regimen?,Boolean,Treatment,"The paper suggests the potential for some sequences to be obtained from individuals with virological failure, but does not confirm it."
23749954,13,Were the patients in the study in a clinical trial?,Boolean,Treatment,The paper does not state whether the patients in the study were in a clinical trial.
23749954,14,Does the paper report HIV sequences from individuals who had previously received ARV drugs?,Boolean,Treatment,"Yes, the paper reports HIV sequences from individuals who had previously received ARV drugs."
23749954,15,Which drug classes were received by individuals in the study before sample sequencing?,List,Treatment,"The paper indicates that individuals received drugs from the NRTI class, including tenofovir, didanosine, atanoin, and stavudine."
23749954,16,Which drugs were received by individuals in the study before sample sequencing?,List,Treatment,"Individuals in the study received tenofovir, didanosine, stavudine, apricitabine, and abacavir before sample sequencing."
24227862,1,Does the paper report HIV sequences from patient samples?,Boolean,Data availability,"Yes, the paper reports HIV sequences from patient samples."
24227862,2,Does the paper report in vitro drug susceptibility data?,Boolean,Data availability,"Yes, the paper reports in vitro drug susceptibility data."
24227862,3,Were sequences from the paper made publicly available?,Boolean,Data availability,Unclear if the sequences were made publicly available.
24227862,4,What were the GenBank accession numbers for sequenced HIV isolates?,List,Data availability,Not specified in the paper.
24227862,5,How many individuals had samples obtained for HIV sequencing?,Number,Data availability,Not specified in the paper.
24227862,6,From which countries were the sequenced samples obtained?,List,Demographics,Not specified in the paper.
24227862,7,From what years were the sequenced samples obtained?,List,Demographics,Not specified in the paper.
24227862,8,Were samples cloned prior to sequencing?,Boolean,Technical,"Yes, samples were cloned prior to sequencing."
24227862,9,Which HIV genes were reported to have been sequenced?,List,Technical,Primarily the HIV-1 reverse transcriptase (RT) gene.
24227862,10,What method was used for sequencing?,List,Technical,Not explicitly stated in the paper.
24227862,11,What type of samples were sequenced?,List,Technical,Recombinant HIV-1 clones.
24227862,12,Were any sequences obtained from individuals with virological failure on a treatment regimen?,Boolean,Treatment,"Likely, but not specifically stated in the paper."
24227862,13,Were the patients in the study in a clinical trial?,Boolean,Treatment,"Likely, but not explicitly stated in the paper."
24227862,14,Does the paper report HIV sequences from individuals who had previously received ARV drugs?,Boolean,Treatment,"Yes, the paper reports sequences from individuals who had previously received ARV drugs."
24227862,15,Which drug classes were received by individuals in the study before sample sequencing?,List,Treatment,NRTIs and NNRTIs.
24227862,16,Which drugs were received by individuals in the study before sample sequencing?,List,Treatment,Nevirapine (NVP) and efavirenz (EFV).
25637519,1,Does the paper report HIV sequences from patient samples?,Boolean,Data availability,"Yes, the paper reports HIV sequences from patient samples."
25637519,2,Does the paper report in vitro drug susceptibility data?,Boolean,Data availability,"Yes, the paper reports in vitro drug susceptibility data."
25637519,3,Were sequences from the paper made publicly available?,Boolean,Data availability,"Yes, the sequences are implied to be publicly available through the Stanford HIV Drug Resistance Database."
25637519,4,What were the GenBank accession numbers for sequenced HIV isolates?,List,Data availability,The paper does not mention specific GenBank accession numbers for sequenced HIV isolates.
25637519,5,How many individuals had samples obtained for HIV sequencing?,Number,Data availability,The paper does not specify the number of individuals who had samples obtained for HIV sequencing.
25637519,6,From which countries were the sequenced samples obtained?,List,Demographics,The paper does not provide information about the countries from which the sequenced samples were obtained.
25637519,7,From what years were the sequenced samples obtained?,List,Demographics,The paper does not indicate the years from which the sequenced samples were obtained.
25637519,8,Were samples cloned prior to sequencing?,Boolean,Technical,"Yes, samples were cloned prior to sequencing."
25637519,9,Which HIV genes were reported to have been sequenced?,List,Technical,The HIV reverse transcriptase (RT) gene was reported to have been sequenced.
25637519,10,What method was used for sequencing?,List,Technical,DNA sequencing was used for sequencing.
25637519,11,What type of samples were sequenced?,List,Technical,Serum samples from patients with HIV-1 infections were sequenced.
25637519,12,Were any sequences obtained from individuals with virological failure on a treatment regimen?,Boolean,Treatment,"Yes, sequences were obtained from individuals with virological failure on a treatment regimen."
25637519,13,Were the patients in the study in a clinical trial?,Boolean,Treatment,The paper does not specify whether the patients in the study were in a clinical trial.
25637519,14,Does the paper report HIV sequences from individuals who had previously received ARV drugs?,Boolean,Treatment,"Yes, the paper reports HIV sequences from individuals who had previously received ARV drugs."
25637519,15,Which drug classes were received by individuals in the study before sample sequencing?,List,Treatment,The individuals received NNRTI and NRTI drug classes before sample sequencing.
25637519,16,Which drugs were received by individuals in the study before sample sequencing?,List,Treatment,"The drugs received included nevirapine, efavirenz, and zidovudine."
26246578,1,Does the paper report HIV sequences from patient samples?,Boolean,Data availability,"Yes, the paper reports HIV sequences from patient samples."
26246578,2,Does the paper report in vitro drug susceptibility data?,Boolean,Data availability,"Yes, the paper reports in vitro drug susceptibility data."
26246578,3,Were sequences from the paper made publicly available?,Boolean,Data availability,"It is implied that the sequences are likely made publicly available, but no explicit statement confirms this."
26246578,4,What were the GenBank accession numbers for sequenced HIV isolates?,List,Data availability,The paper does not provide GenBank accession numbers for sequenced HIV isolates.
26246578,5,How many individuals had samples obtained for HIV sequencing?,Number,Data availability,At least six individuals had samples obtained for HIV sequencing.
26246578,6,From which countries were the sequenced samples obtained?,List,Demographics,The paper does not specify the countries from which the sequenced samples were obtained.
26246578,7,From what years were the sequenced samples obtained?,List,Demographics,The paper does not specify the years from which the sequenced samples were obtained.
26246578,8,Were samples cloned prior to sequencing?,Boolean,Technical,"Yes, samples were cloned prior to sequencing."
26246578,9,Which HIV genes were reported to have been sequenced?,List,Technical,The paper does not report which HIV genes were sequenced.
26246578,10,What method was used for sequencing?,List,Technical,The specific method used for sequencing is not detailed in the paper.
26246578,11,What type of samples were sequenced?,List,Technical,The samples sequenced were HIV-1 viral clones.
26246578,12,Were any sequences obtained from individuals with virological failure on a treatment regimen?,Boolean,Treatment,"Yes, sequences were obtained from individuals with virological failure on a treatment regimen."
26246578,13,Were the patients in the study in a clinical trial?,Boolean,Treatment,"Yes, the patients in the study were part of a clinical trial."
26246578,14,Does the paper report HIV sequences from individuals who had previously received ARV drugs?,Boolean,Treatment,"Yes, the paper reports HIV sequences from individuals who had previously received ARV drugs."
26246578,15,Which drug classes were received by individuals in the study before sample sequencing?,List,Treatment,Individuals in the study received integrase inhibitors (RAL/EVG) among other drug classes.
26246578,16,Which drugs were received by individuals in the study before sample sequencing?,List,Treatment,Individuals in the study received raltegravir (RAL) and elvitegravir (EVG) before sample sequencing.
26311878,1,Does the paper report HIV sequences from patient samples?,Boolean,Data availability,"Yes, the paper reports HIV sequences from patient samples."
26311878,2,Does the paper report in vitro drug susceptibility data?,Boolean,Data availability,"Yes, the paper reports in vitro drug susceptibility data."
26311878,3,Were sequences from the paper made publicly available?,Boolean,Data availability,No information is provided regarding whether the sequences are made publicly available.
26311878,4,What were the GenBank accession numbers for sequenced HIV isolates?,List,Data availability,The GenBank accession numbers for sequenced HIV isolates are not provided in the evidence.
26311878,5,How many individuals had samples obtained for HIV sequencing?,Number,Data availability,The number of individuals with samples obtained for HIV sequencing is not specified in the evidence.
26311878,6,From which countries were the sequenced samples obtained?,List,Demographics,The countries from which the sequenced samples were obtained are not specified in the evidence.
26311878,7,From what years were the sequenced samples obtained?,List,Demographics,The years from which the sequenced samples were obtained are not specified in the evidence.
26311878,8,Were samples cloned prior to sequencing?,Boolean,Technical,"Yes, samples were cloned prior to sequencing."
26311878,9,Which HIV genes were reported to have been sequenced?,List,Technical,The specific HIV genes that were sequenced are not detailed in the evidence.
26311878,10,What method was used for sequencing?,List,Technical,PCR was used for sequencing.
26311878,11,What type of samples were sequenced?,List,Technical,Primary human cord blood mononuclear cells (CBMCs) were sequenced.
26311878,12,Were any sequences obtained from individuals with virological failure on a treatment regimen?,Boolean,Treatment,"Yes, sequences were obtained from individuals with virological failure on a treatment regimen."
26311878,13,Were the patients in the study in a clinical trial?,Boolean,Treatment,There is no indication that the patients in the study were in a clinical trial.
26311878,14,Does the paper report HIV sequences from individuals who had previously received ARV drugs?,Boolean,Treatment,"Yes, the paper reports HIV sequences from individuals who had previously received ARV drugs."
26311878,15,Which drug classes were received by individuals in the study before sample sequencing?,List,Treatment,INSTIs were received by individuals in the study before sample sequencing.
26311878,16,Which drugs were received by individuals in the study before sample sequencing?,List,Treatment,The drugs received by individuals in the study before sample sequencing included DTG and RAL.
26559830,1,Does the paper report HIV sequences from patient samples?,Boolean,Data availability,"Yes, the paper reports HIV sequences obtained from molecular clones of HIV-2."
26559830,2,Does the paper report in vitro drug susceptibility data?,Boolean,Data availability,"Yes, the paper reports in vitro drug susceptibility data."
26559830,3,Were sequences from the paper made publicly available?,Boolean,Data availability,The availability of sequences is unclear; only mutagenic primer sequences are noted as being available upon request.
26559830,4,What were the GenBank accession numbers for sequenced HIV isolates?,List,Data availability,The paper does not provide GenBank accession numbers for sequenced HIV isolates.
26559830,5,How many individuals had samples obtained for HIV sequencing?,Number,Data availability,"The paper does not report the number of individuals, as it used molecular clones instead of patient samples."
26559830,6,From which countries were the sequenced samples obtained?,List,Demographics,The paper does not specify from which countries the sequenced samples were obtained.
26559830,7,From what years were the sequenced samples obtained?,List,Demographics,The paper does not provide information about the years from which the sequenced samples were obtained.
26559830,8,Were samples cloned prior to sequencing?,Boolean,Technical,"Yes, the samples were cloned prior to sequencing."
26559830,9,Which HIV genes were reported to have been sequenced?,List,Technical,"The paper reports sequencing the entire genome of the HIV-2 molecular clone, without specifying individual genes."
26559830,10,What method was used for sequencing?,List,Technical,The sequencing method involved the use of site-directed mutagenesis and subsequent sequencing of the molecular constructs.
26559830,11,What type of samples were sequenced?,List,Technical,The samples sequenced were molecular clones of HIV-2.
26559830,12,Were any sequences obtained from individuals with virological failure on a treatment regimen?,Boolean,Treatment,The paper does not report any sequences obtained from individuals with virological failure on a treatment regimen.
26559830,13,Were the patients in the study in a clinical trial?,Boolean,Treatment,The paper does not state that the patients in the study were involved in a clinical trial.
26559830,14,Does the paper report HIV sequences from individuals who had previously received ARV drugs?,Boolean,Treatment,The paper does not clearly report if the HIV sequences are from individuals who had previously received ARV drugs.
26559830,15,Which drug classes were received by individuals in the study before sample sequencing?,List,Treatment,"The paper mentions protease inhibitors as a treatment, but does not specify all drug classes received by individuals."
26559830,16,Which drugs were received by individuals in the study before sample sequencing?,List,Treatment,"The drugs reported to have been received include amprenavir, atazanavir, and darunavir."
27009474,1,Does the paper report HIV sequences from patient samples?,Boolean,Data availability,Yes.
27009474,2,Does the paper report in vitro drug susceptibility data?,Boolean,Data availability,Yes.
27009474,3,Were sequences from the paper made publicly available?,Boolean,Data availability,Yes.
27009474,4,What were the GenBank accession numbers for sequenced HIV isolates?,List,Data availability,Not specified.
27009474,5,How many individuals had samples obtained for HIV sequencing?,Number,Data availability,1 individual.
27009474,6,From which countries were the sequenced samples obtained?,List,Demographics,Not specified.
27009474,7,From what years were the sequenced samples obtained?,List,Demographics,2014.
27009474,8,Were samples cloned prior to sequencing?,Boolean,Technical,Yes.
27009474,9,Which HIV genes were reported to have been sequenced?,List,Technical,Integrase gene.
27009474,10,What method was used for sequencing?,List,Technical,Not specified.
27009474,11,What type of samples were sequenced?,List,Technical,Patient samples.
27009474,12,Were any sequences obtained from individuals with virological failure on a treatment regimen?,Boolean,Treatment,Yes.
27009474,13,Were the patients in the study in a clinical trial?,Boolean,Treatment,Not specified.
27009474,14,Does the paper report HIV sequences from individuals who had previously received ARV drugs?,Boolean,Treatment,Yes.
27009474,15,Which drug classes were received by individuals in the study before sample sequencing?,List,Treatment,"INSTIs, NRTIs, NNRTIs."
27009474,16,Which drugs were received by individuals in the study before sample sequencing?,List,Treatment,"Tenofovir, emtricitabine, elvitegravir, cobicistat."
27124362,1,Does the paper report HIV sequences from patient samples?,Boolean,Data availability,Yes
27124362,2,Does the paper report in vitro drug susceptibility data?,Boolean,Data availability,Yes
27124362,3,Were sequences from the paper made publicly available?,Boolean,Data availability,No
27124362,4,What were the GenBank accession numbers for sequenced HIV isolates?,List,Data availability,Not provided
27124362,5,How many individuals had samples obtained for HIV sequencing?,Number,Data availability,Not provided
27124362,6,From which countries were the sequenced samples obtained?,List,Demographics,Not provided
27124362,7,From what years were the sequenced samples obtained?,List,Demographics,Not provided
27124362,8,Were samples cloned prior to sequencing?,Boolean,Technical,Not provided
27124362,9,Which HIV genes were reported to have been sequenced?,List,Technical,Not provided
27124362,10,What method was used for sequencing?,List,Technical,Not provided
27124362,11,What type of samples were sequenced?,List,Technical,Not provided
27124362,12,Were any sequences obtained from individuals with virological failure on a treatment regimen?,Boolean,Treatment,Yes
27124362,13,Were the patients in the study in a clinical trial?,Boolean,Treatment,Not provided
27124362,14,Does the paper report HIV sequences from individuals who had previously received ARV drugs?,Boolean,Treatment,Not provided
27124362,15,Which drug classes were received by individuals in the study before sample sequencing?,List,Treatment,Not provided
27124362,16,Which drugs were received by individuals in the study before sample sequencing?,List,Treatment,Not provided This format captures all questions and related evidence while maintaining clarity in discussing rationale and answers.
28559249,1,Does the paper report HIV sequences from patient samples?,Boolean,Data availability,"Yes, the paper reports HIV sequences from patient samples."
28559249,2,Does the paper report in vitro drug susceptibility data?,Boolean,Data availability,"Yes, the paper reports in vitro drug susceptibility data."
28559249,3,Were sequences from the paper made publicly available?,Boolean,Data availability,The paper does not explicitly state whether sequences were made publicly available.
28559249,4,What were the GenBank accession numbers for sequenced HIV isolates?,List,Data availability,The GenBank accession numbers for sequenced HIV isolates are not mentioned in the paper.
28559249,5,How many individuals had samples obtained for HIV sequencing?,Number,Data availability,The number of individuals with samples obtained for HIV sequencing is not stated in the paper.
28559249,6,From which countries were the sequenced samples obtained?,List,Demographics,The sequenced samples were likely obtained from countries in West Africa.
28559249,7,From what years were the sequenced samples obtained?,List,Demographics,The years from which the sequenced samples were obtained are not mentioned in the paper.
28559249,8,Were samples cloned prior to sequencing?,Boolean,Technical,The evidence does not indicate whether samples were cloned prior to sequencing.
28559249,9,Which HIV genes were reported to have been sequenced?,List,Technical,The HIV reverse transcriptase (RT) gene was reported to have been sequenced.
28559249,10,What method was used for sequencing?,List,Technical,The specific method used for sequencing is not detailed in the paper.
28559249,11,What type of samples were sequenced?,List,Technical,HIV-1 and HIV-2 strains obtained from ART-naive individuals were sequenced.
28559249,12,Were any sequences obtained from individuals with virological failure on a treatment regimen?,Boolean,Treatment,"No sequences were obtained from individuals with virological failure on a treatment regimen, as the focus was on ART-naive individuals."
28559249,13,Were the patients in the study in a clinical trial?,Boolean,Treatment,The paper does not state if the patients were in a clinical trial.
28559249,14,Does the paper report HIV sequences from individuals who had previously received ARV drugs?,Boolean,Treatment,"Yes, the paper reports HIV sequences from individuals who had previously received ARV drugs."
28559249,15,Which drug classes were received by individuals in the study before sample sequencing?,List,Treatment,"Individuals in the study received NRTIs (AZT, 3TC) and a protease inhibitor (ritonavir-boosted lopinavir)."
28559249,16,Which drugs were received by individuals in the study before sample sequencing?,List,Treatment,"Individuals in the study received AZT, lamivudine (3TC), and ritonavir-boosted lopinavir. This completes the structured answers for all questions provided."
29373677,1,Does the paper report HIV sequences from patient samples?,Boolean,Data availability,"Yes, the paper reports HIV sequences from patient samples."
29373677,2,Does the paper report in vitro drug susceptibility data?,Boolean,Data availability,"Yes, the paper reports in vitro drug susceptibility data."
29373677,3,Were sequences from the paper made publicly available?,Boolean,Data availability,"Yes, the sequences from the paper were made publicly available."
29373677,4,What were the GenBank accession numbers for sequenced HIV isolates?,List,Data availability,The paper does not report specific GenBank accession numbers for the sequenced HIV isolates.
29373677,5,How many individuals had samples obtained for HIV sequencing?,Number,Data availability,The paper reports samples obtained from one individual for HIV sequencing.
29373677,6,From which countries were the sequenced samples obtained?,List,Demographics,The paper does not specify the countries from which the sequenced samples were obtained.
29373677,7,From what years were the sequenced samples obtained?,List,Demographics,The sequenced samples were obtained between the years 2008 and 2015.
29373677,8,Were samples cloned prior to sequencing?,Boolean,Technical,The paper does not provide information on whether samples were cloned prior to sequencing.
29373677,9,Which HIV genes were reported to have been sequenced?,List,Technical,The paper reports that the integrase gene was sequenced.
29373677,10,What method was used for sequencing?,List,Technical,The paper used genotypic analysis methods for sequencing.
29373677,11,What type of samples were sequenced?,List,Technical,The types of samples sequenced included PBMCs and plasma RNA.
29373677,12,Were any sequences obtained from individuals with virological failure on a treatment regimen?,Boolean,Treatment,"Yes, sequences were obtained from individuals with virological failure on a treatment regimen."
29373677,13,Were the patients in the study in a clinical trial?,Boolean,Treatment,The paper does not explicitly state if the patients were in a clinical trial.
29373677,14,Does the paper report HIV sequences from individuals who had previously received ARV drugs?,Boolean,Treatment,"Yes, the paper reports HIV sequences from individuals who had previously received ARV drugs."
29373677,15,Which drug classes were received by individuals in the study before sample sequencing?,List,Treatment,The individuals in the study received INSTIs (integrase strand transfer inhibitors) and NRTIs (nucleoside reverse transcriptase inhibitors).
29373677,16,Which drugs were received by individuals in the study before sample sequencing?,List,Treatment,"The drugs received by individuals before sample sequencing included raltegravir, tenofovir, and emtricitabine (Truvada)."
30053052,1,Does the paper report HIV sequences from patient samples?,Boolean,Data availability,"Yes, the paper reports HIV sequences from patient samples."
30053052,2,Does the paper report in vitro drug susceptibility data?,Boolean,Data availability,"Yes, the paper reports in vitro drug susceptibility data."
30053052,3,Were sequences from the paper made publicly available?,Boolean,Data availability,The paper does not explicitly mention whether the sequences were made publicly available.
30053052,4,What were the GenBank accession numbers for sequenced HIV isolates?,List,Data availability,The GenBank accession numbers for sequenced HIV isolates are not provided in the paper.
30053052,5,How many individuals had samples obtained for HIV sequencing?,Number,Data availability,Samples were obtained from 51 individuals in total (42 therapy naive and 9 with treatment failure).
30053052,6,From which countries were the sequenced samples obtained?,List,Demographics,The sequenced samples were obtained from Sweden.
30053052,7,From what years were the sequenced samples obtained?,List,Demographics,The years from which the sequenced samples were obtained are not specified in the paper.
30053052,8,Were samples cloned prior to sequencing?,Boolean,Technical,The evidence does not explicitly confirm whether samples were cloned prior to sequencing.
30053052,9,Which HIV genes were reported to have been sequenced?,List,Technical,"The sequenced HIV genes include RT-related regions, as indicated by reported mutations like K103R and K101Q."
30053052,10,What method was used for sequencing?,List,Technical,The method used for sequencing involved PCR amplification followed by transient transfection into 293 T cells.
30053052,11,What type of samples were sequenced?,List,Technical,Plasma samples from patients were sequenced.
30053052,12,Were any sequences obtained from individuals with virological failure on a treatment regimen?,Boolean,Treatment,"Yes, sequences were obtained from individuals with virological failure on a treatment regimen."
30053052,13,Were the patients in the study in a clinical trial?,Boolean,Treatment,The paper does not specify if the patients were in a clinical trial.
30053052,14,Does the paper report HIV sequences from individuals who had previously received ARV drugs?,Boolean,Treatment,"Yes, the paper reports HIV sequences from individuals who had previously received ARV drugs."
30053052,15,Which drug classes were received by individuals in the study before sample sequencing?,List,Treatment,Individuals in the study had received NRTI and NNRTI drug classes before sample sequencing.
30053052,16,Which drugs were received by individuals in the study before sample sequencing?,List,Treatment,Individuals in the study received NRTIs and zidovudine before sample sequencing.
30803972,1,Does the paper report HIV sequences from patient samples?,Boolean,Data availability,Yes
30803972,2,Does the paper report in vitro drug susceptibility data?,Boolean,Data availability,Yes
30803972,3,Were sequences from the paper made publicly available?,Boolean,Data availability,Not clearly indicated
30803972,4,What were the GenBank accession numbers for sequenced HIV isolates?,List,Data availability,Not available
30803972,5,How many individuals had samples obtained for HIV sequencing?,Number,Data availability,Not specified
30803972,6,From which countries were the sequenced samples obtained?,List,Demographics,West Africa
30803972,7,From what years were the sequenced samples obtained?,List,Demographics,Not specified
30803972,8,Were samples cloned prior to sequencing?,Boolean,Technical,Not specified
30803972,9,Which HIV genes were reported to have been sequenced?,List,Technical,Not specified
30803972,10,What method was used for sequencing?,List,Technical,Not specified
30803972,11,What type of samples were sequenced?,List,Technical,HIV-2 isolates from ART-naive individuals
30803972,12,Were any sequences obtained from individuals with virological failure on a treatment regimen?,Boolean,Treatment,No
30803972,13,Were the patients in the study in a clinical trial?,Boolean,Treatment,Not specified
30803972,14,Does the paper report HIV sequences from individuals who had previously received ARV drugs?,Boolean,Treatment,No
30803972,15,Which drug classes were received by individuals in the study before sample sequencing?,List,Treatment,Not specified
30803972,16,Which drugs were received by individuals in the study before sample sequencing?,List,Treatment,Not specified
31988104,1,Does the paper report HIV sequences from patient samples?,Boolean,Data availability,"Yes, the paper reports HIV sequences from patient samples."
31988104,2,Does the paper report in vitro drug susceptibility data?,Boolean,Data availability,"Yes, the paper reports in vitro drug susceptibility data."
31988104,3,Were sequences from the paper made publicly available?,Boolean,Data availability,"Yes, the sequences from the paper were made publicly available."
31988104,4,What were the GenBank accession numbers for sequenced HIV isolates?,List,Data availability,The GenBank accession numbers for sequenced HIV isolates are K03455 and AF324493.
31988104,5,How many individuals had samples obtained for HIV sequencing?,Number,Data availability,The paper involves samples from 68 individuals.
31988104,6,From which countries were the sequenced samples obtained?,List,Demographics,The paper does not specify the countries from which the sequenced samples were obtained.
31988104,7,From what years were the sequenced samples obtained?,List,Demographics,The paper does not specify the years from which the sequenced samples were obtained.
31988104,8,Were samples cloned prior to sequencing?,Boolean,Technical,"Yes, the samples were cloned prior to sequencing."
31988104,9,Which HIV genes were reported to have been sequenced?,List,Technical,The gene reported to have been sequenced includes the reverse transcriptase gene (RT).
31988104,10,What method was used for sequencing?,List,Technical,The method used for sequencing involves a single-cycle phenotypic assay in MT-2 cells.
31988104,11,What type of samples were sequenced?,List,Technical,The types of samples sequenced include site-directed mutants and patient-derived isolates.
31988104,12,Were any sequences obtained from individuals with virological failure on a treatment regimen?,Boolean,Treatment,"Yes, sequences were obtained from individuals with virological failure on a treatment regimen."
31988104,13,Were the patients in the study in a clinical trial?,Boolean,Treatment,"Yes, the patients in the study were in a clinical trial."
31988104,14,Does the paper report HIV sequences from individuals who had previously received ARV drugs?,Boolean,Treatment,"Yes, the paper reports HIV sequences from individuals who had previously received ARV drugs."
31988104,15,Which drug classes were received by individuals in the study before sample sequencing?,List,Treatment,"The drug classes received included NRTIs, integrase inhibitors, and others in complex regimens."
31988104,16,Which drugs were received by individuals in the study before sample sequencing?,List,Treatment,"The drugs received included Tenofovir Alafenamide (TAF), darunavir (DRV), emtricitabine (FTC), and others from complex treatment regimens."
32601157,1,Does the paper report HIV sequences from patient samples?,Boolean,Data availability,"No, the paper does not explicitly report HIV sequences from patient samples."
32601157,2,Does the paper report in vitro drug susceptibility data?,Boolean,Data availability,"Yes, the paper reports in vitro drug susceptibility data."
32601157,3,Were sequences from the paper made publicly available?,Boolean,Data availability,The paper does not specify whether the sequences were made publicly available.
32601157,4,What were the GenBank accession numbers for sequenced HIV isolates?,List,Data availability,The paper does not provide the GenBank accession numbers for sequenced HIV isolates.
32601157,5,How many individuals had samples obtained for HIV sequencing?,Number,Data availability,The paper does not specify the number of individuals who had samples obtained for HIV sequencing.
32601157,6,From which countries were the sequenced samples obtained?,List,Demographics,The paper does not mention the countries from which samples were obtained.
32601157,7,From what years were the sequenced samples obtained?,List,Demographics,The paper does not specify the years from which the sequenced samples were obtained.
32601157,8,Were samples cloned prior to sequencing?,Boolean,Technical,The paper does not mention whether samples were cloned prior to sequencing.
32601157,9,Which HIV genes were reported to have been sequenced?,List,Technical,The paper does not specify which HIV genes were reported to have been sequenced.
32601157,10,What method was used for sequencing?,List,Technical,"The paper mentions sequencing was used, but does not detail the specific method."
32601157,11,What type of samples were sequenced?,List,Technical,The paper does not specify the types of samples that were sequenced.
32601157,12,Were any sequences obtained from individuals with virological failure on a treatment regimen?,Boolean,Treatment,"Yes, the paper implies that sequences were obtained from individuals with virological failure on a treatment regimen."
32601157,13,Were the patients in the study in a clinical trial?,Boolean,Treatment,The paper does not specify whether the patients were in a clinical trial.
32601157,14,Does the paper report HIV sequences from individuals who had previously received ARV drugs?,Boolean,Treatment,"Yes, the paper suggests that it reports sequences from individuals who had previously received ARV drugs."
32601157,15,Which drug classes were received by individuals in the study before sample sequencing?,List,Treatment,The individuals in the study received integrase strand transfer inhibitors (INSTIs) RAL and EVG before sample sequencing.
32601157,16,Which drugs were received by individuals in the study before sample sequencing?,List,Treatment,"The individuals in the study received dolutegravir (DTG) and bictegravir (BIC) before sample sequencing. This structured approach addresses each question thoroughly based on the extracted evidence. If you need further assistance or modifications, let me know!"
33855437,1,Does the paper report HIV sequences from patient samples?,Boolean,Data availability,"Yes, the paper reports HIV sequences from patient samples."
33855437,2,Does the paper report in vitro drug susceptibility data?,Boolean,Data availability,"Yes, the paper reports in vitro drug susceptibility data."
33855437,3,Were sequences from the paper made publicly available?,Boolean,Data availability,"Yes, sequences from the paper were made publicly available."
33855437,4,What were the GenBank accession numbers for sequenced HIV isolates?,List,Data availability,"The GenBank accession numbers are MW484894, MW484895, MW484893, DQ380549."
33855437,5,How many individuals had samples obtained for HIV sequencing?,Number,Data availability,Six individuals had samples obtained for HIV sequencing.
33855437,6,From which countries were the sequenced samples obtained?,List,Demographics,The sequenced samples were obtained from Ethiopia.
33855437,7,From what years were the sequenced samples obtained?,List,Demographics,The paper does not specify the years from which the sequenced samples were obtained.
33855437,8,Were samples cloned prior to sequencing?,Boolean,Technical,It is unclear whether samples were cloned prior to sequencing based on the available evidence.
33855437,9,Which HIV genes were reported to have been sequenced?,List,Technical,The specific HIV genes sequenced are not detailed in the paper.
33855437,10,What method was used for sequencing?,List,Technical,The method used for sequencing involved extracting viral RNA and conducting genotypic analyses.
33855437,11,What type of samples were sequenced?,List,Technical,The sequenced samples included patient-derived subtype B and non-B clinical isolates.
33855437,12,Were any sequences obtained from individuals with virological failure on a treatment regimen?,Boolean,Treatment,The paper does not explicitly state if any sequences were obtained from individuals with virological failure on a treatment regimen.
33855437,13,Were the patients in the study in a clinical trial?,Boolean,Treatment,The paper does not explicitly confirm whether the patients were in a clinical trial.
33855437,14,Does the paper report HIV sequences from individuals who had previously received ARV drugs?,Boolean,Treatment,"No, the paper does not report HIV sequences from individuals who had previously received ARV drugs."
33855437,15,Which drug classes were received by individuals in the study before sample sequencing?,List,Treatment,The individuals in the study were drug-naive and had not received any ARV drug classes.
33855437,16,Which drugs were received by individuals in the study before sample sequencing?,List,Treatment,"The individuals did not receive any ARV drugs prior to sample sequencing, as they were treatment-naive. These answers summarize the insights derived from the provided evidence while adhering strictly to the format specified."
34516245,1,Does the paper report HIV sequences from patient samples?,Boolean,Data availability,"Yes, the paper reports HIV sequences from patient samples."
34516245,2,Does the paper report in vitro drug susceptibility data?,Boolean,Data availability,"Yes, the paper reports in vitro drug susceptibility data."
34516245,3,Were sequences from the paper made publicly available?,Boolean,Data availability,"Yes, the sequences were made publicly available."
34516245,4,What were the GenBank accession numbers for sequenced HIV isolates?,List,Data availability,The GenBank accession numbers are OK263149 to OK263162.
34516245,5,How many individuals had samples obtained for HIV sequencing?,Number,Data availability,The paper does not specify the number of individuals directly.
34516245,6,From which countries were the sequenced samples obtained?,List,Demographics,The paper does not specify the countries from which samples were obtained.
34516245,7,From what years were the sequenced samples obtained?,List,Demographics,The paper does not specify the years from which the sequenced samples were obtained.
34516245,8,Were samples cloned prior to sequencing?,Boolean,Technical,"Yes, samples were cloned prior to sequencing."
34516245,9,Which HIV genes were reported to have been sequenced?,List,Technical,The reverse transcriptase gene was reported to have been sequenced.
34516245,10,What method was used for sequencing?,List,Technical,"The method used for sequencing was full-length, double-stranded population sequencing."
34516245,11,What type of samples were sequenced?,List,Technical,Samples sequenced were viral RNA obtained from supernatants.
34516245,12,Were any sequences obtained from individuals with virological failure on a treatment regimen?,Boolean,Treatment,"Yes, sequences were obtained from individuals with virological failure on a treatment regimen."
34516245,13,Were the patients in the study in a clinical trial?,Boolean,Treatment,The paper does not specify whether the patients were in a clinical trial.
34516245,14,Does the paper report HIV sequences from individuals who had previously received ARV drugs?,Boolean,Treatment,"Yes, the paper reports HIV sequences from individuals who had previously received ARV drugs."
34516245,15,Which drug classes were received by individuals in the study before sample sequencing?,List,Treatment,"The drug class referred to includes nucleoside reverse transcriptase inhibitors (NRTIs), such as zidovudine (AZT)."
34516245,16,Which drugs were received by individuals in the study before sample sequencing?,List,Treatment,The drugs received include lamivudine (3TC) and emtricitabine (FTC).
35730213,1,Does the paper report HIV sequences from patient samples?,Boolean,Data availability,"Yes, the paper reports HIV sequences from patient samples."
35730213,2,Does the paper report in vitro drug susceptibility data?,Boolean,Data availability,"No, the paper does not report in vitro drug susceptibility data."
35730213,3,Were sequences from the paper made publicly available?,Boolean,Data availability,"Yes, the sequences from the paper were made publicly available."
35730213,4,What were the GenBank accession numbers for sequenced HIV isolates?,List,Data availability,The paper does not provide the GenBank accession numbers for sequenced HIV isolates.
35730213,5,How many individuals had samples obtained for HIV sequencing?,Number,Data availability,1131 individuals had samples obtained for HIV sequencing.
35730213,6,From which countries were the sequenced samples obtained?,List,Demographics,The sequenced samples were obtained from Lesotho.
35730213,7,From what years were the sequenced samples obtained?,List,Demographics,The sequenced samples were obtained in 2020.
35730213,8,Were samples cloned prior to sequencing?,Boolean,Technical,"No, the samples were not cloned prior to sequencing."
35730213,9,Which HIV genes were reported to have been sequenced?,List,Technical,The paper does not specify which HIV genes were reported to have been sequenced.
35730213,10,What method was used for sequencing?,List,Technical,The paper does not specify the method used for sequencing.
35730213,11,What type of samples were sequenced?,List,Technical,The type of samples sequenced were biological samples from individuals undergoing ART transition.
35730213,12,Were any sequences obtained from individuals with virological failure on a treatment regimen?,Boolean,Treatment,"No, the evidence suggests that sequences were not obtained from individuals with virological failure on a treatment regimen."
35730213,13,Were the patients in the study in a clinical trial?,Boolean,Treatment,"Yes, the patients in the study were in a clinical trial."
35730213,14,Does the paper report HIV sequences from individuals who had previously received ARV drugs?,Boolean,Treatment,"Yes, the paper reports HIV sequences from individuals who had previously received ARV drugs."
35730213,15,Which drug classes were received by individuals in the study before sample sequencing?,List,Treatment,The drug classes received were NRTIs (TDF and 3TC) and NNRTIs (EFV).
35730213,16,Which drugs were received by individuals in the study before sample sequencing?,List,Treatment,"The drugs received were tenofovir disoproxil fumarate (TDF), lamivudine (3TC), and efavirenz (EFV)."
35913500,1,Does the paper report HIV sequences from patient samples?,Boolean,Data availability,"Yes, the paper reports HIV sequences from patient samples."
35913500,2,Does the paper report in vitro drug susceptibility data?,Boolean,Data availability,"Yes, the paper reports in vitro drug susceptibility data."
35913500,3,Were sequences from the paper made publicly available?,Boolean,Data availability,The paper does not specify whether the sequences were made publicly available.
35913500,4,What were the GenBank accession numbers for sequenced HIV isolates?,List,Data availability,The paper does not provide GenBank accession numbers for sequenced HIV isolates.
35913500,5,How many individuals had samples obtained for HIV sequencing?,Number,Data availability,Samples were obtained from 39 individuals for HIV sequencing.
35913500,6,From which countries were the sequenced samples obtained?,List,Demographics,"The sequenced samples were obtained from the United States, specifically San Francisco, California."
35913500,7,From what years were the sequenced samples obtained?,List,Demographics,The sequenced samples were obtained from the years 2021 to 2022.
35913500,8,Were samples cloned prior to sequencing?,Boolean,Technical,The paper does not specify whether samples were cloned prior to sequencing.
35913500,9,Which HIV genes were reported to have been sequenced?,List,Technical,The paper does not specify which HIV genes were reported to have been sequenced.
35913500,10,What method was used for sequencing?,List,Technical,The paper does not specify the method used for sequencing.
35913500,11,What type of samples were sequenced?,List,Technical,The paper does not specify the type of samples that were sequenced.
35913500,12,Were any sequences obtained from individuals with virological failure on a treatment regimen?,Boolean,Treatment,"Yes, sequences were obtained from individuals with virological failure on a treatment regimen."
35913500,13,Were the patients in the study in a clinical trial?,Boolean,Treatment,"No, the patients in the study were not in a clinical trial."
35913500,14,Does the paper report HIV sequences from individuals who had previously received ARV drugs?,Boolean,Treatment,"Yes, the paper reports HIV sequences from individuals who had previously received ARV drugs."
35913500,15,Which drug classes were received by individuals in the study before sample sequencing?,List,Treatment,The paper does not specify which drug classes were received by individuals prior to sample sequencing.
35913500,16,Which drugs were received by individuals in the study before sample sequencing?,List,Treatment,The paper does not specify which drugs were received by individuals before sample sequencing.
35945163,1,Does the paper report HIV sequences from patient samples?,Boolean,Data availability,"Yes, the paper reports HIV sequences from patient samples. plaintext"
35945163,2,Does the paper report in vitro drug susceptibility data?,Boolean,Data availability,"No, the paper does not report in vitro drug susceptibility data. plaintext"
35945163,3,Were sequences from the paper made publicly available?,Boolean,Data availability,The paper does not explicitly state whether sequences were made publicly available. plaintext
35945163,4,What were the GenBank accession numbers for sequenced HIV isolates?,List,Data availability,The paper does not provide GenBank accession numbers for sequenced HIV isolates. plaintext
35945163,5,How many individuals had samples obtained for HIV sequencing?,Number,Data availability,Samples were obtained from 35 individuals for HIV sequencing. plaintext
35945163,6,From which countries were the sequenced samples obtained?,List,Demographics,"The sequenced samples were obtained from the UK, USA, Belgium, Canada, Netherlands, Switzerland, Portugal, Italy, South Korea, and Spain. plaintext"
35945163,7,From what years were the sequenced samples obtained?,List,Demographics,The sequenced samples were obtained from February 2016 through July 2020. plaintext
35945163,8,Were samples cloned prior to sequencing?,Boolean,Technical,The paper does not indicate whether samples were cloned prior to sequencing. plaintext
35945163,9,Which HIV genes were reported to have been sequenced?,List,Technical,The paper does not specify which HIV genes were reported to have been sequenced. plaintext
35945163,10,What method was used for sequencing?,List,Technical,The paper does not specify the method used for sequencing. plaintext
35945163,11,What type of samples were sequenced?,List,Technical,The paper does not specify the type of samples that were sequenced. plaintext
35945163,12,Were any sequences obtained from individuals with virological failure on a treatment regimen?,Boolean,Treatment,"Yes, sequences were obtained from individuals with virological failure on a treatment regimen. plaintext"
35945163,13,Were the patients in the study in a clinical trial?,Boolean,Treatment,"No, the patients were not in a clinical trial. plaintext"
35945163,14,Does the paper report HIV sequences from individuals who had previously received ARV drugs?,Boolean,Treatment,"Yes, the paper reports HIV sequences from individuals who had previously received ARV drugs. plaintext"
35945163,15,Which drug classes were received by individuals in the study before sample sequencing?,List,Treatment,The paper does not specify which drug classes were received by individuals before sample sequencing. plaintext
35945163,16,Which drugs were received by individuals in the study before sample sequencing?,List,Treatment,The paper does not specify which drugs were received by individuals before sample sequencing.
36415058,1,Does the paper report HIV sequences from patient samples?,Boolean,Data availability,"Yes, the paper reports HIV sequences from patient samples indirectly by focusing on a population with HIV."
36415058,2,Does the paper report in vitro drug susceptibility data?,Boolean,Data availability,"No, the paper does not report in vitro drug susceptibility data."
36415058,3,Were sequences from the paper made publicly available?,Boolean,Data availability,The paper does not specify if the sequences were made publicly available.
36415058,4,What were the GenBank accession numbers for sequenced HIV isolates?,List,Data availability,The paper does not provide GenBank accession numbers for sequenced HIV isolates.
36415058,5,How many individuals had samples obtained for HIV sequencing?,Number,Data availability,486 individuals had samples obtained for HIV sequencing.
36415058,6,From which countries were the sequenced samples obtained?,List,Demographics,The paper does not specify from which countries the sequenced samples were obtained.
36415058,7,From what years were the sequenced samples obtained?,List,Demographics,The paper does not specify the years from which the sequenced samples were obtained.
36415058,8,Were samples cloned prior to sequencing?,Boolean,Technical,The paper does not indicate whether samples were cloned prior to sequencing.
36415058,9,Which HIV genes were reported to have been sequenced?,List,Technical,The paper does not specify which HIV genes were reported to have been sequenced.
36415058,10,What method was used for sequencing?,List,Technical,The paper does not specify the method used for sequencing.
36415058,11,What type of samples were sequenced?,List,Technical,The paper does not specify the type of samples that were sequenced.
36415058,12,Were any sequences obtained from individuals with virological failure on a treatment regimen?,Boolean,Treatment,The paper does not specify if the sequences were obtained from individuals with virological failure on a treatment regimen.
36415058,13,Were the patients in the study in a clinical trial?,Boolean,Treatment,"Yes, the patients in the study were in a clinical trial."
36415058,14,Does the paper report HIV sequences from individuals who had previously received ARV drugs?,Boolean,Treatment,"Yes, the paper reports HIV sequences from individuals who had previously received ARV drugs."
36415058,15,Which drug classes were received by individuals in the study before sample sequencing?,List,Treatment,The paper includes mentions of NNRTIs and InSTIs among the drug classes received.
36415058,16,Which drugs were received by individuals in the study before sample sequencing?,List,Treatment,The paper does not provide specific drugs received by individuals in the study before sample sequencing. Feel free to ask any more questions or for further clarifications!
36454248,1,Does the paper report HIV sequences from patient samples?,Boolean,Data availability,"Yes, the paper reports HIV sequences from patient samples."
36454248,2,Does the paper report in vitro drug susceptibility data?,Boolean,Data availability,"Yes, the paper reports in vitro drug susceptibility data."
36454248,3,Were sequences from the paper made publicly available?,Boolean,Data availability,"Yes, sequences from the paper were made publicly available."
36454248,4,What were the GenBank accession numbers for sequenced HIV isolates?,List,Data availability,The GenBank accession numbers for sequenced HIV isolates are OM201778 -- OM201846.
36454248,5,How many individuals had samples obtained for HIV sequencing?,Number,Data availability,Samples were obtained from 76 individuals for HIV sequencing.
36454248,6,From which countries were the sequenced samples obtained?,List,Demographics,The sequenced samples were obtained from Panama.
36454248,7,From what years were the sequenced samples obtained?,List,Demographics,The sequenced samples were obtained from the years 2018 and 2019.
36454248,8,Were samples cloned prior to sequencing?,Boolean,Technical,The paper does not mention cloning the samples prior to sequencing.
36454248,9,Which HIV genes were reported to have been sequenced?,List,Technical,"The HIV genes reported to have been sequenced are PR, RT, and IN."
36454248,10,What method was used for sequencing?,List,Technical,The method used for sequencing was by Macrogen Inc.
36454248,11,What type of samples were sequenced?,List,Technical,The type of samples sequenced were plasma samples.
36454248,12,Were any sequences obtained from individuals with virological failure on a treatment regimen?,Boolean,Treatment,"Yes, sequences were obtained from individuals with virological failure on a treatment regimen."
36454248,13,Were the patients in the study in a clinical trial?,Boolean,Treatment,The paper does not indicate that the patients in the study were in a clinical trial.
36454248,14,Does the paper report HIV sequences from individuals who had previously received ARV drugs?,Boolean,Treatment,"Yes, the paper reports HIV sequences from individuals who had previously received ARV drugs."
36454248,15,Which drug classes were received by individuals in the study before sample sequencing?,List,Treatment,"The individuals in the study had received NRTIs, NNRTIs, and PIs before sample sequencing."
36454248,16,Which drugs were received by individuals in the study before sample sequencing?,List,Treatment,"The drugs received by individuals in the study before sample sequencing included lamivudine, zidovudine, lopinavir/ritonavir, and efavirenz."
36519389,1,Does the paper report HIV sequences from patient samples?,Boolean,Data availability,"Yes, the paper reports HIV sequences from patient samples. markdown"
36519389,2,Does the paper report in vitro drug susceptibility data?,Boolean,Data availability,"No, the paper does not report in vitro drug susceptibility data. markdown"
36519389,3,Were sequences from the paper made publicly available?,Boolean,Data availability,Unclear; the paper does not explicitly state if the sequences were made publicly available. markdown
36519389,4,What were the GenBank accession numbers for sequenced HIV isolates?,List,Data availability,Not provided; the paper does not report GenBank accession numbers for sequenced HIV isolates. markdown
36519389,5,How many individuals had samples obtained for HIV sequencing?,Number,Data availability,172 individuals had samples obtained for HIV sequencing. markdown
36519389,6,From which countries were the sequenced samples obtained?,List,Demographics,"Samples were obtained from South Africa, Zimbabwe, Malawi, and Mozambique. markdown"
36519389,7,From what years were the sequenced samples obtained?,List,Demographics,The sequenced samples were obtained from July to November 2022. markdown
36519389,8,Were samples cloned prior to sequencing?,Boolean,Technical,Not specified; the paper does not mention whether samples were cloned prior to sequencing. markdown
36519389,9,Which HIV genes were reported to have been sequenced?,List,Technical,Not provided; the paper does not specify which HIV genes were sequenced. markdown
36519389,10,What method was used for sequencing?,List,Technical,Not provided; the paper does not detail the method used for sequencing. markdown
36519389,11,What type of samples were sequenced?,List,Technical,Not specified; the paper does not indicate the type of samples that were sequenced. markdown
36519389,12,Were any sequences obtained from individuals with virological failure on a treatment regimen?,Boolean,Treatment,"Yes, sequences were obtained from individuals with virological failure on a treatment regimen. markdown"
36519389,13,Were the patients in the study in a clinical trial?,Boolean,Treatment,"Yes, the patients in the study were in a clinical trial. markdown"
36519389,14,Does the paper report HIV sequences from individuals who had previously received ARV drugs?,Boolean,Treatment,"Yes, the paper reports HIV sequences from individuals who had previously received ARV drugs. markdown"
36519389,15,Which drug classes were received by individuals in the study before sample sequencing?,List,Treatment,Not specified; the paper does not explicitly list the drug classes received prior to sample sequencing. markdown
36519389,16,Which drugs were received by individuals in the study before sample sequencing?,List,Treatment,Not specified; the paper does not provide a detailed list of individual drugs received before sample sequencing.
36571282,1,Does the paper report HIV sequences from patient samples?,Boolean,Data availability,Yes.
36571282,2,Does the paper report in vitro drug susceptibility data?,Boolean,Data availability,Yes.
36571282,3,Were sequences from the paper made publicly available?,Boolean,Data availability,Yes.
36571282,4,What were the GenBank accession numbers for sequenced HIV isolates?,List,Data availability,Not specified in the main text; refer to Supplementary Table 1.
36571282,5,How many individuals had samples obtained for HIV sequencing?,Number,Data availability,2705 individuals.
36571282,6,From which countries were the sequenced samples obtained?,List,Demographics,"France, Greece, Italy, Portugal, and Spain."
36571282,7,From what years were the sequenced samples obtained?,List,Demographics,2018 to 2021.
36571282,8,Were samples cloned prior to sequencing?,Boolean,Technical,Not explicitly mentioned; cloning not indicated.
36571282,9,Which HIV genes were reported to have been sequenced?,List,Technical,HIV integrase.
36571282,10,What method was used for sequencing?,List,Technical,Sanger sequencing and next-generation sequencing (NGS).
36571282,11,What type of samples were sequenced?,List,Technical,Patient samples from ART-naive individuals.
36571282,12,Were any sequences obtained from individuals with virological failure on a treatment regimen?,Boolean,Treatment,Not specified in the provided content.
36571282,13,Were the patients in the study in a clinical trial?,Boolean,Treatment,Not specified; clinical trial status unclear.
36571282,14,Does the paper report HIV sequences from individuals who had previously received ARV drugs?,Boolean,Treatment,No.
36571282,15,Which drug classes were received by individuals in the study before sample sequencing?,List,Treatment,Integrase strand-transfer inhibitors (INSTIs) and nucleoside/nucleotide reverse transcriptase inhibitors (NRTIs).
36571282,16,Which drugs were received by individuals in the study before sample sequencing?,List,Treatment,"Not explicitly mentioned; general drug classes referenced (INSTIs, NRTIs)."
36597160,1,Does the paper report HIV sequences from patient samples?,Boolean,Data availability,"Yes, the paper reports HIV sequences from patient samples."
36597160,2,Does the paper report in vitro drug susceptibility data?,Boolean,Data availability,"No, the paper does not report in vitro drug susceptibility data."
36597160,3,Were sequences from the paper made publicly available?,Boolean,Data availability,Uncertain; the paper does not clarify if all sequences were made publicly available.
36597160,4,What were the GenBank accession numbers for sequenced HIV isolates?,List,Data availability,Not reported; the paper does not provide GenBank accession numbers.
36597160,5,How many individuals had samples obtained for HIV sequencing?,Number,Data availability,382 individuals had samples obtained for HIV sequencing.
36597160,6,From which countries were the sequenced samples obtained?,List,Demographics,Samples were obtained from patients born in Africa.
36597160,7,From what years were the sequenced samples obtained?,List,Demographics,Samples were obtained between February 2014 and August 2015.
36597160,8,Were samples cloned prior to sequencing?,Boolean,Technical,Not reported; the paper does not mention if samples were cloned prior to sequencing.
36597160,9,Which HIV genes were reported to have been sequenced?,List,Technical,Not reported; the paper does not specify which HIV genes were sequenced.
36597160,10,What method was used for sequencing?,List,Technical,Sanger sequencing was used for sequencing.
36597160,11,What type of samples were sequenced?,List,Technical,Samples were from patients with controlled HIV-1 infection on stable ART regimens.
36597160,12,Were any sequences obtained from individuals with virological failure on a treatment regimen?,Boolean,Treatment,"Yes, sequences were obtained from individuals with a history of virological failure on a treatment regimen."
36597160,13,Were the patients in the study in a clinical trial?,Boolean,Treatment,"No, the patients in the study were not in a clinical trial; it's an observational study."
36597160,14,Does the paper report HIV sequences from individuals who had previously received ARV drugs?,Boolean,Treatment,"Yes, the paper reports sequences from individuals who had previously received ARV drugs."
36597160,15,Which drug classes were received by individuals in the study before sample sequencing?,List,Treatment,"Individuals in the study received NRTIs, Protease Inhibitors (PI/r), NNRTIs, and Integrase Strand Transfer Inhibitors (INSTIs)."
36597160,16,Which drugs were received by individuals in the study before sample sequencing?,List,Treatment,"Patients received NRTIs, ritonavir-boosted Protease Inhibitors (PI/r), NNRTIs, and INSTIs. This format ensures that each response follows the structure you requested while effectively providing insights derived from the provided evidence."
36645792,1,Does the paper report HIV sequences from patient samples?,Boolean,Data availability,Yes
36645792,2,Does the paper report in vitro drug susceptibility data?,Boolean,Data availability,Yes
36645792,3,Were sequences from the paper made publicly available?,Boolean,Data availability,Unclear
36645792,4,What were the GenBank accession numbers for sequenced HIV isolates?,List,Data availability,Not provided
36645792,5,How many individuals had samples obtained for HIV sequencing?,Number,Data availability,120
36645792,6,From which countries were the sequenced samples obtained?,List,Demographics,South Africa
36645792,7,From what years were the sequenced samples obtained?,List,Demographics,2020-2021
36645792,8,Were samples cloned prior to sequencing?,Boolean,Technical,No
36645792,9,Which HIV genes were reported to have been sequenced?,List,Technical,Not specified
36645792,10,What method was used for sequencing?,List,Technical,GART method (specific technology not detailed)
36645792,11,What type of samples were sequenced?,List,Technical,Plasma samples
36645792,12,Were any sequences obtained from individuals with virological failure on a treatment regimen?,Boolean,Treatment,Yes
36645792,13,Were the patients in the study in a clinical trial?,Boolean,Treatment,Yes
36645792,14,Does the paper report HIV sequences from individuals who had previously received ARV drugs?,Boolean,Treatment,Yes
36645792,15,Which drug classes were received by individuals in the study before sample sequencing?,List,Treatment,NRTIs and NNRTIs
36645792,16,Which drugs were received by individuals in the study before sample sequencing?,List,Treatment,"Tenofovir, emtricitabine (or lamivudine), and efavirenz"
36659824,1,Does the paper report HIV sequences from patient samples?,Boolean,Data availability,"Yes, the paper reports HIV sequences from patient samples."
36659824,2,Does the paper report in vitro drug susceptibility data?,Boolean,Data availability,"Yes, the paper reports in vitro drug susceptibility data."
36659824,3,Were sequences from the paper made publicly available?,Boolean,Data availability,The paper does not explicitly confirm that sequences were made publicly available.
36659824,4,What were the GenBank accession numbers for sequenced HIV isolates?,List,Data availability,The paper does not provide GenBank accession numbers for sequenced HIV isolates.
36659824,5,How many individuals had samples obtained for HIV sequencing?,Number,Data availability,112 individuals had samples obtained for HIV sequencing.
36659824,6,From which countries were the sequenced samples obtained?,List,Demographics,The sequenced samples were obtained from France.
36659824,7,From what years were the sequenced samples obtained?,List,Demographics,The sequenced samples were obtained from the years 2019 to 2020.
36659824,8,Were samples cloned prior to sequencing?,Boolean,Technical,The paper does not indicate that samples were cloned prior to sequencing.
36659824,9,Which HIV genes were reported to have been sequenced?,List,Technical,The paper does not specify which HIV genes were reported to have been sequenced.
36659824,10,What method was used for sequencing?,List,Technical,The paper does not specify the sequencing method used.
36659824,11,What type of samples were sequenced?,List,Technical,Blood samples were sequenced.
36659824,12,Were any sequences obtained from individuals with virological failure on a treatment regimen?,Boolean,Treatment,"Yes, sequences were obtained from individuals with virological failure on a treatment regimen."
36659824,13,Were the patients in the study in a clinical trial?,Boolean,Treatment,"Yes, the patients in the study were in a clinical trial."
36659824,14,Does the paper report HIV sequences from individuals who had previously received ARV drugs?,Boolean,Treatment,"Yes, the paper reports HIV sequences from individuals who had previously received ARV drugs."
36659824,15,Which drug classes were received by individuals in the study before sample sequencing?,List,Treatment,The paper does not specify which drug classes were received by individuals before sample sequencing.
36659824,16,Which drugs were received by individuals in the study before sample sequencing?,List,Treatment,The paper does not specify which drugs were received by individuals before sample sequencing.
36660819,1,Does the paper report HIV sequences from patient samples?,Boolean,Data availability,"Yes, the paper reports HIV sequences from patient samples."
36660819,2,Does the paper report in vitro drug susceptibility data?,Boolean,Data availability,"No, the paper does not explicitly report in vitro drug susceptibility data."
36660819,3,Were sequences from the paper made publicly available?,Boolean,Data availability,"No, the sequences were not made publicly available."
36660819,4,What were the GenBank accession numbers for sequenced HIV isolates?,List,Data availability,The paper does not provide GenBank accession numbers for sequenced HIV isolates.
36660819,5,How many individuals had samples obtained for HIV sequencing?,Number,Data availability,Samples were obtained from 1045 individuals.
36660819,6,From which countries were the sequenced samples obtained?,List,Demographics,The paper does not specify the countries from which the sequenced samples were obtained.
36660819,7,From what years were the sequenced samples obtained?,List,Demographics,The paper does not specify the years from which the sequenced samples were obtained.
36660819,8,Were samples cloned prior to sequencing?,Boolean,Technical,The paper does not mention whether samples were cloned prior to sequencing.
36660819,9,Which HIV genes were reported to have been sequenced?,List,Technical,The paper does not provide information on which HIV genes were sequenced.
36660819,10,What method was used for sequencing?,List,Technical,The paper does not specify the method used for sequencing.
36660819,11,What type of samples were sequenced?,List,Technical,The paper does not specify the type of samples sequenced.
36660819,12,Were any sequences obtained from individuals with virological failure on a treatment regimen?,Boolean,Treatment,"Yes, sequences were obtained from individuals with virological failure on a treatment regimen."
36660819,13,Were the patients in the study in a clinical trial?,Boolean,Treatment,"Yes, the patients in the study were in a clinical trial."
36660819,14,Does the paper report HIV sequences from individuals who had previously received ARV drugs?,Boolean,Treatment,"Yes, the paper reports HIV sequences from individuals who had previously received ARV drugs."
36660819,15,Which drug classes were received by individuals in the study before sample sequencing?,List,Treatment,The paper does not specify which drug classes were received by individuals prior to sample sequencing.
36660819,16,Which drugs were received by individuals in the study before sample sequencing?,List,Treatment,The paper does not specify which drugs were received by individuals prior to sample sequencing.
36694270,1,Does the paper report HIV sequences from patient samples?,Boolean,Data availability,Yes.
36694270,2,Does the paper report in vitro drug susceptibility data?,Boolean,Data availability,Yes.
36694270,3,Were sequences from the paper made publicly available?,Boolean,Data availability,Yes.
36694270,4,What were the GenBank accession numbers for sequenced HIV isolates?,List,Data availability,Not provided.
36694270,5,How many individuals had samples obtained for HIV sequencing?,Number,Data availability,62 individuals.
36694270,6,From which countries were the sequenced samples obtained?,List,Demographics,China.
36694270,7,From what years were the sequenced samples obtained?,List,Demographics,2020 to 2022.
36694270,8,Were samples cloned prior to sequencing?,Boolean,Technical,Not mentioned.
36694270,9,Which HIV genes were reported to have been sequenced?,List,Technical,"Protease, reverse transcriptase, and integrase."
36694270,10,What method was used for sequencing?,List,Technical,Nested polymerase chain reaction (nested PCR).
36694270,11,What type of samples were sequenced?,List,Technical,Cerebrospinal fluid (CSF) and plasma samples.
36694270,12,Were any sequences obtained from individuals with virological failure on a treatment regimen?,Boolean,Treatment,Yes.
36694270,13,Were the patients in the study in a clinical trial?,Boolean,Treatment,Not mentioned.
36694270,14,Does the paper report HIV sequences from individuals who had previously received ARV drugs?,Boolean,Treatment,Yes.
36694270,15,Which drug classes were received by individuals in the study before sample sequencing?,List,Treatment,Nucleotide reverse transcriptase inhibitors (NRTIs).
36694270,16,Which drugs were received by individuals in the study before sample sequencing?,List,Treatment,3TC and TDF.
36706364,1,Does the paper report HIV sequences from patient samples?,Boolean,Data availability,"Yes, the paper reports HIV sequences from patient samples."
36706364,2,Does the paper report in vitro drug susceptibility data?,Boolean,Data availability,"No, the paper does not specifically report in vitro drug susceptibility data."
36706364,3,Were sequences from the paper made publicly available?,Boolean,Data availability,"Yes, sequences were likely made publicly available as part of the study protocol on ClinicalTrials.gov."
36706364,4,What were the GenBank accession numbers for sequenced HIV isolates?,List,Data availability,The paper does not provide GenBank accession numbers for sequenced HIV isolates.
36706364,5,How many individuals had samples obtained for HIV sequencing?,Number,Data availability,The paper does not specify how many individuals had samples obtained for HIV sequencing.
36706364,6,From which countries were the sequenced samples obtained?,List,Demographics,The sequenced samples were obtained from South Africa.
36706364,7,From what years were the sequenced samples obtained?,List,Demographics,The paper does not specify the years from which the sequenced samples were obtained.
36706364,8,Were samples cloned prior to sequencing?,Boolean,Technical,The paper does not mention whether samples were cloned prior to sequencing.
36706364,9,Which HIV genes were reported to have been sequenced?,List,Technical,The paper does not specify which HIV genes were reported to have been sequenced.
36706364,10,What method was used for sequencing?,List,Technical,The paper does not specify the method used for sequencing.
36706364,11,What type of samples were sequenced?,List,Technical,The paper does not specify the type of samples that were sequenced.
36706364,12,Were any sequences obtained from individuals with virological failure on a treatment regimen?,Boolean,Treatment,"Yes, sequences were obtained from individuals with virological failure on a treatment regimen."
36706364,13,Were the patients in the study in a clinical trial?,Boolean,Treatment,"Yes, the patients in the study were in a clinical trial."
36706364,14,Does the paper report HIV sequences from individuals who had previously received ARV drugs?,Boolean,Treatment,"Yes, the paper reports HIV sequences from individuals who had previously received ARV drugs."
36706364,15,Which drug classes were received by individuals in the study before sample sequencing?,List,Treatment,The drug classes received included NRTIs (tenofovir) and NNRTIs (efavirenz or nevirapine).
36706364,16,Which drugs were received by individuals in the study before sample sequencing?,List,Treatment,"The drugs received included tenofovir, XTC (emtricitabine), and either efavirenz or nevirapine."
36738248,1,Does the paper report HIV sequences from patient samples?,Boolean,Data availability,Yes
36738248,2,Does the paper report in vitro drug susceptibility data?,Boolean,Data availability,Yes
36738248,3,Were sequences from the paper made publicly available?,Boolean,Data availability,Yes
36738248,4,What were the GenBank accession numbers for sequenced HIV isolates?,List,Data availability,Not available
36738248,5,How many individuals had samples obtained for HIV sequencing?,Number,Data availability,"21,297"
36738248,6,From which countries were the sequenced samples obtained?,List,Demographics,Switzerland
36738248,7,From what years were the sequenced samples obtained?,List,Demographics,2002 to 2021
36738248,8,Were samples cloned prior to sequencing?,Boolean,Technical,Not available
36738248,9,Which HIV genes were reported to have been sequenced?,List,Technical,"Protease (PR), reverse transcriptase (RT), integrase (IN)"
36738248,10,What method was used for sequencing?,List,Technical,Illumina sequencing
36738248,11,What type of samples were sequenced?,List,Technical,Plasma samples
36738248,12,Were any sequences obtained from individuals with virological failure on a treatment regimen?,Boolean,Treatment,Not explicitly mentioned
36738248,13,Were the patients in the study in a clinical trial?,Boolean,Treatment,No
36738248,14,Does the paper report HIV sequences from individuals who had previously received ARV drugs?,Boolean,Treatment,Yes
36738248,15,Which drug classes were received by individuals in the study before sample sequencing?,List,Treatment,Not available
36738248,16,Which drugs were received by individuals in the study before sample sequencing?,List,Treatment,Not available Please let me know if you need further adjustments or additions!
36751650,1,Does the paper report HIV sequences from patient samples?,Boolean,Data availability,Yes
36751650,2,Does the paper report in vitro drug susceptibility data?,Boolean,Data availability,Yes
36751650,3,Were sequences from the paper made publicly available?,Boolean,Data availability,No information provided
36751650,4,What were the GenBank accession numbers for sequenced HIV isolates?,List,Data availability,No information provided
36751650,5,How many individuals had samples obtained for HIV sequencing?,Number,Data availability,1653
36751650,6,From which countries were the sequenced samples obtained?,List,Demographics,China
36751650,7,From what years were the sequenced samples obtained?,List,Demographics,2016 to 2020
36751650,8,Were samples cloned prior to sequencing?,Boolean,Technical,No information provided
36751650,9,Which HIV genes were reported to have been sequenced?,List,Technical,pol gene
36751650,10,What method was used for sequencing?,List,Technical,Sanger sequencing
36751650,11,What type of samples were sequenced?,List,Technical,Blood samples
36751650,12,Were any sequences obtained from individuals with virological failure on a treatment regimen?,Boolean,Treatment,No information provided
36751650,13,Were the patients in the study in a clinical trial?,Boolean,Treatment,No information provided
36751650,14,Does the paper report HIV sequences from individuals who had previously received ARV drugs?,Boolean,Treatment,No
36751650,15,Which drug classes were received by individuals in the study before sample sequencing?,List,Treatment,No ARV drugs received
36751650,16,Which drugs were received by individuals in the study before sample sequencing?,List,Treatment,No ARV drugs received Feel free to ask if you need further adjustments or more questions addressed!
36779485,1,Does the paper report HIV sequences from patient samples?,Boolean,Data availability,Yes
36779485,2,Does the paper report in vitro drug susceptibility data?,Boolean,Data availability,No
36779485,3,Were sequences from the paper made publicly available?,Boolean,Data availability,Yes
36779485,4,What were the GenBank accession numbers for sequenced HIV isolates?,List,Data availability,Not specified
36779485,5,How many individuals had samples obtained for HIV sequencing?,Number,Data availability,1649 (277 + 1372)
36779485,6,From which countries were the sequenced samples obtained?,List,Demographics,Not specified
36779485,7,From what years were the sequenced samples obtained?,List,Demographics,Not specified
36779485,8,Were samples cloned prior to sequencing?,Boolean,Technical,Not specified
36779485,9,Which HIV genes were reported to have been sequenced?,List,Technical,Not specified
36779485,10,What method was used for sequencing?,List,Technical,Not specified
36779485,11,What type of samples were sequenced?,List,Technical,Patient blood samples
36779485,12,Were any sequences obtained from individuals with virological failure on a treatment regimen?,Boolean,Treatment,Yes
36779485,13,Were the patients in the study in a clinical trial?,Boolean,Treatment,Not specified
36779485,14,Does the paper report HIV sequences from individuals who had previously received ARV drugs?,Boolean,Treatment,Yes
36779485,15,Which drug classes were received by individuals in the study before sample sequencing?,List,Treatment,NNRTIs
36779485,16,Which drugs were received by individuals in the study before sample sequencing?,List,Treatment,Rilpivirine and NNRTIs
36795586,1,Does the paper report HIV sequences from patient samples?,Boolean,Data availability,"No, the paper does not explicitly report HIV sequences from patient samples."
36795586,2,Does the paper report in vitro drug susceptibility data?,Boolean,Data availability,"No, the paper does not report in vitro drug susceptibility data."
36795586,3,Were sequences from the paper made publicly available?,Boolean,Data availability,"No, sequences from the paper were not made publicly available."
36795586,4,What were the GenBank accession numbers for sequenced HIV isolates?,List,Data availability,The paper does not provide GenBank accession numbers for sequenced HIV isolates.
36795586,5,How many individuals had samples obtained for HIV sequencing?,Number,Data availability,Samples were obtained from 9419 individuals for HIV sequencing.
36795586,6,From which countries were the sequenced samples obtained?,List,Demographics,"Samples were obtained from Botswana, Eswatini, Lesotho, Malawi, Tanzania, and Uganda."
36795586,7,From what years were the sequenced samples obtained?,List,Demographics,Samples were obtained from the years 2017 to 2020.
36795586,8,Were samples cloned prior to sequencing?,Boolean,Technical,The paper does not indicate whether samples were cloned prior to sequencing.
36795586,9,Which HIV genes were reported to have been sequenced?,List,Technical,The paper does not report which HIV genes were sequenced.
36795586,10,What method was used for sequencing?,List,Technical,The paper does not specify the method used for sequencing.
36795586,11,What type of samples were sequenced?,List,Technical,The sequenced samples were obtained from children and adolescents living with HIV.
36795586,12,Were any sequences obtained from individuals with virological failure on a treatment regimen?,Boolean,Treatment,"Yes, sequences were obtained from individuals with virological failure on a treatment regimen."
36795586,13,Were the patients in the study in a clinical trial?,Boolean,Treatment,"No, the patients in the study were not in a clinical trial."
36795586,14,Does the paper report HIV sequences from individuals who had previously received ARV drugs?,Boolean,Treatment,"Yes, the paper reports HIV sequences from individuals who had previously received ARV drugs."
36795586,15,Which drug classes were received by individuals in the study before sample sequencing?,List,Treatment,"Drug classes received included NRTIs, specifically abacavir, tenofovir, and zidovudine."
36795586,16,Which drugs were received by individuals in the study before sample sequencing?,List,Treatment,"The individuals received abacavir, tenofovir, and zidovudine before sample sequencing."
36851704,1,Does the paper report HIV sequences from patient samples?,Boolean,Data availability,Yes.
36851704,2,Does the paper report in vitro drug susceptibility data?,Boolean,Data availability,Yes.
36851704,3,Were sequences from the paper made publicly available?,Boolean,Data availability,"No, but they can be requested."
36851704,4,What were the GenBank accession numbers for sequenced HIV isolates?,List,Data availability,Not provided in the paper.
36851704,5,How many individuals had samples obtained for HIV sequencing?,Number,Data availability,206 individuals.
36851704,6,From which countries were the sequenced samples obtained?,List,Demographics,Uruguay.
36851704,7,From what years were the sequenced samples obtained?,List,Demographics,2018–2019.
36851704,8,Were samples cloned prior to sequencing?,Boolean,Technical,"No, the paper does not mention cloning."
36851704,9,Which HIV genes were reported to have been sequenced?,List,Technical,"Protease, reverse transcriptase, and integrase."
36851704,10,What method was used for sequencing?,List,Technical,Sanger sequencing.
36851704,11,What type of samples were sequenced?,List,Technical,Whole blood samples.
36851704,12,Were any sequences obtained from individuals with virological failure on a treatment regimen?,Boolean,Treatment,Yes.
36851704,13,Were the patients in the study in a clinical trial?,Boolean,Treatment,"No, they were not in a clinical trial."
36851704,14,Does the paper report HIV sequences from individuals who had previously received ARV drugs?,Boolean,Treatment,Yes.
36851704,15,Which drug classes were received by individuals in the study before sample sequencing?,List,Treatment,"NNRTI, dolutegravir, and PI/r regimens."
36851704,16,Which drugs were received by individuals in the study before sample sequencing?,List,Treatment,Efavirenz and nevirapine. This structured response summarizes the findings based on the available evidence for each question regarding HIV drug resistance.
36851760,1,Does the paper report HIV sequences from patient samples?,Boolean,Data availability,Yes
36851760,2,Does the paper report in vitro drug susceptibility data?,Boolean,Data availability,Yes
36851760,3,Were sequences from the paper made publicly available?,Boolean,Data availability,Yes
36851760,4,What were the GenBank accession numbers for sequenced HIV isolates?,List,Data availability,OQ435656-OQ435729
36851760,5,How many individuals had samples obtained for HIV sequencing?,Number,Data availability,107
36851760,6,From which countries were the sequenced samples obtained?,List,Demographics,Benin and Mali
36851760,7,From what years were the sequenced samples obtained?,List,Demographics,2015-2016 and 2018-2020
36851760,8,Were samples cloned prior to sequencing?,Boolean,Technical,Unclear
36851760,9,Which HIV genes were reported to have been sequenced?,List,Technical,Integrase gene
36851760,10,What method was used for sequencing?,List,Technical,Sanger method
36851760,11,What type of samples were sequenced?,List,Technical,Dried blood spots (DBS)
36851760,12,Were any sequences obtained from individuals with virological failure on a treatment regimen?,Boolean,Treatment,Yes
36851760,13,Were the patients in the study in a clinical trial?,Boolean,Treatment,Unclear
36851760,14,Does the paper report HIV sequences from individuals who had previously received ARV drugs?,Boolean,Treatment,Yes
36851760,15,Which drug classes were received by individuals in the study before sample sequencing?,List,Treatment,Non-nucleoside reverse-transcriptase inhibitors (NNRTI) and NRTI/PI based regimens
36851760,16,Which drugs were received by individuals in the study before sample sequencing?,List,Treatment,Not specified
36920025,1,Does the paper report HIV sequences from patient samples?,Boolean,Data availability,"Yes, the paper reports HIV sequences from patient samples."
36920025,2,Does the paper report in vitro drug susceptibility data?,Boolean,Data availability,"Yes, the paper reports in vitro drug susceptibility data."
36920025,3,Were sequences from the paper made publicly available?,Boolean,Data availability,"Yes, the sequences from the paper were made publicly available."
36920025,4,What were the GenBank accession numbers for sequenced HIV isolates?,List,Data availability,The paper does not specify the GenBank accession numbers for sequenced HIV isolates.
36920025,5,How many individuals had samples obtained for HIV sequencing?,Number,Data availability,The paper does not specify how many individuals had samples obtained for HIV sequencing.
36920025,6,From which countries were the sequenced samples obtained?,List,Demographics,The paper does not specify the countries from which the sequenced samples were obtained.
36920025,7,From what years were the sequenced samples obtained?,List,Demographics,The paper does not specify the years from which the sequenced samples were obtained.
36920025,8,Were samples cloned prior to sequencing?,Boolean,Technical,"Yes, some samples were cloned prior to sequencing."
36920025,9,Which HIV genes were reported to have been sequenced?,List,Technical,The HIV protease gene was reported to have been sequenced.
36920025,10,What method was used for sequencing?,List,Technical,The method used for sequencing was the MiSeq 300 base paired-end sequencing protocol (Illumina).
36920025,11,What type of samples were sequenced?,List,Technical,The type of samples sequenced were plasma samples.
36920025,12,Were any sequences obtained from individuals with virological failure on a treatment regimen?,Boolean,Treatment,"Yes, sequences were obtained from individuals with virological failure on a treatment regimen."
36920025,13,Were the patients in the study in a clinical trial?,Boolean,Treatment,"No, the paper does not indicate whether the patients were in a clinical trial."
36920025,14,Does the paper report HIV sequences from individuals who had previously received ARV drugs?,Boolean,Treatment,"Yes, the paper reports HIV sequences from individuals who had previously received ARV drugs."
36920025,15,Which drug classes were received by individuals in the study before sample sequencing?,List,Treatment,The drug class received by individuals in the study before sample sequencing was protease inhibitors.
36920025,16,Which drugs were received by individuals in the study before sample sequencing?,List,Treatment,The specific drugs received by individuals in the study before sample sequencing are not detailed in the paper.
36931676,1,Does the paper report HIV sequences from patient samples?,Boolean,Data availability,"Yes, the paper reports HIV sequences from patient samples. plaintext"
36931676,2,Does the paper report in vitro drug susceptibility data?,Boolean,Data availability,"Yes, the paper reports in vitro drug susceptibility data. plaintext"
36931676,3,Were sequences from the paper made publicly available?,Boolean,Data availability,"Yes, the sequences from the paper were made publicly available. plaintext"
36931676,4,What were the GenBank accession numbers for sequenced HIV isolates?,List,Data availability,The paper does not provide GenBank accession numbers for sequenced HIV isolates. plaintext
36931676,5,How many individuals had samples obtained for HIV sequencing?,Number,Data availability,"The paper reports samples were obtained from 13,029 individuals. plaintext"
36931676,6,From which countries were the sequenced samples obtained?,List,Demographics,The paper does not specify the countries from which the sequenced samples were obtained. plaintext
36931676,7,From what years were the sequenced samples obtained?,List,Demographics,The paper does not specify the years from which the sequenced samples were obtained. plaintext
36931676,8,Were samples cloned prior to sequencing?,Boolean,Technical,The paper does not indicate whether samples were cloned prior to sequencing. plaintext
36931676,9,Which HIV genes were reported to have been sequenced?,List,Technical,The paper does not specify which HIV genes were sequenced. plaintext
36931676,10,What method was used for sequencing?,List,Technical,The paper does not specify the method used for sequencing. plaintext
36931676,11,What type of samples were sequenced?,List,Technical,"The types of samples sequenced include blood plasma, serum, and HIV isolates. plaintext"
36931676,12,Were any sequences obtained from individuals with virological failure on a treatment regimen?,Boolean,Treatment,"Yes, sequences were obtained from individuals with virological failure on a treatment regimen. plaintext"
36931676,13,Were the patients in the study in a clinical trial?,Boolean,Treatment,The paper does not indicate that the patients were in a clinical trial. plaintext
36931676,14,Does the paper report HIV sequences from individuals who had previously received ARV drugs?,Boolean,Treatment,"Yes, the paper reports HIV sequences from individuals who had previously received ARV drugs. plaintext"
36931676,15,Which drug classes were received by individuals in the study before sample sequencing?,List,Treatment,The paper indicates individuals received various ART classes as per their treatment history. plaintext
36931676,16,Which drugs were received by individuals in the study before sample sequencing?,List,Treatment,The paper does not specify which drugs were received by individuals in the study. The above responses summarize the findings from the evidence pool while adhering to your specified format for each question.
36961945,1,Does the paper report HIV sequences from patient samples?,Boolean,Data availability,Yes.
36961945,2,Does the paper report in vitro drug susceptibility data?,Boolean,Data availability,No.
36961945,3,Were sequences from the paper made publicly available?,Boolean,Data availability,No.
36961945,4,What were the GenBank accession numbers for sequenced HIV isolates?,List,Data availability,Not provided.
36961945,5,How many individuals had samples obtained for HIV sequencing?,Number,Data availability,190 participants.
36961945,6,From which countries were the sequenced samples obtained?,List,Demographics,Not specified.
36961945,7,From what years were the sequenced samples obtained?,List,Demographics,January 2005 to February 2020.
36961945,8,Were samples cloned prior to sequencing?,Boolean,Technical,No.
36961945,9,Which HIV genes were reported to have been sequenced?,List,Technical,"PR (Protease), RT (Reverse Transcriptase), and IN (Integrase)."
36961945,10,What method was used for sequencing?,List,Technical,Next-Generation Sequencing (NGS).
36961945,11,What type of samples were sequenced?,List,Technical,Peripheral Blood Mononuclear Cells (PBMCs).
36961945,12,Were any sequences obtained from individuals with virological failure on a treatment regimen?,Boolean,Treatment,No.
36961945,13,Were the patients in the study in a clinical trial?,Boolean,Treatment,"No, not specified."
36961945,14,Does the paper report HIV sequences from individuals who had previously received ARV drugs?,Boolean,Treatment,"No, not specified."
36961945,15,Which drug classes were received by individuals in the study before sample sequencing?,List,Treatment,"NRTI, NNRTI, and PI."
36961945,16,Which drugs were received by individuals in the study before sample sequencing?,List,Treatment,Not specified.
36967989,1,Does the paper report HIV sequences from patient samples?,Boolean,Data availability,"Yes, the paper reports HIV sequences from patient samples."
36967989,2,Does the paper report in vitro drug susceptibility data?,Boolean,Data availability,"Yes, the paper reports in vitro drug susceptibility data."
36967989,3,Were sequences from the paper made publicly available?,Boolean,Data availability,"Yes, sequences from the paper were made publicly available."
36967989,4,What were the GenBank accession numbers for sequenced HIV isolates?,List,Data availability,The paper does not provide specific GenBank accession numbers for sequenced HIV isolates.
36967989,5,How many individuals had samples obtained for HIV sequencing?,Number,Data availability,"The exact number of individuals is not specified, but a significant dataset of 11,803 genotype-phenotype points was analyzed."
36967989,6,From which countries were the sequenced samples obtained?,List,Demographics,The countries from which the sequenced samples were obtained are not mentioned in the paper.
36967989,7,From what years were the sequenced samples obtained?,List,Demographics,The years from which the sequenced samples were obtained are not mentioned in the paper.
36967989,8,Were samples cloned prior to sequencing?,Boolean,Technical,The paper does not provide information on whether samples were cloned prior to sequencing.
36967989,9,Which HIV genes were reported to have been sequenced?,List,Technical,The specific HIV genes sequenced are not explicitly mentioned in the paper.
36967989,10,What method was used for sequencing?,List,Technical,The specific sequencing method is not detailed in the paper.
36967989,11,What type of samples were sequenced?,List,Technical,The types of samples sequenced are not explicitly indicated in the paper.
36967989,12,Were any sequences obtained from individuals with virological failure on a treatment regimen?,Boolean,Treatment,The paper does not state whether sequences were obtained from individuals with virological failure.
36967989,13,Were the patients in the study in a clinical trial?,Boolean,Treatment,The paper does not specify whether the patients were in a clinical trial.
36967989,14,Does the paper report HIV sequences from individuals who had previously received ARV drugs?,Boolean,Treatment,The paper does not explicitly state that the HIV sequences were obtained from individuals who previously received ARV drugs.
36967989,15,Which drug classes were received by individuals in the study before sample sequencing?,List,Treatment,The drug classes received by individuals in the study are not mentioned in the paper.
36967989,16,Which drugs were received by individuals in the study before sample sequencing?,List,Treatment,The specific drugs received by individuals in the study are not mentioned in the paper.
36982978,1,Does the paper report HIV sequences from patient samples?,Boolean,Data availability,"Yes, the paper reports HIV sequences from patient samples."
36982978,2,Does the paper report in vitro drug susceptibility data?,Boolean,Data availability,"Yes, the paper reports in vitro drug susceptibility data."
36982978,3,Were sequences from the paper made publicly available?,Boolean,Data availability,The availability of sequences from the paper is not explicitly mentioned.
36982978,4,What were the GenBank accession numbers for sequenced HIV isolates?,List,Data availability,The paper does not provide GenBank accession numbers for sequenced HIV isolates.
36982978,5,How many individuals had samples obtained for HIV sequencing?,Number,Data availability,The paper does not specify how many individuals had samples obtained for HIV sequencing.
36982978,6,From which countries were the sequenced samples obtained?,List,Demographics,The paper does not specify the countries from which the sequenced samples were obtained.
36982978,7,From what years were the sequenced samples obtained?,List,Demographics,The paper does not provide the years from which the sequenced samples were obtained.
36982978,8,Were samples cloned prior to sequencing?,Boolean,Technical,The paper does not specify whether samples were cloned prior to sequencing.
36982978,9,Which HIV genes were reported to have been sequenced?,List,Technical,The paper does not specify which HIV genes were reported to have been sequenced.
36982978,10,What method was used for sequencing?,List,Technical,The paper does not specify what method was used for sequencing.
36982978,11,What type of samples were sequenced?,List,Technical,The paper does not specify what type of samples were sequenced.
36982978,12,Were any sequences obtained from individuals with virological failure on a treatment regimen?,Boolean,Treatment,"Yes, sequences were obtained from individuals with virological failure on a treatment regimen."
36982978,13,Were the patients in the study in a clinical trial?,Boolean,Treatment,The paper does not specify whether the patients in the study were in a clinical trial.
36982978,14,Does the paper report HIV sequences from individuals who had previously received ARV drugs?,Boolean,Treatment,"The paper implies sequences from individuals who had previously received ARV drugs, but does not explicitly state this."
36982978,15,Which drug classes were received by individuals in the study before sample sequencing?,List,Treatment,The paper indicates that individuals were treated with NRTIs and INSTIs but does not specify other drug classes.
36982978,16,Which drugs were received by individuals in the study before sample sequencing?,List,Treatment,The drugs mentioned include TDF and TAF but the paper does not specify all drugs received by individuals before sample sequencing.
37017009,1,Does the paper report HIV sequences from patient samples?,Boolean,Data availability,Yes
37017009,2,Does the paper report in vitro drug susceptibility data?,Boolean,Data availability,Yes
37017009,3,Were sequences from the paper made publicly available?,Boolean,Data availability,Unknown
37017009,4,What were the GenBank accession numbers for sequenced HIV isolates?,List,Data availability,Not provided
37017009,5,How many individuals had samples obtained for HIV sequencing?,Number,Data availability,899
37017009,6,From which countries were the sequenced samples obtained?,List,Demographics,South Africa
37017009,7,From what years were the sequenced samples obtained?,List,Demographics,2017 to 2019
37017009,8,Were samples cloned prior to sequencing?,Boolean,Technical,Unknown
37017009,9,Which HIV genes were reported to have been sequenced?,List,Technical,"*pol*, protease gene, reverse transcriptase gene"
37017009,10,What method was used for sequencing?,List,Technical,MiSeq V3 sequencing Kit (Illumina)
37017009,11,What type of samples were sequenced?,List,Technical,Whole blood
37017009,12,Were any sequences obtained from individuals with virological failure on a treatment regimen?,Boolean,Treatment,Yes
37017009,13,Were the patients in the study in a clinical trial?,Boolean,Treatment,No
37017009,14,Does the paper report HIV sequences from individuals who had previously received ARV drugs?,Boolean,Treatment,Yes
37017009,15,Which drug classes were received by individuals in the study before sample sequencing?,List,Treatment,"NRTIs, NNRTIs"
37017009,16,Which drugs were received by individuals in the study before sample sequencing?,List,Treatment,"Lamivudine, Abacavir, Efavirenz, Nevirapine Feel free to ask if you have any more questions!"
37029656,1,Does the paper report HIV sequences from patient samples?,Boolean,Data availability,Yes.
37029656,2,Does the paper report in vitro drug susceptibility data?,Boolean,Data availability,Yes.
37029656,3,Were sequences from the paper made publicly available?,Boolean,Data availability,Yes.
37029656,4,What were the GenBank accession numbers for sequenced HIV isolates?,List,Data availability,Not available.
37029656,5,How many individuals had samples obtained for HIV sequencing?,Number,Data availability,1223 individuals.
37029656,6,From which countries were the sequenced samples obtained?,List,Demographics,Italy.
37029656,7,From what years were the sequenced samples obtained?,List,Demographics,2009 to 2019.
37029656,8,Were samples cloned prior to sequencing?,Boolean,Technical,Not mentioned.
37029656,9,Which HIV genes were reported to have been sequenced?,List,Technical,"INSTI-related mutations (e.g., E138K, R263K, G118R, G140S, Y143C, Y143R, S147G, Q148H)."
37029656,10,What method was used for sequencing?,List,Technical,Sanger sequencing.
37029656,11,What type of samples were sequenced?,List,Technical,Samples from ART-naive PLWH (people living with HIV).
37029656,12,Were any sequences obtained from individuals with virological failure on a treatment regimen?,Boolean,Treatment,Not mentioned.
37029656,13,Were the patients in the study in a clinical trial?,Boolean,Treatment,Not indicated.
37029656,14,Does the paper report HIV sequences from individuals who had previously received ARV drugs?,Boolean,Treatment,No.
37029656,15,Which drug classes were received by individuals in the study before sample sequencing?,List,Treatment,Not mentioned.
37029656,16,Which drugs were received by individuals in the study before sample sequencing?,List,Treatment,Not mentioned.
37039023,1,Does the paper report HIV sequences from patient samples?,Boolean,Data availability,Yes
37039023,2,Does the paper report in vitro drug susceptibility data?,Boolean,Data availability,Yes
37039023,3,Were sequences from the paper made publicly available?,Boolean,Data availability,Yes
37039023,4,What were the GenBank accession numbers for sequenced HIV isolates?,List,Data availability,NC_001802
37039023,5,How many individuals had samples obtained for HIV sequencing?,Number,Data availability,86 individuals
37039023,6,From which countries were the sequenced samples obtained?,List,Demographics,Brazil
37039023,7,From what years were the sequenced samples obtained?,List,Demographics,2016 to 2018
37039023,8,Were samples cloned prior to sequencing?,Boolean,Technical,No
37039023,9,Which HIV genes were reported to have been sequenced?,List,Technical,"Protease, reverse transcriptase, integrase, envelope"
37039023,10,What method was used for sequencing?,List,Technical,Illumina MiSeq platform (paired-end 2×251 protocol)
37039023,11,What type of samples were sequenced?,List,Technical,Whole peripheral blood samples
37039023,12,Were any sequences obtained from individuals with virological failure on a treatment regimen?,Boolean,Treatment,No
37039023,13,Were the patients in the study in a clinical trial?,Boolean,Treatment,No
37039023,14,Does the paper report HIV sequences from individuals who had previously received ARV drugs?,Boolean,Treatment,Yes
37039023,15,Which drug classes were received by individuals in the study before sample sequencing?,List,Treatment,"NNRTI, PI-based regimens"
37039023,16,Which drugs were received by individuals in the study before sample sequencing?,List,Treatment,"Tenofovir disoproxil fumarate (TDF), lamivudine (3TC), efavirenz (EFV) Let me know if you need further assistance!"
37042390,1,Does the paper report HIV sequences from patient samples?,Boolean,Data availability,"Yes, the paper reports HIV sequences from patient samples."
37042390,2,Does the paper report in vitro drug susceptibility data?,Boolean,Data availability,"Yes, the paper reports in vitro drug susceptibility data."
37042390,3,Were sequences from the paper made publicly available?,Boolean,Data availability,The paper does not explicitly mention if the sequences were made publicly available.
37042390,4,What were the GenBank accession numbers for sequenced HIV isolates?,List,Data availability,The paper does not provide GenBank accession numbers for sequenced HIV isolates.
37042390,5,How many individuals had samples obtained for HIV sequencing?,Number,Data availability,Samples were obtained from 85 individuals for HIV sequencing.
37042390,6,From which countries were the sequenced samples obtained?,List,Demographics,The sequenced samples were obtained from India.
37042390,7,From what years were the sequenced samples obtained?,List,Demographics,The sequenced samples were obtained between July 2016 and December 2019.
37042390,8,Were samples cloned prior to sequencing?,Boolean,Technical,The paper does not mention whether samples were cloned prior to sequencing.
37042390,9,Which HIV genes were reported to have been sequenced?,List,Technical,"The genes reported to have been sequenced are the integrase (IN), protease (PR), and reverse transcriptase (RT) genes."
37042390,10,What method was used for sequencing?,List,Technical,The method used for sequencing was an Applied Biosystem 3730xl DNA Analyzer by a third-party commercial organization (Medauxin).
37042390,11,What type of samples were sequenced?,List,Technical,"The type of samples sequenced were specimens of HIV, predominantly subtype C, with two being subtype B."
37042390,12,Were any sequences obtained from individuals with virological failure on a treatment regimen?,Boolean,Treatment,"Yes, sequences were obtained from individuals with virological failure on a treatment regimen."
37042390,13,Were the patients in the study in a clinical trial?,Boolean,Treatment,"No, the patients in the study were not in a clinical trial."
37042390,14,Does the paper report HIV sequences from individuals who had previously received ARV drugs?,Boolean,Treatment,"Yes, the paper reports HIV sequences from individuals who had previously received ARV drugs."
37042390,15,Which drug classes were received by individuals in the study before sample sequencing?,List,Treatment,"The drug classes received by individuals in the study before sample sequencing include integrase inhibitors (INSTIs), nucleoside reverse transcriptase inhibitors (NRTIs), and non-nucleoside reverse transcriptase inhibitors (NNRTIs)."
37042390,16,Which drugs were received by individuals in the study before sample sequencing?,List,Treatment,The paper does not specify the exact drugs received by individuals in the study before sample sequencing.
37052343,1,Does the paper report HIV sequences from patient samples?,Boolean,Data availability,"Yes, the paper reports HIV sequences from patient samples."
37052343,2,Does the paper report in vitro drug susceptibility data?,Boolean,Data availability,"No, the paper does not report in vitro drug susceptibility data."
37052343,3,Were sequences from the paper made publicly available?,Boolean,Data availability,The paper does not specify if the sequences were made publicly available.
37052343,4,What were the GenBank accession numbers for sequenced HIV isolates?,List,Data availability,The paper does not provide GenBank accession numbers for sequenced HIV isolates.
37052343,5,How many individuals had samples obtained for HIV sequencing?,Number,Data availability,4310 individuals had samples obtained for HIV sequencing.
37052343,6,From which countries were the sequenced samples obtained?,List,Demographics,The sequenced samples were obtained from countries in Europe and Australia.
37052343,7,From what years were the sequenced samples obtained?,List,Demographics,"The sequenced samples were obtained from 2012 onwards, with ART initiation occurring from 2014 to 2020."
37052343,8,Were samples cloned prior to sequencing?,Boolean,Technical,The paper does not state whether samples were cloned prior to sequencing.
37052343,9,Which HIV genes were reported to have been sequenced?,List,Technical,The paper does not specify which HIV genes were reported to have been sequenced.
37052343,10,What method was used for sequencing?,List,Technical,The paper does not specify the method used for sequencing.
37052343,11,What type of samples were sequenced?,List,Technical,The paper does not specify the type of samples that were sequenced.
37052343,12,Were any sequences obtained from individuals with virological failure on a treatment regimen?,Boolean,Treatment,"Yes, some sequences were obtained from individuals with virological failure on a treatment regimen."
37052343,13,Were the patients in the study in a clinical trial?,Boolean,Treatment,"No, the patients in the study were not in a clinical trial."
37052343,14,Does the paper report HIV sequences from individuals who had previously received ARV drugs?,Boolean,Treatment,"Yes, the paper indicates that sequences were reported from individuals who had previously received ARV drugs."
37052343,15,Which drug classes were received by individuals in the study before sample sequencing?,List,Treatment,The paper does not specify the drug classes received by individuals before sample sequencing.
37052343,16,Which drugs were received by individuals in the study before sample sequencing?,List,Treatment,The paper does not specify which drugs were received by individuals before sample sequencing.
37071019,1,Does the paper report HIV sequences from patient samples?,Boolean,Data availability,"Yes, the paper reports HIV sequences from patient samples."
37071019,2,Does the paper report in vitro drug susceptibility data?,Boolean,Data availability,"Yes, the paper reports in vitro drug susceptibility data."
37071019,3,Were sequences from the paper made publicly available?,Boolean,Data availability,"Yes, the sequences were made publicly available."
37071019,4,What were the GenBank accession numbers for sequenced HIV isolates?,List,Data availability,The paper does not report GenBank accession numbers for sequenced HIV isolates.
37071019,5,How many individuals had samples obtained for HIV sequencing?,Number,Data availability,"The paper discusses samples from three individuals, but total counts may not be specified."
37071019,6,From which countries were the sequenced samples obtained?,List,Demographics,The specific countries from which samples were obtained are not reported in the paper.
37071019,7,From what years were the sequenced samples obtained?,List,Demographics,The paper does not specify the years from which the sequenced samples were obtained.
37071019,8,Were samples cloned prior to sequencing?,Boolean,Technical,The paper does not state whether samples were cloned prior to sequencing.
37071019,9,Which HIV genes were reported to have been sequenced?,List,Technical,The paper does not specify which HIV genes were reported to have been sequenced.
37071019,10,What method was used for sequencing?,List,Technical,The specific sequencing method used is not reported in the paper.
37071019,11,What type of samples were sequenced?,List,Technical,The paper does not specify the types of samples that were sequenced.
37071019,12,Were any sequences obtained from individuals with virological failure on a treatment regimen?,Boolean,Treatment,"Yes, sequences were obtained from individuals with virological failure on a treatment regimen."
37071019,13,Were the patients in the study in a clinical trial?,Boolean,Treatment,"Yes, the patients in the study were in a clinical trial."
37071019,14,Does the paper report HIV sequences from individuals who had previously received ARV drugs?,Boolean,Treatment,"Yes, the paper discusses HIV sequences from individuals who had previously received ARV drugs."
37071019,15,Which drug classes were received by individuals in the study before sample sequencing?,List,Treatment,The paper does not specify which drug classes were received by individuals before sample sequencing.
37071019,16,Which drugs were received by individuals in the study before sample sequencing?,List,Treatment,The paper mentions DTG and BIC but does not provide a complete list of drugs received by individuals before sample sequencing.
37085698,1,Does the paper report HIV sequences from patient samples?,Boolean,Data availability,"Yes, the paper reports HIV sequences from patient samples."
37085698,2,Does the paper report in vitro drug susceptibility data?,Boolean,Data availability,"Yes, the paper reports in vitro drug susceptibility data."
37085698,3,Were sequences from the paper made publicly available?,Boolean,Data availability,"Yes, the sequences from the paper were made publicly available."
37085698,4,What were the GenBank accession numbers for sequenced HIV isolates?,List,Data availability,The GenBank accession numbers for sequenced HIV isolates are MW560010 to MW560058.
37085698,5,How many individuals had samples obtained for HIV sequencing?,Number,Data availability,A total of 49 individuals had samples obtained for HIV sequencing.
37085698,6,From which countries were the sequenced samples obtained?,List,Demographics,The sequenced samples were obtained from Ethiopia.
37085698,7,From what years were the sequenced samples obtained?,List,Demographics,The sequenced samples were obtained in 2018.
37085698,8,Were samples cloned prior to sequencing?,Boolean,Technical,"Yes, samples were subjected to nested PCR, suggesting a cloning process prior to sequencing."
37085698,9,Which HIV genes were reported to have been sequenced?,List,Technical,The HIV integrase (IN) gene was reported to have been sequenced.
37085698,10,What method was used for sequencing?,List,Technical,The sequencing method used was Sanger DNA sequencing.
37085698,11,What type of samples were sequenced?,List,Technical,The types of samples sequenced were blood samples.
37085698,12,Were any sequences obtained from individuals with virological failure on a treatment regimen?,Boolean,Treatment,"No, the study did not include individuals with virological failure on a treatment regimen."
37085698,13,Were the patients in the study in a clinical trial?,Boolean,Treatment,"No, the patients in the study were not in a clinical trial."
37085698,14,Does the paper report HIV sequences from individuals who had previously received ARV drugs?,Boolean,Treatment,"No, the paper does not report sequences from individuals who had previously received ARV drugs."
37085698,15,Which drug classes were received by individuals in the study before sample sequencing?,List,Treatment,The individuals in the study did not receive any ARV drug classes prior to sample sequencing.
37085698,16,Which drugs were received by individuals in the study before sample sequencing?,List,Treatment,No drugs were received by individuals in the study before sample sequencing.
37104815,1,Does the paper report HIV sequences from patient samples?,Boolean,Data availability,"Yes, the paper reports HIV sequences from patient samples."
37104815,2,Does the paper report in vitro drug susceptibility data?,Boolean,Data availability,"Yes, the paper reports in vitro drug susceptibility data."
37104815,3,Were sequences from the paper made publicly available?,Boolean,Data availability,"Yes, the sequences were made publicly available."
37104815,4,What were the GenBank accession numbers for sequenced HIV isolates?,List,Data availability,The GenBank accession numbers for sequenced HIV isolates were not provided.
37104815,5,How many individuals had samples obtained for HIV sequencing?,Number,Data availability,Samples were obtained from 121 individuals for HIV sequencing.
37104815,6,From which countries were the sequenced samples obtained?,List,Demographics,"The sequenced samples were obtained from participants in sub-Saharan Africa and possibly other locations, but specific countries were not detailed in the provided evidence."
37104815,7,From what years were the sequenced samples obtained?,List,Demographics,The sequenced samples were obtained from 2017 to 2019.
37104815,8,Were samples cloned prior to sequencing?,Boolean,Technical,The evidence does not specify whether samples were cloned prior to sequencing.
37104815,9,Which HIV genes were reported to have been sequenced?,List,Technical,"The HIV genes sequenced were reverse transcriptase (RT), protease (PR), and integrase (INT)."
37104815,10,What method was used for sequencing?,List,Technical,The methods used for sequencing were Sanger sequencing and ultra-deep sequencing (UDS) using Illumina technology.
37104815,11,What type of samples were sequenced?,List,Technical,The samples sequenced included blood samples and semen samples.
37104815,12,Were any sequences obtained from individuals with virological failure on a treatment regimen?,Boolean,Treatment,"Yes, sequences were obtained from individuals with virological failure on a treatment regimen."
37104815,13,Were the patients in the study in a clinical trial?,Boolean,Treatment,"Yes, the patients in the study were in a clinical trial."
37104815,14,Does the paper report HIV sequences from individuals who had previously received ARV drugs?,Boolean,Treatment,"Yes, the paper reports HIV sequences from individuals who had previously received ARV drugs."
37104815,15,Which drug classes were received by individuals in the study before sample sequencing?,List,Treatment,"Individuals received INSTIs, NNRTIs, and PIs as drug classes before sample sequencing."
37104815,16,Which drugs were received by individuals in the study before sample sequencing?,List,Treatment,"Individuals received tenofovir/emtricitabine, tenofovir alafenamide/emtricitabine, and abacavir/lamivudine before sample sequencing."
37112971,1,Does the paper report HIV sequences from patient samples?,Boolean,Data availability,Yes plaintext
37112971,2,Does the paper report in vitro drug susceptibility data?,Boolean,Data availability,Yes plaintext
37112971,3,Were sequences from the paper made publicly available?,Boolean,Data availability,Yes plaintext
37112971,4,What were the GenBank accession numbers for sequenced HIV isolates?,List,Data availability,K03455 plaintext
37112971,5,How many individuals had samples obtained for HIV sequencing?,Number,Data availability,4481 plaintext
37112971,6,From which countries were the sequenced samples obtained?,List,Demographics,Russia plaintext
37112971,7,From what years were the sequenced samples obtained?,List,Demographics,2006 to 2022 plaintext
37112971,8,Were samples cloned prior to sequencing?,Boolean,Technical,Not specified plaintext
37112971,9,Which HIV genes were reported to have been sequenced?,List,Technical,"Protease (PR), Reverse Transcriptase (RT), Integrase (INT) plaintext"
37112971,10,What method was used for sequencing?,List,Technical,Sanger-based and NGS-based sequencing plaintext
37112971,11,What type of samples were sequenced?,List,Technical,Blood plasma samples from treatment-naïve HIV-infected patients plaintext
37112971,12,Were any sequences obtained from individuals with virological failure on a treatment regimen?,Boolean,Treatment,No plaintext
37112971,13,Were the patients in the study in a clinical trial?,Boolean,Treatment,Not specified plaintext
37112971,14,Does the paper report HIV sequences from individuals who had previously received ARV drugs?,Boolean,Treatment,No plaintext
37112971,15,Which drug classes were received by individuals in the study before sample sequencing?,List,Treatment,Not applicable (individuals were treatment-naïve) plaintext
37112971,16,Which drugs were received by individuals in the study before sample sequencing?,List,Treatment,Not applicable (individuals were treatment-naïve)
37147875,1,Does the paper report HIV sequences from patient samples?,Boolean,Data availability,Yes.
37147875,2,Does the paper report in vitro drug susceptibility data?,Boolean,Data availability,Yes.
37147875,3,Were sequences from the paper made publicly available?,Boolean,Data availability,No information available.
37147875,4,What were the GenBank accession numbers for sequenced HIV isolates?,List,Data availability,No information available.
37147875,5,How many individuals had samples obtained for HIV sequencing?,Number,Data availability,One individual.
37147875,6,From which countries were the sequenced samples obtained?,List,Demographics,France.
37147875,7,From what years were the sequenced samples obtained?,List,Demographics,2022.
37147875,8,Were samples cloned prior to sequencing?,Boolean,Technical,No information available.
37147875,9,Which HIV genes were reported to have been sequenced?,List,Technical,"Reverse transcriptase (RT), protease, and integrase."
37147875,10,What method was used for sequencing?,List,Technical,Next-generation sequencing (NGS) using the MiSeq platform.
37147875,11,What type of samples were sequenced?,List,Technical,Patient blood samples.
37147875,12,Were any sequences obtained from individuals with virological failure on a treatment regimen?,Boolean,Treatment,Yes.
37147875,13,Were the patients in the study in a clinical trial?,Boolean,Treatment,No information available.
37147875,14,Does the paper report HIV sequences from individuals who had previously received ARV drugs?,Boolean,Treatment,Yes.
37147875,15,Which drug classes were received by individuals in the study before sample sequencing?,List,Treatment,Integrase inhibitors (INSTIs) and NRTIs.
37147875,16,Which drugs were received by individuals in the study before sample sequencing?,List,Treatment,"Doravirine, tenofovir disoproxil fumarate (TDF), and emtricitabine (FTC)."
37272233,1,Does the paper report HIV sequences from patient samples?,Boolean,Data availability,"Yes, the paper reports HIV sequences from patient samples."
37272233,2,Does the paper report in vitro drug susceptibility data?,Boolean,Data availability,"Yes, the paper reports in vitro drug susceptibility data."
37272233,3,Were sequences from the paper made publicly available?,Boolean,Data availability,"No, the paper does not report that sequences were made publicly available."
37272233,4,What were the GenBank accession numbers for sequenced HIV isolates?,List,Data availability,The paper does not provide GenBank accession numbers for sequenced HIV isolates.
37272233,5,How many individuals had samples obtained for HIV sequencing?,Number,Data availability,Samples were obtained from 248 individuals for HIV sequencing.
37272233,6,From which countries were the sequenced samples obtained?,List,Demographics,The sequenced samples were obtained from Korea.
37272233,7,From what years were the sequenced samples obtained?,List,Demographics,The sequenced samples were obtained from the years 2010 to 2020.
37272233,8,Were samples cloned prior to sequencing?,Boolean,Technical,The paper does not mention if samples were cloned prior to sequencing.
37272233,9,Which HIV genes were reported to have been sequenced?,List,Technical,The specific HIV genes sequenced are not detailed in the paper.
37272233,10,What method was used for sequencing?,List,Technical,The method used for sequencing was PCR with the AB 3500xL Dx genetic analyzer.
37272233,11,What type of samples were sequenced?,List,Technical,The sequenced samples were patient samples from adults diagnosed with HIV.
37272233,12,Were any sequences obtained from individuals with virological failure on a treatment regimen?,Boolean,Treatment,"No, sequences were not obtained from individuals with virological failure on a treatment regimen."
37272233,13,Were the patients in the study in a clinical trial?,Boolean,Treatment,"No, the patients in the study were not in a clinical trial."
37272233,14,Does the paper report HIV sequences from individuals who had previously received ARV drugs?,Boolean,Treatment,"Yes, the paper reports HIV sequences from individuals who had previously received ARV drugs."
37272233,15,Which drug classes were received by individuals in the study before sample sequencing?,List,Treatment,"The drug classes received were NRTI, NNRTI, PI, and INSTI."
37272233,16,Which drugs were received by individuals in the study before sample sequencing?,List,Treatment,"The specific drugs received included efavirenz (EFV), nevirapine (NVP), and zidovudine (ZDV)."
37279764,1,Does the paper report HIV sequences from patient samples?,Boolean,Data availability,"Yes, the paper reports HIV sequences from patient samples."
37279764,2,Does the paper report in vitro drug susceptibility data?,Boolean,Data availability,"Yes, the paper reports in vitro drug susceptibility data."
37279764,3,Were sequences from the paper made publicly available?,Boolean,Data availability,"Yes, the sequences from the paper were made publicly available."
37279764,4,What were the GenBank accession numbers for sequenced HIV isolates?,List,Data availability,"MW947591–MW957968, OP058117–OP058658."
37279764,5,How many individuals had samples obtained for HIV sequencing?,Number,Data availability,"12,320 individuals had samples obtained for HIV sequencing."
37279764,6,From which countries were the sequenced samples obtained?,List,Demographics,The sequenced samples were obtained from China (Shenzhen).
37279764,7,From what years were the sequenced samples obtained?,List,Demographics,The sequenced samples were obtained from 2011 to 2019.
37279764,8,Were samples cloned prior to sequencing?,Boolean,Technical,"The evidence does not explicitly state whether samples were cloned, but PCR amplification suggests it was likely involved."
37279764,9,Which HIV genes were reported to have been sequenced?,List,Technical,The reported sequenced gene is a partial pol gene.
37279764,10,What method was used for sequencing?,List,Technical,PCR amplification was used for sequencing.
37279764,11,What type of samples were sequenced?,List,Technical,Blood samples were sequenced.
37279764,12,Were any sequences obtained from individuals with virological failure on a treatment regimen?,Boolean,Treatment,"No, the sequences were not obtained from individuals with virological failure on a treatment regimen."
37279764,13,Were the patients in the study in a clinical trial?,Boolean,Treatment,"No, the paper does not indicate that patients were in a clinical trial."
37279764,14,Does the paper report HIV sequences from individuals who had previously received ARV drugs?,Boolean,Treatment,"No, the paper does not report HIV sequences from individuals who had previously received ARV drugs."
37279764,15,Which drug classes were received by individuals in the study before sample sequencing?,List,Treatment,"None, as the individuals in the study were treatment naive."
37279764,16,Which drugs were received by individuals in the study before sample sequencing?,List,Treatment,"None, as the individuals in the study were treatment naive. This completes the structured answers for all the questions based on the provided evidence pool."
37327289,1,Does the paper report HIV sequences from patient samples?,Boolean,Data availability,"Yes, the paper reports HIV sequences from patient samples."
37327289,2,Does the paper report in vitro drug susceptibility data?,Boolean,Data availability,"Yes, the paper reports in vitro drug susceptibility data."
37327289,3,Were sequences from the paper made publicly available?,Boolean,Data availability,"Yes, the sequences from the paper were made publicly available."
37327289,4,What were the GenBank accession numbers for sequenced HIV isolates?,List,Data availability,The GenBank accession numbers for sequenced HIV isolates are LC723952-LC724015.
37327289,5,How many individuals had samples obtained for HIV sequencing?,Number,Data availability,Samples were obtained from 157 individuals for HIV sequencing.
37327289,6,From which countries were the sequenced samples obtained?,List,Demographics,The sequenced samples were obtained from Kenya.
37327289,7,From what years were the sequenced samples obtained?,List,Demographics,The sequenced samples were obtained from November 2020 to April 2021.
37327289,8,Were samples cloned prior to sequencing?,Boolean,Technical,There is no information provided regarding whether samples were cloned prior to sequencing.
37327289,9,Which HIV genes were reported to have been sequenced?,List,Technical,The *pol* gene was reported to have been sequenced.
37327289,10,What method was used for sequencing?,List,Technical,Sanger sequencing was used for sequencing.
37327289,11,What type of samples were sequenced?,List,Technical,The type of samples sequenced were plasma samples.
37327289,12,Were any sequences obtained from individuals with virological failure on a treatment regimen?,Boolean,Treatment,"No, sequences were not obtained from individuals with virological failure on a treatment regimen."
37327289,13,Were the patients in the study in a clinical trial?,Boolean,Treatment,"No, the patients in the study were not in a clinical trial."
37327289,14,Does the paper report HIV sequences from individuals who had previously received ARV drugs?,Boolean,Treatment,"No, the paper does not report HIV sequences from individuals who had previously received ARV drugs."
37327289,15,Which drug classes were received by individuals in the study before sample sequencing?,List,Treatment,No drug classes were received by individuals in the study before sample sequencing.
37327289,16,Which drugs were received by individuals in the study before sample sequencing?,List,Treatment,"No drugs were received by individuals in the study before sample sequencing. These answers correspond to the questions asked, drawn from the provided evidence pool while maintaining clarity and adherence to the guidelines specified."
37340869,1,Does the paper report HIV sequences from patient samples?,Boolean,Data availability,Yes
37340869,2,Does the paper report in vitro drug susceptibility data?,Boolean,Data availability,Yes
37340869,3,Were sequences from the paper made publicly available?,Boolean,Data availability,Not explicitly stated
37340869,4,What were the GenBank accession numbers for sequenced HIV isolates?,List,Data availability,Not provided
37340869,5,How many individuals had samples obtained for HIV sequencing?,Number,Data availability,1651
37340869,6,From which countries were the sequenced samples obtained?,List,Demographics,"North America, Europe, and ""other"" regions"
37340869,7,From what years were the sequenced samples obtained?,List,Demographics,Recent years (specific years not provided)
37340869,8,Were samples cloned prior to sequencing?,Boolean,Technical,Not mentioned
37340869,9,Which HIV genes were reported to have been sequenced?,List,Technical,Not specified
37340869,10,What method was used for sequencing?,List,Technical,Not specified
37340869,11,What type of samples were sequenced?,List,Technical,Samples from virologically suppressed individuals
37340869,12,Were any sequences obtained from individuals with virological failure on a treatment regimen?,Boolean,Treatment,Yes
37340869,13,Were the patients in the study in a clinical trial?,Boolean,Treatment,Yes
37340869,14,Does the paper report HIV sequences from individuals who had previously received ARV drugs?,Boolean,Treatment,Yes
37340869,15,Which drug classes were received by individuals in the study before sample sequencing?,List,Treatment,INSTI and NNRTI
37340869,16,Which drugs were received by individuals in the study before sample sequencing?,List,Treatment,Rilpivirine (RPV) and other ARVs not specified
37358226,1,Does the paper report HIV sequences from patient samples?,Boolean,Data availability,"Yes, the paper reports HIV sequences from patient samples. markdown"
37358226,2,Does the paper report in vitro drug susceptibility data?,Boolean,Data availability,"No, the paper does not report in vitro drug susceptibility data. markdown"
37358226,3,Were sequences from the paper made publicly available?,Boolean,Data availability,"No, the paper does not indicate that the sequences were made publicly available. markdown"
37358226,4,What were the GenBank accession numbers for sequenced HIV isolates?,List,Data availability,The paper does not provide GenBank accession numbers for sequenced HIV isolates. markdown
37358226,5,How many individuals had samples obtained for HIV sequencing?,Number,Data availability,"Samples were obtained from 11,196 individuals for HIV sequencing. markdown"
37358226,6,From which countries were the sequenced samples obtained?,List,Demographics,The sequenced samples were obtained from Lesotho. markdown
37358226,7,From what years were the sequenced samples obtained?,List,Demographics,The sequenced samples were obtained from years leading up to 2023. markdown
37358226,8,Were samples cloned prior to sequencing?,Boolean,Technical,The paper does not mention if the samples were cloned prior to sequencing. markdown
37358226,9,Which HIV genes were reported to have been sequenced?,List,Technical,The paper does not specify which HIV genes were reported to have been sequenced. markdown
37358226,10,What method was used for sequencing?,List,Technical,The paper does not specify the method used for sequencing. markdown
37358226,11,What type of samples were sequenced?,List,Technical,"The paper implies that blood or plasma samples from patients were sequenced, but does not specify this directly. markdown"
37358226,12,Were any sequences obtained from individuals with virological failure on a treatment regimen?,Boolean,Treatment,The paper does not state if sequences were obtained from individuals with virological failure on a treatment regimen. markdown
37358226,13,Were the patients in the study in a clinical trial?,Boolean,Treatment,"No, the patients in the study were not in a clinical trial. markdown"
37358226,14,Does the paper report HIV sequences from individuals who had previously received ARV drugs?,Boolean,Treatment,"Yes, the paper reports HIV sequences from individuals who had previously received ARV drugs. markdown"
37358226,15,Which drug classes were received by individuals in the study before sample sequencing?,List,Treatment,Individuals in the study received NNRTIs and NRTIs before sample sequencing. markdown
37358226,16,Which drugs were received by individuals in the study before sample sequencing?,List,Treatment,"Individuals received efavirenz, nevirapine, abacavir (ABC), zidovudine (ZDV), tenofovir disoproxil fumarate (TDF), and lamivudine (3TC) before sample sequencing."
37376649,1,Does the paper report HIV sequences from patient samples?,Boolean,Data availability,"Yes, the paper reports HIV sequences from patient samples."
37376649,2,Does the paper report in vitro drug susceptibility data?,Boolean,Data availability,"No, the paper does not report in vitro drug susceptibility data."
37376649,3,Were sequences from the paper made publicly available?,Boolean,Data availability,The paper does not provide clear information on whether sequences were made publicly available.
37376649,4,What were the GenBank accession numbers for sequenced HIV isolates?,List,Data availability,The paper does not provide GenBank accession numbers for sequenced HIV isolates.
37376649,5,How many individuals had samples obtained for HIV sequencing?,Number,Data availability,Samples were obtained from 734 individuals for HIV sequencing.
37376649,6,From which countries were the sequenced samples obtained?,List,Demographics,The paper does not specify from which countries the sequenced samples were obtained.
37376649,7,From what years were the sequenced samples obtained?,List,Demographics,The paper does not specify the years from which the sequenced samples were obtained.
37376649,8,Were samples cloned prior to sequencing?,Boolean,Technical,The paper does not indicate that samples were cloned prior to sequencing.
37376649,9,Which HIV genes were reported to have been sequenced?,List,Technical,"The paper reports sequenced genes related to resistance in NRTI, NNRTI, PI, and INSTI classes."
37376649,10,What method was used for sequencing?,List,Technical,The method used for sequencing was next-generation sequencing (NGS).
37376649,11,What type of samples were sequenced?,List,Technical,The type of samples sequenced were baseline whole blood samples.
37376649,12,Were any sequences obtained from individuals with virological failure on a treatment regimen?,Boolean,Treatment,"No, the paper does not report sequences from individuals with virological failure on a treatment regimen."
37376649,13,Were the patients in the study in a clinical trial?,Boolean,Treatment,"Yes, the patients in the study were part of a clinical trial."
37376649,14,Does the paper report HIV sequences from individuals who had previously received ARV drugs?,Boolean,Treatment,"Yes, the paper reports sequences from individuals who had previously received ARV drugs."
37376649,15,Which drug classes were received by individuals in the study before sample sequencing?,List,Treatment,"The drug classes received were NRTI, NNRTI, PI, and INSTI."
37376649,16,Which drugs were received by individuals in the study before sample sequencing?,List,Treatment,The paper does not specify which specific drugs were received by individuals in the study before sample sequencing.
37381002,1,Does the paper report HIV sequences from patient samples?,Boolean,Data availability,"Yes, the paper reports HIV sequences from patient samples."
37381002,2,Does the paper report in vitro drug susceptibility data?,Boolean,Data availability,"Yes, the paper reports in vitro drug susceptibility data."
37381002,3,Were sequences from the paper made publicly available?,Boolean,Data availability,The evidence does not explicitly confirm if sequences were made publicly available.
37381002,4,What were the GenBank accession numbers for sequenced HIV isolates?,List,Data availability,The GenBank accession numbers for sequenced HIV isolates are not provided in the evidence.
37381002,5,How many individuals had samples obtained for HIV sequencing?,Number,Data availability,398 individuals had samples obtained for HIV sequencing.
37381002,6,From which countries were the sequenced samples obtained?,List,Demographics,The sequenced samples were obtained from China (Suzhou City).
37381002,7,From what years were the sequenced samples obtained?,List,Demographics,The sequenced samples were obtained from 2017 to 2020.
37381002,8,Were samples cloned prior to sequencing?,Boolean,Technical,"Yes, samples were cloned prior to sequencing."
37381002,9,Which HIV genes were reported to have been sequenced?,List,Technical,The HIV genes reported to have been sequenced include gag and nef genes.
37381002,10,What method was used for sequencing?,List,Technical,The method used for sequencing was next-generation sequencing (NGS).
37381002,11,What type of samples were sequenced?,List,Technical,The type of samples sequenced were plasma samples.
37381002,12,Were any sequences obtained from individuals with virological failure on a treatment regimen?,Boolean,Treatment,"Yes, sequences were obtained from individuals with virological failure on a treatment regimen."
37381002,13,Were the patients in the study in a clinical trial?,Boolean,Treatment,"No, the patients in the study were not explicitly reported to be in a clinical trial."
37381002,14,Does the paper report HIV sequences from individuals who had previously received ARV drugs?,Boolean,Treatment,"Yes, the paper reports HIV sequences from individuals who had previously received ARV drugs."
37381002,15,Which drug classes were received by individuals in the study before sample sequencing?,List,Treatment,The drug classes received included NRTIs and NNRTIs.
37381002,16,Which drugs were received by individuals in the study before sample sequencing?,List,Treatment,"The drugs received included TDF, AZT, 3TC, EFV, and NVP."
37439411,1,Does the paper report HIV sequences from patient samples?,Boolean,Data availability,"Yes, the paper reports HIV sequences from patient samples."
37439411,2,Does the paper report in vitro drug susceptibility data?,Boolean,Data availability,"Yes, the paper reports in vitro drug susceptibility data."
37439411,3,Were sequences from the paper made publicly available?,Boolean,Data availability,"Yes, sequences were made publicly available."
37439411,4,What were the GenBank accession numbers for sequenced HIV isolates?,List,Data availability,The GenBank accession numbers for sequenced HIV isolates are not reported in the paper.
37439411,5,How many individuals had samples obtained for HIV sequencing?,Number,Data availability,"Samples were obtained from 9,387 individuals (5,982 naïve and 3,405 treatment-experienced)."
37439411,6,From which countries were the sequenced samples obtained?,List,Demographics,The sequenced samples were obtained primarily from Italy and sub-Saharan Africa.
37439411,7,From what years were the sequenced samples obtained?,List,Demographics,The sequenced samples were obtained from the years 2000 to 2020.
37439411,8,Were samples cloned prior to sequencing?,Boolean,Technical,The paper does not report whether samples were cloned prior to sequencing.
37439411,9,Which HIV genes were reported to have been sequenced?,List,Technical,The sequenced HIV genes reported are the protease and reverse transcriptase genes.
37439411,10,What method was used for sequencing?,List,Technical,The method used for sequencing involved analyzing HIV-1 RNA protease and reverse transcriptase sequences.
37439411,11,What type of samples were sequenced?,List,Technical,The sequenced samples consisted of RNA from naïve and treatment-experienced individuals.
37439411,12,Were any sequences obtained from individuals with virological failure on a treatment regimen?,Boolean,Treatment,"Yes, sequences were obtained from individuals with virological failure on a treatment regimen."
37439411,13,Were the patients in the study in a clinical trial?,Boolean,Treatment,"No, the patients in the study were not in a clinical trial."
37439411,14,Does the paper report HIV sequences from individuals who had previously received ARV drugs?,Boolean,Treatment,"Yes, the paper reports HIV sequences from individuals who had previously received ARV drugs."
37439411,15,Which drug classes were received by individuals in the study before sample sequencing?,List,Treatment,The drug class received by individuals in the study before sample sequencing includes NNRTIs.
37439411,16,Which drugs were received by individuals in the study before sample sequencing?,List,Treatment,The drugs received by individuals in the study before sample sequencing include NNRTIs.
37495103,1,Does the paper report HIV sequences from patient samples?,Boolean,Data availability,Yes.
37495103,2,Does the paper report in vitro drug susceptibility data?,Boolean,Data availability,Yes.
37495103,3,Were sequences from the paper made publicly available?,Boolean,Data availability,No.
37495103,4,What were the GenBank accession numbers for sequenced HIV isolates?,List,Data availability,Not specified.
37495103,5,How many individuals had samples obtained for HIV sequencing?,Number,Data availability,271 individuals.
37495103,6,From which countries were the sequenced samples obtained?,List,Demographics,Russia.
37495103,7,From what years were the sequenced samples obtained?,List,Demographics,2018 to 2022.
37495103,8,Were samples cloned prior to sequencing?,Boolean,Technical,No.
37495103,9,Which HIV genes were reported to have been sequenced?,List,Technical,HIV-1 *pol* gene.
37495103,10,What method was used for sequencing?,List,Technical,ABI PRISM 3130xl DNA Analyser.
37495103,11,What type of samples were sequenced?,List,Technical,Plasma samples.
37495103,12,Were any sequences obtained from individuals with virological failure on a treatment regimen?,Boolean,Treatment,Yes.
37495103,13,Were the patients in the study in a clinical trial?,Boolean,Treatment,No.
37495103,14,Does the paper report HIV sequences from individuals who had previously received ARV drugs?,Boolean,Treatment,Yes.
37495103,15,Which drug classes were received by individuals in the study before sample sequencing?,List,Treatment,"NRTIs (TDF, 3TC) and NNRTIs (EFV)."
37495103,16,Which drugs were received by individuals in the study before sample sequencing?,List,Treatment,"TDF, 3TC, and EFV."
37498738,1,Does the paper report HIV sequences from patient samples?,Boolean,Data availability,Yes.
37498738,2,Does the paper report in vitro drug susceptibility data?,Boolean,Data availability,No.
37498738,3,Were sequences from the paper made publicly available?,Boolean,Data availability,Yes.
37498738,4,What were the GenBank accession numbers for sequenced HIV isolates?,List,Data availability,K03455.
37498738,5,How many individuals had samples obtained for HIV sequencing?,Number,Data availability,101.
37498738,6,From which countries were the sequenced samples obtained?,List,Demographics,Switzerland.
37498738,7,From what years were the sequenced samples obtained?,List,Demographics,Not explicitly stated.
37498738,8,Were samples cloned prior to sequencing?,Boolean,Technical,Yes.
37498738,9,Which HIV genes were reported to have been sequenced?,List,Technical,"gag, pol, env."
37498738,10,What method was used for sequencing?,List,Technical,Near full-length PCR and next-generation sequencing (NGS).
37498738,11,What type of samples were sequenced?,List,Technical,Peripheral blood mononuclear cells (PBMCs).
37498738,12,Were any sequences obtained from individuals with virological failure on a treatment regimen?,Boolean,Treatment,No.
37498738,13,Were the patients in the study in a clinical trial?,Boolean,Treatment,Yes.
37498738,14,Does the paper report HIV sequences from individuals who had previously received ARV drugs?,Boolean,Treatment,Yes.
37498738,15,Which drug classes were received by individuals in the study before sample sequencing?,List,Treatment,"NRTIs, NNRTIs, Integrase inhibitors."
37498738,16,Which drugs were received by individuals in the study before sample sequencing?,List,Treatment,Unspecified but established that cART was received.
37515095,1,Does the paper report HIV sequences from patient samples?,Boolean,Data availability,"Yes, the paper reports HIV sequences from patient samples."
37515095,2,Does the paper report in vitro drug susceptibility data?,Boolean,Data availability,"Yes, the paper reports in vitro drug susceptibility data."
37515095,3,Were sequences from the paper made publicly available?,Boolean,Data availability,"No, sequences from the paper were not made publicly available."
37515095,4,What were the GenBank accession numbers for sequenced HIV isolates?,List,Data availability,The paper does not provide the GenBank accession numbers for sequenced HIV isolates.
37515095,5,How many individuals had samples obtained for HIV sequencing?,Number,Data availability,968 individuals had samples obtained for HIV sequencing.
37515095,6,From which countries were the sequenced samples obtained?,List,Demographics,The sequenced samples were obtained from Kazakhstan.
37515095,7,From what years were the sequenced samples obtained?,List,Demographics,The sequenced samples were obtained between 2017 and 2020.
37515095,8,Were samples cloned prior to sequencing?,Boolean,Technical,The evidence does not provide information on whether samples were cloned prior to sequencing.
37515095,9,Which HIV genes were reported to have been sequenced?,List,Technical,"The sequenced HIV genes included the *pol* gene, specifically protease and the 5′-end of reverse transcriptase."
37515095,10,What method was used for sequencing?,List,Technical,The method used for sequencing was RT-PCR followed by *pol* gene sequencing using AmpliSens ^®^ HIV-Resist-Seq and an Applied Biosystems ^®^ Genetic Analyzer 3130.
37515095,11,What type of samples were sequenced?,List,Technical,The type of samples sequenced were blood samples.
37515095,12,Were any sequences obtained from individuals with virological failure on a treatment regimen?,Boolean,Treatment,"Yes, some sequences were obtained from individuals with virological failure on a treatment regimen."
37515095,13,Were the patients in the study in a clinical trial?,Boolean,Treatment,"No, the paper does not indicate that the patients were part of a clinical trial."
37515095,14,Does the paper report HIV sequences from individuals who had previously received ARV drugs?,Boolean,Treatment,"Yes, the paper reports HIV sequences from individuals who had previously received ARV drugs."
37515095,15,Which drug classes were received by individuals in the study before sample sequencing?,List,Treatment,Individuals in the study received first-generation and second-generation antiretroviral drug classes.
37515095,16,Which drugs were received by individuals in the study before sample sequencing?,List,Treatment,"The drugs received by individuals included 3TC, ABC, AZT, D4T, DDI, FTC, TDF, ETR, EFV, NVP, RPV, DRV/r, and LPV/r."
37515146,1,Does the paper report HIV sequences from patient samples?,Boolean,Data availability,"Yes, the paper reports HIV sequences from patient samples."
37515146,2,Does the paper report in vitro drug susceptibility data?,Boolean,Data availability,"Yes, the paper reports in vitro drug susceptibility data."
37515146,3,Were sequences from the paper made publicly available?,Boolean,Data availability,"Yes, the sequences from the paper were made publicly available."
37515146,4,What were the GenBank accession numbers for sequenced HIV isolates?,List,Data availability,"The GenBank accession numbers are MK702015-MK702057, MK867695-MK867757, and MK995397-MK995457."
37515146,5,How many individuals had samples obtained for HIV sequencing?,Number,Data availability,"Samples were obtained from 391 individuals, with sequencing successfully carried out in 379 samples."
37515146,6,From which countries were the sequenced samples obtained?,List,Demographics,The sequenced samples were obtained from Cameroon.
37515146,7,From what years were the sequenced samples obtained?,List,Demographics,The sequenced samples were obtained from December 2014 to June 2019.
37515146,8,Were samples cloned prior to sequencing?,Boolean,Technical,"No, samples were not cloned prior to sequencing."
37515146,9,Which HIV genes were reported to have been sequenced?,List,Technical,The HIV genes reported to have been sequenced include the pol gene (reverse transcriptase and protease regions).
37515146,10,What method was used for sequencing?,List,Technical,The method used for sequencing involved PCR amplification followed by sequencing of the purified products using specific primers.
37515146,11,What type of samples were sequenced?,List,Technical,The type of samples sequenced included venous blood collected in EDTA tubes.
37515146,12,Were any sequences obtained from individuals with virological failure on a treatment regimen?,Boolean,Treatment,"Yes, sequences were obtained from individuals with virological failure on a treatment regimen."
37515146,13,Were the patients in the study in a clinical trial?,Boolean,Treatment,"No, the patients in the study were not in a clinical trial."
37515146,14,Does the paper report HIV sequences from individuals who had previously received ARV drugs?,Boolean,Treatment,"No, the paper does not report HIV sequences from individuals who had previously received ARV drugs."
37515146,15,Which drug classes were received by individuals in the study before sample sequencing?,List,Treatment,The evidence does not specify which drug classes were received by individuals in the study before sample sequencing.
37515146,16,Which drugs were received by individuals in the study before sample sequencing?,List,Treatment,The drugs that were received by individuals in the study include Efavirenz and Nevirapine. Feel free to reach out if you have more questions!
37520425,1,Does the paper report HIV sequences from patient samples?,Boolean,Data availability,Yes
37520425,2,Does the paper report in vitro drug susceptibility data?,Boolean,Data availability,No
37520425,3,Were sequences from the paper made publicly available?,Boolean,Data availability,Yes
37520425,4,What were the GenBank accession numbers for sequenced HIV isolates?,List,Data availability,OQ627458-OQ627474
37520425,5,How many individuals had samples obtained for HIV sequencing?,Number,Data availability,25 individuals
37520425,6,From which countries were the sequenced samples obtained?,List,Demographics,Tanzania
37520425,7,From what years were the sequenced samples obtained?,List,Demographics,2016-2020
37520425,8,Were samples cloned prior to sequencing?,Boolean,Technical,No
37520425,9,Which HIV genes were reported to have been sequenced?,List,Technical,"Reverse transcriptase, protease, and INSTI"
37520425,10,What method was used for sequencing?,List,Technical,Sanger sequencing
37520425,11,What type of samples were sequenced?,List,Technical,Blood plasma samples
37520425,12,Were any sequences obtained from individuals with virological failure on a treatment regimen?,Boolean,Treatment,No
37520425,13,Were the patients in the study in a clinical trial?,Boolean,Treatment,No
37520425,14,Does the paper report HIV sequences from individuals who had previously received ARV drugs?,Boolean,Treatment,No
37520425,15,Which drug classes were received by individuals in the study before sample sequencing?,List,Treatment,NNRTI and DTG (Dolutegravir)
37520425,16,Which drugs were received by individuals in the study before sample sequencing?,List,Treatment,NNRTI and Dolutegravir
37537871,1,Does the paper report HIV sequences from patient samples?,Boolean,Data availability,"Yes, the paper reports HIV sequences from patient samples."
37537871,2,Does the paper report in vitro drug susceptibility data?,Boolean,Data availability,"No, the paper does not explicitly report in vitro drug susceptibility data."
37537871,3,Were sequences from the paper made publicly available?,Boolean,Data availability,"Yes, the sequences are implied to be available, but not explicitly confirmed."
37537871,4,What were the GenBank accession numbers for sequenced HIV isolates?,List,Data availability,The paper does not specify the GenBank accession numbers for sequenced HIV isolates.
37537871,5,How many individuals had samples obtained for HIV sequencing?,Number,Data availability,Samples were obtained from 77 individuals.
37537871,6,From which countries were the sequenced samples obtained?,List,Demographics,The sequenced samples were obtained from Hong Kong.
37537871,7,From what years were the sequenced samples obtained?,List,Demographics,The sequenced samples were obtained from the years 2002 to 2014.
37537871,8,Were samples cloned prior to sequencing?,Boolean,Technical,The paper does not provide information about whether samples were cloned prior to sequencing.
37537871,9,Which HIV genes were reported to have been sequenced?,List,Technical,"The HIV genes sequenced included protease, reverse transcriptase (RT), and integrase."
37537871,10,What method was used for sequencing?,List,Technical,The method used for sequencing was the Oxford Nanopore Technologies (ONT) workflow.
37537871,11,What type of samples were sequenced?,List,Technical,The type of samples sequenced were plasma samples.
37537871,12,Were any sequences obtained from individuals with virological failure on a treatment regimen?,Boolean,Treatment,"Yes, sequences were obtained from individuals with virological failure."
37537871,13,Were the patients in the study in a clinical trial?,Boolean,Treatment,The paper does not report whether the patients were in a clinical trial.
37537871,14,Does the paper report HIV sequences from individuals who had previously received ARV drugs?,Boolean,Treatment,"Yes, the paper implies that the sequences may include those from individuals who had previously received ARV drugs, though details are minimal."
37537871,15,Which drug classes were received by individuals in the study before sample sequencing?,List,Treatment,The paper does not specify which drug classes were received by individuals before sample sequencing.
37537871,16,Which drugs were received by individuals in the study before sample sequencing?,List,Treatment,"The paper indicates that individuals had resistance to protease inhibitors and NRTIs, but does not detail all the specific drugs received."
37540331,1,Does the paper report HIV sequences from patient samples?,Boolean,Data availability,"No, the paper does not explicitly report HIV sequences from patient samples."
37540331,2,Does the paper report in vitro drug susceptibility data?,Boolean,Data availability,"No, the paper does not report in vitro drug susceptibility data."
37540331,3,Were sequences from the paper made publicly available?,Boolean,Data availability,"No, sequences from the paper were not made publicly available; they are available upon request."
37540331,4,What were the GenBank accession numbers for sequenced HIV isolates?,List,Data availability,Not available; the paper does not provide GenBank accession numbers for sequenced HIV isolates.
37540331,5,How many individuals had samples obtained for HIV sequencing?,Number,Data availability,85 individuals had samples obtained for HIV sequencing.
37540331,6,From which countries were the sequenced samples obtained?,List,Demographics,Samples were obtained from Iran.
37540331,7,From what years were the sequenced samples obtained?,List,Demographics,Samples were obtained from 2019 onwards.
37540331,8,Were samples cloned prior to sequencing?,Boolean,Technical,Not specified; the paper does not mention if samples were cloned prior to sequencing.
37540331,9,Which HIV genes were reported to have been sequenced?,List,Technical,Not available; the paper does not specify which HIV genes were sequenced.
37540331,10,What method was used for sequencing?,List,Technical,Polymerase chain reaction (PCR) assays were used for sequencing.
37540331,11,What type of samples were sequenced?,List,Technical,Blood samples from HIV-positive adults were sequenced.
37540331,12,Were any sequences obtained from individuals with virological failure on a treatment regimen?,Boolean,Treatment,"No, sequences were not obtained from individuals with virological failure."
37540331,13,Were the patients in the study in a clinical trial?,Boolean,Treatment,"Yes, the patients in the study were in a clinical trial."
37540331,14,Does the paper report HIV sequences from individuals who had previously received ARV drugs?,Boolean,Treatment,"Yes, the paper reports HIV sequences from individuals who had previously received ARV drugs."
37540331,15,Which drug classes were received by individuals in the study before sample sequencing?,List,Treatment,Individuals received two nucleoside reverse transcriptase inhibitors (NRTIs) and one non-nucleoside reverse transcriptase inhibitor (NNRTI).
37540331,16,Which drugs were received by individuals in the study before sample sequencing?,List,Treatment,Not available; the paper does not specify the exact drugs received by individuals before sample sequencing.
37541705,1,Does the paper report HIV sequences from patient samples?,Boolean,Data availability,"Yes, the paper reports HIV sequences from patient samples."
37541705,2,Does the paper report in vitro drug susceptibility data?,Boolean,Data availability,"No, the paper does not report in vitro drug susceptibility data."
37541705,3,Were sequences from the paper made publicly available?,Boolean,Data availability,"No, the sequences from the paper were not made publicly available."
37541705,4,What were the GenBank accession numbers for sequenced HIV isolates?,List,Data availability,The paper does not provide specific GenBank accession numbers for sequenced HIV isolates.
37541705,5,How many individuals had samples obtained for HIV sequencing?,Number,Data availability,Samples were obtained from 35 individuals for HIV sequencing.
37541705,6,From which countries were the sequenced samples obtained?,List,Demographics,"The sequenced samples were obtained from Botswana, South Africa, Thailand, and the U.S."
37541705,7,From what years were the sequenced samples obtained?,List,Demographics,"Sequenced samples were obtained from September 9, 2020, to June 28, 2021."
37541705,8,Were samples cloned prior to sequencing?,Boolean,Technical,"No, the evidence does not indicate that samples were cloned prior to sequencing."
37541705,9,Which HIV genes were reported to have been sequenced?,List,Technical,The paper does not specify which HIV genes were sequenced.
37541705,10,What method was used for sequencing?,List,Technical,"Liquid chromatography mass spectrometry was used for analysis, but a specific sequencing method is not detailed."
37541705,11,What type of samples were sequenced?,List,Technical,Samples were obtained from blood of children under 12 years of age with HIV.
37541705,12,Were any sequences obtained from individuals with virological failure on a treatment regimen?,Boolean,Treatment,"Yes, sequences were obtained from at least one individual with virological failure on a treatment regimen."
37541705,13,Were the patients in the study in a clinical trial?,Boolean,Treatment,"Yes, the patients were in a clinical trial."
37541705,14,Does the paper report HIV sequences from individuals who had previously received ARV drugs?,Boolean,Treatment,"Yes, the paper reports HIV sequences from individuals who had previously received ARV drugs."
37541705,15,Which drug classes were received by individuals in the study before sample sequencing?,List,Treatment,"Participants received protease inhibitors (lopinavir/ritonavir) and integrase inhibitors (dolutegravir, raltegravir) before sample sequencing."
37541705,16,Which drugs were received by individuals in the study before sample sequencing?,List,Treatment,"Participants received lopinavir/ritonavir, dolutegravir, or raltegravir before sample sequencing. Feel free to ask if you need any changes or additional information!"
37546367,1,Does the paper report HIV sequences from patient samples?,Boolean,Data availability,"Yes, the paper reports HIV sequences from patient samples."
37546367,2,Does the paper report in vitro drug susceptibility data?,Boolean,Data availability,"Yes, the paper reports in vitro drug susceptibility data."
37546367,3,Were sequences from the paper made publicly available?,Boolean,Data availability,"Yes, sequences from the paper were made publicly available."
37546367,4,What were the GenBank accession numbers for sequenced HIV isolates?,List,Data availability,OQ886077 - OQ888150.
37546367,5,How many individuals had samples obtained for HIV sequencing?,Number,Data availability,3274 individuals had samples obtained for HIV sequencing.
37546367,6,From which countries were the sequenced samples obtained?,List,Demographics,The sequenced samples were obtained from China.
37546367,7,From what years were the sequenced samples obtained?,List,Demographics,The sequenced samples were obtained from 2011 to 2022.
37546367,8,Were samples cloned prior to sequencing?,Boolean,Technical,"Yes, samples were cloned prior to sequencing."
37546367,9,Which HIV genes were reported to have been sequenced?,List,Technical,The HIV pol gene was reported to have been sequenced.
37546367,10,What method was used for sequencing?,List,Technical,The Sanger sequencing method was used.
37546367,11,What type of samples were sequenced?,List,Technical,Plasma samples were sequenced.
37546367,12,Were any sequences obtained from individuals with virological failure on a treatment regimen?,Boolean,Treatment,"Yes, sequences were obtained from individuals with virological failure."
37546367,13,Were the patients in the study in a clinical trial?,Boolean,Treatment,"No, the patients in the study were not in a clinical trial."
37546367,14,Does the paper report HIV sequences from individuals who had previously received ARV drugs?,Boolean,Treatment,"Yes, the paper reports HIV sequences from individuals who had previously received ARV drugs."
37546367,15,Which drug classes were received by individuals in the study before sample sequencing?,List,Treatment,"Individuals received NRTI, NNRTI, and PI drug classes before sample sequencing."
37546367,16,Which drugs were received by individuals in the study before sample sequencing?,List,Treatment,"Individuals received 3TC, FTC, EFV, and NVP drugs before sample sequencing."
37554471,1,Does the paper report HIV sequences from patient samples?,Boolean,Data availability,Yes
37554471,2,Does the paper report in vitro drug susceptibility data?,Boolean,Data availability,Yes
37554471,3,Were sequences from the paper made publicly available?,Boolean,Data availability,Uncertain
37554471,4,What were the GenBank accession numbers for sequenced HIV isolates?,List,Data availability,Not reported
37554471,5,How many individuals had samples obtained for HIV sequencing?,Number,Data availability,One individual
37554471,6,From which countries were the sequenced samples obtained?,List,Demographics,Not reported
37554471,7,From what years were the sequenced samples obtained?,List,Demographics,Not reported
37554471,8,Were samples cloned prior to sequencing?,Boolean,Technical,Not reported
37554471,9,Which HIV genes were reported to have been sequenced?,List,Technical,Not reported
37554471,10,What method was used for sequencing?,List,Technical,Not reported
37554471,11,What type of samples were sequenced?,List,Technical,Not reported
37554471,12,Were any sequences obtained from individuals with virological failure on a treatment regimen?,Boolean,Treatment,Not reported
37554471,13,Were the patients in the study in a clinical trial?,Boolean,Treatment,Not reported
37554471,14,Does the paper report HIV sequences from individuals who had previously received ARV drugs?,Boolean,Treatment,Yes
37554471,15,Which drug classes were received by individuals in the study before sample sequencing?,List,Treatment,"NRTIs, NNRTIs"
37554471,16,Which drugs were received by individuals in the study before sample sequencing?,List,Treatment,"Etravirine, Dolutegravir, Darunavir, Ritonavir"
37573167,1,Does the paper report HIV sequences from patient samples?,Boolean,Data availability,Yes.
37573167,2,Does the paper report in vitro drug susceptibility data?,Boolean,Data availability,Yes.
37573167,3,Were sequences from the paper made publicly available?,Boolean,Data availability,Unclear.
37573167,4,What were the GenBank accession numbers for sequenced HIV isolates?,List,Data availability,Not provided.
37573167,5,How many individuals had samples obtained for HIV sequencing?,Number,Data availability,"1,116 individuals."
37573167,6,From which countries were the sequenced samples obtained?,List,Demographics,Not specified.
37573167,7,From what years were the sequenced samples obtained?,List,Demographics,2010 to 2021.
37573167,8,Were samples cloned prior to sequencing?,Boolean,Technical,Not specified.
37573167,9,Which HIV genes were reported to have been sequenced?,List,Technical,"Protease, reverse transcriptase, and integrase."
37573167,10,What method was used for sequencing?,List,Technical,Sanger sequencing.
37573167,11,What type of samples were sequenced?,List,Technical,Whole-blood and lymphomonocytic cells.
37573167,12,Were any sequences obtained from individuals with virological failure on a treatment regimen?,Boolean,Treatment,Yes.
37573167,13,Were the patients in the study in a clinical trial?,Boolean,Treatment,Not specified.
37573167,14,Does the paper report HIV sequences from individuals who had previously received ARV drugs?,Boolean,Treatment,Yes.
37573167,15,Which drug classes were received by individuals in the study before sample sequencing?,List,Treatment,"PI, NNRTI, INSTI, and NRTIs."
37573167,16,Which drugs were received by individuals in the study before sample sequencing?,List,Treatment,"M184I, E138K, M230I, and other drugs related to PI."
37574435,1,Does the paper report HIV sequences from patient samples?,Boolean,Data availability,"Yes, the paper reports HIV sequences from patient samples."
37574435,2,Does the paper report in vitro drug susceptibility data?,Boolean,Data availability,"Yes, the paper reports in vitro drug susceptibility data."
37574435,3,Were sequences from the paper made publicly available?,Boolean,Data availability,"No, the paper does not report that sequences were made publicly available."
37574435,4,What were the GenBank accession numbers for sequenced HIV isolates?,List,Data availability,The paper does not provide GenBank accession numbers for sequenced HIV isolates.
37574435,5,How many individuals had samples obtained for HIV sequencing?,Number,Data availability,Samples were obtained for HIV sequencing from 79 individuals.
37574435,6,From which countries were the sequenced samples obtained?,List,Demographics,The sequenced samples were obtained from Taiwan.
37574435,7,From what years were the sequenced samples obtained?,List,Demographics,The sequenced samples were obtained from 2016 to 2022.
37574435,8,Were samples cloned prior to sequencing?,Boolean,Technical,"No, the paper does not mention that samples were cloned prior to sequencing."
37574435,9,Which HIV genes were reported to have been sequenced?,List,Technical,The paper does not specify which HIV genes were reported to have been sequenced.
37574435,10,What method was used for sequencing?,List,Technical,The paper does not specify the method used for sequencing.
37574435,11,What type of samples were sequenced?,List,Technical,The sequenced samples were plasma samples from individuals with viral rebound.
37574435,12,Were any sequences obtained from individuals with virological failure on a treatment regimen?,Boolean,Treatment,"Yes, sequences were obtained from individuals with virological failure on a treatment regimen."
37574435,13,Were the patients in the study in a clinical trial?,Boolean,Treatment,"No, the patients in the study were not in a clinical trial."
37574435,14,Does the paper report HIV sequences from individuals who had previously received ARV drugs?,Boolean,Treatment,"Yes, the paper reports HIV sequences from individuals who had previously received ARV drugs."
37574435,15,Which drug classes were received by individuals in the study before sample sequencing?,List,Treatment,The drug classes received included NNRTIs and first-generation INSTIs.
37574435,16,Which drugs were received by individuals in the study before sample sequencing?,List,Treatment,The drugs received included NNRTIs and first-generation INSTIs.
37585352,1,Does the paper report HIV sequences from patient samples?,Boolean,Data availability,Yes.
37585352,2,Does the paper report in vitro drug susceptibility data?,Boolean,Data availability,No.
37585352,3,Were sequences from the paper made publicly available?,Boolean,Data availability,Yes.
37585352,4,What were the GenBank accession numbers for sequenced HIV isolates?,List,Data availability,Not specified; refer to supplementary data.
37585352,5,How many individuals had samples obtained for HIV sequencing?,Number,Data availability,5805 individuals.
37585352,6,From which countries were the sequenced samples obtained?,List,Demographics,Botswana.
37585352,7,From what years were the sequenced samples obtained?,List,Demographics,2013 to 2018.
37585352,8,Were samples cloned prior to sequencing?,Boolean,Technical,No.
37585352,9,Which HIV genes were reported to have been sequenced?,List,Technical,HIV-1 pol gene.
37585352,10,What method was used for sequencing?,List,Technical,Next-generation sequencing (NGS).
37585352,11,What type of samples were sequenced?,List,Technical,Proviral samples.
37585352,12,Were any sequences obtained from individuals with virological failure on a treatment regimen?,Boolean,Treatment,No.
37585352,13,Were the patients in the study in a clinical trial?,Boolean,Treatment,Yes.
37585352,14,Does the paper report HIV sequences from individuals who had previously received ARV drugs?,Boolean,Treatment,Yes.
37585352,15,Which drug classes were received by individuals in the study before sample sequencing?,List,Treatment,NNRTIs and NRTIs.
37585352,16,Which drugs were received by individuals in the study before sample sequencing?,List,Treatment,"Efavirenz, emtricitabine, tenofovir, lamivudine, nevirapine, zidovudine."
37593123,1,Does the paper report HIV sequences from patient samples?,Boolean,Data availability,Yes
37593123,2,Does the paper report in vitro drug susceptibility data?,Boolean,Data availability,Yes
37593123,3,Were sequences from the paper made publicly available?,Boolean,Data availability,Yes
37593123,4,What were the GenBank accession numbers for sequenced HIV isolates?,List,Data availability,Not available
37593123,5,How many individuals had samples obtained for HIV sequencing?,Number,Data availability,"57,902"
37593123,6,From which countries were the sequenced samples obtained?,List,Demographics,China
37593123,7,From what years were the sequenced samples obtained?,List,Demographics,2004 to 2022
37593123,8,Were samples cloned prior to sequencing?,Boolean,Technical,Not available
37593123,9,Which HIV genes were reported to have been sequenced?,List,Technical,HIV-1 *pol* gene
37593123,10,What method was used for sequencing?,List,Technical,HIV-Trace and IQ-Tree
37593123,11,What type of samples were sequenced?,List,Technical,ART-naïve HIV-infected individuals
37593123,12,Were any sequences obtained from individuals with virological failure on a treatment regimen?,Boolean,Treatment,Not available
37593123,13,Were the patients in the study in a clinical trial?,Boolean,Treatment,Not available
37593123,14,Does the paper report HIV sequences from individuals who had previously received ARV drugs?,Boolean,Treatment,No
37593123,15,Which drug classes were received by individuals in the study before sample sequencing?,List,Treatment,NNRTIs (non-nucleoside reverse transcriptase inhibitors)
37593123,16,Which drugs were received by individuals in the study before sample sequencing?,List,Treatment,Efavirenz (EFV) and Nevirapine (NVP)
37626789,1,Does the paper report HIV sequences from patient samples?,Boolean,Data availability,** Yes.
37626789,2,Does the paper report in vitro drug susceptibility data?,Boolean,Data availability,** Yes.
37626789,3,Were sequences from the paper made publicly available?,Boolean,Data availability,** Yes.
37626789,4,What were the GenBank accession numbers for sequenced HIV isolates?,List,Data availability,** Not provided in the text.
37626789,5,How many individuals had samples obtained for HIV sequencing?,Number,Data availability,** 554.
37626789,6,From which countries were the sequenced samples obtained?,List,Demographics,** Ethiopia.
37626789,7,From what years were the sequenced samples obtained?,List,Demographics,** 2007 to 2019.
37626789,8,Were samples cloned prior to sequencing?,Boolean,Technical,** Not provided in the text.
37626789,9,Which HIV genes were reported to have been sequenced?,List,Technical,** *pol* gene.
37626789,10,What method was used for sequencing?,List,Technical,** ABI-3730 DNA genetic analyzer.
37626789,11,What type of samples were sequenced?,List,Technical,** Whole blood.
37626789,12,Were any sequences obtained from individuals with virological failure on a treatment regimen?,Boolean,Treatment,** Yes.
37626789,13,Were the patients in the study in a clinical trial?,Boolean,Treatment,** No.
37626789,14,Does the paper report HIV sequences from individuals who had previously received ARV drugs?,Boolean,Treatment,** Yes.
37626789,15,Which drug classes were received by individuals in the study before sample sequencing?,List,Treatment,** NRTIs and NNRTIs.
37626789,16,Which drugs were received by individuals in the study before sample sequencing?,List,Treatment,"** Zidovudine (AZT), Lamivudine (3TC), Nevirapine (NVP). This structure ensures that each question is answered clearly with supporting evidence, rationale, and conclusion."
37632026,1,Does the paper report HIV sequences from patient samples?,Boolean,Data availability,"Yes, the paper reports HIV sequences from patient samples."
37632026,2,Does the paper report in vitro drug susceptibility data?,Boolean,Data availability,"Yes, the paper reports in vitro drug susceptibility data."
37632026,3,Were sequences from the paper made publicly available?,Boolean,Data availability,"Yes, the sequences from the paper were made publicly available."
37632026,4,What were the GenBank accession numbers for sequenced HIV isolates?,List,Data availability,The GenBank accession numbers for sequenced HIV isolates are MK580543-MK580618; JF273935-JF273965; JQ796152-JQ796169; MK867721-MK867755; and OQ985493-OQ985958.
37632026,5,How many individuals had samples obtained for HIV sequencing?,Number,Data availability,Samples were obtained from 759 individuals for HIV sequencing.
37632026,6,From which countries were the sequenced samples obtained?,List,Demographics,The sequenced samples were obtained from Cameroon.
37632026,7,From what years were the sequenced samples obtained?,List,Demographics,The sequenced samples were obtained from November 2011 to August 2019.
37632026,8,Were samples cloned prior to sequencing?,Boolean,Technical,"Yes, samples were likely cloned prior to sequencing as part of the PCR amplification process."
37632026,9,Which HIV genes were reported to have been sequenced?,List,Technical,The sequenced genes were the HIV-1 pol-gene (protease and reverse-transcriptase regions).
37632026,10,What method was used for sequencing?,List,Technical,The method used for sequencing was an Applied Biosystems 3500 genetic analyzer.
37632026,11,What type of samples were sequenced?,List,Technical,The type of samples sequenced were plasma samples obtained from blood.
37632026,12,Were any sequences obtained from individuals with virological failure on a treatment regimen?,Boolean,Treatment,"Yes, sequences were obtained from individuals with virological failure on a treatment regimen."
37632026,13,Were the patients in the study in a clinical trial?,Boolean,Treatment,The evidence does not explicitly state whether the patients were in a clinical trial.
37632026,14,Does the paper report HIV sequences from individuals who had previously received ARV drugs?,Boolean,Treatment,"Yes, the paper reports HIV sequences from individuals who had previously received ARV drugs."
37632026,15,Which drug classes were received by individuals in the study before sample sequencing?,List,Treatment,Individuals in the study received non-nucleoside reverse transcriptase inhibitors (NNRTI) and protease inhibitors (PI/r) before sample sequencing.
37632026,16,Which drugs were received by individuals in the study before sample sequencing?,List,Treatment,"The drugs received by individuals in the study before sample sequencing included zidovudine (AZT), tenofovir (TDF), and abacavir (ABC)."
37632071,1,Does the paper report HIV sequences from patient samples?,Boolean,Data availability,"Yes, the paper reports HIV sequences from patient samples."
37632071,2,Does the paper report in vitro drug susceptibility data?,Boolean,Data availability,"No, the paper does not report in vitro drug susceptibility data."
37632071,3,Were sequences from the paper made publicly available?,Boolean,Data availability,The paper does not explicitly state whether the sequences were made publicly available.
37632071,4,What were the GenBank accession numbers for sequenced HIV isolates?,List,Data availability,The paper does not provide GenBank accession numbers for sequenced HIV isolates.
37632071,5,How many individuals had samples obtained for HIV sequencing?,Number,Data availability,A total of 197 individuals had samples obtained for HIV sequencing.
37632071,6,From which countries were the sequenced samples obtained?,List,Demographics,The sequenced samples were obtained from Italy.
37632071,7,From what years were the sequenced samples obtained?,List,Demographics,The sequenced samples were obtained from the years 2019 to 2022.
37632071,8,Were samples cloned prior to sequencing?,Boolean,Technical,The paper does not indicate that samples were cloned prior to sequencing.
37632071,9,Which HIV genes were reported to have been sequenced?,List,Technical,The paper does not specify which HIV genes were reported to have been sequenced.
37632071,10,What method was used for sequencing?,List,Technical,The paper does not specify the method that was used for sequencing.
37632071,11,What type of samples were sequenced?,List,Technical,The sequenced samples were blood plasma samples.
37632071,12,Were any sequences obtained from individuals with virological failure on a treatment regimen?,Boolean,Treatment,The paper does not confirm if sequences were obtained from individuals with virological failure on treatment.
37632071,13,Were the patients in the study in a clinical trial?,Boolean,Treatment,"No, the patients in the study were not in a clinical trial."
37632071,14,Does the paper report HIV sequences from individuals who had previously received ARV drugs?,Boolean,Treatment,"Yes, the paper reports HIV sequences from individuals who had previously received ARV drugs."
37632071,15,Which drug classes were received by individuals in the study before sample sequencing?,List,Treatment,"The individuals in the study received classes of 2NRTI+INSTI, 2 NRTI+NNRTI, and 2 NRTI+PI before sample sequencing."
37632071,16,Which drugs were received by individuals in the study before sample sequencing?,List,Treatment,The paper does not specify the exact drugs received by individuals before sample sequencing.
37649807,1,Does the paper report HIV sequences from patient samples?,Boolean,Data availability,"Yes, the paper reports HIV sequences from patient samples."
37649807,2,Does the paper report in vitro drug susceptibility data?,Boolean,Data availability,"No, the paper does not report in vitro drug susceptibility data."
37649807,3,Were sequences from the paper made publicly available?,Boolean,Data availability,Unclear; the paper does not explicitly state that sequences were made publicly available.
37649807,4,What were the GenBank accession numbers for sequenced HIV isolates?,List,Data availability,Not specified in the evidence; GenBank accession numbers for sequenced HIV isolates are not mentioned.
37649807,5,How many individuals had samples obtained for HIV sequencing?,Number,Data availability,"309,628 individuals had samples obtained for HIV sequencing."
37649807,6,From which countries were the sequenced samples obtained?,List,Demographics,Samples were obtained from Kenya; no other countries are specified.
37649807,7,From what years were the sequenced samples obtained?,List,Demographics,Sequenced samples were obtained from January 2015 to December 2021.
37649807,8,Were samples cloned prior to sequencing?,Boolean,Technical,Not specified; the evidence does not mention if samples were cloned prior to sequencing.
37649807,9,Which HIV genes were reported to have been sequenced?,List,Technical,Not specified; the evidence does not mention which HIV genes were sequenced.
37649807,10,What method was used for sequencing?,List,Technical,Not specified; the evidence does not detail the specific method used for sequencing.
37649807,11,What type of samples were sequenced?,List,Technical,Plasma samples were sequenced.
37649807,12,Were any sequences obtained from individuals with virological failure on a treatment regimen?,Boolean,Treatment,"Yes, sequences were obtained from individuals with virological failure."
37649807,13,Were the patients in the study in a clinical trial?,Boolean,Treatment,Unclear; the evidence does not specify if patients were in a clinical trial.
37649807,14,Does the paper report HIV sequences from individuals who had previously received ARV drugs?,Boolean,Treatment,"Yes, sequences are reported from individuals who had previously received ARV drugs."
37649807,15,Which drug classes were received by individuals in the study before sample sequencing?,List,Treatment,"Individuals received TDF, 3TC or FTC, NNRTIs, DTG, and protease-inhibitors (PIs)."
37649807,16,Which drugs were received by individuals in the study before sample sequencing?,List,Treatment,"Specific drug names are not enumerated; evidence primarily refers to drug classes (e.g., TDF, 3TC, NNRTIs, DTG). This format successfully captures the questions, supporting evidence, rationale for answers, and final responses based on the information available in the provided evidence pool."
37662576,1,Does the paper report HIV sequences from patient samples?,Boolean,Data availability,"Yes, the paper reports HIV sequences from patient samples."
37662576,2,Does the paper report in vitro drug susceptibility data?,Boolean,Data availability,"Yes, the paper reports in vitro drug susceptibility data."
37662576,3,Were sequences from the paper made publicly available?,Boolean,Data availability,The paper does not explicitly confirm that sequences were made publicly available.
37662576,4,What were the GenBank accession numbers for sequenced HIV isolates?,List,Data availability,The paper does not provide GenBank accession numbers for sequenced HIV isolates.
37662576,5,How many individuals had samples obtained for HIV sequencing?,Number,Data availability,The paper does not specify how many individuals had samples obtained for HIV sequencing.
37662576,6,From which countries were the sequenced samples obtained?,List,Demographics,The paper does not specify the countries from which the sequenced samples were obtained.
37662576,7,From what years were the sequenced samples obtained?,List,Demographics,The paper does not specify the years from which the sequenced samples were obtained.
37662576,8,Were samples cloned prior to sequencing?,Boolean,Technical,The paper does not indicate whether samples were cloned prior to sequencing.
37662576,9,Which HIV genes were reported to have been sequenced?,List,Technical,The paper does not specify which HIV genes were reported to have been sequenced.
37662576,10,What method was used for sequencing?,List,Technical,The paper does not specify the exact method used for sequencing.
37662576,11,What type of samples were sequenced?,List,Technical,The paper does not specify what type of samples were sequenced.
37662576,12,Were any sequences obtained from individuals with virological failure on a treatment regimen?,Boolean,Treatment,The paper does not explicitly state whether sequences were obtained from individuals with virological failure.
37662576,13,Were the patients in the study in a clinical trial?,Boolean,Treatment,The paper does not specify whether the patients were in a clinical trial.
37662576,14,Does the paper report HIV sequences from individuals who had previously received ARV drugs?,Boolean,Treatment,"Yes, the paper implies that HIV sequences were obtained from individuals who had previously received ARV drugs."
37662576,15,Which drug classes were received by individuals in the study before sample sequencing?,List,Treatment,The paper specifies protease inhibitors but does not provide details on other drug classes received before sample sequencing.
37662576,16,Which drugs were received by individuals in the study before sample sequencing?,List,Treatment,The paper indicates that darunavir and lopinavir were received by individuals prior to sample sequencing. Feel free to ask if you need further details or any modifications!
37674678,1,Does the paper report HIV sequences from patient samples?,Boolean,Data availability,Yes.
37674678,2,Does the paper report in vitro drug susceptibility data?,Boolean,Data availability,No.
37674678,3,Were sequences from the paper made publicly available?,Boolean,Data availability,Yes.
37674678,4,What were the GenBank accession numbers for sequenced HIV isolates?,List,Data availability,Not available.
37674678,5,How many individuals had samples obtained for HIV sequencing?,Number,Data availability,"1,393."
37674678,6,From which countries were the sequenced samples obtained?,List,Demographics,China.
37674678,7,From what years were the sequenced samples obtained?,List,Demographics,2019 to 2021.
37674678,8,Were samples cloned prior to sequencing?,Boolean,Technical,Not available.
37674678,9,Which HIV genes were reported to have been sequenced?,List,Technical,pol gene.
37674678,10,What method was used for sequencing?,List,Technical,ABI 3730XL sequencing.
37674678,11,What type of samples were sequenced?,List,Technical,Plasma samples.
37674678,12,Were any sequences obtained from individuals with virological failure on a treatment regimen?,Boolean,Treatment,Not available.
37674678,13,Were the patients in the study in a clinical trial?,Boolean,Treatment,Not available.
37674678,14,Does the paper report HIV sequences from individuals who had previously received ARV drugs?,Boolean,Treatment,No.
37674678,15,Which drug classes were received by individuals in the study before sample sequencing?,List,Treatment,Not applicable.
37674678,16,Which drugs were received by individuals in the study before sample sequencing?,List,Treatment,Not applicable. This systematic extraction aims to address all the questions based on the provided evidence.
37701387,1,Does the paper report HIV sequences from patient samples?,Boolean,Data availability,"Yes, the paper implies data is collected from patient samples for research purposes."
37701387,2,Does the paper report in vitro drug susceptibility data?,Boolean,Data availability,"No, the paper does not report in vitro drug susceptibility data."
37701387,3,Were sequences from the paper made publicly available?,Boolean,Data availability,"Unknown, the paper does not specify whether the sequences were made publicly available."
37701387,4,What were the GenBank accession numbers for sequenced HIV isolates?,List,Data availability,"Not provided, the paper does not mention GenBank accession numbers."
37701387,5,How many individuals had samples obtained for HIV sequencing?,Number,Data availability,30 individuals had samples obtained for HIV sequencing.
37701387,6,From which countries were the sequenced samples obtained?,List,Demographics,Italy.
37701387,7,From what years were the sequenced samples obtained?,List,Demographics,2020 to 2021.
37701387,8,Were samples cloned prior to sequencing?,Boolean,Technical,"Unknown, the paper does not specify if samples were cloned prior to sequencing."
37701387,9,Which HIV genes were reported to have been sequenced?,List,Technical,"Not specified, the paper does not mention which HIV genes were sequenced."
37701387,10,What method was used for sequencing?,List,Technical,"Not specified, the paper does not detail the sequencing method used."
37701387,11,What type of samples were sequenced?,List,Technical,Blood samples from ART-naïve individuals.
37701387,12,Were any sequences obtained from individuals with virological failure on a treatment regimen?,Boolean,Treatment,"No, sequences were not obtained from individuals with virological failure."
37701387,13,Were the patients in the study in a clinical trial?,Boolean,Treatment,"Yes, the patients were in a clinical trial."
37701387,14,Does the paper report HIV sequences from individuals who had previously received ARV drugs?,Boolean,Treatment,"No, the paper reports sequences from ART-naïve individuals without prior ARV drug history."
37701387,15,Which drug classes were received by individuals in the study before sample sequencing?,List,Treatment,"None, individuals were ART-naïve with no prior drug class received."
37701387,16,Which drugs were received by individuals in the study before sample sequencing?,List,Treatment,"None, individuals had not received any drugs prior as they were ART-naïve."
37716367,1,Does the paper report HIV sequences from patient samples?,Boolean,Data availability,"Yes, the paper reports HIV sequences from patient samples."
37716367,2,Does the paper report in vitro drug susceptibility data?,Boolean,Data availability,"Yes, the paper reports in vitro drug susceptibility data."
37716367,3,Were sequences from the paper made publicly available?,Boolean,Data availability,"Yes, sequences from the paper were made publicly available."
37716367,4,What were the GenBank accession numbers for sequenced HIV isolates?,List,Data availability,"The GenBank accession numbers for sequenced HIV isolates are KX247148, KX247257 and the SRA accession number is SRP075904."
37716367,5,How many individuals had samples obtained for HIV sequencing?,Number,Data availability,The number of individuals with samples obtained for HIV sequencing is not explicitly stated in the provided evidence.
37716367,6,From which countries were the sequenced samples obtained?,List,Demographics,The sequenced samples were obtained from South Africa.
37716367,7,From what years were the sequenced samples obtained?,List,Demographics,The sequenced samples were obtained from the years 2012 to 2016.
37716367,8,Were samples cloned prior to sequencing?,Boolean,Technical,The evidence does not specify whether samples were cloned prior to sequencing.
37716367,9,Which HIV genes were reported to have been sequenced?,List,Technical,The specific HIV genes sequenced are not detailed in the provided evidence.
37716367,10,What method was used for sequencing?,List,Technical,The specific method used for sequencing is not provided in the evidence.
37716367,11,What type of samples were sequenced?,List,Technical,The type of samples sequenced is not specified in the evidence.
37716367,12,Were any sequences obtained from individuals with virological failure on a treatment regimen?,Boolean,Treatment,"Yes, sequences were obtained from individuals with virological failure on a treatment regimen."
37716367,13,Were the patients in the study in a clinical trial?,Boolean,Treatment,The evidence does not explicitly confirm if the patients were in a clinical trial.
37716367,14,Does the paper report HIV sequences from individuals who had previously received ARV drugs?,Boolean,Treatment,"Yes, the paper does report HIV sequences from individuals who had previously received ARV drugs."
37716367,15,Which drug classes were received by individuals in the study before sample sequencing?,List,Treatment,The drug classes received include NRTIs and NNRTIs.
37716367,16,Which drugs were received by individuals in the study before sample sequencing?,List,Treatment,The drugs received likely include Efavirenz and Nevirapine.
37755428,1,Does the paper report HIV sequences from patient samples?,Boolean,Data availability,"Yes, the paper reports HIV sequences from patient samples."
37755428,2,Does the paper report in vitro drug susceptibility data?,Boolean,Data availability,"Yes, the paper reports in vitro drug susceptibility data."
37755428,3,Were sequences from the paper made publicly available?,Boolean,Data availability,Uncertain; the paper does not explicitly state if the sequences were made publicly available.
37755428,4,What were the GenBank accession numbers for sequenced HIV isolates?,List,Data availability,Not provided; GenBank accession numbers are not mentioned in the evidence.
37755428,5,How many individuals had samples obtained for HIV sequencing?,Number,Data availability,143 individuals had samples obtained for HIV sequencing.
37755428,6,From which countries were the sequenced samples obtained?,List,Demographics,Haiti.
37755428,7,From what years were the sequenced samples obtained?,List,Demographics,From April 2020 to March 2021.
37755428,8,Were samples cloned prior to sequencing?,Boolean,Technical,Not specified; the evidence does not mention if samples were cloned prior to sequencing.
37755428,9,Which HIV genes were reported to have been sequenced?,List,Technical,Protease/reverse transcriptase (PR/RT) and integrase regions.
37755428,10,What method was used for sequencing?,List,Technical,Sanger-based method.
37755428,11,What type of samples were sequenced?,List,Technical,Dried blood spot specimens.
37755428,12,Were any sequences obtained from individuals with virological failure on a treatment regimen?,Boolean,Treatment,Not specified; the evidence does not explicitly mention sequences from individuals with virological failure.
37755428,13,Were the patients in the study in a clinical trial?,Boolean,Treatment,Not specified; the evidence does not indicate if the patients were in a clinical trial.
37755428,14,Does the paper report HIV sequences from individuals who had previously received ARV drugs?,Boolean,Treatment,"Yes, the paper reports HIV sequences from individuals who had previously received ARV drugs."
37755428,15,Which drug classes were received by individuals in the study before sample sequencing?,List,Treatment,The drug classes included integrase strand transfer inhibitors (INSTIs) and nucleoside/nucleotide reverse transcriptase inhibitors (NRTIs).
37755428,16,Which drugs were received by individuals in the study before sample sequencing?,List,Treatment,"Tenofovir, lamivudine, and dolutegravir."
37775947,1,Does the paper report HIV sequences from patient samples?,Boolean,Data availability,Yes
37775947,2,Does the paper report in vitro drug susceptibility data?,Boolean,Data availability,Yes
37775947,3,Were sequences from the paper made publicly available?,Boolean,Data availability,Yes
37775947,4,What were the GenBank accession numbers for sequenced HIV isolates?,List,Data availability,Not provided in the evidence
37775947,5,How many individuals had samples obtained for HIV sequencing?,Number,Data availability,1380
37775947,6,From which countries were the sequenced samples obtained?,List,Demographics,South America (exact countries not specified)
37775947,7,From what years were the sequenced samples obtained?,List,Demographics,2009 to 2013
37775947,8,Were samples cloned prior to sequencing?,Boolean,Technical,Not mentioned in the evidence
37775947,9,Which HIV genes were reported to have been sequenced?,List,Technical,Pol gene (protease and reverse transcriptase)
37775947,10,What method was used for sequencing?,List,Technical,Next-Generation Sequencing (NGS) using Illumina MiSeq
37775947,11,What type of samples were sequenced?,List,Technical,Plasma samples
37775947,12,Were any sequences obtained from individuals with virological failure on a treatment regimen?,Boolean,Treatment,Yes
37775947,13,Were the patients in the study in a clinical trial?,Boolean,Treatment,Yes
37775947,14,Does the paper report HIV sequences from individuals who had previously received ARV drugs?,Boolean,Treatment,Yes
37775947,15,Which drug classes were received by individuals in the study before sample sequencing?,List,Treatment,NRTIs (tenofovir/emtricitabine) and possibly NNRTIs
37775947,16,Which drugs were received by individuals in the study before sample sequencing?,List,Treatment,"Tenofovir, emtricitabine, efavirenz"
37817087,1,Does the paper report HIV sequences from patient samples?,Boolean,Data availability,Yes
37817087,2,Does the paper report in vitro drug susceptibility data?,Boolean,Data availability,Yes
37817087,3,Were sequences from the paper made publicly available?,Boolean,Data availability,Yes
37817087,4,What were the GenBank accession numbers for sequenced HIV isolates?,List,Data availability,Not provided
37817087,5,How many individuals had samples obtained for HIV sequencing?,Number,Data availability,4559
37817087,6,From which countries were the sequenced samples obtained?,List,Demographics,Germany
37817087,7,From what years were the sequenced samples obtained?,List,Demographics,2017 to 2020
37817087,8,Were samples cloned prior to sequencing?,Boolean,Technical,Not provided
37817087,9,Which HIV genes were reported to have been sequenced?,List,Technical,"Protease (PR), reverse transcriptase (RT), integrase (IN)"
37817087,10,What method was used for sequencing?,List,Technical,Illumina NGS method (MiSeq)
37817087,11,What type of samples were sequenced?,List,Technical,"Plasma, serum, dried serum or plasma spots"
37817087,12,Were any sequences obtained from individuals with virological failure on a treatment regimen?,Boolean,Treatment,Not provided
37817087,13,Were the patients in the study in a clinical trial?,Boolean,Treatment,Not provided
37817087,14,Does the paper report HIV sequences from individuals who had previously received ARV drugs?,Boolean,Treatment,Yes
37817087,15,Which drug classes were received by individuals in the study before sample sequencing?,List,Treatment,"NRTIs, NNRTIs, PIs"
37817087,16,Which drugs were received by individuals in the study before sample sequencing?,List,Treatment,"Rilpivirine, efavirenz, nevirapine"
37823653,1,Does the paper report HIV sequences from patient samples?,Boolean,Data availability,"Yes, the paper reports HIV sequences from patient samples."
37823653,2,Does the paper report in vitro drug susceptibility data?,Boolean,Data availability,"No, the paper does not report in vitro drug susceptibility data."
37823653,3,Were sequences from the paper made publicly available?,Boolean,Data availability,The paper does not explicitly state whether the sequences were made publicly available.
37823653,4,What were the GenBank accession numbers for sequenced HIV isolates?,List,Data availability,The paper does not provide the GenBank accession numbers for sequenced HIV isolates.
37823653,5,How many individuals had samples obtained for HIV sequencing?,Number,Data availability,"6,030 individuals had samples obtained for HIV sequencing."
37823653,6,From which countries were the sequenced samples obtained?,List,Demographics,The sequenced samples were obtained from Botswana.
37823653,7,From what years were the sequenced samples obtained?,List,Demographics,The sequenced samples were obtained from the years 2013 to 2018.
37823653,8,Were samples cloned prior to sequencing?,Boolean,Technical,The paper does not specify whether the samples were cloned prior to sequencing.
37823653,9,Which HIV genes were reported to have been sequenced?,List,Technical,The HIV genes reported to have been sequenced include the gp120 fragment of the HIV envelope gene.
37823653,10,What method was used for sequencing?,List,Technical,The method used for sequencing was next-generation sequencing (NGS) utilizing Illumina MiSeq and HiSeq platforms.
37823653,11,What type of samples were sequenced?,List,Technical,The samples sequenced were obtained from individuals who were ART-naïve or ART-experienced.
37823653,12,Were any sequences obtained from individuals with virological failure on a treatment regimen?,Boolean,Treatment,"Yes, sequences were obtained from individuals with virological failure on a treatment regimen."
37823653,13,Were the patients in the study in a clinical trial?,Boolean,Treatment,"Yes, the patients in the study were in a clinical trial."
37823653,14,Does the paper report HIV sequences from individuals who had previously received ARV drugs?,Boolean,Treatment,"Yes, the paper reports HIV sequences from individuals who had previously received ARV drugs."
37823653,15,Which drug classes were received by individuals in the study before sample sequencing?,List,Treatment,The drug classes received before sample sequencing included non-nucleoside reverse transcriptase inhibitors (NNRTIs) such as efavirenz and nevirapine.
37823653,16,Which drugs were received by individuals in the study before sample sequencing?,List,Treatment,"The drugs received by individuals in the study before sample sequencing included efavirenz and nevirapine. If you need additional information or have more questions, feel free to ask!"
37872202,1,Does the paper report HIV sequences from patient samples?,Boolean,Data availability,Yes
37872202,2,Does the paper report in vitro drug susceptibility data?,Boolean,Data availability,Yes
37872202,3,Were sequences from the paper made publicly available?,Boolean,Data availability,Yes
37872202,4,What were the GenBank accession numbers for sequenced HIV isolates?,List,Data availability,Not provided
37872202,5,How many individuals had samples obtained for HIV sequencing?,Number,Data availability,Not specified
37872202,6,From which countries were the sequenced samples obtained?,List,Demographics,Thailand
37872202,7,From what years were the sequenced samples obtained?,List,Demographics,Not specified
37872202,8,Were samples cloned prior to sequencing?,Boolean,Technical,Not specified
37872202,9,Which HIV genes were reported to have been sequenced?,List,Technical,gp120 subunit
37872202,10,What method was used for sequencing?,List,Technical,Calcium phosphate transfection method
37872202,11,What type of samples were sequenced?,List,Technical,Viral strains from patient samples
37872202,12,Were any sequences obtained from individuals with virological failure on a treatment regimen?,Boolean,Treatment,Not specified
37872202,13,Were the patients in the study in a clinical trial?,Boolean,Treatment,Not specified
37872202,14,Does the paper report HIV sequences from individuals who had previously received ARV drugs?,Boolean,Treatment,Not specified
37872202,15,Which drug classes were received by individuals in the study before sample sequencing?,List,Treatment,Not specified
37872202,16,Which drugs were received by individuals in the study before sample sequencing?,List,Treatment,Not specified
37878637,1,Does the paper report HIV sequences from patient samples?,Boolean,Data availability,"Yes, the paper reports HIV sequences from patient samples."
37878637,2,Does the paper report in vitro drug susceptibility data?,Boolean,Data availability,"Yes, the paper reports in vitro drug susceptibility data."
37878637,3,Were sequences from the paper made publicly available?,Boolean,Data availability,"Yes, the sequences from the paper were made publicly available."
37878637,4,What were the GenBank accession numbers for sequenced HIV isolates?,List,Data availability,The GenBank accession numbers for sequenced HIV isolates are not provided in the paper.
37878637,5,How many individuals had samples obtained for HIV sequencing?,Number,Data availability,141 individuals had samples obtained for HIV sequencing.
37878637,6,From which countries were the sequenced samples obtained?,List,Demographics,The sequenced samples were obtained from Cameroon.
37878637,7,From what years were the sequenced samples obtained?,List,Demographics,The sequenced samples were obtained from 2018 to 2020.
37878637,8,Were samples cloned prior to sequencing?,Boolean,Technical,There is no information provided regarding samples being cloned prior to sequencing.
37878637,9,Which HIV genes were reported to have been sequenced?,List,Technical,Protease and reverse transcriptase genes were reported to have been sequenced.
37878637,10,What method was used for sequencing?,List,Technical,The method used for sequencing was the Applied Biosystems 3500 genetic analyzer.
37878637,11,What type of samples were sequenced?,List,Technical,Plasma aliquots from whole blood samples were sequenced.
37878637,12,Were any sequences obtained from individuals with virological failure on a treatment regimen?,Boolean,Treatment,"Yes, sequences were obtained from individuals with virological failure on a treatment regimen."
37878637,13,Were the patients in the study in a clinical trial?,Boolean,Treatment,"Yes, the patients in the study were in a structured research setting, akin to a clinical trial."
37878637,14,Does the paper report HIV sequences from individuals who had previously received ARV drugs?,Boolean,Treatment,"Yes, the paper reports HIV sequences from individuals who had previously received ARV drugs."
37878637,15,Which drug classes were received by individuals in the study before sample sequencing?,List,Treatment,The individuals received non-nucleoside reverse transcriptase inhibitors (NNRTIs) and nucleoside reverse transcriptase inhibitors (NRTIs).
37878637,16,Which drugs were received by individuals in the study before sample sequencing?,List,Treatment,"The individuals received TDF (Tenofovir), 3TC (Lamivudine), and EFV (Efavirenz) as part of their treatment regimen."
37880705,1,Does the paper report HIV sequences from patient samples?,Boolean,Data availability,Yes
37880705,2,Does the paper report in vitro drug susceptibility data?,Boolean,Data availability,Yes
37880705,3,Were sequences from the paper made publicly available?,Boolean,Data availability,Yes
37880705,4,What were the GenBank accession numbers for sequenced HIV isolates?,List,Data availability,Not specified
37880705,5,How many individuals had samples obtained for HIV sequencing?,Number,Data availability,1070 individuals
37880705,6,From which countries were the sequenced samples obtained?,List,Demographics,"Ethiopia (also referencing South Africa, Mozambique, Malawi, Botswana)"
37880705,7,From what years were the sequenced samples obtained?,List,Demographics,2003 to 2018
37880705,8,Were samples cloned prior to sequencing?,Boolean,Technical,Not specified
37880705,9,Which HIV genes were reported to have been sequenced?,List,Technical,Full protease and partial reverse transcriptase (RT)
37880705,10,What method was used for sequencing?,List,Technical,Not specified
37880705,11,What type of samples were sequenced?,List,Technical,Clinical samples from ART-naïve individuals
37880705,12,Were any sequences obtained from individuals with virological failure on a treatment regimen?,Boolean,Treatment,No
37880705,13,Were the patients in the study in a clinical trial?,Boolean,Treatment,No
37880705,14,Does the paper report HIV sequences from individuals who had previously received ARV drugs?,Boolean,Treatment,No
37880705,15,Which drug classes were received by individuals in the study before sample sequencing?,List,Treatment,NNRTI (and possibly others due to mentions of PDRM)
37880705,16,Which drugs were received by individuals in the study before sample sequencing?,List,Treatment,Efavirenz (EFV) and Nevirapine (NVP) This format not only answers your questions but also provides clear evidence and rationale to support each answer.
37896785,1,Does the paper report HIV sequences from patient samples?,Boolean,Data availability,"Yes, the paper reports HIV sequences from patient samples."
37896785,2,Does the paper report in vitro drug susceptibility data?,Boolean,Data availability,"Yes, the paper reports in vitro drug susceptibility data."
37896785,3,Were sequences from the paper made publicly available?,Boolean,Data availability,"Yes, the sequences from the paper were made publicly available."
37896785,4,What were the GenBank accession numbers for sequenced HIV isolates?,List,Data availability,The GenBank accession numbers for sequenced HIV isolates are OQ215322-OQ215382.
37896785,5,How many individuals had samples obtained for HIV sequencing?,Number,Data availability,Samples were obtained from 61 individuals for HIV sequencing.
37896785,6,From which countries were the sequenced samples obtained?,List,Demographics,The sequenced samples were obtained from Vietnam.
37896785,7,From what years were the sequenced samples obtained?,List,Demographics,The sequenced samples were obtained in 2021.
37896785,8,Were samples cloned prior to sequencing?,Boolean,Technical,The paper does not specify whether samples were cloned prior to sequencing.
37896785,9,Which HIV genes were reported to have been sequenced?,List,Technical,The HIV genes reported to have been sequenced include the *pol* gene region encoding the protease (PR) and part of the reverse transcriptase (RT).
37896785,10,What method was used for sequencing?,List,Technical,The method used for sequencing was Sanger sequencing following reverse transcription and PCR.
37896785,11,What type of samples were sequenced?,List,Technical,The type of samples sequenced were blood plasma samples.
37896785,12,Were any sequences obtained from individuals with virological failure on a treatment regimen?,Boolean,Treatment,"Yes, sequences were obtained from individuals with virological failure on a treatment regimen."
37896785,13,Were the patients in the study in a clinical trial?,Boolean,Treatment,The paper does not specify whether the patients in the study were in a clinical trial.
37896785,14,Does the paper report HIV sequences from individuals who had previously received ARV drugs?,Boolean,Treatment,"Yes, the paper reports HIV sequences from individuals who had previously received ARV drugs."
37896785,15,Which drug classes were received by individuals in the study before sample sequencing?,List,Treatment,"The paper indicates that individuals received ARV drugs, but does not specify which drug classes were received."
37896785,16,Which drugs were received by individuals in the study before sample sequencing?,List,Treatment,The paper does not specify which exact drugs were received by individuals in the study before sample sequencing.
37896860,1,Does the paper report HIV sequences from patient samples?,Boolean,Data availability,"Yes, the paper reports HIV sequences from patient samples."
37896860,2,Does the paper report in vitro drug susceptibility data?,Boolean,Data availability,"Yes, the paper reports in vitro drug susceptibility data."
37896860,3,Were sequences from the paper made publicly available?,Boolean,Data availability,"Yes, sequences from the paper were made publicly available."
37896860,4,What were the GenBank accession numbers for sequenced HIV isolates?,List,Data availability,Specific GenBank accession numbers for sequenced HIV isolates were reported in the paper.
37896860,5,How many individuals had samples obtained for HIV sequencing?,Number,Data availability,106 individuals had samples obtained for HIV sequencing.
37896860,6,From which countries were the sequenced samples obtained?,List,Demographics,The sequenced samples were obtained from Kenya.
37896860,7,From what years were the sequenced samples obtained?,List,Demographics,The sequenced samples were obtained from 2019.
37896860,8,Were samples cloned prior to sequencing?,Boolean,Technical,"No, samples were not cloned prior to sequencing."
37896860,9,Which HIV genes were reported to have been sequenced?,List,Technical,The reported sequenced genes were related to reverse transcriptase and PI mutations.
37896860,10,What method was used for sequencing?,List,Technical,Sanger sequencing was used for sequencing.
37896860,11,What type of samples were sequenced?,List,Technical,Plasma samples were sequenced.
37896860,12,Were any sequences obtained from individuals with virological failure on a treatment regimen?,Boolean,Treatment,"Yes, sequences were obtained from individuals with virological failure on a treatment regimen."
37896860,13,Were the patients in the study in a clinical trial?,Boolean,Treatment,"Yes, the patients in the study were in a clinical trial."
37896860,14,Does the paper report HIV sequences from individuals who had previously received ARV drugs?,Boolean,Treatment,"Yes, the paper reports HIV sequences from individuals who had previously received ARV drugs."
37896860,15,Which drug classes were received by individuals in the study before sample sequencing?,List,Treatment,The drug classes received included NRTIs and NNRTIs.
37896860,16,Which drugs were received by individuals in the study before sample sequencing?,List,Treatment,"The drugs received included lamivudine, abacavir, and efavirenz. These responses compile the relevant information extracted from the evidence pool to address each of the study's questions."
37910452,1,Does the paper report HIV sequences from patient samples?,Boolean,Data availability,"Yes, the paper reports HIV sequences from patient samples."
37910452,2,Does the paper report in vitro drug susceptibility data?,Boolean,Data availability,"No, the paper does not report in vitro drug susceptibility data."
37910452,3,Were sequences from the paper made publicly available?,Boolean,Data availability,It is unclear if the sequences were made publicly available.
37910452,4,What were the GenBank accession numbers for sequenced HIV isolates?,List,Data availability,The GenBank accession numbers for sequenced HIV isolates are not reported.
37910452,5,How many individuals had samples obtained for HIV sequencing?,Number,Data availability,"4,436 individuals had samples obtained for HIV sequencing."
37910452,6,From which countries were the sequenced samples obtained?,List,Demographics,The sequenced samples were obtained from Ghana.
37910452,7,From what years were the sequenced samples obtained?,List,Demographics,The sequenced samples were obtained from the years 2013 to 2022.
37910452,8,Were samples cloned prior to sequencing?,Boolean,Technical,It is unclear if samples were cloned prior to sequencing.
37910452,9,Which HIV genes were reported to have been sequenced?,List,Technical,The HIV genes that were sequenced are not reported.
37910452,10,What method was used for sequencing?,List,Technical,The method used for sequencing is not reported.
37910452,11,What type of samples were sequenced?,List,Technical,The type of samples sequenced were from HIV-positive patients.
37910452,12,Were any sequences obtained from individuals with virological failure on a treatment regimen?,Boolean,Treatment,It is unclear if sequences were obtained from individuals with virological failure.
37910452,13,Were the patients in the study in a clinical trial?,Boolean,Treatment,It is unclear if the patients in the study were in a clinical trial.
37910452,14,Does the paper report HIV sequences from individuals who had previously received ARV drugs?,Boolean,Treatment,"Yes, the paper suggests that sequences were reported from individuals who had previously received ARV drugs."
37910452,15,Which drug classes were received by individuals in the study before sample sequencing?,List,Treatment,The drug classes received by individuals in the study are not reported.
37910452,16,Which drugs were received by individuals in the study before sample sequencing?,List,Treatment,The specific drugs received by individuals in the study are not reported. Feel free to ask if you need further information on any question!
37914679,1,Does the paper report HIV sequences from patient samples?,Boolean,Data availability,Yes
37914679,2,Does the paper report in vitro drug susceptibility data?,Boolean,Data availability,No
37914679,3,Were sequences from the paper made publicly available?,Boolean,Data availability,No
37914679,4,What were the GenBank accession numbers for sequenced HIV isolates?,List,Data availability,Not provided
37914679,5,How many individuals had samples obtained for HIV sequencing?,Number,Data availability,76 patients
37914679,6,From which countries were the sequenced samples obtained?,List,Demographics,China
37914679,7,From what years were the sequenced samples obtained?,List,Demographics,2018 to 2020
37914679,8,Were samples cloned prior to sequencing?,Boolean,Technical,Not provided
37914679,9,Which HIV genes were reported to have been sequenced?,List,Technical,Not provided
37914679,10,What method was used for sequencing?,List,Technical,MiSeq second-generation sequencing
37914679,11,What type of samples were sequenced?,List,Technical,Plasma samples
37914679,12,Were any sequences obtained from individuals with virological failure on a treatment regimen?,Boolean,Treatment,Yes
37914679,13,Were the patients in the study in a clinical trial?,Boolean,Treatment,No
37914679,14,Does the paper report HIV sequences from individuals who had previously received ARV drugs?,Boolean,Treatment,No
37914679,15,Which drug classes were received by individuals in the study before sample sequencing?,List,Treatment,NRTIs and NNRTIs
37914679,16,Which drugs were received by individuals in the study before sample sequencing?,List,Treatment,Not provided
37920909,1,Does the paper report HIV sequences from patient samples?,Boolean,Data availability,"Yes, the paper reports HIV sequences from patient samples."
37920909,2,Does the paper report in vitro drug susceptibility data?,Boolean,Data availability,"Yes, the paper reports in vitro drug susceptibility data."
37920909,3,Were sequences from the paper made publicly available?,Boolean,Data availability,"Yes, sequences from the paper were made publicly available."
37920909,4,What were the GenBank accession numbers for sequenced HIV isolates?,List,Data availability,The paper does not report the GenBank accession numbers for sequenced HIV isolates.
37920909,5,How many individuals had samples obtained for HIV sequencing?,Number,Data availability,Samples were obtained from 629 individuals.
37920909,6,From which countries were the sequenced samples obtained?,List,Demographics,The sequenced samples were obtained from China.
37920909,7,From what years were the sequenced samples obtained?,List,Demographics,The sequenced samples were obtained from the years 2020 to 2023.
37920909,8,Were samples cloned prior to sequencing?,Boolean,Technical,The evidence does not indicate that samples were cloned prior to sequencing.
37920909,9,Which HIV genes were reported to have been sequenced?,List,Technical,The HIV genes reported to have been sequenced are the HIV-1 integrase genes.
37920909,10,What method was used for sequencing?,List,Technical,The method used for sequencing was Sanger sequencing.
37920909,11,What type of samples were sequenced?,List,Technical,The type of samples that were sequenced were blood samples from HIV-1 seropositive individuals.
37920909,12,Were any sequences obtained from individuals with virological failure on a treatment regimen?,Boolean,Treatment,"No, sequences were not obtained from individuals with virological failure on a treatment regimen."
37920909,13,Were the patients in the study in a clinical trial?,Boolean,Treatment,The paper does not specify whether the patients were in a clinical trial.
37920909,14,Does the paper report HIV sequences from individuals who had previously received ARV drugs?,Boolean,Treatment,"No, the paper does not report HIV sequences from individuals who had previously received ARV drugs."
37920909,15,Which drug classes were received by individuals in the study before sample sequencing?,List,Treatment,No drug classes were received by individuals in the study before sample sequencing.
37920909,16,Which drugs were received by individuals in the study before sample sequencing?,List,Treatment,No drugs were received by individuals in the study before sample sequencing.
37938856,1,Does the paper report HIV sequences from patient samples?,Boolean,Data availability,"Yes, the paper reports HIV sequences from patient samples."
37938856,2,Does the paper report in vitro drug susceptibility data?,Boolean,Data availability,"No, the paper does not explicitly report in vitro drug susceptibility data."
37938856,3,Were sequences from the paper made publicly available?,Boolean,Data availability,"Yes, sequences were made available upon request."
37938856,4,What were the GenBank accession numbers for sequenced HIV isolates?,List,Data availability,The GenBank accession numbers for sequenced HIV isolates are not reported.
37938856,5,How many individuals had samples obtained for HIV sequencing?,Number,Data availability,Samples were obtained from 48 individuals.
37938856,6,From which countries were the sequenced samples obtained?,List,Demographics,The sequenced samples were obtained from Kenya.
37938856,7,From what years were the sequenced samples obtained?,List,Demographics,The sequenced samples were obtained from 2019 to 2022.
37938856,8,Were samples cloned prior to sequencing?,Boolean,Technical,The evidence does not indicate if samples were cloned prior to sequencing.
37938856,9,Which HIV genes were reported to have been sequenced?,List,Technical,The HIV genes reported sequenced include K103N and M184V.
37938856,10,What method was used for sequencing?,List,Technical,Sanger sequencing was used for sequencing.
37938856,11,What type of samples were sequenced?,List,Technical,The samples sequenced were patient samples from pregnant women living with HIV.
37938856,12,Were any sequences obtained from individuals with virological failure on a treatment regimen?,Boolean,Treatment,"Yes, sequences were obtained from individuals with virological failure."
37938856,13,Were the patients in the study in a clinical trial?,Boolean,Treatment,"No, the patients in the study were not in a clinical trial."
37938856,14,Does the paper report HIV sequences from individuals who had previously received ARV drugs?,Boolean,Treatment,"Yes, the paper reports HIV sequences from individuals who had previously received ARV drugs."
37938856,15,Which drug classes were received by individuals in the study before sample sequencing?,List,Treatment,"Participants received NNRTIs, PIs, and integrase inhibitors before sample sequencing."
37938856,16,Which drugs were received by individuals in the study before sample sequencing?,List,Treatment,"Individuals received lamivudine, tenofovir, efavirenz, and dolutegravir before sample sequencing."
37941373,1,Does the paper report HIV sequences from patient samples?,Boolean,Data availability,Yes
37941373,2,Does the paper report in vitro drug susceptibility data?,Boolean,Data availability,Yes
37941373,3,Were sequences from the paper made publicly available?,Boolean,Data availability,No
37941373,4,What were the GenBank accession numbers for sequenced HIV isolates?,List,Data availability,Not provided
37941373,5,How many individuals had samples obtained for HIV sequencing?,Number,Data availability,1080
37941373,6,From which countries were the sequenced samples obtained?,List,Demographics,China
37941373,7,From what years were the sequenced samples obtained?,List,Demographics,July 2019 to August 2022
37941373,8,Were samples cloned prior to sequencing?,Boolean,Technical,No
37941373,9,Which HIV genes were reported to have been sequenced?,List,Technical,Integrase (IN) gene
37941373,10,What method was used for sequencing?,List,Technical,Sanger sequencing
37941373,11,What type of samples were sequenced?,List,Technical,Plasma samples
37941373,12,Were any sequences obtained from individuals with virological failure on a treatment regimen?,Boolean,Treatment,Yes
37941373,13,Were the patients in the study in a clinical trial?,Boolean,Treatment,No
37941373,14,Does the paper report HIV sequences from individuals who had previously received ARV drugs?,Boolean,Treatment,Yes
37941373,15,Which drug classes were received by individuals in the study before sample sequencing?,List,Treatment,"NNRTIs, NRTIs, INSTIs"
37941373,16,Which drugs were received by individuals in the study before sample sequencing?,List,Treatment,"Dolutegravir, rilpivirine, lamivudine, tenofovir, crizaline, efavirenz"
37946329,1,Does the paper report HIV sequences from patient samples?,Boolean,Data availability,Yes
37946329,2,Does the paper report in vitro drug susceptibility data?,Boolean,Data availability,Yes
37946329,3,Were sequences from the paper made publicly available?,Boolean,Data availability,Yes
37946329,4,What were the GenBank accession numbers for sequenced HIV isolates?,List,Data availability,Not provided
37946329,5,How many individuals had samples obtained for HIV sequencing?,Number,Data availability,1078 individuals
37946329,6,From which countries were the sequenced samples obtained?,List,Demographics,China
37946329,7,From what years were the sequenced samples obtained?,List,Demographics,2018 to 2022
37946329,8,Were samples cloned prior to sequencing?,Boolean,Technical,Not provided
37946329,9,Which HIV genes were reported to have been sequenced?,List,Technical,Partial polymerase (pol) and complete integrase gene
37946329,10,What method was used for sequencing?,List,Technical,Genotypic drug resistance testing
37946329,11,What type of samples were sequenced?,List,Technical,Plasma samples
37946329,12,Were any sequences obtained from individuals with virological failure on a treatment regimen?,Boolean,Treatment,Yes
37946329,13,Were the patients in the study in a clinical trial?,Boolean,Treatment,No
37946329,14,Does the paper report HIV sequences from individuals who had previously received ARV drugs?,Boolean,Treatment,Yes
37946329,15,Which drug classes were received by individuals in the study before sample sequencing?,List,Treatment,"NRTIs, NNRTIs, PIs, and INSTIs"
37946329,16,Which drugs were received by individuals in the study before sample sequencing?,List,Treatment,"Lamivudine (3TC), Nevirapine (NVP), Etravirine (ETR)"
37957382,1,Does the paper report HIV sequences from patient samples?,Boolean,Data availability,"** Yes, the paper reports HIV sequences from patient samples."
37957382,2,Does the paper report in vitro drug susceptibility data?,Boolean,Data availability,"** No, the paper does not report in vitro drug susceptibility data."
37957382,3,Were sequences from the paper made publicly available?,Boolean,Data availability,"** Yes, the sequences from the paper were made publicly available."
37957382,4,What were the GenBank accession numbers for sequenced HIV isolates?,List,Data availability,** The accession numbers are not specified; only the BioProject number PRJNA973660 is provided.
37957382,5,How many individuals had samples obtained for HIV sequencing?,Number,Data availability,** Eight individuals had samples obtained for HIV sequencing.
37957382,6,From which countries were the sequenced samples obtained?,List,Demographics,** The countries from which the sequenced samples were obtained are not specified.
37957382,7,From what years were the sequenced samples obtained?,List,Demographics,** The years from which the sequenced samples were obtained are not specified.
37957382,8,Were samples cloned prior to sequencing?,Boolean,Technical,** The evidence does not specify if samples were cloned prior to sequencing.
37957382,9,Which HIV genes were reported to have been sequenced?,List,Technical,** The HIV genes reported to have been sequenced include the *pol* and *env* genes.
37957382,10,What method was used for sequencing?,List,Technical,** The method used for sequencing was Illumina sequencing.
37957382,11,What type of samples were sequenced?,List,Technical,** The type of samples sequenced were plasma HIV RNA samples.
37957382,12,Were any sequences obtained from individuals with virological failure on a treatment regimen?,Boolean,Treatment,"** Yes, sequences were obtained from individuals with virological failure on a treatment regimen."
37957382,13,Were the patients in the study in a clinical trial?,Boolean,Treatment,** The evidence does not explicitly state if the patients were in a clinical trial.
37957382,14,Does the paper report HIV sequences from individuals who had previously received ARV drugs?,Boolean,Treatment,"** Yes, the paper reports HIV sequences from individuals who had previously received ARV drugs."
37957382,15,Which drug classes were received by individuals in the study before sample sequencing?,List,Treatment,** The specific drug classes received by individuals in the study are not specified.
37957382,16,Which drugs were received by individuals in the study before sample sequencing?,List,Treatment,** The specific drugs received by individuals in the study before sample sequencing are not specified. Feel free to reach out if you need to adjust any of the responses or add any additional questions!
37966701,1,Does the paper report HIV sequences from patient samples?,Boolean,Data availability,"Yes, the paper reports HIV sequences from patient samples."
37966701,2,Does the paper report in vitro drug susceptibility data?,Boolean,Data availability,"No, the paper does not report in vitro drug susceptibility data."
37966701,3,Were sequences from the paper made publicly available?,Boolean,Data availability,"No, the paper does not report if sequences were made publicly available."
37966701,4,What were the GenBank accession numbers for sequenced HIV isolates?,List,Data availability,The paper does not report the GenBank accession numbers for sequenced HIV isolates.
37966701,5,How many individuals had samples obtained for HIV sequencing?,Number,Data availability,321 individuals had samples obtained for HIV sequencing.
37966701,6,From which countries were the sequenced samples obtained?,List,Demographics,The sequenced samples were obtained from the United States.
37966701,7,From what years were the sequenced samples obtained?,List,Demographics,The sequenced samples were obtained from 2021 to 2022.
37966701,8,Were samples cloned prior to sequencing?,Boolean,Technical,The paper does not mention if samples were cloned prior to sequencing.
37966701,9,Which HIV genes were reported to have been sequenced?,List,Technical,The paper does not report which HIV genes were sequenced.
37966701,10,What method was used for sequencing?,List,Technical,The paper does not specify the method used for sequencing.
37966701,11,What type of samples were sequenced?,List,Technical,The paper does not provide details on the type of samples that were sequenced.
37966701,12,Were any sequences obtained from individuals with virological failure on a treatment regimen?,Boolean,Treatment,"Yes, sequences were obtained from individuals with virological failure on a treatment regimen."
37966701,13,Were the patients in the study in a clinical trial?,Boolean,Treatment,"No, the patients in the study were not in a clinical trial."
37966701,14,Does the paper report HIV sequences from individuals who had previously received ARV drugs?,Boolean,Treatment,The paper does not explicitly state if HIV sequences were obtained from individuals who had previously received ARV drugs.
37966701,15,Which drug classes were received by individuals in the study before sample sequencing?,List,Treatment,The paper does not report which drug classes were received by individuals before sample sequencing.
37966701,16,Which drugs were received by individuals in the study before sample sequencing?,List,Treatment,The paper does not report which drugs were received by individuals before sample sequencing.
37973713,1,Does the paper report HIV sequences from patient samples?,Boolean,Data availability,"Yes, the paper reports HIV sequences from patient samples."
37973713,2,Does the paper report in vitro drug susceptibility data?,Boolean,Data availability,"No, the paper does not report in vitro drug susceptibility data."
37973713,3,Were sequences from the paper made publicly available?,Boolean,Data availability,"Yes, the sequences from the paper were made publicly available."
37973713,4,What were the GenBank accession numbers for sequenced HIV isolates?,List,Data availability,The paper does not provide specific GenBank accession numbers for sequenced HIV isolates.
37973713,5,How many individuals had samples obtained for HIV sequencing?,Number,Data availability,117 individuals had samples obtained for HIV sequencing.
37973713,6,From which countries were the sequenced samples obtained?,List,Demographics,"The sequenced samples were obtained from Poland and eastern countries, primarily Ukraine."
37973713,7,From what years were the sequenced samples obtained?,List,Demographics,The sequenced samples were obtained from the years 2020 to 2022.
37973713,8,Were samples cloned prior to sequencing?,Boolean,Technical,The paper does not indicate if samples were cloned prior to sequencing.
37973713,9,Which HIV genes were reported to have been sequenced?,List,Technical,The sequenced HIV genes reported in the paper were the protease (PR) and reverse transcriptase (RT) coding regions.
37973713,10,What method was used for sequencing?,List,Technical,The method used for sequencing was Sanger sequencing.
37973713,11,What type of samples were sequenced?,List,Technical,The evidence does not specify the exact type of samples that were sequenced.
37973713,12,Were any sequences obtained from individuals with virological failure on a treatment regimen?,Boolean,Treatment,"Yes, sequences were obtained from individuals with virological failure on a treatment regimen."
37973713,13,Were the patients in the study in a clinical trial?,Boolean,Treatment,"Yes, the patients in the study were in a clinical trial."
37973713,14,Does the paper report HIV sequences from individuals who had previously received ARV drugs?,Boolean,Treatment,"No, the paper does not report HIV sequences from individuals who had previously received ARV drugs."
37973713,15,Which drug classes were received by individuals in the study before sample sequencing?,List,Treatment,"Individuals in the study did not receive any drug classes before sample sequencing, as they were ART naïve."
37973713,16,Which drugs were received by individuals in the study before sample sequencing?,List,Treatment,"No drugs were received by individuals in the study before sample sequencing, as they had no history of ART. Feel free to ask if you need further clarification or additional information!"
37976080,1,Does the paper report HIV sequences from patient samples?,Boolean,Data availability,Yes.
37976080,2,Does the paper report in vitro drug susceptibility data?,Boolean,Data availability,Yes.
37976080,3,Were sequences from the paper made publicly available?,Boolean,Data availability,Yes.
37976080,4,What were the GenBank accession numbers for sequenced HIV isolates?,List,Data availability,Not specified.
37976080,5,How many individuals had samples obtained for HIV sequencing?,Number,Data availability,2568 individuals.
37976080,6,From which countries were the sequenced samples obtained?,List,Demographics,China.
37976080,7,From what years were the sequenced samples obtained?,List,Demographics,2022.
37976080,8,Were samples cloned prior to sequencing?,Boolean,Technical,Not specified.
37976080,9,Which HIV genes were reported to have been sequenced?,List,Technical,PR (protease) and RT (reverse transcriptase) regions.
37976080,10,What method was used for sequencing?,List,Technical,Sanger sequencing.
37976080,11,What type of samples were sequenced?,List,Technical,Plasma samples.
37976080,12,Were any sequences obtained from individuals with virological failure on a treatment regimen?,Boolean,Treatment,Yes.
37976080,13,Were the patients in the study in a clinical trial?,Boolean,Treatment,Not specified.
37976080,14,Does the paper report HIV sequences from individuals who had previously received ARV drugs?,Boolean,Treatment,Yes.
37976080,15,Which drug classes were received by individuals in the study before sample sequencing?,List,Treatment,Antiretroviral drugs.
37976080,16,Which drugs were received by individuals in the study before sample sequencing?,List,Treatment,"Efavirenz, Nevirapine, Abacavir, Zidovudine, Lamivudine, Tenofovir, Emtricitabine, Stavudine, Didanosine, Lopinavir/r, Atazanavir/r, and Darunavir/r. This format provides a comprehensive answer along with relevant evidence and rationale for each question based on the given content."
37976185,1,Does the paper report HIV sequences from patient samples?,Boolean,Data availability,"Yes, the paper reports HIV sequences from patient samples."
37976185,2,Does the paper report in vitro drug susceptibility data?,Boolean,Data availability,"No, the paper does not report in vitro drug susceptibility data."
37976185,3,Were sequences from the paper made publicly available?,Boolean,Data availability,The paper does not explicitly report if the sequences were made publicly available.
37976185,4,What were the GenBank accession numbers for sequenced HIV isolates?,List,Data availability,The paper does not provide GenBank accession numbers for sequenced HIV isolates.
37976185,5,How many individuals had samples obtained for HIV sequencing?,Number,Data availability,The paper does not specify the exact number of individuals who had samples obtained for HIV sequencing.
37976185,6,From which countries were the sequenced samples obtained?,List,Demographics,"The paper reports samples obtained from the USA, specifically New York City."
37976185,7,From what years were the sequenced samples obtained?,List,Demographics,The sequenced samples were obtained from the years 2015 to 2022.
37976185,8,Were samples cloned prior to sequencing?,Boolean,Technical,The paper does not provide information on whether samples were cloned prior to sequencing.
37976185,9,Which HIV genes were reported to have been sequenced?,List,Technical,The paper reports that the HIV genes M184I/V and K65R were sequenced.
37976185,10,What method was used for sequencing?,List,Technical,The paper does not specify the sequencing method used.
37976185,11,What type of samples were sequenced?,List,Technical,The samples sequenced were blood specimens from newly diagnosed HIV patients.
37976185,12,Were any sequences obtained from individuals with virological failure on a treatment regimen?,Boolean,Treatment,The paper does not specify whether sequences were obtained from individuals with virological failure on a treatment regimen.
37976185,13,Were the patients in the study in a clinical trial?,Boolean,Treatment,"No, the patients in the study were not in a clinical trial."
37976185,14,Does the paper report HIV sequences from individuals who had previously received ARV drugs?,Boolean,Treatment,The paper suggests the possibility but does not explicitly confirm sequences from individuals who had previously received ARV drugs.
37976185,15,Which drug classes were received by individuals in the study before sample sequencing?,List,Treatment,The paper does not specify the drug classes received by individuals before sample sequencing.
37976185,16,Which drugs were received by individuals in the study before sample sequencing?,List,Treatment,The paper does not specify the exact drugs received by individuals before sample sequencing.
37993493,1,Does the paper report HIV sequences from patient samples?,Boolean,Data availability,"Yes, the paper reports HIV sequences from patient samples."
37993493,2,Does the paper report in vitro drug susceptibility data?,Boolean,Data availability,"Yes, the paper reports in vitro drug susceptibility data."
37993493,3,Were sequences from the paper made publicly available?,Boolean,Data availability,The paper does not explicitly state whether the sequences were made publicly available.
37993493,4,What were the GenBank accession numbers for sequenced HIV isolates?,List,Data availability,The paper does not provide GenBank accession numbers for sequenced HIV isolates.
37993493,5,How many individuals had samples obtained for HIV sequencing?,Number,Data availability,Samples were obtained from 600 individuals for HIV sequencing.
37993493,6,From which countries were the sequenced samples obtained?,List,Demographics,The sequenced samples were obtained from Tanzania.
37993493,7,From what years were the sequenced samples obtained?,List,Demographics,The sequenced samples were obtained in 2023.
37993493,8,Were samples cloned prior to sequencing?,Boolean,Technical,The paper does not state whether samples were cloned prior to sequencing.
37993493,9,Which HIV genes were reported to have been sequenced?,List,Technical,"The sequenced HIV genes include protease, reverse transcriptase, and integrase."
37993493,10,What method was used for sequencing?,List,Technical,The method used for sequencing was Sanger-style sequencing.
37993493,11,What type of samples were sequenced?,List,Technical,The type of samples sequenced were plasma samples.
37993493,12,Were any sequences obtained from individuals with virological failure on a treatment regimen?,Boolean,Treatment,"Yes, some sequences were obtained from individuals with virological failure on a treatment regimen."
37993493,13,Were the patients in the study in a clinical trial?,Boolean,Treatment,"No, the patients in the study were not in a clinical trial."
37993493,14,Does the paper report HIV sequences from individuals who had previously received ARV drugs?,Boolean,Treatment,"Yes, the paper reports HIV sequences from individuals who had previously received ARV drugs."
37993493,15,Which drug classes were received by individuals in the study before sample sequencing?,List,Treatment,The drug classes received included nucleoside reverse transcriptase inhibitors (NRTIs) such as TDF and 3TC.
37993493,16,Which drugs were received by individuals in the study before sample sequencing?,List,Treatment,The drugs received included tenofovir (TDF) and lamivudine (3TC).
38005921,1,Does the paper report HIV sequences from patient samples?,Boolean,Data availability,"Yes, the paper reports HIV sequences from patient samples."
38005921,2,Does the paper report in vitro drug susceptibility data?,Boolean,Data availability,"Yes, the paper reports in vitro drug susceptibility data."
38005921,3,Were sequences from the paper made publicly available?,Boolean,Data availability,"Yes, the sequences from the paper were made publicly available."
38005921,4,What were the GenBank accession numbers for sequenced HIV isolates?,List,Data availability,The paper does not provide GenBank accession numbers for sequenced HIV isolates.
38005921,5,How many individuals had samples obtained for HIV sequencing?,Number,Data availability,The number of individuals is not specifically stated but includes a total of 1958 protease inhibitor samples and additional submissions for NRTIs and NNRTIs.
38005921,6,From which countries were the sequenced samples obtained?,List,Demographics,The paper does not specify the countries from which the sequenced samples were obtained.
38005921,7,From what years were the sequenced samples obtained?,List,Demographics,The sequenced samples were obtained from studies published before and after 2018.
38005921,8,Were samples cloned prior to sequencing?,Boolean,Technical,The paper does not specify whether the samples were cloned prior to sequencing.
38005921,9,Which HIV genes were reported to have been sequenced?,List,Technical,The HIV genes reported to have been sequenced are reverse transcriptase and protease.
38005921,10,What method was used for sequencing?,List,Technical,The paper does not specify the exact method used for sequencing.
38005921,11,What type of samples were sequenced?,List,Technical,The type of samples sequenced were clinical samples related to HIV enzymes.
38005921,12,Were any sequences obtained from individuals with virological failure on a treatment regimen?,Boolean,Treatment,"Yes, some sequences were likely obtained from individuals with virological failure on a treatment regimen."
38005921,13,Were the patients in the study in a clinical trial?,Boolean,Treatment,The paper does not specify whether the patients were in a clinical trial.
38005921,14,Does the paper report HIV sequences from individuals who had previously received ARV drugs?,Boolean,Treatment,"Yes, the paper reports HIV sequences from individuals who had previously received ARV drugs."
38005921,15,Which drug classes were received by individuals in the study before sample sequencing?,List,Treatment,The paper does not specify which drug classes were received by individuals prior to sample sequencing.
38005921,16,Which drugs were received by individuals in the study before sample sequencing?,List,Treatment,The paper does not specify which drugs were received by individuals prior to sample sequencing.
38020274,1,Does the paper report HIV sequences from patient samples?,Boolean,Data availability,"Yes, the paper reports HIV sequences from patient samples."
38020274,2,Does the paper report in vitro drug susceptibility data?,Boolean,Data availability,"Yes, the paper reports in vitro drug susceptibility data."
38020274,3,Were sequences from the paper made publicly available?,Boolean,Data availability,"No, the paper does not explicitly state that the sequences were made publicly available."
38020274,4,What were the GenBank accession numbers for sequenced HIV isolates?,List,Data availability,The paper does not provide the GenBank accession numbers for sequenced HIV isolates.
38020274,5,How many individuals had samples obtained for HIV sequencing?,Number,Data availability,311 individuals had samples obtained for HIV sequencing.
38020274,6,From which countries were the sequenced samples obtained?,List,Demographics,The sequenced samples were obtained from Cameroon.
38020274,7,From what years were the sequenced samples obtained?,List,Demographics,The sequenced samples were obtained from 2018 onwards.
38020274,8,Were samples cloned prior to sequencing?,Boolean,Technical,"No, the paper does not state that samples were cloned prior to sequencing."
38020274,9,Which HIV genes were reported to have been sequenced?,List,Technical,The sequenced HIV genes include the polymerase and reverse transcriptase gene regions.
38020274,10,What method was used for sequencing?,List,Technical,The method used for sequencing was an in-house protocol for genotypic resistance testing.
38020274,11,What type of samples were sequenced?,List,Technical,The sequenced samples were blood samples from participants.
38020274,12,Were any sequences obtained from individuals with virological failure on a treatment regimen?,Boolean,Treatment,"Yes, sequences were obtained from individuals with virological failure on a treatment regimen."
38020274,13,Were the patients in the study in a clinical trial?,Boolean,Treatment,It is unclear if the patients were in a clinical trial.
38020274,14,Does the paper report HIV sequences from individuals who had previously received ARV drugs?,Boolean,Treatment,"Yes, the paper reports HIV sequences from individuals who had previously received ARV drugs."
38020274,15,Which drug classes were received by individuals in the study before sample sequencing?,List,Treatment,The drug classes received by individuals included Reverse Transcriptase Inhibitors (RTIs) and Protease Inhibitors (PI/r).
38020274,16,Which drugs were received by individuals in the study before sample sequencing?,List,Treatment,"The drugs received included d4T, 3TC, and NVP. If you have additional questions or need further details, feel free to ask!"
38022124,1,Does the paper report HIV sequences from patient samples?,Boolean,Data availability,"Yes, the paper reports HIV sequences from patient samples."
38022124,2,Does the paper report in vitro drug susceptibility data?,Boolean,Data availability,"No, the paper does not report in vitro drug susceptibility data."
38022124,3,Were sequences from the paper made publicly available?,Boolean,Data availability,Unclear; the paper does not specify if sequences were made publicly available.
38022124,4,What were the GenBank accession numbers for sequenced HIV isolates?,List,Data availability,Not specified in the paper.
38022124,5,How many individuals had samples obtained for HIV sequencing?,Number,Data availability,116 individuals had samples obtained for HIV sequencing.
38022124,6,From which countries were the sequenced samples obtained?,List,Demographics,The sequenced samples were obtained from Turkey.
38022124,7,From what years were the sequenced samples obtained?,List,Demographics,The sequenced samples were obtained from June 2020 to June 2022.
38022124,8,Were samples cloned prior to sequencing?,Boolean,Technical,Not specified in the paper.
38022124,9,Which HIV genes were reported to have been sequenced?,List,Technical,Not specified in the paper.
38022124,10,What method was used for sequencing?,List,Technical,Not specified in the paper.
38022124,11,What type of samples were sequenced?,List,Technical,Not specified in the paper.
38022124,12,Were any sequences obtained from individuals with virological failure on a treatment regimen?,Boolean,Treatment,Not explicitly stated in the paper.
38022124,13,Were the patients in the study in a clinical trial?,Boolean,Treatment,"No, the patients in the study were not in a clinical trial."
38022124,14,Does the paper report HIV sequences from individuals who had previously received ARV drugs?,Boolean,Treatment,"Yes, the paper reports HIV sequences from individuals who had previously received ARV drugs."
38022124,15,Which drug classes were received by individuals in the study before sample sequencing?,List,Treatment,"Individuals received the ARV classes: EVG/c, FTC, TAF."
38022124,16,Which drugs were received by individuals in the study before sample sequencing?,List,Treatment,Individuals received the drugs EVG/c/FTC/TAF and DTG+TDF/FTC prior to sequencing.
38031075,1,Does the paper report HIV sequences from patient samples?,Boolean,Data availability,"No, the paper does not report HIV sequences from patient samples."
38031075,2,Does the paper report in vitro drug susceptibility data?,Boolean,Data availability,"No, the paper does not report in vitro drug susceptibility data."
38031075,3,Were sequences from the paper made publicly available?,Boolean,Data availability,"Unclear, the paper does not specify if sequences were made publicly available."
38031075,4,What were the GenBank accession numbers for sequenced HIV isolates?,List,Data availability,"None, the paper does not provide GenBank accession numbers."
38031075,5,How many individuals had samples obtained for HIV sequencing?,Number,Data availability,"2,253 individuals had samples obtained for HIV sequencing."
38031075,6,From which countries were the sequenced samples obtained?,List,Demographics,Sierra Leone.
38031075,7,From what years were the sequenced samples obtained?,List,Demographics,2022 to 2023.
38031075,8,Were samples cloned prior to sequencing?,Boolean,Technical,"No, the samples were not cloned prior to sequencing."
38031075,9,Which HIV genes were reported to have been sequenced?,List,Technical,"None, the paper does not report which HIV genes were sequenced."
38031075,10,What method was used for sequencing?,List,Technical,Real-time PCR detection system was used for sequencing.
38031075,11,What type of samples were sequenced?,List,Technical,Venous blood samples were sequenced.
38031075,12,Were any sequences obtained from individuals with virological failure on a treatment regimen?,Boolean,Treatment,"Likely yes, but the paper does not provide specific sequences from individuals with virological failure."
38031075,13,Were the patients in the study in a clinical trial?,Boolean,Treatment,"No, the patients were not in a clinical trial."
38031075,14,Does the paper report HIV sequences from individuals who had previously received ARV drugs?,Boolean,Treatment,"No, the paper does not report specific sequences from individuals who had previously received ARV drugs."
38031075,15,Which drug classes were received by individuals in the study before sample sequencing?,List,Treatment,"Tenofovir, lamivudine, and dolutegravir."
38031075,16,Which drugs were received by individuals in the study before sample sequencing?,List,Treatment,"Tenofovir, lamivudine, and dolutegravir."
38033131,1,Does the paper report HIV sequences from patient samples?,Boolean,Data availability,"Yes, the paper reports HIV sequences from patient samples."
38033131,2,Does the paper report in vitro drug susceptibility data?,Boolean,Data availability,"No, the paper does not report in vitro drug susceptibility data."
38033131,3,Were sequences from the paper made publicly available?,Boolean,Data availability,"Yes, sequences from the paper were made publicly available."
38033131,4,What were the GenBank accession numbers for sequenced HIV isolates?,List,Data availability,The paper does not provide GenBank accession numbers for sequenced HIV isolates.
38033131,5,How many individuals had samples obtained for HIV sequencing?,Number,Data availability,492 individuals had samples obtained for HIV sequencing.
38033131,6,From which countries were the sequenced samples obtained?,List,Demographics,The sequenced samples were obtained from Ethiopia.
38033131,7,From what years were the sequenced samples obtained?,List,Demographics,The sequenced samples were obtained from 2015 to 2019.
38033131,8,Were samples cloned prior to sequencing?,Boolean,Technical,The paper does not provide information on whether samples were cloned prior to sequencing.
38033131,9,Which HIV genes were reported to have been sequenced?,List,Technical,The paper does not provide information on which HIV genes were sequenced.
38033131,10,What method was used for sequencing?,List,Technical,The paper does not specify the method used for sequencing.
38033131,11,What type of samples were sequenced?,List,Technical,The samples sequenced were from children and adolescents undergoing antiretroviral therapy.
38033131,12,Were any sequences obtained from individuals with virological failure on a treatment regimen?,Boolean,Treatment,The paper does not specifically confirm whether sequences were obtained from individuals with virological failure.
38033131,13,Were the patients in the study in a clinical trial?,Boolean,Treatment,"No, the patients in the study were not in a clinical trial."
38033131,14,Does the paper report HIV sequences from individuals who had previously received ARV drugs?,Boolean,Treatment,"Yes, the paper reports HIV sequences from individuals who had previously received ARV drugs."
38033131,15,Which drug classes were received by individuals in the study before sample sequencing?,List,Treatment,"The drug classes received included NNRTIs, cotrimoxazole, and isoniazid."
38033131,16,Which drugs were received by individuals in the study before sample sequencing?,List,Treatment,"The drugs received included NVP (an NNRTI), cotrimoxazole, and isoniazid."
38058846,1,Does the paper report HIV sequences from patient samples?,Boolean,Data availability,"Yes, the paper reports HIV sequences from patient samples."
38058846,2,Does the paper report in vitro drug susceptibility data?,Boolean,Data availability,"Yes, the paper reports in vitro drug susceptibility data."
38058846,3,Were sequences from the paper made publicly available?,Boolean,Data availability,The paper does not specify whether the sequences are publicly available.
38058846,4,What were the GenBank accession numbers for sequenced HIV isolates?,List,Data availability,The paper does not provide GenBank accession numbers for sequenced HIV isolates.
38058846,5,How many individuals had samples obtained for HIV sequencing?,Number,Data availability,The paper does not specify the exact number of individuals with samples obtained for HIV sequencing.
38058846,6,From which countries were the sequenced samples obtained?,List,Demographics,The sequenced samples were obtained from South Africa.
38058846,7,From what years were the sequenced samples obtained?,List,Demographics,The sequenced samples were obtained from the years 2012 to 2023.
38058846,8,Were samples cloned prior to sequencing?,Boolean,Technical,The paper does not specify whether samples were cloned prior to sequencing.
38058846,9,Which HIV genes were reported to have been sequenced?,List,Technical,The paper does not specify which HIV genes were reported to have been sequenced.
38058846,10,What method was used for sequencing?,List,Technical,The paper does not specify the method that was used for sequencing.
38058846,11,What type of samples were sequenced?,List,Technical,The paper does not specify what type of samples were sequenced.
38058846,12,Were any sequences obtained from individuals with virological failure on a treatment regimen?,Boolean,Treatment,"Yes, sequences were obtained from individuals with virological failure on a treatment regimen."
38058846,13,Were the patients in the study in a clinical trial?,Boolean,Treatment,The patients in the study were not in a clinical trial.
38058846,14,Does the paper report HIV sequences from individuals who had previously received ARV drugs?,Boolean,Treatment,"Yes, the paper reports HIV sequences from individuals who had previously received ARV drugs."
38058846,15,Which drug classes were received by individuals in the study before sample sequencing?,List,Treatment,"The drug classes received included tenofovir, emtricitabine, and efavirenz."
38058846,16,Which drugs were received by individuals in the study before sample sequencing?,List,Treatment,"The drugs received included tenofovir, emtricitabine, darunavir, and ritonavir. Feel free to adjust or ask for any additional modifications!"
38072961,1,Does the paper report HIV sequences from patient samples?,Boolean,Data availability,"Yes, the paper reports HIV sequences from patient samples."
38072961,2,Does the paper report in vitro drug susceptibility data?,Boolean,Data availability,"Yes, the paper reports in vitro drug susceptibility data."
38072961,3,Were sequences from the paper made publicly available?,Boolean,Data availability,"Yes, the sequences from the paper were made publicly available."
38072961,4,What were the GenBank accession numbers for sequenced HIV isolates?,List,Data availability,The paper does not provide GenBank accession numbers for sequenced HIV isolates.
38072961,5,How many individuals had samples obtained for HIV sequencing?,Number,Data availability,Samples were obtained from one individual for HIV sequencing.
38072961,6,From which countries were the sequenced samples obtained?,List,Demographics,The sequenced samples were obtained from China.
38072961,7,From what years were the sequenced samples obtained?,List,Demographics,The sequenced samples were obtained from approximately 2017 to 2022.
38072961,8,Were samples cloned prior to sequencing?,Boolean,Technical,The paper does not mention whether samples were cloned prior to sequencing.
38072961,9,Which HIV genes were reported to have been sequenced?,List,Technical,"Major protease, nonnucleoside reverse transcriptase, and nucleoside reverse transcriptase genes were reported to have been sequenced."
38072961,10,What method was used for sequencing?,List,Technical,Sanger sequencing was used for sequencing.
38072961,11,What type of samples were sequenced?,List,Technical,Cerebrospinal fluid (CSF) samples were sequenced.
38072961,12,Were any sequences obtained from individuals with virological failure on a treatment regimen?,Boolean,Treatment,"Yes, sequences were obtained from an individual with virological failure on a treatment regimen."
38072961,13,Were the patients in the study in a clinical trial?,Boolean,Treatment,The patients in the study were not in a clinical trial.
38072961,14,Does the paper report HIV sequences from individuals who had previously received ARV drugs?,Boolean,Treatment,"Yes, the paper reports HIV sequences from individuals who had previously received ARV drugs."
38072961,15,Which drug classes were received by individuals in the study before sample sequencing?,List,Treatment,"Nucleoside reverse transcriptase inhibitors (NRTIs) and non-nucleoside reverse transcriptase inhibitors (NNRTIs), as well as protease inhibitors (PIs)."
38072961,16,Which drugs were received by individuals in the study before sample sequencing?,List,Treatment,"The drugs received were tenofovir, lamivudine, efavirenz, and lopinavir/ritonavir."
38090027,1,Does the paper report HIV sequences from patient samples?,Boolean,Data availability,Yes.
38090027,2,Does the paper report in vitro drug susceptibility data?,Boolean,Data availability,Yes.
38090027,3,Were sequences from the paper made publicly available?,Boolean,Data availability,Not specified.
38090027,4,What were the GenBank accession numbers for sequenced HIV isolates?,List,Data availability,Not available.
38090027,5,How many individuals had samples obtained for HIV sequencing?,Number,Data availability,1040 individuals.
38090027,6,From which countries were the sequenced samples obtained?,List,Demographics,Not specified.
38090027,7,From what years were the sequenced samples obtained?,List,Demographics,From June 2019 to June 2021.
38090027,8,Were samples cloned prior to sequencing?,Boolean,Technical,Not specified.
38090027,9,Which HIV genes were reported to have been sequenced?,List,Technical,Not specified.
38090027,10,What method was used for sequencing?,List,Technical,A validated in-house method.
38090027,11,What type of samples were sequenced?,List,Technical,Plasma HIV-RNA and PBMC HIV-DNA.
38090027,12,Were any sequences obtained from individuals with virological failure on a treatment regimen?,Boolean,Treatment,Yes.
38090027,13,Were the patients in the study in a clinical trial?,Boolean,Treatment,Not specified.
38090027,14,Does the paper report HIV sequences from individuals who had previously received ARV drugs?,Boolean,Treatment,Yes.
38090027,15,Which drug classes were received by individuals in the study before sample sequencing?,List,Treatment,"Integrase inhibitors, protease inhibitors, non-nucleoside reverse transcriptase inhibitors."
38090027,16,Which drugs were received by individuals in the study before sample sequencing?,List,Treatment,"Not specified. If you have any further questions or need additional details, feel free to ask!"
38140553,1,Does the paper report HIV sequences from patient samples?,Boolean,Data availability,Yes
38140553,2,Does the paper report in vitro drug susceptibility data?,Boolean,Data availability,Yes
38140553,3,Were sequences from the paper made publicly available?,Boolean,Data availability,Yes
38140553,4,What were the GenBank accession numbers for sequenced HIV isolates?,List,Data availability,K03455
38140553,5,How many individuals had samples obtained for HIV sequencing?,Number,Data availability,3178
38140553,6,From which countries were the sequenced samples obtained?,List,Demographics,Russia
38140553,7,From what years were the sequenced samples obtained?,List,Demographics,2011 to 2020
38140553,8,Were samples cloned prior to sequencing?,Boolean,Technical,No
38140553,9,Which HIV genes were reported to have been sequenced?,List,Technical,HIV-1 protease (PR) and part of the reverse transcriptase (RT)
38140553,10,What method was used for sequencing?,List,Technical,Sanger sequencing
38140553,11,What type of samples were sequenced?,List,Technical,"Blood plasma, peripheral blood mononuclear cells (lymphocytes), and frozen whole blood"
38140553,12,Were any sequences obtained from individuals with virological failure on a treatment regimen?,Boolean,Treatment,Yes
38140553,13,Were the patients in the study in a clinical trial?,Boolean,Treatment,Not specified
38140553,14,Does the paper report HIV sequences from individuals who had previously received ARV drugs?,Boolean,Treatment,Yes
38140553,15,Which drug classes were received by individuals in the study before sample sequencing?,List,Treatment,NNRTIs
38140553,16,Which drugs were received by individuals in the study before sample sequencing?,List,Treatment,Efavirenz (EFV) and possibly others linked to the mutations mentioned.
38140649,1,Does the paper report HIV sequences from patient samples?,Boolean,Data availability,"Yes, the paper reports HIV sequences from patient samples."
38140649,2,Does the paper report in vitro drug susceptibility data?,Boolean,Data availability,"Yes, the paper reports in vitro drug susceptibility data."
38140649,3,Were sequences from the paper made publicly available?,Boolean,Data availability,"Yes, the sequences were made publicly available."
38140649,4,What were the GenBank accession numbers for sequenced HIV isolates?,List,Data availability,The GenBank accession numbers for sequenced HIV isolates are OR605755-OR606279 and OR613869-OR613875.
38140649,5,How many individuals had samples obtained for HIV sequencing?,Number,Data availability,60 individuals had samples obtained for HIV sequencing.
38140649,6,From which countries were the sequenced samples obtained?,List,Demographics,The sequenced samples were obtained from Croatia.
38140649,7,From what years were the sequenced samples obtained?,List,Demographics,The sequenced samples were obtained from the years 2019 to 2022.
38140649,8,Were samples cloned prior to sequencing?,Boolean,Technical,"Yes, the samples were likely cloned prior to sequencing (as part of amplification processes)."
38140649,9,Which HIV genes were reported to have been sequenced?,List,Technical,"The sequenced HIV genes include the protease gene, reverse transcriptase gene, and integrase gene."
38140649,10,What method was used for sequencing?,List,Technical,The method used for sequencing was Illumina sequencing via MiniSeq.
38140649,11,What type of samples were sequenced?,List,Technical,The type of samples sequenced were HIV-1 RNA plasma samples.
38140649,12,Were any sequences obtained from individuals with virological failure on a treatment regimen?,Boolean,Treatment,"No, the study did not report sequences from individuals with virological failure."
38140649,13,Were the patients in the study in a clinical trial?,Boolean,Treatment,"No, the patients in the study were not in a clinical trial."
38140649,14,Does the paper report HIV sequences from individuals who had previously received ARV drugs?,Boolean,Treatment,"No, the paper does not report sequences from individuals who had previously received ARV drugs."
38140649,15,Which drug classes were received by individuals in the study before sample sequencing?,List,Treatment,"None, as the individuals in the study were treatment-naïve and had not previously received ARV drugs."
38140649,16,Which drugs were received by individuals in the study before sample sequencing?,List,Treatment,"No drugs were received by individuals in the study prior to sample sequencing, as they were treatment-naïve. This structured response methodically addresses each question with clear evidence, rationale, and final answers based on the specified evidence pool."
38140667,1,Does the paper report HIV sequences from patient samples?,Boolean,Data availability,"Yes, the paper reports HIV sequences from patient samples."
38140667,2,Does the paper report in vitro drug susceptibility data?,Boolean,Data availability,"Yes, the paper reports in vitro drug susceptibility data."
38140667,3,Were sequences from the paper made publicly available?,Boolean,Data availability,The paper does not confirm if the sequences were made publicly available.
38140667,4,What were the GenBank accession numbers for sequenced HIV isolates?,List,Data availability,The paper does not provide GenBank accession numbers for the sequenced HIV isolates.
38140667,5,How many individuals had samples obtained for HIV sequencing?,Number,Data availability,Samples were obtained from 34 individuals for HIV sequencing.
38140667,6,From which countries were the sequenced samples obtained?,List,Demographics,The sequenced samples were obtained from Botswana and Mozambique.
38140667,7,From what years were the sequenced samples obtained?,List,Demographics,Sequenced samples were obtained from the years 2017 to 2022.
38140667,8,Were samples cloned prior to sequencing?,Boolean,Technical,The paper does not specify whether samples were cloned prior to sequencing.
38140667,9,Which HIV genes were reported to have been sequenced?,List,Technical,The HIV genes related to integrase resistance were reported to have been sequenced.
38140667,10,What method was used for sequencing?,List,Technical,The paper does not specify the method used for sequencing.
38140667,11,What type of samples were sequenced?,List,Technical,Plasma samples were sequenced.
38140667,12,Were any sequences obtained from individuals with virological failure on a treatment regimen?,Boolean,Treatment,"Yes, sequences were obtained from individuals with virological failure on a treatment regimen."
38140667,13,Were the patients in the study in a clinical trial?,Boolean,Treatment,The paper does not indicate whether the patients were in a clinical trial.
38140667,14,Does the paper report HIV sequences from individuals who had previously received ARV drugs?,Boolean,Treatment,"Yes, the paper reports HIV sequences from individuals who had previously received ARV drugs."
38140667,15,Which drug classes were received by individuals in the study before sample sequencing?,List,Treatment,"Individuals in the study received NRTIs, NNRTIs, and INSTIs before sample sequencing."
38140667,16,Which drugs were received by individuals in the study before sample sequencing?,List,Treatment,"Individuals in the study received Raltegravir (RAL) and Elvitegravir (EVG), as well as NRTIs and NNRTIs, before sample sequencing."
38142692,1,Does the paper report HIV sequences from patient samples?,Boolean,Data availability,"No, the paper does not report HIV sequences from patient samples."
38142692,2,Does the paper report in vitro drug susceptibility data?,Boolean,Data availability,"No, the paper does not report in vitro drug susceptibility data."
38142692,3,Were sequences from the paper made publicly available?,Boolean,Data availability,"No, the sequences were not made publicly available."
38142692,4,What were the GenBank accession numbers for sequenced HIV isolates?,List,Data availability,The paper does not provide GenBank accession numbers for sequenced HIV isolates.
38142692,5,How many individuals had samples obtained for HIV sequencing?,Number,Data availability,A total of 1214 individuals had samples obtained for HIV sequencing.
38142692,6,From which countries were the sequenced samples obtained?,List,Demographics,The sequenced samples were obtained from South Africa.
38142692,7,From what years were the sequenced samples obtained?,List,Demographics,"The sequenced samples were obtained from December 1, 2019, to November 30, 2020."
38142692,8,Were samples cloned prior to sequencing?,Boolean,Technical,The paper does not state whether samples were cloned prior to sequencing.
38142692,9,Which HIV genes were reported to have been sequenced?,List,Technical,The paper does not specify which HIV genes were reported to have been sequenced.
38142692,10,What method was used for sequencing?,List,Technical,The paper does not specify the method used for sequencing.
38142692,11,What type of samples were sequenced?,List,Technical,The paper does not specify the type of samples that were sequenced.
38142692,12,Were any sequences obtained from individuals with virological failure on a treatment regimen?,Boolean,Treatment,"Yes, sequences were obtained from individuals with virological failure on a treatment regimen."
38142692,13,Were the patients in the study in a clinical trial?,Boolean,Treatment,"No, the patients in the study were not in a clinical trial."
38142692,14,Does the paper report HIV sequences from individuals who had previously received ARV drugs?,Boolean,Treatment,"Yes, the paper reports HIV sequences from individuals who had previously received ARV drugs."
38142692,15,Which drug classes were received by individuals in the study before sample sequencing?,List,Treatment,"The individuals received Tenofovir-based (TDF) and NNRTI drug classes (e.g., EFV, NVP) before sample sequencing."
38142692,16,Which drugs were received by individuals in the study before sample sequencing?,List,Treatment,The drugs received by individuals before sample sequencing included Tenofovir/Emtricitabine and Efavirenz (TDF/XTC/EFV). Feel free to reach out if you need further assistance!
38152686,1,Does the paper report HIV sequences from patient samples?,Boolean,Data availability,Yes
38152686,2,Does the paper report in vitro drug susceptibility data?,Boolean,Data availability,No
38152686,3,Were sequences from the paper made publicly available?,Boolean,Data availability,No
38152686,4,What were the GenBank accession numbers for sequenced HIV isolates?,List,Data availability,Not available
38152686,5,How many individuals had samples obtained for HIV sequencing?,Number,Data availability,1
38152686,6,From which countries were the sequenced samples obtained?,List,Demographics,Not available
38152686,7,From what years were the sequenced samples obtained?,List,Demographics,Not available
38152686,8,Were samples cloned prior to sequencing?,Boolean,Technical,Not mentioned
38152686,9,Which HIV genes were reported to have been sequenced?,List,Technical,Integrase
38152686,10,What method was used for sequencing?,List,Technical,Not mentioned
38152686,11,What type of samples were sequenced?,List,Technical,Patient sample
38152686,12,Were any sequences obtained from individuals with virological failure on a treatment regimen?,Boolean,Treatment,Yes
38152686,13,Were the patients in the study in a clinical trial?,Boolean,Treatment,Yes
38152686,14,Does the paper report HIV sequences from individuals who had previously received ARV drugs?,Boolean,Treatment,Yes
38152686,15,Which drug classes were received by individuals in the study before sample sequencing?,List,Treatment,"NRTIs, NNRTIs"
38152686,16,Which drugs were received by individuals in the study before sample sequencing?,List,Treatment,"Tenofovir, Lamivudine, Dolutegravir"
38314093,1,Does the paper report HIV sequences from patient samples?,Boolean,Data availability,"Yes, the paper reports HIV sequences from patient samples."
38314093,2,Does the paper report in vitro drug susceptibility data?,Boolean,Data availability,"Yes, the paper reports in vitro drug susceptibility data."
38314093,3,Were sequences from the paper made publicly available?,Boolean,Data availability,"Yes, the sequences from the paper were made publicly available."
38314093,4,What were the GenBank accession numbers for sequenced HIV isolates?,List,Data availability,The paper does not provide specific GenBank accession numbers for sequenced HIV isolates.
38314093,5,How many individuals had samples obtained for HIV sequencing?,Number,Data availability,Samples were obtained from 195 individuals diagnosed as HIV-positive.
38314093,6,From which countries were the sequenced samples obtained?,List,Demographics,The sequenced samples were obtained from China.
38314093,7,From what years were the sequenced samples obtained?,List,Demographics,The sequenced samples were obtained from May 2008 to December 2019.
38314093,8,Were samples cloned prior to sequencing?,Boolean,Technical,The paper does not specify whether samples were cloned prior to sequencing.
38314093,9,Which HIV genes were reported to have been sequenced?,List,Technical,The HIV genes reported to have been sequenced include the protease-reverse transcriptase (PR-RT) sequence.
38314093,10,What method was used for sequencing?,List,Technical,High-throughput sequencing was the method used for sequencing.
38314093,11,What type of samples were sequenced?,List,Technical,Serum samples were the type of samples sequenced.
38314093,12,Were any sequences obtained from individuals with virological failure on a treatment regimen?,Boolean,Treatment,The paper does not specify sequences obtained from individuals with virological failure on a treatment regimen.
38314093,13,Were the patients in the study in a clinical trial?,Boolean,Treatment,The paper does not indicate that the patients were in a clinical trial.
38314093,14,Does the paper report HIV sequences from individuals who had previously received ARV drugs?,Boolean,Treatment,"Yes, the paper reports HIV sequences from individuals who had previously received ARV drugs."
38314093,15,Which drug classes were received by individuals in the study before sample sequencing?,List,Treatment,Individuals received nucleoside reverse transcriptase inhibitors (NRTIs) and non-nucleoside reverse transcriptase inhibitors (NNRTIs).
38314093,16,Which drugs were received by individuals in the study before sample sequencing?,List,Treatment,"Individuals received zidovudine (AZT), lamivudine (3TC), efavirenz (EFV), and nevirapine (NVP) before sample sequencing."
38427738,1,Does the paper report HIV sequences from patient samples?,Boolean,Data availability,"Yes, the paper reports HIV sequences from patient samples."
38427738,2,Does the paper report in vitro drug susceptibility data?,Boolean,Data availability,"Yes, the paper reports in vitro drug susceptibility data."
38427738,3,Were sequences from the paper made publicly available?,Boolean,Data availability,"Yes, sequences from the paper were made publicly available."
38427738,4,What were the GenBank accession numbers for sequenced HIV isolates?,List,Data availability,The GenBank accession numbers for sequenced HIV isolates are not specified in the paper.
38427738,5,How many individuals had samples obtained for HIV sequencing?,Number,Data availability,The number of individuals with samples obtained for HIV sequencing is not specified in the paper.
38427738,6,From which countries were the sequenced samples obtained?,List,Demographics,The countries from which the sequenced samples were obtained are not specified in the paper.
38427738,7,From what years were the sequenced samples obtained?,List,Demographics,The years from which the sequenced samples were obtained are not specified in the paper.
38427738,8,Were samples cloned prior to sequencing?,Boolean,Technical,"Yes, samples were cloned prior to sequencing."
38427738,9,Which HIV genes were reported to have been sequenced?,List,Technical,"The HIV genes reported to have been sequenced include Gag, Pol, Env, and Nef."
38427738,10,What method was used for sequencing?,List,Technical,The method used for sequencing included amplification of regions via PCR followed by sequencing.
38427738,11,What type of samples were sequenced?,List,Technical,The samples sequenced were from virus-producing cells and included infected cell cultures.
38427738,12,Were any sequences obtained from individuals with virological failure on a treatment regimen?,Boolean,Treatment,"Yes, some sequences were obtained from individuals with virological failure on a treatment regimen."
38427738,13,Were the patients in the study in a clinical trial?,Boolean,Treatment,The paper does not specify if the patients in the study were in a clinical trial.
38427738,14,Does the paper report HIV sequences from individuals who had previously received ARV drugs?,Boolean,Treatment,"Yes, the paper reports HIV sequences from individuals who had previously received ARV drugs."
38427738,15,Which drug classes were received by individuals in the study before sample sequencing?,List,Treatment,The specific drug classes received by individuals before sample sequencing are not specified in the paper.
38427738,16,Which drugs were received by individuals in the study before sample sequencing?,List,Treatment,The specific drugs received by individuals before sample sequencing are not comprehensively listed in the paper. Let me know if you need further elaboration or any additional help!
38864613,1,Does the paper report HIV sequences from patient samples?,Boolean,Data availability,"Yes, the paper reports HIV sequences from patient samples."
38864613,2,Does the paper report in vitro drug susceptibility data?,Boolean,Data availability,"Yes, the paper reports in vitro drug susceptibility data."
38864613,3,Were sequences from the paper made publicly available?,Boolean,Data availability,"Yes, sequences from the paper were made publicly available."
38864613,4,What were the GenBank accession numbers for sequenced HIV isolates?,List,Data availability,The GenBank accession numbers for sequenced HIV isolates are PP827803 -- PP828572.
38864613,5,How many individuals had samples obtained for HIV sequencing?,Number,Data availability,"The specific number of individuals is not provided, but samples were obtained from multiple patients."
38864613,6,From which countries were the sequenced samples obtained?,List,Demographics,The specific countries from which the sequenced samples were obtained are not mentioned in the evidence.
38864613,7,From what years were the sequenced samples obtained?,List,Demographics,The years from which the sequenced samples were obtained are not mentioned in the evidence.
38864613,8,Were samples cloned prior to sequencing?,Boolean,Technical,"Yes, samples were cloned prior to sequencing."
38864613,9,Which HIV genes were reported to have been sequenced?,List,Technical,The HIV genes reported to have been sequenced include the CA gene.
38864613,10,What method was used for sequencing?,List,Technical,The method used for sequencing was one-step RT-PCR.
38864613,11,What type of samples were sequenced?,List,Technical,The samples sequenced were HIV-infected cells (MT4-GFP cells).
38864613,12,Were any sequences obtained from individuals with virological failure on a treatment regimen?,Boolean,Treatment,"Yes, some sequences were obtained from individuals with virological failure on a treatment regimen."
38864613,13,Were the patients in the study in a clinical trial?,Boolean,Treatment,The evidence does not indicate that the patients were in a clinical trial.
38864613,14,Does the paper report HIV sequences from individuals who had previously received ARV drugs?,Boolean,Treatment,"Yes, the paper reports HIV sequences from individuals who had previously received ARV drugs."
38864613,15,Which drug classes were received by individuals in the study before sample sequencing?,List,Treatment,The individuals in the study had received NRTIs.
38864613,16,Which drugs were received by individuals in the study before sample sequencing?,List,Treatment,"Individuals in the study received drugs such as lamivudine and emtricitabine, commonly associated with M184 mutations."
